application_id,application_title,tier,best_matching_status,existing_curated_52,family_ids,repo_urls,evidence_type,confidence_note,included_in_tier_summary
10035,Risk factors and associated causal pathways linked to blood pressure,Tier 1,confirmed,yes,application_only_curated_app_10035,,,Curated 52 baseline. This hierarchy override applies regardless of exhaustive-table status.,yes
10279,The relationship of cognitive function and negative emotions with morbidity and mortality: an aetiological investigation,Tier 1,confirmed,yes,application_only_curated_app_10279,,,Curated 52 baseline. This hierarchy override applies regardless of exhaustive-table status.,yes
12184,"Type 2 diabetes, physical activity, sedentary behaviour and sleep.",Tier 1,confirmed,yes,application_only_curated_app_12184,,,Curated 52 baseline. This hierarchy override applies regardless of exhaustive-table status.,yes
17984,Genotype-environment interactions and sub-classification of disease,Tier 1,probable,yes,family_divergence-pipeline,https://github.com/AdrianHarris96/Divergence_Pipeline,C; author/project/topic consistency plus public UKB project evidence,Curated 52 baseline. This hierarchy override applies regardless of exhaustive-table status.,yes
19136,Lung Health: Genes and environment,Tier 1,confirmed,yes,application_only_curated_app_19136,,,Curated 52 baseline. This hierarchy override applies regardless of exhaustive-table status.,yes
19526,Phenomewide scan of gene level associations,Tier 1,confirmed,yes,family_anyajacobs_ukbiobank; family_genepy-2; family_ptrs-ukb,https://github.com/anyajacobs/UKBiobank; https://github.com/parsboy1987/GenePy-2; https://github.com/CuihuaXia/ptrs-ukb; https://github.com/emyanuthomas/ptrs-ukb; https://github.com/hakyimlab/ptrs-ukb,supporting identity/topic evidence; weak topic/path/data-type evidence; B2_PROJECT_FAMILY_NAME_PROPAGATION; B1_AUTHOR_LAB_PROJECT_NAME_TOPIC_CONSISTENCY,Curated 52 baseline. This hierarchy override applies regardless of exhaustive-table status.,yes
19542,Identifying multi-level biomarkers and disease mechanisms for major mental disorders,Tier 1,confirmed,yes,family_genetic-survival-analysis-in-ukb; family_imds-wes; family_pain-proteomics,https://github.com/tenayatherapeutics/Genetic-Survival-Analysis-in-UKB; https://github.com/jjrun-11/IMDs_WES; https://github.com/Sirius-Yang/IMDs_WES; https://github.com/Frank-HQZ/Pain_Proteomics,supporting identity/topic evidence; B2_PROJECT_FAMILY_NAME_PROPAGATION; B3_EXACT_TARGET_CONTENT_FINGERPRINT_PROPAGATION; A1_DIRECT_APP_ID; C; paper text/application chain to an existing baseline app,Curated 52 baseline. This hierarchy override applies regardless of exhaustive-table status.,yes
22224,Prospective studies of ageing and age-related diseases,Tier 1,confirmed,yes,application_only_curated_app_22224; family_ukb-bioage-cancer; family_ukb-tools,https://github.com/becomingcc/UKB_bioage_cancer; https://github.com/12sbxu/ukb-tools; https://github.com/magdazeb/ukb-tools,weak topic/path/data-type evidence,Curated 52 baseline. This hierarchy override applies regardless of exhaustive-table status.,yes
23668,Genetic and environmental factors including nutritional and lifestyle influences on neurodevelopmental disorders/traits (including impulsivity/compulsivity) and their brain correlates,Tier 1,confirmed,yes,application_only_curated_app_23668,,,Curated 52 baseline. This hierarchy override applies regardless of exhaustive-table status.,yes
24247,Searching Identity-by-descent segments in biobank-scale cohorts,Tier 1,confirmed,yes,application_only_curated_app_24247,,,Curated 52 baseline. This hierarchy override applies regardless of exhaustive-table status.,yes
27837,Statistical Methods for Large Scale Genetic Studies,Tier 1,confirmed,yes,application_only_curated_app_27837,,,Curated 52 baseline. This hierarchy override applies regardless of exhaustive-table status.,yes
28784,A statistical framework for personalized nutrition recommendations based on genetic and anthropometric data.,Tier 1,confirmed,yes,family_sas-sample-extraction; family_t2dm-ukb-predictions,https://github.com/samarpita-saha293/SAS_sample_extraction; https://github.com/Farida-Ali/T2DM_UKB_predictions; https://github.com/yochaiedlitz/T2DM_UKB_predictions,weak topic/path/data-type evidence; B2_PROJECT_FAMILY_NAME_PROPAGATION; A1_DIRECT_APP_ID,Curated 52 baseline. This hierarchy override applies regardless of exhaustive-table status.,yes
30418,Biomarker profiling by NMR metabolomics for the study of chronic disease risk and underlying risk factors,Tier 1,confirmed,yes,application_only_curated_app_30418; family_ukb-nmr-cvd-prediction; family_ukbpheno,https://github.com/YanLuoCityU/UKB_NMR_CVD_prediction; https://github.com/BakerMetabolomics/ukbpheno; https://github.com/kkukendrarajah/ukbpheno; https://github.com/magdazeb/ukbpheno; https://github.com/Neri0304/ukbpheno; https://github.com/stefanogg/ukbpheno; https://github.com/Tafelplankje/ukbpheno; https://github.com/yuehuang-gh/ukbpheno,weak topic/path/data-type evidence,Curated 52 baseline. This hierarchy override applies regardless of exhaustive-table status.,yes
31063,Methodological extensions to estimate genetic heritability and shared risk factors for phenotypes of the UK Biobank,Tier 1,confirmed,yes,application_only_curated_app_31063,,,Curated 52 baseline. This hierarchy override applies regardless of exhaustive-table status.,yes
33923,Genetic risk prediction and variance in diverse populations,Tier 1,confirmed,yes,application_only_curated_app_33923; family_diabetes-prediction; family_prs-height-admixed-populations; family_ukb-atherosclerosis-prediction; family_ukb-nmr-cvd-prediction,https://github.com/Haileygu99/diabetes_prediction; https://github.com/Shicheng-Guo/PRS_Height_Admixed_Populations; https://github.com/OmriGruman/ukb-atherosclerosis-prediction; https://github.com/YanLuoCityU/UKB_NMR_CVD_prediction,weak topic/path/data-type evidence,Curated 52 baseline. This hierarchy override applies regardless of exhaustive-table status.,yes
40161,Application of deep learning for the characterisation of motion patterns in the heart,Tier 1,confirmed,yes,application_only_curated_app_40161,,,Curated 52 baseline. This hierarchy override applies regardless of exhaustive-table status.,yes
45761,Genetics of cancer risk and therapy response,Tier 1,confirmed,yes,family_cancerrisk,https://github.com/alexwjung/CancerRisk; https://github.com/gerstung-lab/CancerRisk,B1_AUTHOR_LAB_PROJECT_NAME_TOPIC_CONSISTENCY; A4_EXACT_REPO_PUBLICATION_APPLICATION_CHAIN,Curated 52 baseline. This hierarchy override applies regardless of exhaustive-table status.,yes
46122,Characterizing the contribution of short tandem repeats to human phenotypes.,Tier 1,confirmed,yes,application_only_curated_app_46122,,,Curated 52 baseline. This hierarchy override applies regardless of exhaustive-table status.,yes
47267,Cross-diagnostic and cross-platform multimodal analysis of UK Biobank imaging data,Tier 1,confirmed,yes,family_mh-in-ukb; family_popmodel-ml-mh; family_sophia-cross-sectional,https://github.com/tongluobing/MH_in_UKB; https://github.com/PersonomicsLab/popmodel_ML_MH; https://github.com/JackW7777/SOPHIA_Cross_Sectional; https://github.com/kkk0-000/SOPHIA_Cross_Sectional; https://github.com/sspl33/SOPHIA_Cross_Sectional; https://github.com/zscu/SOPHIA_Cross_Sectional,C; repo-publication-application chain to an existing baseline app; A2_DOI_UKB_CROSSWALK; A3_PMID_UKB_CROSSWALK; A4_EXACT_REPO_PUBLICATION_APPLICATION_CHAIN; weak topic/path/data-type evidence,Curated 52 baseline. This hierarchy override applies regardless of exhaustive-table status.,yes
48388,Precision Retinal Biomarkers for Cognitive Impairment,Tier 1,confirmed,yes,family_bnn-for-uncertainty-estimation-of-imaging-biomarkers; family_retinapd,https://github.com/suyanzhou626/BNN-for-Uncertainty-Estimation-of-Imaging-Biomarkers; https://github.com/hewramanwaran/RetinaPD; https://github.com/lab-smile/RetinaPD,weak topic/path/data-type evidence; B2_PROJECT_FAMILY_NAME_PROPAGATION; B3_EXACT_TARGET_CONTENT_FINGERPRINT_PROPAGATION; A2_DOI_UKB_CROSSWALK; A3_PMID_UKB_CROSSWALK; A4_EXACT_REPO_PUBLICATION_APPLICATION_CHAIN,Curated 52 baseline. This hierarchy override applies regardless of exhaustive-table status.,yes
49777,Identification of genetic and lifestyle risk factors of unhealthy brain ageing to direct mechanistic studies using post-mortem brain tissue,Tier 1,confirmed,yes,application_only_curated_app_49777,,,Curated 52 baseline. This hierarchy override applies regardless of exhaustive-table status.,yes
51064,"Understanding the relationship between genomics, eye imaging, and neurodegeneration",Tier 1,confirmed,yes,family_ukbcc,https://github.com/kevmanderson/ukbcc; https://github.com/laura-ponting/ukbcc,B,Curated 52 baseline. This hierarchy override applies regardless of exhaustive-table status.,yes
51157,Stratification and modelling of competing risks in cardiovascular disease events based on multi-level patient characteristics and genetics,Tier 1,confirmed,yes,application_only_curated_app_51157,,,Curated 52 baseline. This hierarchy override applies regardless of exhaustive-table status.,yes
52293,"Large-scale whole genome sequencing of the UK Biobank cohort to generate and evaluate therapeutic hypotheses regarding targets, biomarkers and pathways implicated in disease",Tier 1,confirmed,yes,application_only_curated_app_52293,,,Curated 52 baseline. This hierarchy override applies regardless of exhaustive-table status.,yes
52887,Leveraging medical images and deep learning to characterize biological age,Tier 1,confirmed,yes,family_main-pipeline-and-images-based-models-pipeline-deep-learning-and-aging-main-pipeline-and-images-based-models-pipeline,https://github.com/deep-learning-and-aging/main-pipeline-and-images-based-models-pipeline; https://github.com/Deep-Learning-and-Aging/Main-pipeline-and-Images-based-models-pipeline,C,Curated 52 baseline. This hierarchy override applies regardless of exhaustive-table status.,yes
55288,"Early life, adulthood, and genomic risk factors for early-onset cancers",Tier 1,confirmed,yes,application_only_curated_app_55288,,,Curated 52 baseline. This hierarchy override applies regardless of exhaustive-table status.,yes
55955,Advancing personalised medicine for psychiatric diseases through integrative GPCR pharmacogenomics,Tier 1,confirmed,yes,family_gogogpcr,https://github.com/deepgohil/gogoGPCR; https://github.com/petergerlach1/gogoGPCR,B2_PROJECT_FAMILY_NAME_PROPAGATION; B3_EXACT_TARGET_CONTENT_FINGERPRINT_PROPAGATION; B1_AUTHOR_LAB_PROJECT_NAME_TOPIC_CONSISTENCY,Curated 52 baseline. This hierarchy override applies regardless of exhaustive-table status.,yes
56757,Developing chronic disease models to inform health policy and guide treatment decisions,Tier 1,confirmed,yes,family_anyajacobs_ukbiobank; family_anyalasagne1_ukbiobank; family_rooty29_ukbiobank; family_zhishenppp_ukbiobank,https://github.com/anyajacobs/UKBiobank; https://github.com/anyalasagne1/UKBiobank; https://github.com/Rooty29/UKBiobank; https://github.com/zhishenPPP/UKBiobank,A2_DOI_UKB_CROSSWALK; A3_PMID_UKB_CROSSWALK; A4_EXACT_REPO_PUBLICATION_APPLICATION_CHAIN; B3_EXACT_TARGET_CONTENT_FINGERPRINT_PROPAGATION,Curated 52 baseline. This hierarchy override applies regardless of exhaustive-table status.,yes
57232,Estimating the overall impact of genetic variation on morbidity and mortality and assessing differential risk conditional on environmental and genetic factors.,Tier 1,confirmed,yes,application_only_curated_app_57232,,,Curated 52 baseline. This hierarchy override applies regardless of exhaustive-table status.,yes
59070,Statistical machine learning of wearable sensor data to predict disease outcomes,Tier 1,confirmed,yes,application_only_curated_app_59070,,,Curated 52 baseline. This hierarchy override applies regardless of exhaustive-table status.,yes
61054,Social and Environmental Adversity in Relation to All-Cause Mortality,Tier 1,confirmed,yes,application_only_curated_app_61054; family_mltc-clustering; family_uk-biobank-gcg,https://github.com/KremerML/MLTC-clustering; https://github.com/sblg/UK-Biobank-GCG,weak topic/path/data-type evidence,Curated 52 baseline. This hierarchy override applies regardless of exhaustive-table status.,yes
61666,Sexually antagonistic selection in humans,Tier 1,confirmed,yes,family_gxsex,https://github.com/harpak-lab/GxSex,B1_AUTHOR_LAB_PROJECT_NAME_TOPIC_CONSISTENCY,Curated 52 baseline. This hierarchy override applies regardless of exhaustive-table status.,yes
61785,Physiological and Bioinformatics Analyses of Genetic Variants in the Glucagon Receptor,Tier 1,confirmed,yes,application_only_curated_app_61785,,,Curated 52 baseline. This hierarchy override applies regardless of exhaustive-table status.,yes
62254,Optimisation of time use for health and wellbeing,Tier 1,confirmed,yes,application_only_curated_app_62254,,,Curated 52 baseline. This hierarchy override applies regardless of exhaustive-table status.,yes
64823,A Genomic Data Science Framework for the 1000 Arab genome project,Tier 1,confirmed,yes,application_only_curated_app_64823,,,Curated 52 baseline. This hierarchy override applies regardless of exhaustive-table status.,yes
65805,Genetic factors on Type 2 diabetes and hypertension,Tier 1,confirmed,yes,application_only_curated_app_65805; family_congele-msc; family_diabetes-prediction; family_epi-prs; family_ukb-gen-clocks; family_ukb-nmr-cvd-prediction,https://github.com/Arnoldzyf/ConGele_MSc; https://github.com/Haileygu99/diabetes_prediction; https://github.com/ghm17/Epi-PRS; https://github.com/tzhang-nmdp/Epi-PRS; https://github.com/Euskal-Oxcitas-Biotek/UKB-gen-clocks; https://github.com/YanLuoCityU/UKB_NMR_CVD_prediction,weak topic/path/data-type evidence,Curated 52 baseline. This hierarchy override applies regardless of exhaustive-table status.,yes
66995,"Prediction of haplotypes, genotypes, parental-of-origin and applications in biobanks.",Tier 1,confirmed,yes,family_cnv-ukb; family_shapeit5,https://github.com/GeneticResources/cnv-ukb; https://github.com/23andme-jaredo/shapeit5; https://github.com/barneyhill/shapeit5; https://github.com/JosephLalli/shapeit5; https://github.com/M-Hakmi/shapeit5; https://github.com/odelaneau/shapeit5; https://github.com/RimanB/shapeit5; https://github.com/rwk-unil/shapeit5; https://github.com/sunrisefor/shapeit5; https://github.com/Toseph/shapeit5; https://github.com/victorasua/shapeit5,weak topic/path/data-type evidence; B2_PROJECT_FAMILY_NAME_PROPAGATION; B3_EXACT_TARGET_CONTENT_FINGERPRINT_PROPAGATION; A4_EXACT_REPO_PUBLICATION_APPLICATION_CHAIN,Curated 52 baseline. This hierarchy override applies regardless of exhaustive-table status.,yes
69610,Genetic stratification of immunosuppressive drugs on neurodegenerative disorders incidence,Tier 1,confirmed,yes,application_only_curated_app_69610,,,Curated 52 baseline. This hierarchy override applies regardless of exhaustive-table status.,yes
72911,Stratification of complex phenotypes focusing on Inflammatory Bowel Disease and co-morbidities: trialling novel methods,Tier 1,probable,yes,family_genepy-2,https://github.com/parsboy1987/GenePy-2,C; repo-publication-UKB application chain,Curated 52 baseline. This hierarchy override applies regardless of exhaustive-table status.,yes
74395,Interpretion of health data with artificial intelligence for study of cardiovascular risk factors and their relation to diseases,Tier 1,confirmed,yes,application_only_curated_app_74395,,,Curated 52 baseline. This hierarchy override applies regardless of exhaustive-table status.,yes
79957,Deep learning based causal inference methods for variant interpretation,Tier 1,confirmed,yes,application_only_curated_app_79957,,,Curated 52 baseline. This hierarchy override applies regardless of exhaustive-table status.,yes
84103,Genomic approaches to relating cardiovascular structure and function to heart failure for the purposes of drug discovery.,Tier 1,confirmed,yes,family_genetic-survival-analysis-in-ukb,https://github.com/tenayatherapeutics/Genetic-Survival-Analysis-in-UKB,A1_DIRECT_APP_ID,Curated 52 baseline. This hierarchy override applies regardless of exhaustive-table status.,yes
84709,Risk and prognosis factors of cardiovascular disease on different genetic background,Tier 1,probable,yes,family_uk-biobank-study-1,https://github.com/xx2383/UK-Biobank-study-1,C; repo-publication-UKB application chain,Curated 52 baseline. This hierarchy override applies regardless of exhaustive-table status.,yes
87802,Assessment of frailty and biological age using multi-modal deep learning,Tier 1,confirmed,yes,family_main-pipeline-and-images-based-models-pipeline-deep-learning-and-aging-main-pipeline-and-images-based-models-pipeline; family_ukbb-risk,https://github.com/deep-learning-and-aging/main-pipeline-and-images-based-models-pipeline; https://github.com/Deep-Learning-and-Aging/Main-pipeline-and-Images-based-models-pipeline; https://github.com/IFF-0303/ukbb_risk; https://github.com/yayapa/ukbb_risk,weak topic/path/data-type evidence; B2_PROJECT_FAMILY_NAME_PROPAGATION; B3_EXACT_TARGET_CONTENT_FINGERPRINT_PROPAGATION; A2_DOI_UKB_CROSSWALK; A3_PMID_UKB_CROSSWALK; A4_EXACT_REPO_PUBLICATION_APPLICATION_CHAIN,Curated 52 baseline. This hierarchy override applies regardless of exhaustive-table status.,yes
88159,"Fine-mapping, genetic correlation and genetic risk prediction for complex traits in different populations",Tier 1,confirmed,yes,family_omniprs,https://github.com/biostatShao/OmniPRS,A1_DIRECT_APP_ID,Curated 52 baseline. This hierarchy override applies regardless of exhaustive-table status.,yes
88878,The cardiovascular digital twin of the adult population: defining the population ranges.,Tier 1,confirmed,yes,application_only_curated_app_88878,,,Curated 52 baseline. This hierarchy override applies regardless of exhaustive-table status.,yes
89197,Effects of copy number variants on the morphological structure of the brain across several neurodevelopmental disorders.,Tier 1,probable,yes,family_ukbbmriutils,https://github.com/STALICLA-RnD/UkbbMriUtils,C; organization/project/topic consistency plus public UKB project evidence,Curated 52 baseline. This hierarchy override applies regardless of exhaustive-table status.,yes
92005,"Integrative analysis of genomic, molecular, cellular, and biochemical measures to inform cancer etiology",Tier 1,confirmed,yes,application_only_curated_app_92005,,,Curated 52 baseline. This hierarchy override applies regardless of exhaustive-table status.,yes
103356,Understanding the role of rare and common genetic variation in human phenotypes,Tier 1,confirmed,yes,family_ukbython,https://github.com/adamelkholyy/ukbython,A1_DIRECT_APP_ID,Curated 52 baseline. This hierarchy override applies regardless of exhaustive-table status.,yes
177030,Impacts of rapid environmental/societal changes on the genetic architecture of and selection on human traits,Tier 1,confirmed,yes,family_human-sex-ratio,https://github.com/song88180/Human_sex_ratio,A4_EXACT_REPO_PUBLICATION_APPLICATION_CHAIN,Curated 52 baseline. This hierarchy override applies regardless of exhaustive-table status.,yes
822932,Inherent and non-inherent factors for chronic diseases and multimorbidity,Tier 1,confirmed,yes,family_ukbanalytica,https://github.com/blitz305/UKBAnalytica; https://github.com/Hinna0818/UKBAnalytica; https://github.com/lcx777-afk/UKBAnalytica,B2_PROJECT_FAMILY_NAME_PROPAGATION; B3_EXACT_TARGET_CONTENT_FINGERPRINT_PROPAGATION; A1_DIRECT_APP_ID,Curated 52 baseline. This hierarchy override applies regardless of exhaustive-table status.,yes
867484,Identifying predictors for persistent pain after joint replacement in osteoarthritis patients by integrative analysis of multimodal data,Tier 1,confirmed,yes,application_only_curated_app_867484,,,Curated 52 baseline. This hierarchy override applies regardless of exhaustive-table status.,yes
51830,Identifying genetic factors for brain ageing,Tier 4,ambiguous,no,family_keloids-clustering; family_sas-sample-extraction; family_ukb-api; family_ukb-download-and-prep-template; family_ukbb-risk; family_ukbcc,https://github.com/anirudhj05/Keloids_Clustering; https://github.com/samarpita-saha293/SAS_sample_extraction; https://github.com/batmanlab/ukb_api; https://github.com/tighu20/ukb_api; https://github.com/lenamax2355/ukb_download_and_prep_template; https://github.com/yayapa/ukbb_risk; https://github.com/kevmanderson/ukbcc; https://github.com/laura-ponting/ukbcc,weak topic/path/data-type evidence; supporting identity/topic evidence,Not in Tiers 1-3; retained from a family with exactly one supported/ambiguous application. Ambiguous multi-application families are excluded from this tier.,yes
54520,"Constructing risk scores of longevity, dementia, and related disorders",Tier 4,ambiguous,no,family_ukb-download-and-prep-template,https://github.com/lenamax2355/ukb_download_and_prep_template,weak topic/path/data-type evidence,Not in Tiers 1-3; retained from a family with exactly one supported/ambiguous application. Ambiguous multi-application families are excluded from this tier.,yes
146079,Epidemiological and Genetic Risk Factors for keloid and hypertrophic scar,Tier 4,ambiguous,no,family_keloids-clustering,https://github.com/anirudhj05/Keloids_Clustering,weak topic/path/data-type evidence,Not in Tiers 1-3; retained from a family with exactly one supported/ambiguous application. Ambiguous multi-application families are excluded from this tier.,yes
236,Genome-wide association study of blood pressure.,Tier 5,candidate,no,family_genetic-association; family_postincredible_ukbb; family_shapeit5; family_ukbb-gwas-dev,https://github.com/Swadha22/Genetic_association; https://github.com/postincredible/ukbb; https://github.com/odelaneau/shapeit5; https://github.com/ashwinas88/UKBB_GWAS_dev; https://github.com/LingTuo/UKBB_GWAS_dev,weak topic/path/data-type evidence; supporting identity/topic evidence,Not in Tiers 1-4; retained because at least one attribution row has B-level candidate evidence.,yes
761,Risk of type 2 Diabetes and development of disease,Tier 5,candidate,no,family_congele-msc; family_diabetes-prediction; family_epi-prs; family_ukb-gen-clocks; family_ukb-nmr-cvd-prediction; family_ukbcc,https://github.com/Arnoldzyf/ConGele_MSc; https://github.com/Haileygu99/diabetes_prediction; https://github.com/ghm17/Epi-PRS; https://github.com/tzhang-nmdp/Epi-PRS; https://github.com/Euskal-Oxcitas-Biotek/UKB-gen-clocks; https://github.com/YanLuoCityU/UKB_NMR_CVD_prediction; https://github.com/kevmanderson/ukbcc; https://github.com/laura-ponting/ukbcc,weak topic/path/data-type evidence; supporting identity/topic evidence,Not in Tiers 1-4; retained because at least one attribution row has B-level candidate evidence.,yes
1417,Associations between parental attained ages and health status,Tier 5,candidate,no,family_anyajacobs_ukbiobank,https://github.com/anyajacobs/UKBiobank,supporting identity/topic evidence,Not in Tiers 1-4; retained because at least one attribution row has B-level candidate evidence.,yes
3501,Genome-wide association studies of chronic pain and the overlap with depression.,Tier 5,candidate,no,family_shapeit5,https://github.com/odelaneau/shapeit5,supporting identity/topic evidence,Not in Tiers 1-4; retained because at least one attribution row has B-level candidate evidence.,yes
7898,Genome-wide association studies of cognitive function.,Tier 5,candidate,no,family_shapeit5,https://github.com/odelaneau/shapeit5,supporting identity/topic evidence,Not in Tiers 1-4; retained because at least one attribution row has B-level candidate evidence.,yes
8370,Genome-wide association studies of hypertension and the overlap with mood disorders.,Tier 5,candidate,no,family_shapeit5,https://github.com/odelaneau/shapeit5,supporting identity/topic evidence,Not in Tiers 1-4; retained because at least one attribution row has B-level candidate evidence.,yes
8835,"Investigation of the causal association between vascular risk factors, cognitive function and dementia using genetic instruments",Tier 5,candidate,no,family_anyajacobs_ukbiobank,https://github.com/anyajacobs/UKBiobank,supporting identity/topic evidence,Not in Tiers 1-4; retained because at least one attribution row has B-level candidate evidence.,yes
9616,The Genetics of Extreme Blood Indices by Whole Genome Sequencing,Tier 5,candidate,no,family_imds-wes; family_shapeit5,https://github.com/Sirius-Yang/IMDs_WES; https://github.com/odelaneau/shapeit5,supporting identity/topic evidence,Not in Tiers 1-4; retained because at least one attribution row has B-level candidate evidence.,yes
9946,Associations between air pollution and respiratory health in large European cohorts,Tier 5,candidate,no,family_anyajacobs_ukbiobank,https://github.com/anyajacobs/UKBiobank,supporting identity/topic evidence,Not in Tiers 1-4; retained because at least one attribution row has B-level candidate evidence.,yes
11425,The Social Science Genetic Association Consortium,Tier 5,candidate,no,family_genetic-association; family_ukbcc,https://github.com/Swadha22/Genetic_association; https://github.com/kevmanderson/ukbcc; https://github.com/laura-ponting/ukbcc,weak topic/path/data-type evidence; supporting identity/topic evidence,Not in Tiers 1-4; retained because at least one attribution row has B-level candidate evidence.,yes
14575,Whole-genome approaches for dissecting (shared) genetic architecture and individual risk prediction of complex traits in human populations,Tier 5,candidate,no,family_evidence-embracing-nm,https://github.com/saigerutherford/evidence_embracing_nm,supporting identity/topic evidence,Not in Tiers 1-4; retained because at least one attribution row has B-level candidate evidence.,yes
14762,Mortality Prediction through Machine Learning,Tier 5,candidate,no,family_diabetes-prediction; family_im; family_ukbanalytica,https://github.com/Haileygu99/diabetes_prediction; https://github.com/laura-riedel/IM; https://github.com/blitz305/UKBAnalytica; https://github.com/lcx777-afk/UKBAnalytica,weak topic/path/data-type evidence; supporting identity/topic evidence,Not in Tiers 1-4; retained because at least one attribution row has B-level candidate evidence.,yes
15168,"Vitamin D status and Musculoskeletal Health in the UK Biobank: Relationships with Genetic Polymorphisms, Diet, Gender and Lifestyle Factors in South Asian and Caucasian Populations",Tier 5,candidate,no,family_ukbanalytica,https://github.com/Hinna0818/UKBAnalytica,supporting identity/topic evidence,Not in Tiers 1-4; retained because at least one attribution row has B-level candidate evidence.,yes
15678,"Genetic basis of circulating biomarkers, cardiometabolic disease, body composition and lifestyle",Tier 5,candidate,no,family_t2dm-ukb-predictions,https://github.com/yochaiedlitz/T2DM_UKB_predictions,supporting identity/topic evidence,Not in Tiers 1-4; retained because at least one attribution row has B-level candidate evidence.,yes
16097,Phenome-wide association studies of drug targets,Tier 5,candidate,no,family_genetic-survival-analysis-in-ukb,https://github.com/tenayatherapeutics/Genetic-Survival-Analysis-in-UKB,supporting identity/topic evidence,Not in Tiers 1-4; retained because at least one attribution row has B-level candidate evidence.,yes
16577,Investigations of the genetic overlap between internalising psychiatric disorders and co-morbid physical health disorders.,Tier 5,candidate,no,family_genetic-survival-analysis-in-ukb; family_t2dm-ukb-predictions,https://github.com/tenayatherapeutics/Genetic-Survival-Analysis-in-UKB; https://github.com/yochaiedlitz/T2DM_UKB_predictions,supporting identity/topic evidence,Not in Tiers 1-4; retained because at least one attribution row has B-level candidate evidence.,yes
18177,Multi-trait GWAS analyses in the UK Biobank,Tier 5,candidate,no,family_gwas-phenotype; family_jm-gwas; family_multi-outcome; family_prs-height-admixed-populations; family_ptrs-ukb; family_udip-vit; family_ukb-brain-symptoms-clustering; family_ukb-gwaspipeline-subcorticalregions; family_ukbanalytica; family_ukbbprodromalpd; family_ukbgwas; family_viciousjoon_ukbiobank,https://github.com/albbaous/GWAS_phenotype; https://github.com/pebblets/JM-GWAS; https://github.com/Sandyyy123/JM-GWAS; https://github.com/xiechengyong123/JM-GWAS; https://github.com/zerland/JM-GWAS; https://github.com/Ikram-c/multi_outcome; https://github.com/mengjiefan/multi_outcome; https://github.com/Shicheng-Guo/PRS_Height_Admixed_Populations; https://github.com/CuihuaXia/ptrs-ukb; https://github.com/emyanuthomas/ptrs-ukb; https://github.com/hakyimlab/ptrs-ukb; https://github.com/cind/UDIP-ViT; https://github.com/ajpag/ukb-brain-symptoms-clustering; https://github.com/SkylerZhou/UKB_GWASpipeline_SubcorticalRegions; https://github.com/blitz305/UKBAnalytica; https://github.com/lcx777-afk/UKBAnalytica; https://github.com/samyak1729/ukbbprodromalpd; https://github.com/tolism/ukbbprodromalpd; https://github.com/lizhihao1990/ukbgwas; https://github.com/viciousjoon/ukbiobank,weak topic/path/data-type evidence; supporting identity/topic evidence,Not in Tiers 1-4; retained because at least one attribution row has B-level candidate evidence.,yes
19189,Understanding observational and causal relationships in tinnitus prevalence and severity,Tier 5,candidate,no,family_anyajacobs_ukbiobank,https://github.com/anyajacobs/UKBiobank,supporting identity/topic evidence,Not in Tiers 1-4; retained because at least one attribution row has B-level candidate evidence.,yes
19705,"Analysis of sleep phenotypes, genotypes and associated conditions",Tier 5,candidate,no,family_cnv-ukb; family_fundus-project; family_ukbb-gwas-dev; family_ukbcc; family_ukbgwas; family_ukbiobank-knockoffs,https://github.com/GeneticResources/cnv-ukb; https://github.com/joshoch7/fundus_project; https://github.com/ashwinas88/UKBB_GWAS_dev; https://github.com/LingTuo/UKBB_GWAS_dev; https://github.com/kevmanderson/ukbcc; https://github.com/laura-ponting/ukbcc; https://github.com/lizhihao1990/ukbgwas; https://github.com/LuZhangH/ukbiobank_knockoffs; https://github.com/zren94/ukbiobank_knockoffs,weak topic/path/data-type evidence; supporting identity/topic evidence,Not in Tiers 1-4; retained because at least one attribution row has B-level candidate evidence.,yes
20650,Using the UK Biobank to validate and refine two diabetes risk prediction tools,Tier 5,candidate,no,family_ukbanalytica,https://github.com/Hinna0818/UKBAnalytica,supporting identity/topic evidence,Not in Tiers 1-4; retained because at least one attribution row has B-level candidate evidence.,yes
27477,Identification of pleiotropic loci for asthma and obesity,Tier 5,candidate,no,family_anyajacobs_ukbiobank,https://github.com/anyajacobs/UKBiobank,supporting identity/topic evidence,Not in Tiers 1-4; retained because at least one attribution row has B-level candidate evidence.,yes
28231,Associations between chronic obstructive pulmonary disease measures and time use,Tier 5,candidate,no,family_anyajacobs_ukbiobank,https://github.com/anyajacobs/UKBiobank,supporting identity/topic evidence,Not in Tiers 1-4; retained because at least one attribution row has B-level candidate evidence.,yes
30603,Predictive analytics for heart failure: enabling individualization of care and patient education through improved prognostication,Tier 5,candidate,no,family_ukbanalytica; family_ukbb-risk,https://github.com/blitz305/UKBAnalytica; https://github.com/lcx777-afk/UKBAnalytica; https://github.com/yayapa/ukbb_risk,supporting identity/topic evidence,Not in Tiers 1-4; retained because at least one attribution row has B-level candidate evidence.,yes
31615,Genetic factors as a biological link between food intake and cognition,Tier 5,candidate,no,family_moodie-geneexpression-cognition; family_retinapd; family_ukbanalytica,https://github.com/JialingFan1/moodie-geneexpression-cognition; https://github.com/lab-smile/RetinaPD; https://github.com/Hinna0818/UKBAnalytica,weak topic/path/data-type evidence; supporting identity/topic evidence,Not in Tiers 1-4; retained because at least one attribution row has B-level candidate evidence.,yes
33087,Phenome-Wide Association Studies to inform therapeutic development at Novartis Institutes for Biomedical Research,Tier 5,candidate,no,family_keloids-clustering; family_ukb-api; family_ukb-download-and-prep-template; family_ukbcc,https://github.com/anirudhj05/Keloids_Clustering; https://github.com/batmanlab/ukb_api; https://github.com/tighu20/ukb_api; https://github.com/lenamax2355/ukb_download_and_prep_template; https://github.com/kevmanderson/ukbcc; https://github.com/laura-ponting/ukbcc,weak topic/path/data-type evidence; supporting identity/topic evidence,Not in Tiers 1-4; retained because at least one attribution row has B-level candidate evidence.,yes
33896,Using genetic data in drug target discovery and validation,Tier 5,candidate,no,family_genetic-survival-analysis-in-ukb,https://github.com/tenayatherapeutics/Genetic-Survival-Analysis-in-UKB,supporting identity/topic evidence,Not in Tiers 1-4; retained because at least one attribution row has B-level candidate evidence.,yes
35698,Generative Model on brain decoding,Tier 5,candidate,no,family_retinapd,https://github.com/lab-smile/RetinaPD,supporting identity/topic evidence,Not in Tiers 1-4; retained because at least one attribution row has B-level candidate evidence.,yes
37126,"Genetic variability in people with obstructive lung disease: variation in outcome, response to treatment and disease progression.",Tier 5,candidate,no,family_anyajacobs_ukbiobank,https://github.com/anyajacobs/UKBiobank,supporting identity/topic evidence,Not in Tiers 1-4; retained because at least one attribution row has B-level candidate evidence.,yes
37539,Building an Online Resource for Global Investigation and Validation of Trans-ethnic PheWAS Results,Tier 5,candidate,no,family_genetic-annotation-aware-dimensionality-reduction-in-uk-biobank; family_retinapd,https://github.com/AishaAlsuwaidi/Genetic-annotation-aware-dimensionality-reduction-in-UK-Biobank; https://github.com/lab-smile/RetinaPD,weak topic/path/data-type evidence; supporting identity/topic evidence,Not in Tiers 1-4; retained because at least one attribution row has B-level candidate evidence.,yes
40436,"Prediction models of health and wellness traits based on genetics, anthropometric, and clinical data",Tier 5,candidate,no,family_evidence-embracing-nm; family_junnh_ukbb,https://github.com/saigerutherford/evidence_embracing_nm; https://github.com/Junnh/UKBB,supporting identity/topic evidence; weak topic/path/data-type evidence,Not in Tiers 1-4; retained because at least one attribution row has B-level candidate evidence.,yes
41664,Machine learning from complex and genetic data,Tier 5,candidate,no,family_im; family_main-pipeline-and-images-based-models-pipeline-deep-learning-and-aging-main-pipeline-and-images-based-models-pipeline; family_retinapd; family_ukb-gen-clocks; family_ukb-idears,https://github.com/laura-riedel/IM; https://github.com/deep-learning-and-aging/main-pipeline-and-images-based-models-pipeline; https://github.com/Deep-Learning-and-Aging/Main-pipeline-and-Images-based-models-pipeline; https://github.com/lab-smile/RetinaPD; https://github.com/Euskal-Oxcitas-Biotek/UKB-gen-clocks; https://github.com/binfnstats/ukb-IDEARS,weak topic/path/data-type evidence; supporting identity/topic evidence,Not in Tiers 1-4; retained because at least one attribution row has B-level candidate evidence.,yes
42256,Neurogenetics - the role of genetics in normal and abnormal functioning of the Central Nervous System (CNS),Tier 5,candidate,no,family_t2dm-ukb-predictions,https://github.com/yochaiedlitz/T2DM_UKB_predictions,supporting identity/topic evidence,Not in Tiers 1-4; retained because at least one attribution row has B-level candidate evidence.,yes
44098,Understanding genetic and phenotypic contributors to complex disease risk,Tier 5,candidate,no,family_bio-machinelearning; family_omniprs,https://github.com/Apostolos00tapsas/bio-machinelearning; https://github.com/biostatShao/OmniPRS,weak topic/path/data-type evidence; supporting identity/topic evidence,Not in Tiers 1-4; retained because at least one attribution row has B-level candidate evidence.,yes
44290,Prioritizing drug targets through genetic analyses,Tier 5,candidate,no,family_genetic-survival-analysis-in-ukb; family_ukbbprodromalpd,https://github.com/tenayatherapeutics/Genetic-Survival-Analysis-in-UKB; https://github.com/samyak1729/ukbbprodromalpd; https://github.com/tolism/ukbbprodromalpd,supporting identity/topic evidence; weak topic/path/data-type evidence,Not in Tiers 1-4; retained because at least one attribution row has B-level candidate evidence.,yes
44411,"Supporting development of more successful medicines by leveraging the relationship between genotype and phenotype to explore efficacy, safety and indication expansion.",Tier 5,candidate,no,family_anyajacobs_ukbiobank,https://github.com/anyajacobs/UKBiobank,supporting identity/topic evidence,Not in Tiers 1-4; retained because at least one attribution row has B-level candidate evidence.,yes
44891,Assessment of pleiotropic disease associations of haplotypes that possess special features,Tier 5,candidate,no,family_ukbb-risk,https://github.com/IFF-0303/ukbb_risk; https://github.com/yayapa/ukbb_risk,weak topic/path/data-type evidence; supporting identity/topic evidence,Not in Tiers 1-4; retained because at least one attribution row has B-level candidate evidence.,yes
45227,Scalable and Robust methods for biobank data analysis,Tier 5,candidate,no,family_evidence-embracing-nm; family_ukbanalytica; family_ukbfrailty,https://github.com/saigerutherford/evidence_embracing_nm; https://github.com/Hinna0818/UKBAnalytica; https://github.com/becomingcc/ukbfrailty,supporting identity/topic evidence; weak topic/path/data-type evidence,Not in Tiers 1-4; retained because at least one attribution row has B-level candidate evidence.,yes
45289,The location of the human seasonal clock,Tier 5,candidate,no,family_ukbcc,https://github.com/kevmanderson/ukbcc; https://github.com/laura-ponting/ukbcc,supporting identity/topic evidence,Not in Tiers 1-4; retained because at least one attribution row has B-level candidate evidence.,yes
45340,Development and evaluation of machine learning approaches for genetic-based disease prediction in the UK Biobank.,Tier 5,candidate,no,family_ukbanalytica,https://github.com/blitz305/UKBAnalytica; https://github.com/lcx777-afk/UKBAnalytica,supporting identity/topic evidence,Not in Tiers 1-4; retained because at least one attribution row has B-level candidate evidence.,yes
46146,Applying (deep) machine learning methods for understanding the complex relationship between genes and phenotype,Tier 5,candidate,no,family_retinapd,https://github.com/lab-smile/RetinaPD,supporting identity/topic evidence,Not in Tiers 1-4; retained because at least one attribution row has B-level candidate evidence.,yes
46631,Gestational Diabetes and subsequent Type 2 Diabetes,Tier 5,candidate,no,family_congele-msc; family_diabetes-prediction; family_epi-prs; family_ukb-gen-clocks; family_ukb-nmr-cvd-prediction; family_ukbcc,https://github.com/Arnoldzyf/ConGele_MSc; https://github.com/Haileygu99/diabetes_prediction; https://github.com/ghm17/Epi-PRS; https://github.com/tzhang-nmdp/Epi-PRS; https://github.com/Euskal-Oxcitas-Biotek/UKB-gen-clocks; https://github.com/YanLuoCityU/UKB_NMR_CVD_prediction; https://github.com/kevmanderson/ukbcc; https://github.com/laura-ponting/ukbcc,weak topic/path/data-type evidence; supporting identity/topic evidence,Not in Tiers 1-4; retained because at least one attribution row has B-level candidate evidence.,yes
48405,Understanding disease subtypes from genotype information,Tier 5,candidate,no,family_ukbcc,https://github.com/kevmanderson/ukbcc; https://github.com/laura-ponting/ukbcc,supporting identity/topic evidence,Not in Tiers 1-4; retained because at least one attribution row has B-level candidate evidence.,yes
51347,MR-based assessment of neurological/psychiatric disorders,Tier 5,candidate,no,family_ukbb-risk,https://github.com/yayapa/ukbb_risk,supporting identity/topic evidence,Not in Tiers 1-4; retained because at least one attribution row has B-level candidate evidence.,yes
51628,Phenome-wide & multi-omics delineation of the polygenic architecture of complex traits,Tier 5,candidate,no,family_omniprs,https://github.com/biostatShao/OmniPRS,supporting identity/topic evidence,Not in Tiers 1-4; retained because at least one attribution row has B-level candidate evidence.,yes
51709,Machine learning analysis of psychiatric diseases,Tier 5,candidate,no,family_im; family_ukb-gen-clocks; family_ukb-idears,https://github.com/laura-riedel/IM; https://github.com/Euskal-Oxcitas-Biotek/UKB-gen-clocks; https://github.com/binfnstats/ukb-IDEARS,weak topic/path/data-type evidence; supporting identity/topic evidence,Not in Tiers 1-4; retained because at least one attribution row has B-level candidate evidence.,yes
51980,Research using UK Biobank Data to identify key parameters that effect disease states using Machine Learning and Network Sensitivity Analysis,Tier 5,candidate,no,family_ukbanalytica,https://github.com/blitz305/UKBAnalytica; https://github.com/lcx777-afk/UKBAnalytica,supporting identity/topic evidence,Not in Tiers 1-4; retained because at least one attribution row has B-level candidate evidence.,yes
52031,Gene Based Polygenic Prediction of Adverse Drug Reactions,Tier 5,candidate,no,family_omniprs,https://github.com/biostatShao/OmniPRS,supporting identity/topic evidence,Not in Tiers 1-4; retained because at least one attribution row has B-level candidate evidence.,yes
52446,Predictive and integrative models for disease prevention using the UK Biobank Data,Tier 5,candidate,no,family_evidence-embracing-nm,https://github.com/saigerutherford/evidence_embracing_nm,supporting identity/topic evidence,Not in Tiers 1-4; retained because at least one attribution row has B-level candidate evidence.,yes
54218,Machine learning for rare disease pattern recognition and analysis,Tier 5,candidate,no,family_ukbanalytica,https://github.com/blitz305/UKBAnalytica; https://github.com/lcx777-afk/UKBAnalytica,supporting identity/topic evidence,Not in Tiers 1-4; retained because at least one attribution row has B-level candidate evidence.,yes
54336,Identifying genetic and environmental factors underpinning complex trait variation in humans,Tier 5,candidate,no,family_imds-wes,https://github.com/Sirius-Yang/IMDs_WES,supporting identity/topic evidence,Not in Tiers 1-4; retained because at least one attribution row has B-level candidate evidence.,yes
56329,Genomics-driven molecular refinement of the polygenic risk score of coronary heart disease,Tier 5,candidate,no,family_ukbb-risk,https://github.com/yayapa/ukbb_risk,supporting identity/topic evidence,Not in Tiers 1-4; retained because at least one attribution row has B-level candidate evidence.,yes
56859,Understanding the genetics of complex diseases/traits to identify potential drug targets and patient stratification markers,Tier 5,candidate,no,family_genetic-survival-analysis-in-ukb,https://github.com/tenayatherapeutics/Genetic-Survival-Analysis-in-UKB,supporting identity/topic evidence,Not in Tiers 1-4; retained because at least one attribution row has B-level candidate evidence.,yes
56902,The associations between metals status and the risk of health-related outcomes and all-cause mortality: a Mendelian randomization-phenome-wide association study,Tier 5,candidate,no,family_anyajacobs_ukbiobank; family_imds-wes; family_uk-biobank-gcg,https://github.com/anyajacobs/UKBiobank; https://github.com/Sirius-Yang/IMDs_WES; https://github.com/sblg/UK-Biobank-GCG,supporting identity/topic evidence; weak topic/path/data-type evidence,Not in Tiers 1-4; retained because at least one attribution row has B-level candidate evidence.,yes
57189,Establishing causal relations for circulating factors to cardiometabolic and neurodegenerative diseases,Tier 5,candidate,no,family_ukbcc,https://github.com/kevmanderson/ukbcc; https://github.com/laura-ponting/ukbcc,supporting identity/topic evidence,Not in Tiers 1-4; retained because at least one attribution row has B-level candidate evidence.,yes
57266,A Genome-Wide Association Study of Tinnitus to Identify Genes of Interest and Potential Therapeutic Targets,Tier 5,candidate,no,family_genetic-survival-analysis-in-ukb,https://github.com/tenayatherapeutics/Genetic-Survival-Analysis-in-UKB,supporting identity/topic evidence,Not in Tiers 1-4; retained because at least one attribution row has B-level candidate evidence.,yes
58105,Pathway analysis and prediction analysis for various complex diseases,Tier 5,candidate,no,family_t2dm-ukb-predictions,https://github.com/yochaiedlitz/T2DM_UKB_predictions,supporting identity/topic evidence,Not in Tiers 1-4; retained because at least one attribution row has B-level candidate evidence.,yes
58919,Association between cerebrovascular disease and Parkinson disease.,Tier 5,candidate,no,family_genetic-survival-analysis-in-ukb,https://github.com/tenayatherapeutics/Genetic-Survival-Analysis-in-UKB,supporting identity/topic evidence,Not in Tiers 1-4; retained because at least one attribution row has B-level candidate evidence.,yes
59456,Using UK Biobank data to support the Novartis drug discovery and development pipeline,Tier 5,candidate,no,family_divergence-pipeline; family_keloids-clustering; family_ukbcc; family_uthesis,https://github.com/AdrianHarris96/Divergence_Pipeline; https://github.com/anirudhj05/Keloids_Clustering; https://github.com/kevmanderson/ukbcc; https://github.com/laura-ponting/ukbcc; https://github.com/michaelGuo1204/UThesis,weak topic/path/data-type evidence; supporting identity/topic evidence,Not in Tiers 1-4; retained because at least one attribution row has B-level candidate evidence.,yes
60434,Machine learning prediction of common disease risks and disease network construction using multi-source data,Tier 5,candidate,no,family_genetic-survival-analysis-in-ukb; family_ukbanalytica; family_ukbbmodriskr,https://github.com/tenayatherapeutics/Genetic-Survival-Analysis-in-UKB; https://github.com/blitz305/UKBAnalytica; https://github.com/lcx777-afk/UKBAnalytica; https://github.com/rrrrrs1/UKBBModRiskR,supporting identity/topic evidence; weak topic/path/data-type evidence,Not in Tiers 1-4; retained because at least one attribution row has B-level candidate evidence.,yes
60520,Assessment of organ-specific biological age based on whole body MR data,Tier 5,candidate,no,family_gxsex; family_ukbb-risk,https://github.com/harpak-lab/GxSex; https://github.com/yayapa/ukbb_risk,weak topic/path/data-type evidence; supporting identity/topic evidence,Not in Tiers 1-4; retained because at least one attribution row has B-level candidate evidence.,yes
60651,"Patterns, outcomes and predictors of non-communicable diseases and multimorbidity",Tier 5,candidate,no,family_ukbanalytica,https://github.com/Hinna0818/UKBAnalytica,supporting identity/topic evidence,Not in Tiers 1-4; retained because at least one attribution row has B-level candidate evidence.,yes
60928,Angioedema: Investigation of genetic and environmental risk factors,Tier 5,candidate,no,family_retinapd; family_ukbanalytica,https://github.com/lab-smile/RetinaPD; https://github.com/Hinna0818/UKBAnalytica,supporting identity/topic evidence,Not in Tiers 1-4; retained because at least one attribution row has B-level candidate evidence.,yes
61147,Using machine learning on genomic data for prediction of disease comorbidity.,Tier 5,candidate,no,family_ukbanalytica,https://github.com/blitz305/UKBAnalytica; https://github.com/lcx777-afk/UKBAnalytica,supporting identity/topic evidence,Not in Tiers 1-4; retained because at least one attribution row has B-level candidate evidence.,yes
61467,Polygenic analysis for Alzheimer's disease,Tier 5,candidate,no,family_ukbanalytica,https://github.com/Hinna0818/UKBAnalytica,supporting identity/topic evidence,Not in Tiers 1-4; retained because at least one attribution row has B-level candidate evidence.,yes
62811,"Lifestyle, metabolic/inflammatory profile, genetics and neurological diseases among participants in the UK Biobank",Tier 5,candidate,no,family_retinapd,https://github.com/lab-smile/RetinaPD,supporting identity/topic evidence,Not in Tiers 1-4; retained because at least one attribution row has B-level candidate evidence.,yes
63121,Understanding the genetic and environmental risk factors and genotype-environment interaction in cardiovascular diseases for precision medicine,Tier 5,candidate,no,family_retinapd,https://github.com/lab-smile/RetinaPD,supporting identity/topic evidence,Not in Tiers 1-4; retained because at least one attribution row has B-level candidate evidence.,yes
63454,"Understand the relationship between diet, lifestyle and gene-environment interactions and healthy aging",Tier 5,candidate,no,family_retinapd,https://github.com/lab-smile/RetinaPD,supporting identity/topic evidence,Not in Tiers 1-4; retained because at least one attribution row has B-level candidate evidence.,yes
63871,"Association of depressive symptoms with risk of all-cause mortality, cause-specific mortality and morbidity.",Tier 5,candidate,no,family_anyajacobs_ukbiobank; family_mltc-clustering; family_uk-biobank-gcg,https://github.com/anyajacobs/UKBiobank; https://github.com/KremerML/MLTC-clustering; https://github.com/sblg/UK-Biobank-GCG,supporting identity/topic evidence; weak topic/path/data-type evidence,Not in Tiers 1-4; retained because at least one attribution row has B-level candidate evidence.,yes
63956,"Advanced imaging pipelines to further our understanding of how genotype, the brain, and personal history interact.",Tier 5,candidate,no,family_mtswirl; family_ukbcc,https://github.com/jessicaway/mtSwirl; https://github.com/Victory-Hugo/mtSwirl; https://github.com/kevmanderson/ukbcc; https://github.com/laura-ponting/ukbcc,weak topic/path/data-type evidence; supporting identity/topic evidence,Not in Tiers 1-4; retained because at least one attribution row has B-level candidate evidence.,yes
64689,"Associations of genetic factors, healthy lifestyle behavior, testosterone level and sleep traits with human healthspan",Tier 5,candidate,no,family_anyajacobs_ukbiobank,https://github.com/anyajacobs/UKBiobank,supporting identity/topic evidence,Not in Tiers 1-4; retained because at least one attribution row has B-level candidate evidence.,yes
65027,Large-scale genome-wide rare-variant analysis of asthma in a diverse cohort of patients with whole genome sequencing data,Tier 5,candidate,no,family_shapeit5; family_ukbb-asthma,https://github.com/odelaneau/shapeit5; https://github.com/keerveer/ukbb_asthma; https://github.com/swbiggs4/ukbb_asthma,supporting identity/topic evidence; weak topic/path/data-type evidence,Not in Tiers 1-4; retained because at least one attribution row has B-level candidate evidence.,yes
65206,Leveraging ancestry to jointly characterize genetic and environmental contributions to health disparities,Tier 5,candidate,no,family_retinapd,https://github.com/lab-smile/RetinaPD,supporting identity/topic evidence,Not in Tiers 1-4; retained because at least one attribution row has B-level candidate evidence.,yes
65252,Machine learning-based polygenic risk score construction (MRS),Tier 5,candidate,no,family_ukbanalytica; family_ukbbmodriskr,https://github.com/blitz305/UKBAnalytica; https://github.com/lcx777-afk/UKBAnalytica; https://github.com/rrrrrs1/UKBBModRiskR,supporting identity/topic evidence; weak topic/path/data-type evidence,Not in Tiers 1-4; retained because at least one attribution row has B-level candidate evidence.,yes
65814,Leveraging functional genomics resources to improve the power of phenotype prediction -- a new machine learning approach,Tier 5,candidate,no,family_cnv-ukb; family_omniprs,https://github.com/GeneticResources/cnv-ukb; https://github.com/biostatShao/OmniPRS,weak topic/path/data-type evidence; supporting identity/topic evidence,Not in Tiers 1-4; retained because at least one attribution row has B-level candidate evidence.,yes
66813,Comprehensive evaluation of causal relationship among different phenotypes and disease traits by Mendelian Randomization using Genetic Instruments,Tier 5,candidate,no,family_ukbanalytica,https://github.com/Hinna0818/UKBAnalytica,supporting identity/topic evidence,Not in Tiers 1-4; retained because at least one attribution row has B-level candidate evidence.,yes
67263,Weakly-supervised Deep Learning for the Improvement of Cardiovascular Disease (CVD) Prediction using Retinal Fundus Images,Tier 5,candidate,no,family_retinapd; family_ukb-download-and-prep-template; family_ukbanalytica; family_ukbcc,https://github.com/lab-smile/RetinaPD; https://github.com/lenamax2355/ukb_download_and_prep_template; https://github.com/Hinna0818/UKBAnalytica; https://github.com/kevmanderson/ukbcc; https://github.com/laura-ponting/ukbcc,supporting identity/topic evidence; weak topic/path/data-type evidence,Not in Tiers 1-4; retained because at least one attribution row has B-level candidate evidence.,yes
67575,Contribution of rare DNA variants to the risk of metabolic disorders and to the level of associated metabolic traits,Tier 5,candidate,no,family_anyajacobs_ukbiobank,https://github.com/anyajacobs/UKBiobank,supporting identity/topic evidence,Not in Tiers 1-4; retained because at least one attribution row has B-level candidate evidence.,yes
68250,Internal application for WGS samples,Tier 5,candidate,no,family_ukbanalytica,https://github.com/Hinna0818/UKBAnalytica,supporting identity/topic evidence,Not in Tiers 1-4; retained because at least one attribution row has B-level candidate evidence.,yes
68353,Leveraging machine learning method to explore the neural mechanisms of cognitive dysfunction in participants with cardiovascular disease,Tier 5,candidate,no,family_ukbanalytica,https://github.com/Hinna0818/UKBAnalytica,supporting identity/topic evidence,Not in Tiers 1-4; retained because at least one attribution row has B-level candidate evidence.,yes
68416,The effect of genetic variants on pregnancy complications and its long term health outcomes,Tier 5,candidate,no,family_evidence-embracing-nm,https://github.com/saigerutherford/evidence_embracing_nm,supporting identity/topic evidence,Not in Tiers 1-4; retained because at least one attribution row has B-level candidate evidence.,yes
69196,Common genetic and neuroimaging mechanisms between insomnia and substance use disorder,Tier 5,candidate,no,family_genetic-survival-analysis-in-ukb,https://github.com/tenayatherapeutics/Genetic-Survival-Analysis-in-UKB,supporting identity/topic evidence,Not in Tiers 1-4; retained because at least one attribution row has B-level candidate evidence.,yes
69972,Risk and prognosis of estrogen-related diseases,Tier 5,candidate,no,family_ukb-bmi; family_ukbanalytica,https://github.com/mariaratnasamy/ukb_bmi; https://github.com/Hinna0818/UKBAnalytica,weak topic/path/data-type evidence; supporting identity/topic evidence,Not in Tiers 1-4; retained because at least one attribution row has B-level candidate evidence.,yes
70483,Studies of Non-HLA Regional Genetics and Early Warning Model of Ankylosing Spondylitis Based on Chinese and Caucasion Populations,Tier 5,candidate,no,family_imds-wes,https://github.com/Sirius-Yang/IMDs_WES,supporting identity/topic evidence,Not in Tiers 1-4; retained because at least one attribution row has B-level candidate evidence.,yes
71550,Study on the mechanism of the impact of the interaction between genes with the environment and lifestyle habits on the onset of chronic diseases,Tier 5,candidate,no,family_retinapd,https://github.com/lab-smile/RetinaPD,supporting identity/topic evidence,Not in Tiers 1-4; retained because at least one attribution row has B-level candidate evidence.,yes
71870,Large scale association analyses of UK Biobank data,Tier 5,candidate,no,family_genetic-association; family_imds-wes,https://github.com/Swadha22/Genetic_association; https://github.com/Sirius-Yang/IMDs_WES,weak topic/path/data-type evidence; supporting identity/topic evidence,Not in Tiers 1-4; retained because at least one attribution row has B-level candidate evidence.,yes
72298,A Genome-wide association study of resilience,Tier 5,candidate,no,family_genetic-association; family_postincredible_ukbb; family_shapeit5,https://github.com/Swadha22/Genetic_association; https://github.com/postincredible/ukbb; https://github.com/odelaneau/shapeit5,weak topic/path/data-type evidence; supporting identity/topic evidence,Not in Tiers 1-4; retained because at least one attribution row has B-level candidate evidence.,yes
72821,Protein Protein Interaction Networks Systematically Derived from Large Scale Human Genetic Data,Tier 5,candidate,no,family_imds-wes,https://github.com/Sirius-Yang/IMDs_WES,supporting identity/topic evidence,Not in Tiers 1-4; retained because at least one attribution row has B-level candidate evidence.,yes
73507,Integrated analysis and validation of complex brain-related genetic and genomic studies,Tier 5,candidate,no,family_ukb-download-and-prep-template; family_ukbanalytica; family_ukbcc,https://github.com/lenamax2355/ukb_download_and_prep_template; https://github.com/Hinna0818/UKBAnalytica; https://github.com/kevmanderson/ukbcc; https://github.com/laura-ponting/ukbcc,weak topic/path/data-type evidence; supporting identity/topic evidence,Not in Tiers 1-4; retained because at least one attribution row has B-level candidate evidence.,yes
73759,Comprehensive investigation in common disease outcomes integrating genetic and phenotypic associations,Tier 5,candidate,no,family_ukbanalytica,https://github.com/Hinna0818/UKBAnalytica,supporting identity/topic evidence,Not in Tiers 1-4; retained because at least one attribution row has B-level candidate evidence.,yes
73860,Integrative Analysis of Histopathological Images and Genomic Data Predicts Metastasis for Colorectal Cancer,Tier 5,candidate,no,family_ukbb-risk,https://github.com/yayapa/ukbb_risk,supporting identity/topic evidence,Not in Tiers 1-4; retained because at least one attribution row has B-level candidate evidence.,yes
74025,Pan-cancer analysis of whole-exome germline variants,Tier 5,candidate,no,family_imds-wes; family_ukb-exome; family_ukbb-gwas-dev,https://github.com/Sirius-Yang/IMDs_WES; https://github.com/OxWearables/ukb_exome; https://github.com/ashwinas88/UKBB_GWAS_dev; https://github.com/LingTuo/UKBB_GWAS_dev,supporting identity/topic evidence; weak topic/path/data-type evidence,Not in Tiers 1-4; retained because at least one attribution row has B-level candidate evidence.,yes
75556,Trans-ethnic genome-wide and exposome-wide association studies of neuroimaging and behavioral phenotypes,Tier 5,candidate,no,family_ukbanalytica,https://github.com/Hinna0818/UKBAnalytica,supporting identity/topic evidence,Not in Tiers 1-4; retained because at least one attribution row has B-level candidate evidence.,yes
76085,The utility of polygenic risk score (PRS) to identify the risk of gestational diabetes mellitus (GDM) in pregnant women,Tier 5,candidate,no,family_epi-prs; family_ukbb-risk,https://github.com/ghm17/Epi-PRS; https://github.com/tzhang-nmdp/Epi-PRS; https://github.com/yayapa/ukbb_risk,weak topic/path/data-type evidence; supporting identity/topic evidence,Not in Tiers 1-4; retained because at least one attribution row has B-level candidate evidence.,yes
76517,A Dynamic Network Approach for the Study of Human Phenotypes using UK Biobank,Tier 5,candidate,no,family_retinapd,https://github.com/lab-smile/RetinaPD,supporting identity/topic evidence,Not in Tiers 1-4; retained because at least one attribution row has B-level candidate evidence.,yes
77202,Development of training resources and example notebooks for RAP users,Tier 5,candidate,no,family_ukbanalytica,https://github.com/Hinna0818/UKBAnalytica,supporting identity/topic evidence,Not in Tiers 1-4; retained because at least one attribution row has B-level candidate evidence.,yes
77512,Association of psychiatric disorders with subsequent colorectal cancer: prospective cohort study of UK Biobank participants,Tier 5,candidate,no,family_genetic-survival-analysis-in-ukb,https://github.com/tenayatherapeutics/Genetic-Survival-Analysis-in-UKB,supporting identity/topic evidence,Not in Tiers 1-4; retained because at least one attribution row has B-level candidate evidence.,yes
77583,A combined risk prediction model for type 1 diabetes mellitus,Tier 5,candidate,no,family_diabetes-prediction; family_t2dm-ukb-predictions; family_ukb-nmr-cvd-prediction; family_uthesis,https://github.com/Haileygu99/diabetes_prediction; https://github.com/yochaiedlitz/T2DM_UKB_predictions; https://github.com/YanLuoCityU/UKB_NMR_CVD_prediction; https://github.com/michaelGuo1204/UThesis,weak topic/path/data-type evidence; supporting identity/topic evidence,Not in Tiers 1-4; retained because at least one attribution row has B-level candidate evidence.,yes
77717,Learning disease characteristics from multi-modal data for precision medicine,Tier 5,candidate,no,family_sas-sample-extraction; family_ukb-api; family_ukbanalytica,https://github.com/samarpita-saha293/SAS_sample_extraction; https://github.com/batmanlab/ukb_api; https://github.com/tighu20/ukb_api; https://github.com/blitz305/UKBAnalytica; https://github.com/lcx777-afk/UKBAnalytica,weak topic/path/data-type evidence; supporting identity/topic evidence,Not in Tiers 1-4; retained because at least one attribution row has B-level candidate evidence.,yes
78210,Replication of candidate genes associated with Parkinon's disease and cutaneous malignant melanoma using whole-exome sequencing data.,Tier 5,candidate,no,family_imds-wes,https://github.com/Sirius-Yang/IMDs_WES,supporting identity/topic evidence,Not in Tiers 1-4; retained because at least one attribution row has B-level candidate evidence.,yes
78795,Regression methods for phenome-wide association analysis on large-scale biobank data,Tier 5,candidate,no,family_shapeit5,https://github.com/odelaneau/shapeit5,supporting identity/topic evidence,Not in Tiers 1-4; retained because at least one attribution row has B-level candidate evidence.,yes
79237,Distribution and correlation free high-dimensional signal region detection with applications to whole genome association studies,Tier 5,candidate,no,family_shapeit5,https://github.com/odelaneau/shapeit5,supporting identity/topic evidence,Not in Tiers 1-4; retained because at least one attribution row has B-level candidate evidence.,yes
79325,Application of a scalable perturbation algorithm for variable selection in UK Biobank data,Tier 5,candidate,no,family_ukbanalytica,https://github.com/Hinna0818/UKBAnalytica,supporting identity/topic evidence,Not in Tiers 1-4; retained because at least one attribution row has B-level candidate evidence.,yes
80154,Project for distribution of Olink data,Tier 5,candidate,no,family_ukbanalytica,https://github.com/Hinna0818/UKBAnalytica,supporting identity/topic evidence,Not in Tiers 1-4; retained because at least one attribution row has B-level candidate evidence.,yes
80610,"Association between dietary patterns, bone health, cardiovascular disease and mortality",Tier 5,candidate,no,family_retinapd,https://github.com/lab-smile/RetinaPD,supporting identity/topic evidence,Not in Tiers 1-4; retained because at least one attribution row has B-level candidate evidence.,yes
82002,Machine learning approaches using large-scale multi-omics to create comprehensive views of chronic diseases and long-term effects of coronavirus disease 2019 (COVID-19),Tier 5,candidate,no,family_retinapd,https://github.com/lab-smile/RetinaPD,supporting identity/topic evidence,Not in Tiers 1-4; retained because at least one attribution row has B-level candidate evidence.,yes
82416,Analyses of genotype-to-phenotype data from the UK Biobank to aid in the  identification and validation of drug targets,Tier 5,candidate,no,family_genetic-survival-analysis-in-ukb,https://github.com/tenayatherapeutics/Genetic-Survival-Analysis-in-UKB,supporting identity/topic evidence,Not in Tiers 1-4; retained because at least one attribution row has B-level candidate evidence.,yes
83259,Lifestyle and environmental factors in relation to risks of major chronic diseases and mortality.,Tier 5,candidate,no,family_retinapd,https://github.com/lab-smile/RetinaPD,supporting identity/topic evidence,Not in Tiers 1-4; retained because at least one attribution row has B-level candidate evidence.,yes
83990,Genetic and environmental analysis for disease prediction models,Tier 5,candidate,no,family_evidence-embracing-nm; family_im; family_ukb-atherosclerosis-prediction; family_ukbfrailty,https://github.com/saigerutherford/evidence_embracing_nm; https://github.com/laura-riedel/IM; https://github.com/OmriGruman/ukb-atherosclerosis-prediction; https://github.com/becomingcc/ukbfrailty,supporting identity/topic evidence; weak topic/path/data-type evidence,Not in Tiers 1-4; retained because at least one attribution row has B-level candidate evidence.,yes
84038,Assessing the role of rare and common variation in human clinical conditions and risk prediction using improved methods for genotype imputation and genetic effect modeling across populations,Tier 5,candidate,no,family_omniprs,https://github.com/biostatShao/OmniPRS,supporting identity/topic evidence,Not in Tiers 1-4; retained because at least one attribution row has B-level candidate evidence.,yes
85139,Untangling Heterogeneity: Deep Normative Model to Detect Brain and Cardiac Anomalies in Individual Level,Tier 5,candidate,no,family_retinapd,https://github.com/lab-smile/RetinaPD,supporting identity/topic evidence,Not in Tiers 1-4; retained because at least one attribution row has B-level candidate evidence.,yes
85224,Identification of risk factors and construction of early-diagnosis model for predicting the risk of pancreatic cancer in new-onset diabetes population based on UK Biobank data,Tier 5,candidate,no,family_t2dm-ukb-predictions,https://github.com/yochaiedlitz/T2DM_UKB_predictions,supporting identity/topic evidence,Not in Tiers 1-4; retained because at least one attribution row has B-level candidate evidence.,yes
85253,Genome-wide analysis of mechanosensitive channels in cardiometabolic diseases.,Tier 5,candidate,no,family_imds-wes,https://github.com/Sirius-Yang/IMDs_WES,supporting identity/topic evidence,Not in Tiers 1-4; retained because at least one attribution row has B-level candidate evidence.,yes
85457,Linking genomic determinants of child development to predictors of ageing and multi-morbidities.,Tier 5,candidate,no,family_keloids-clustering; family_ukb-download-and-prep-template; family_ukbcc,https://github.com/anirudhj05/Keloids_Clustering; https://github.com/lenamax2355/ukb_download_and_prep_template; https://github.com/kevmanderson/ukbcc; https://github.com/laura-ponting/ukbcc,weak topic/path/data-type evidence; supporting identity/topic evidence,Not in Tiers 1-4; retained because at least one attribution row has B-level candidate evidence.,yes
86321,Investigating a causal relationship between asthma and cardiovascular disease: a mendelian randomisation study,Tier 5,candidate,no,family_anyajacobs_ukbiobank,https://github.com/anyajacobs/UKBiobank,supporting identity/topic evidence,Not in Tiers 1-4; retained because at least one attribution row has B-level candidate evidence.,yes
87480,Genetic and environment analyses for urological conditions,Tier 5,candidate,no,family_ukbcc,https://github.com/kevmanderson/ukbcc; https://github.com/laura-ponting/ukbcc,supporting identity/topic evidence,Not in Tiers 1-4; retained because at least one attribution row has B-level candidate evidence.,yes
90519,Three natural experiments using the UK Biobank,Tier 5,candidate,no,family_ukbb-risk,https://github.com/yayapa/ukbb_risk,supporting identity/topic evidence,Not in Tiers 1-4; retained because at least one attribution row has B-level candidate evidence.,yes
91995,"The brain, genetic, and environmental correlates of hearing impairment and its effects on cognition and life quality",Tier 5,candidate,no,family_ukb-idears,https://github.com/binfnstats/ukb-IDEARS,supporting identity/topic evidence,Not in Tiers 1-4; retained because at least one attribution row has B-level candidate evidence.,yes
92681,Methods development for gene-environment interaction analysis on cloud platforms,Tier 5,candidate,no,family_ukbcc,https://github.com/kevmanderson/ukbcc; https://github.com/laura-ponting/ukbcc,supporting identity/topic evidence,Not in Tiers 1-4; retained because at least one attribution row has B-level candidate evidence.,yes
93141,A machine learning platform applied to multi-modal data to uncover risk factors for chronic pain conditions to direct mechanistic studies.,Tier 5,candidate,no,family_ukb-idears,https://github.com/binfnstats/ukb-IDEARS,supporting identity/topic evidence,Not in Tiers 1-4; retained because at least one attribution row has B-level candidate evidence.,yes
93173,Association between exposure to air pollution and acceleration of cognitive decline in adults with Parkinson's Disease,Tier 5,candidate,no,family_genetic-survival-analysis-in-ukb; family_t2dm-ukb-predictions,https://github.com/tenayatherapeutics/Genetic-Survival-Analysis-in-UKB; https://github.com/yochaiedlitz/T2DM_UKB_predictions,supporting identity/topic evidence,Not in Tiers 1-4; retained because at least one attribution row has B-level candidate evidence.,yes
93351,Metabolic syndrome in multiethnic cohort,Tier 5,candidate,no,family_t2dm-ukb-predictions,https://github.com/yochaiedlitz/T2DM_UKB_predictions,supporting identity/topic evidence,Not in Tiers 1-4; retained because at least one attribution row has B-level candidate evidence.,yes
93379,Identifying non-coding regulatory variants associated with mature B cell neoplasms and B cell mediated autoimmune diseases.,Tier 5,candidate,no,family_imds-wes,https://github.com/Sirius-Yang/IMDs_WES,supporting identity/topic evidence,Not in Tiers 1-4; retained because at least one attribution row has B-level candidate evidence.,yes
94340,Validation of a breast cancer risk prediction model incorporating a polygenic score for diverse ancestries,Tier 5,candidate,no,family_omniprs,https://github.com/biostatShao/OmniPRS,supporting identity/topic evidence,Not in Tiers 1-4; retained because at least one attribution row has B-level candidate evidence.,yes
95030,Whole genome and exome sequencing to implicate genetic variants in rare dementia syndromes,Tier 5,candidate,no,family_imds-wes; family_shapeit5,https://github.com/Sirius-Yang/IMDs_WES; https://github.com/odelaneau/shapeit5,supporting identity/topic evidence,Not in Tiers 1-4; retained because at least one attribution row has B-level candidate evidence.,yes
95599,Analyses of IL12B in complex genetic diseases,Tier 5,candidate,no,family_imds-wes; family_ukbbprodromalpd,https://github.com/Sirius-Yang/IMDs_WES; https://github.com/samyak1729/ukbbprodromalpd; https://github.com/tolism/ukbbprodromalpd,supporting identity/topic evidence; weak topic/path/data-type evidence,Not in Tiers 1-4; retained because at least one attribution row has B-level candidate evidence.,yes
96326,Deep Learning models for predicting phenotypic quantitative traits  from high density genotyping data,Tier 5,candidate,no,family_retinapd; family_sas-sample-extraction; family_ukbcc,https://github.com/lab-smile/RetinaPD; https://github.com/samarpita-saha293/SAS_sample_extraction; https://github.com/kevmanderson/ukbcc; https://github.com/laura-ponting/ukbcc,supporting identity/topic evidence; weak topic/path/data-type evidence,Not in Tiers 1-4; retained because at least one attribution row has B-level candidate evidence.,yes
98679,"The associations of genetics, plasma metabolites, and conventional exposures with health outcomes",Tier 5,candidate,no,family_anyajacobs_ukbiobank,https://github.com/anyajacobs/UKBiobank,supporting identity/topic evidence,Not in Tiers 1-4; retained because at least one attribution row has B-level candidate evidence.,yes
98772,Search for inborn errors of immunity underlying infectious diseases using whole exome and whole genome sequencing data.,Tier 5,candidate,no,family_genotype-errors; family_shapeit5,https://github.com/sylviah23/genotype-errors; https://github.com/odelaneau/shapeit5,weak topic/path/data-type evidence; supporting identity/topic evidence,Not in Tiers 1-4; retained because at least one attribution row has B-level candidate evidence.,yes
99541,Assessment of the distribution of variants in genes underlying neuromuscular diseases,Tier 5,candidate,no,family_ukbb-risk,https://github.com/yayapa/ukbb_risk,supporting identity/topic evidence,Not in Tiers 1-4; retained because at least one attribution row has B-level candidate evidence.,yes
99967,The prediction model of the development and progression of diabetic kidney disease,Tier 5,candidate,no,family_t2dm-ukb-predictions,https://github.com/yochaiedlitz/T2DM_UKB_predictions,supporting identity/topic evidence,Not in Tiers 1-4; retained because at least one attribution row has B-level candidate evidence.,yes
100014,Whole-genome sequencing studies for disease-related and imaging phenotypes using UKBB data.,Tier 5,candidate,no,family_bis620-2022; family_bis687-capstone-group-8; family_code-examples; family_divergence-pipeline; family_ehr; family_genotype-errors; family_imds-wes; family_mtswirl; family_shapeit5,https://github.com/HankkaMark/bis620.2022; https://github.com/JingnanBai/BIS687-Capstone-group-8; https://github.com/miguelmspereira/code-examples; https://github.com/AdrianHarris96/Divergence_Pipeline; https://github.com/mjfalaguera/EHR; https://github.com/sylviah23/genotype-errors; https://github.com/Sirius-Yang/IMDs_WES; https://github.com/jessicaway/mtSwirl; https://github.com/Victory-Hugo/mtSwirl; https://github.com/odelaneau/shapeit5,weak topic/path/data-type evidence; supporting identity/topic evidence,Not in Tiers 1-4; retained because at least one attribution row has B-level candidate evidence.,yes
100274,Universal machine learning model research for Magnetic Resonance(MR) images,Tier 5,candidate,no,family_anyalasagne1_ukbiobank; family_bis620-2022; family_bis687-capstone-group-8; family_biv-volumetric-meshing; family_cancerrisk; family_code-examples; family_cuihuaxia_001; family_data2vec-bert-ukb; family_divergence-pipeline; family_genetic-annotation-aware-dimensionality-reduction-in-uk-biobank; family_genotype-errors; family_iff-0303_001; family_jiangweixia_001; family_jooooooooey_ukb; family_latinos-in-ukbb; family_lizhihao1990_ukbb; family_lld2018_001; family_lronan_ukb; family_margulies_ukb; family_mh-in-ukb; family_mtswirl; family_nanhui2000_ukb; family_nextgen-exomiser-ukb; family_retinapd; family_rick-chen-pku_001; family_rooty29_ukbiobank; family_smiles2011hyc_001; family_t2dm-ukb-predictions; family_takdrift_001; family_transconnectome_ukb; family_uk-biobank-study-1; family_ukb-cancer-24h; family_ukb-download-and-prep-template; family_ukb-processing-nf; family_ukbb-1; family_ukbb-data-r; family_ukbiobank-ecg; family_ukbiobank-strs; family_ukbiobank-table-conversion; family_xander-y_ukb; family_zczali4403_001; family_zeigar_ukb; family_zhishenppp_ukbb; family_zhishenppp_ukbiobank; family_zoonono_ukb,https://github.com/anyalasagne1/UKBiobank; https://github.com/HankkaMark/bis620.2022; https://github.com/JingnanBai/BIS687-Capstone-group-8; https://github.com/kiwixiao/biv-volumetric-meshing; https://github.com/alexwjung/CancerRisk; https://github.com/miguelmspereira/code-examples; https://github.com/CuihuaXia/001; https://github.com/alatteaday/data2vec_bert_ukb; https://github.com/AdrianHarris96/Divergence_Pipeline; https://github.com/AishaAlsuwaidi/Genetic-annotation-aware-dimensionality-reduction-in-UK-Biobank; https://github.com/sylviah23/genotype-errors; https://github.com/IFF-0303/001; https://github.com/jiangweixia/001; https://github.com/Jooooooooey/ukb; https://github.com/huytrain42/Latinos-in-UKBB; https://github.com/lizhihao1990/ukbb; https://github.com/LLD2018/001; https://github.com/lronan/UKB; https://github.com/margulies/UKB; https://github.com/tongluobing/MH_in_UKB; https://github.com/jessicaway/mtSwirl; https://github.com/Victory-Hugo/mtSwirl; https://github.com/nanhui2000/ukb; https://github.com/martadelfino/nextgen-exomiser-ukb; https://github.com/lab-smile/RetinaPD; https://github.com/Rick-Chen-PKU/001; https://github.com/Rooty29/UKBiobank; https://github.com/smiles2011hyc/001; https://github.com/Farida-Ali/T2DM_UKB_predictions; https://github.com/Takdrift/001; https://github.com/Transconnectome/UKB; https://github.com/xx2383/UK-Biobank-study-1; https://github.com/Owain-S/ukb-cancer-24h; https://github.com/IFF-0303/ukb_download_and_prep_template; https://github.com/Jacob-X/ukb_download_and_prep_template; https://github.com/VyasPillai/ukb_processing-nf; https://github.com/HongyuanWu/ukbb-1; https://github.com/Shicheng-Guo/ukbb-1; https://github.com/12sbxu/ukbb_data_r; https://github.com/suniljmanohar/UKBiobank_ECG; https://github.com/YIGUIz/ukbiobank_strs; https://github.com/audoushka/UKBiobank-Table-Conversion; https://github.com/futurologist/UKBiobank-Table-Conversion; https://github.com/Jiangaoshan/UKBiobank-Table-Conversion; https://github.com/lizhihao1990/UKBiobank-Table-Conversion; https://github.com/Xander-Y/ukb; https://github.com/zczali4403/001; https://github.com/Zeigar/UKB; https://github.com/zhishenPPP/ukbb; https://github.com/zhishenPPP/UKBiobank; https://github.com/zoonono/UKB,weak topic/path/data-type evidence; supporting identity/topic evidence,Not in Tiers 1-4; retained because at least one attribution row has B-level candidate evidence.,yes
101622,Fairness in clinical prediction models for cancer,Tier 5,candidate,no,family_evidence-embracing-nm,https://github.com/saigerutherford/evidence_embracing_nm,supporting identity/topic evidence,Not in Tiers 1-4; retained because at least one attribution row has B-level candidate evidence.,yes
104784,Phenotypic and genetic associations between chronic diseases in the UK Biobank cohort.,Tier 5,candidate,no,family_anyajacobs_ukbiobank; family_bio-machinelearning,https://github.com/anyajacobs/UKBiobank; https://github.com/Apostolos00tapsas/bio-machinelearning,supporting identity/topic evidence; weak topic/path/data-type evidence,Not in Tiers 1-4; retained because at least one attribution row has B-level candidate evidence.,yes
104980,Using UK Biobank data to support discovery research and drug development at Chugai,Tier 5,candidate,no,family_genetic-survival-analysis-in-ukb; family_uthesis,https://github.com/tenayatherapeutics/Genetic-Survival-Analysis-in-UKB; https://github.com/michaelGuo1204/UThesis,supporting identity/topic evidence; weak topic/path/data-type evidence,Not in Tiers 1-4; retained because at least one attribution row has B-level candidate evidence.,yes
106223,An integrated biopsychosocial approach to identify shared mechanisms underlying major psychiatric and neurodegenerative disorders,Tier 5,candidate,no,family_genetic-survival-analysis-in-ukb; family_t2dm-ukb-predictions,https://github.com/tenayatherapeutics/Genetic-Survival-Analysis-in-UKB; https://github.com/yochaiedlitz/T2DM_UKB_predictions,supporting identity/topic evidence,Not in Tiers 1-4; retained because at least one attribution row has B-level candidate evidence.,yes
107825,A diseases prediction model based on common variants (polygenic risk score) and rare variants (variant weighted gene burden scores) in whole exome sequencing data,Tier 5,candidate,no,family_imds-wes; family_shapeit5,https://github.com/Sirius-Yang/IMDs_WES; https://github.com/odelaneau/shapeit5,supporting identity/topic evidence,Not in Tiers 1-4; retained because at least one attribution row has B-level candidate evidence.,yes
109607,Assessment and prediction of early neurodegenerative diseases and dementia,Tier 5,candidate,no,family_metabolomicscommondiseases; family_ukbb-risk,https://github.com/chengluomilk/MetabolomicsCommonDiseases; https://github.com/YanLuoCityU/MetabolomicsCommonDiseases; https://github.com/zlpsophina/MetabolomicsCommonDiseases; https://github.com/yayapa/ukbb_risk,weak topic/path/data-type evidence; supporting identity/topic evidence,Not in Tiers 1-4; retained because at least one attribution row has B-level candidate evidence.,yes
115757,"Investigating Food-Drug Interactions for Cardiometabolic Disease Risks Using Machine Learning, Mendelian Randomization, and PBPK Models",Tier 5,candidate,no,family_evidence-embracing-nm,https://github.com/saigerutherford/evidence_embracing_nm,supporting identity/topic evidence,Not in Tiers 1-4; retained because at least one attribution row has B-level candidate evidence.,yes
116200,Influences of rare non-protein-coding genetic variants across the phenome,Tier 5,candidate,no,family_biomarkers; family_biomarkers-beautfig; family_imds-wes,https://github.com/Eugene-xyHe/biomarkers; https://github.com/IFF-0303/biomarkers; https://github.com/JujiaoKang/biomarkers; https://github.com/julyfish711/biomarkers; https://github.com/lenamax2355/biomarkers; https://github.com/Ran485/biomarkers; https://github.com/Shicheng-Guo/biomarkers; https://github.com/smiles2011hyc/biomarkers; https://github.com/K-zhangfengwei/biomarkers_beautfig; https://github.com/Sirius-Yang/IMDs_WES,weak topic/path/data-type evidence; supporting identity/topic evidence,Not in Tiers 1-4; retained because at least one attribution row has B-level candidate evidence.,yes
134960,"Artificial intelligence (AI) and radiomics for cardiac and brain magnetic resonance based imaging analysis: artifact reduction, quality assessment and interaction between cardiac and brain",Tier 5,candidate,no,family_ukbb-risk,https://github.com/yayapa/ukbb_risk,supporting identity/topic evidence,Not in Tiers 1-4; retained because at least one attribution row has B-level candidate evidence.,yes
148757,Genetic risk prediction of non-contact ACL rupture using polygenic risk scores,Tier 5,candidate,no,family_omniprs,https://github.com/biostatShao/OmniPRS,supporting identity/topic evidence,Not in Tiers 1-4; retained because at least one attribution row has B-level candidate evidence.,yes
148925,Multimodal representation learning of remote and wearable data to clinical health data for longitudinal risk prediction,Tier 5,candidate,no,family_evidence-embracing-nm; family_longitudinal-data,https://github.com/saigerutherford/evidence_embracing_nm; https://github.com/AstraZheng/Longitudinal-data,supporting identity/topic evidence; weak topic/path/data-type evidence,Not in Tiers 1-4; retained because at least one attribution row has B-level candidate evidence.,yes
171511,Improving of polygenic scores using exome and whole genome resequencing data and repeat imaging,Tier 5,candidate,no,family_omniprs; family_ukb-exome,https://github.com/biostatShao/OmniPRS; https://github.com/OxWearables/ukb_exome,supporting identity/topic evidence; weak topic/path/data-type evidence,Not in Tiers 1-4; retained because at least one attribution row has B-level candidate evidence.,yes
176486,"Integration of Clinical, Imaging, and Genetic Data to Explore the Association between Sarcopenic Obesity and Selected Chronic Diseases, as well as the Role of Lifestyle Factors",Tier 5,candidate,no,family_t2dm-ukb-predictions,https://github.com/yochaiedlitz/T2DM_UKB_predictions,supporting identity/topic evidence,Not in Tiers 1-4; retained because at least one attribution row has B-level candidate evidence.,yes
190333,Whole-genome identification of rare variants in UK Biobank Glaucoma patients,Tier 5,candidate,no,family_shapeit5,https://github.com/odelaneau/shapeit5,supporting identity/topic evidence,Not in Tiers 1-4; retained because at least one attribution row has B-level candidate evidence.,yes
190346,Incorporating Multi-Trait Polygenic Risk Scores into an Ensemble Learning Classifier Improves the Risk Stratification for Type 2 Diabetes in the Qatar Biobank Cohort,Tier 5,candidate,no,family_omniprs,https://github.com/biostatShao/OmniPRS,supporting identity/topic evidence,Not in Tiers 1-4; retained because at least one attribution row has B-level candidate evidence.,yes
207159,Statistical and Machine-Learning Methods for Genetic and Health-Record Data,Tier 5,candidate,no,family_ukbanalytica,https://github.com/Hinna0818/UKBAnalytica,supporting identity/topic evidence,Not in Tiers 1-4; retained because at least one attribution row has B-level candidate evidence.,yes
209139,"Discovery, development, and validation of biomarkers and imaging phenotypes for neurodegenerative diseases",Tier 5,candidate,no,family_ukb-idears,https://github.com/binfnstats/ukb-IDEARS,supporting identity/topic evidence,Not in Tiers 1-4; retained because at least one attribution row has B-level candidate evidence.,yes
214427,Hematopoiesis in type 1 diabetes.,Tier 5,candidate,no,family_congele-msc; family_diabetes-prediction; family_epi-prs; family_t2dm-ukb-predictions; family_ukb-gen-clocks; family_ukb-nmr-cvd-prediction,https://github.com/Arnoldzyf/ConGele_MSc; https://github.com/Haileygu99/diabetes_prediction; https://github.com/ghm17/Epi-PRS; https://github.com/tzhang-nmdp/Epi-PRS; https://github.com/yochaiedlitz/T2DM_UKB_predictions; https://github.com/Euskal-Oxcitas-Biotek/UKB-gen-clocks; https://github.com/YanLuoCityU/UKB_NMR_CVD_prediction,weak topic/path/data-type evidence; supporting identity/topic evidence,Not in Tiers 1-4; retained because at least one attribution row has B-level candidate evidence.,yes
276785,Genetic basis of inflammatory immune mediated diseases,Tier 5,candidate,no,family_imds-wes,https://github.com/Sirius-Yang/IMDs_WES,supporting identity/topic evidence,Not in Tiers 1-4; retained because at least one attribution row has B-level candidate evidence.,yes
317703,Investigating the impact of genome-wide variants on human diseases,Tier 5,candidate,no,family_imds-wes; family_shapeit5,https://github.com/Sirius-Yang/IMDs_WES; https://github.com/odelaneau/shapeit5,supporting identity/topic evidence,Not in Tiers 1-4; retained because at least one attribution row has B-level candidate evidence.,yes
341475,Biomarker discovery in neurodegenerative diseases using integrated longitudinal data analysis,Tier 5,candidate,no,family_longitudinal-data; family_ukb-idears,https://github.com/AstraZheng/Longitudinal-data; https://github.com/binfnstats/ukb-IDEARS,weak topic/path/data-type evidence; supporting identity/topic evidence,Not in Tiers 1-4; retained because at least one attribution row has B-level candidate evidence.,yes
412140,Using Machine Learning and Deep Learning for (Early) Detection of Dementia Disease,Tier 5,candidate,no,family_ukbanalytica,https://github.com/blitz305/UKBAnalytica; https://github.com/lcx777-afk/UKBAnalytica,supporting identity/topic evidence,Not in Tiers 1-4; retained because at least one attribution row has B-level candidate evidence.,yes
423966,Machine learning of retinal markers in Parkinson's disease.,Tier 5,candidate,no,family_ukb-idears,https://github.com/binfnstats/ukb-IDEARS,supporting identity/topic evidence,Not in Tiers 1-4; retained because at least one attribution row has B-level candidate evidence.,yes
474802,Deconstructing the genetic basis of human complex phenotypes,Tier 5,candidate,no,family_omniprs; family_ukbiobank-knockoffs,https://github.com/biostatShao/OmniPRS; https://github.com/LuZhangH/ukbiobank_knockoffs; https://github.com/zren94/ukbiobank_knockoffs,supporting identity/topic evidence; weak topic/path/data-type evidence,Not in Tiers 1-4; retained because at least one attribution row has B-level candidate evidence.,yes
494920,Comparative Analysis of Risk Profiles and Longitudinal Changes in Risk Factors for Colorectal and Lung Cancer: Insights from the UK Biobank,Tier 5,candidate,no,family_longitudinal-data; family_t2dm-ukb-predictions,https://github.com/AstraZheng/Longitudinal-data; https://github.com/yochaiedlitz/T2DM_UKB_predictions,weak topic/path/data-type evidence; supporting identity/topic evidence,Not in Tiers 1-4; retained because at least one attribution row has B-level candidate evidence.,yes
519005,Predictive Models for Cardio-Metabolic Disease,Tier 5,candidate,no,family_evidence-embracing-nm,https://github.com/saigerutherford/evidence_embracing_nm,supporting identity/topic evidence,Not in Tiers 1-4; retained because at least one attribution row has B-level candidate evidence.,yes
523060,Improving risk prediction of multimorbidity by multimodal learning across populations of different age groups and ancestries.,Tier 5,candidate,no,family_keloids-clustering; family_ukbcc,https://github.com/anirudhj05/Keloids_Clustering; https://github.com/kevmanderson/ukbcc; https://github.com/laura-ponting/ukbcc,weak topic/path/data-type evidence; supporting identity/topic evidence,Not in Tiers 1-4; retained because at least one attribution row has B-level candidate evidence.,yes
532322,Stratification of general cohort for precision pharmacogenomic application in immunological diseases,Tier 5,candidate,no,family_idears-orig; family_sas-sample-extraction; family_ukbcc,https://github.com/MikeAllwright23/idears_orig; https://github.com/samarpita-saha293/SAS_sample_extraction; https://github.com/kevmanderson/ukbcc; https://github.com/laura-ponting/ukbcc,weak topic/path/data-type evidence; supporting identity/topic evidence,Not in Tiers 1-4; retained because at least one attribution row has B-level candidate evidence.,yes
532367,Identifying factors of ageing and comorbidities using multivariate survival analysis of disease phenotypes in UK biobank,Tier 5,candidate,no,family_uk-biobank-survival; family_ukbanalytica,https://github.com/gerstung-lab/uk_biobank_survival; https://github.com/rrrrrs1/uk_biobank_survival; https://github.com/blitz305/UKBAnalytica; https://github.com/lcx777-afk/UKBAnalytica,weak topic/path/data-type evidence; supporting identity/topic evidence,Not in Tiers 1-4; retained because at least one attribution row has B-level candidate evidence.,yes
564547,"An Integrated Exploration of Behavioral, Environmental, and Genetic Predictors Associated with the Onset and Prognosis of Cardiovascular Disease, Digestive Diseases, and Multimorbidity",Tier 5,candidate,no,family_ukb-idears,https://github.com/binfnstats/ukb-IDEARS,supporting identity/topic evidence,Not in Tiers 1-4; retained because at least one attribution row has B-level candidate evidence.,yes
578405,"Risk evaluation using multi-environmental factors [natural environmental, social, behavioral, dietary determinants, etc.] of health and genetic susceptibility for prevention of complex diseases.",Tier 5,candidate,no,family_omniprs,https://github.com/biostatShao/OmniPRS,supporting identity/topic evidence,Not in Tiers 1-4; retained because at least one attribution row has B-level candidate evidence.,yes
579398,"Multimodal Integration of Genetic, Environmental, and Biomarkers for Early Detection and Prevention of Accelerated Brain Aging",Tier 5,candidate,no,family_ukb-idears,https://github.com/binfnstats/ukb-IDEARS,supporting identity/topic evidence,Not in Tiers 1-4; retained because at least one attribution row has B-level candidate evidence.,yes
592266,Integrating Multifaceted Data to Identify Risk Factors for Valvular Disease,Tier 5,candidate,no,family_evidence-embracing-nm,https://github.com/saigerutherford/evidence_embracing_nm,supporting identity/topic evidence,Not in Tiers 1-4; retained because at least one attribution row has B-level candidate evidence.,yes
639461,Investigating the Shared Mechanisms and Risk Assessment of Systemic Diseases and Neurodegenerative Disorders,Tier 5,candidate,no,family_ukb-idears,https://github.com/binfnstats/ukb-IDEARS,supporting identity/topic evidence,Not in Tiers 1-4; retained because at least one attribution row has B-level candidate evidence.,yes
672457,Exploration of risk and prognostic factors for urologic cancers and construction of precise prediction models: A large-scale cohort study and mendelian randomization analysis,Tier 5,candidate,no,family_ukbanalytica; family_ukbbmodriskr,https://github.com/blitz305/UKBAnalytica; https://github.com/lcx777-afk/UKBAnalytica; https://github.com/rrrrrs1/UKBBModRiskR,supporting identity/topic evidence; weak topic/path/data-type evidence,Not in Tiers 1-4; retained because at least one attribution row has B-level candidate evidence.,yes
673794,Improving Complex Disease Prediction Through Machine Learning Analysis of Coding Variants in UK Biobank,Tier 5,candidate,no,family_imds-wes,https://github.com/Sirius-Yang/IMDs_WES,supporting identity/topic evidence,Not in Tiers 1-4; retained because at least one attribution row has B-level candidate evidence.,yes
680373,"Creating and validating Integrated Risk Scores that incorporate polygenic risk scores, rare variant burden, and family history",Tier 5,candidate,no,family_shapeit5; family_t2dm-ukb-predictions,https://github.com/odelaneau/shapeit5; https://github.com/yochaiedlitz/T2DM_UKB_predictions,supporting identity/topic evidence,Not in Tiers 1-4; retained because at least one attribution row has B-level candidate evidence.,yes
692259,Exploring the association between neuropsychiatric diseases and cardiovascular diseases,Tier 5,candidate,no,family_genetic-survival-analysis-in-ukb; family_t2dm-ukb-predictions,https://github.com/tenayatherapeutics/Genetic-Survival-Analysis-in-UKB; https://github.com/yochaiedlitz/T2DM_UKB_predictions,supporting identity/topic evidence,Not in Tiers 1-4; retained because at least one attribution row has B-level candidate evidence.,yes
714779,Investigating the causal Relationships and Predictive Modeling Between Circulatory Disorders and neuropsychiatric Outcomes,Tier 5,candidate,no,family_evidence-embracing-nm,https://github.com/saigerutherford/evidence_embracing_nm,supporting identity/topic evidence,Not in Tiers 1-4; retained because at least one attribution row has B-level candidate evidence.,yes
753669,Systemic GenAI models from peripheral samples,Tier 5,candidate,no,family_evidence-embracing-nm; family_prs-dash-boxplot-app,https://github.com/saigerutherford/evidence_embracing_nm; https://github.com/NeBruNAI/PRS-dash-boxplot-app,supporting identity/topic evidence; weak topic/path/data-type evidence,Not in Tiers 1-4; retained because at least one attribution row has B-level candidate evidence.,yes
762904,Multimodal Biomarker Signatures and AI-Powered Predictive Modeling for Early Stratification of Central Nervous System Degenerative Disorders,Tier 5,candidate,no,family_evidence-embracing-nm; family_keloids-clustering,https://github.com/saigerutherford/evidence_embracing_nm; https://github.com/anirudhj05/Keloids_Clustering,supporting identity/topic evidence; weak topic/path/data-type evidence,Not in Tiers 1-4; retained because at least one attribution row has B-level candidate evidence.,yes
775744,AI-Driven Retinal Analysis for Early Detection of Neurocognitive Disorders and Modifiable Risk Factors,Tier 5,candidate,no,family_ukbb-risk,https://github.com/yayapa/ukbb_risk,supporting identity/topic evidence,Not in Tiers 1-4; retained because at least one attribution row has B-level candidate evidence.,yes
778098,Predictive Modeling for Hypertensive Retinopathy Using AI-Driven Fundus Photography Analysis,Tier 5,candidate,no,family_evidence-embracing-nm; family_ukbb-risk,https://github.com/saigerutherford/evidence_embracing_nm; https://github.com/yayapa/ukbb_risk,supporting identity/topic evidence,Not in Tiers 1-4; retained because at least one attribution row has B-level candidate evidence.,yes
784342,Deep Learning-Based Multimodal Integration of Imaging and Genetic Features for Carotid Atherosclerosis Characterization,Tier 5,candidate,no,family_ukbb-risk,https://github.com/IFF-0303/ukbb_risk; https://github.com/yayapa/ukbb_risk,weak topic/path/data-type evidence; supporting identity/topic evidence,Not in Tiers 1-4; retained because at least one attribution row has B-level candidate evidence.,yes
789279,Study of preclinical brain structure changes in response to occupational and environmental characteristics.,Tier 5,candidate,no,family_ukbb-risk,https://github.com/yayapa/ukbb_risk,supporting identity/topic evidence,Not in Tiers 1-4; retained because at least one attribution row has B-level candidate evidence.,yes
795542,"Redefining the Cardiovascular Continuum: Integrating Risk, Genomic, and Therapeutics for Precision Medicine",Tier 5,candidate,no,family_ukb-idears,https://github.com/binfnstats/ukb-IDEARS,supporting identity/topic evidence,Not in Tiers 1-4; retained because at least one attribution row has B-level candidate evidence.,yes
807154,Validation of the Automated Intelligence Genetics (AIG) Technology for Personalized Medicine: Multi-Scale Predictive Models Using Genomic and Clinical Data from UK Biobank.,Tier 5,candidate,no,family_evidence-embracing-nm,https://github.com/saigerutherford/evidence_embracing_nm,supporting identity/topic evidence,Not in Tiers 1-4; retained because at least one attribution row has B-level candidate evidence.,yes
823964,From genotype to target: data-driven functional genomics for therapeutic discovery in common chronic and fibrotic diseases,Tier 5,candidate,no,family_ukbb-risk,https://github.com/yayapa/ukbb_risk,supporting identity/topic evidence,Not in Tiers 1-4; retained because at least one attribution row has B-level candidate evidence.,yes
826232,Prediction of Bidirectional Relationships Between Major Psychiatric Disorders and Cognitive Decline Using Multi-modal Machine Learning in UK Biobank,Tier 5,candidate,no,family_ukbanalytica,https://github.com/blitz305/UKBAnalytica; https://github.com/lcx777-afk/UKBAnalytica,supporting identity/topic evidence,Not in Tiers 1-4; retained because at least one attribution row has B-level candidate evidence.,yes
881679,End-to-End AI-Driven Prediction of Glaucoma-Linked Genetic Variants from OCT Retinal Imaging,Tier 5,candidate,no,family_ukbb-risk,https://github.com/yayapa/ukbb_risk,supporting identity/topic evidence,Not in Tiers 1-4; retained because at least one attribution row has B-level candidate evidence.,yes
888618,Correlation analysis between metabolism-related risk factors and long-term prognosis of metabolic syndrome,Tier 5,candidate,no,family_t2dm-ukb-predictions,https://github.com/yochaiedlitz/T2DM_UKB_predictions,supporting identity/topic evidence,Not in Tiers 1-4; retained because at least one attribution row has B-level candidate evidence.,yes
899824,Advancing complex trait prediction and genetic understanding using genome sequence data,Tier 5,candidate,no,family_omniprs,https://github.com/biostatShao/OmniPRS,supporting identity/topic evidence,Not in Tiers 1-4; retained because at least one attribution row has B-level candidate evidence.,yes
903785,The genetic architecture and multi-omics characteristics of the association between precision nutrition interventions and brain disorders,Tier 5,candidate,no,family_genetic-survival-analysis-in-ukb; family_t2dm-ukb-predictions,https://github.com/tenayatherapeutics/Genetic-Survival-Analysis-in-UKB; https://github.com/yochaiedlitz/T2DM_UKB_predictions,supporting identity/topic evidence,Not in Tiers 1-4; retained because at least one attribution row has B-level candidate evidence.,yes
905766,Machine Learning Based Early Stroke Detection on Retinal Images with other Neurological Diseases,Tier 5,candidate,no,family_ukb-idears,https://github.com/binfnstats/ukb-IDEARS,supporting identity/topic evidence,Not in Tiers 1-4; retained because at least one attribution row has B-level candidate evidence.,yes
922920,"Integrative predictive modeling of multi-modal data in cancer, aging, and cardiovascular diseases",Tier 5,candidate,no,family_evidence-embracing-nm,https://github.com/saigerutherford/evidence_embracing_nm,supporting identity/topic evidence,Not in Tiers 1-4; retained because at least one attribution row has B-level candidate evidence.,yes
940419,AI-Driven Radiogenomic and Body Composition Analysis for Abdominal Tumor Diagnosis and Prognosis,Tier 5,candidate,no,family_ukbb-risk,https://github.com/yayapa/ukbb_risk,supporting identity/topic evidence,Not in Tiers 1-4; retained because at least one attribution row has B-level candidate evidence.,yes
1012028,Integrating Multimodal Exposures for Risk Stratification: Identifying Key Modifiable Determinants and Developing Predictive Models in Neuropsychiatric Disorders,Tier 5,candidate,no,family_genetic-survival-analysis-in-ukb,https://github.com/tenayatherapeutics/Genetic-Survival-Analysis-in-UKB,supporting identity/topic evidence,Not in Tiers 1-4; retained because at least one attribution row has B-level candidate evidence.,yes
1012351,"Multi-Omics Profiling of Geriatric Multimorbidity: Integrating Genomic, Metabolomic, Radiomic and Proteomic Signatures with Neuroimaging in Aging-related Diseases",Tier 5,candidate,no,family_ukb-idears,https://github.com/binfnstats/ukb-IDEARS,supporting identity/topic evidence,Not in Tiers 1-4; retained because at least one attribution row has B-level candidate evidence.,yes
1029266,Female-specific plasma proteomic trajectories and causal inflammatory pathways in multi-modal prediction of Alzheimer's disease risk (PhD project),Tier 5,candidate,no,family_ukb-idears,https://github.com/binfnstats/ukb-IDEARS,supporting identity/topic evidence,Not in Tiers 1-4; retained because at least one attribution row has B-level candidate evidence.,yes
1040154,Development of UK Biobank-based multimodal models for early prediction and recurrence risk assessment of gout,Tier 5,candidate,no,family_ukb-idears,https://github.com/binfnstats/ukb-IDEARS,supporting identity/topic evidence,Not in Tiers 1-4; retained because at least one attribution row has B-level candidate evidence.,yes
1054981,Polygenic Risk for Mental Health and Its Impact on All-Cause and Cause-Specific Mortality: Evidence from the UK Biobank,Tier 5,candidate,no,family_anyajacobs_ukbiobank; family_uk-biobank-gcg,https://github.com/anyajacobs/UKBiobank; https://github.com/sblg/UK-Biobank-GCG,supporting identity/topic evidence; weak topic/path/data-type evidence,Not in Tiers 1-4; retained because at least one attribution row has B-level candidate evidence.,yes
1059547,"Genetic architecture of reaction time, brain size, and cognitive functions from whole-genome sequencing in the UK Biobank",Tier 5,candidate,no,family_shapeit5,https://github.com/odelaneau/shapeit5,supporting identity/topic evidence,Not in Tiers 1-4; retained because at least one attribution row has B-level candidate evidence.,yes
1061558,"Risk and Prognostic Factors in Neurodegenerative Diseases: A Systematic Research Integrating Multimodal Imaging, Multi-Omics, Lifestyle, and Environmental Exposures",Tier 5,candidate,no,family_ukb-download-and-prep-template; family_ukb-idears; family_ukbanalytica,https://github.com/lenamax2355/ukb_download_and_prep_template; https://github.com/binfnstats/ukb-IDEARS; https://github.com/blitz305/UKBAnalytica; https://github.com/lcx777-afk/UKBAnalytica,weak topic/path/data-type evidence; supporting identity/topic evidence,Not in Tiers 1-4; retained because at least one attribution row has B-level candidate evidence.,yes
1063834,AI models for personalised cardiovascular risk prediction and prevention in midlife women using multimodal data from UK Biobank (CARAMEL Project),Tier 5,candidate,no,family_ukb-idears,https://github.com/binfnstats/ukb-IDEARS,supporting identity/topic evidence,Not in Tiers 1-4; retained because at least one attribution row has B-level candidate evidence.,yes
1078387,Integrating Multi-Omics for Risk Prediction and Mechanistic Insight in Cardio-Cerebrovascular Diseases,Tier 5,candidate,no,family_ukbanalytica,https://github.com/blitz305/UKBAnalytica; https://github.com/lcx777-afk/UKBAnalytica,supporting identity/topic evidence,Not in Tiers 1-4; retained because at least one attribution row has B-level candidate evidence.,yes
1084290,Identification of multi-omic biomarkers for neurodegenerative diseases,Tier 5,candidate,no,family_bnn-for-uncertainty-estimation-of-imaging-biomarkers; family_ukbanalytica,https://github.com/suyanzhou626/BNN-for-Uncertainty-Estimation-of-Imaging-Biomarkers; https://github.com/blitz305/UKBAnalytica; https://github.com/lcx777-afk/UKBAnalytica,weak topic/path/data-type evidence; supporting identity/topic evidence,Not in Tiers 1-4; retained because at least one attribution row has B-level candidate evidence.,yes
1108389,"Integrating Lifestyle Behaviours, Polygenic Risk, and Digital Biomarkers to Predict Chronic Disease, Physical Function Decline, and Cognitive Impairment",Tier 5,candidate,no,family_ukb-idears,https://github.com/binfnstats/ukb-IDEARS,supporting identity/topic evidence,Not in Tiers 1-4; retained because at least one attribution row has B-level candidate evidence.,yes
1110109,"Predicting First-Time Stroke Risk Through Integration of Genetic, Clinical, and Lifestyle Factors",Tier 5,candidate,no,family_omniprs,https://github.com/biostatShao/OmniPRS,supporting identity/topic evidence,Not in Tiers 1-4; retained because at least one attribution row has B-level candidate evidence.,yes
1124550,"Multi-Modal Research for Predictive, Preventive and Precision Health Using UK Biobank Data",Tier 5,candidate,no,family_evidence-embracing-nm,https://github.com/saigerutherford/evidence_embracing_nm,supporting identity/topic evidence,Not in Tiers 1-4; retained because at least one attribution row has B-level candidate evidence.,yes
1127907,Multi-Omics and Imaging Integration for Cardiovascular Risk Prediction: A UK Biobank Study,Tier 5,candidate,no,family_omniprs,https://github.com/biostatShao/OmniPRS,supporting identity/topic evidence,Not in Tiers 1-4; retained because at least one attribution row has B-level candidate evidence.,yes
1141727,Validation of the PRS-Augmented QDiabetes Model for Type 2 Diabetes Risk Prediction in the UK Biobank.,Tier 5,candidate,no,family_omniprs; family_prs-dash-boxplot-app,https://github.com/biostatShao/OmniPRS; https://github.com/NeBruNAI/PRS-dash-boxplot-app,supporting identity/topic evidence; weak topic/path/data-type evidence,Not in Tiers 1-4; retained because at least one attribution row has B-level candidate evidence.,yes
1145019,Uncovering Genetic Determinants of Risk and Progression in Multiple Sclerosis through Rare and Common Variant Analyses,Tier 5,candidate,no,family_shapeit5,https://github.com/odelaneau/shapeit5,supporting identity/topic evidence,Not in Tiers 1-4; retained because at least one attribution row has B-level candidate evidence.,yes
1146999,"Blood-based biomarkers, proteomics and genetics to predict and understand hematologic malignancies in UK Biobank",Tier 5,candidate,no,family_biomarkers; family_biomarkers-beautfig; family_pain-proteomics; family_predict-cahd-by-ecg-on-uk-biobank; family_ukbanalytica,https://github.com/Eugene-xyHe/biomarkers; https://github.com/IFF-0303/biomarkers; https://github.com/JujiaoKang/biomarkers; https://github.com/julyfish711/biomarkers; https://github.com/lenamax2355/biomarkers; https://github.com/Ran485/biomarkers; https://github.com/Shicheng-Guo/biomarkers; https://github.com/smiles2011hyc/biomarkers; https://github.com/K-zhangfengwei/biomarkers_beautfig; https://github.com/Frank-HQZ/Pain_Proteomics; https://github.com/IFF-0303/Predict_CAHD_by_ECG_on_UK_Biobank; https://github.com/blitz305/UKBAnalytica; https://github.com/lcx777-afk/UKBAnalytica,weak topic/path/data-type evidence; supporting identity/topic evidence,Not in Tiers 1-4; retained because at least one attribution row has B-level candidate evidence.,yes
1159532,longitudinal multimodal intelligence for trustworthy prediction and reasoning of time-to-onset and progression of diabetic retinopathy in UK Biobank,Tier 5,candidate,no,family_anyajacobs_ukbiobank,https://github.com/anyajacobs/UKBiobank,supporting identity/topic evidence,Not in Tiers 1-4; retained because at least one attribution row has B-level candidate evidence.,yes
1168445,"Multifactorial Risk Profiling of Diabetes Mellitus and Its Complications Using Integrated Genomic, Biomarker, and Lifestyle Data from UK Biobank",Tier 5,candidate,no,family_t2dm-ukb-predictions,https://github.com/yochaiedlitz/T2DM_UKB_predictions,supporting identity/topic evidence,Not in Tiers 1-4; retained because at least one attribution row has B-level candidate evidence.,yes
1188902,Construction of Multi-Omics Biomarker-Based Predictive Models for Cancer Risk Using the UK Biobank,Tier 5,candidate,no,family_ukbanalytica; family_ukbbmodriskr,https://github.com/blitz305/UKBAnalytica; https://github.com/lcx777-afk/UKBAnalytica; https://github.com/rrrrrs1/UKBBModRiskR,supporting identity/topic evidence; weak topic/path/data-type evidence,Not in Tiers 1-4; retained because at least one attribution row has B-level candidate evidence.,yes
1203422,Molecular and genetic analysis of unilateral renal diseases,Tier 5,candidate,no,family_imds-wes; family_jm-gwas,https://github.com/Sirius-Yang/IMDs_WES; https://github.com/pebblets/JM-GWAS; https://github.com/Sandyyy123/JM-GWAS; https://github.com/xiechengyong123/JM-GWAS; https://github.com/zerland/JM-GWAS,supporting identity/topic evidence; weak topic/path/data-type evidence,Not in Tiers 1-4; retained because at least one attribution row has B-level candidate evidence.,yes
1209696,Determining the relationship of gut microbiome to venous leg ulcers using the UK Biobank and MiBioGen consortium databases,Tier 5,candidate,no,family_anyajacobs_ukbiobank,https://github.com/anyajacobs/UKBiobank,supporting identity/topic evidence,Not in Tiers 1-4; retained because at least one attribution row has B-level candidate evidence.,yes
1221902,Precision prediction and intervention strategies for age-related diseases using multimodal biomarkers,Tier 5,candidate,no,family_omniprs,https://github.com/biostatShao/OmniPRS,supporting identity/topic evidence,Not in Tiers 1-4; retained because at least one attribution row has B-level candidate evidence.,yes
1237419,Development and Validation of Multi-Biomarker Aging and Disease Risk Prediction Models Using UK Biobank Data,Tier 5,candidate,no,family_ukb-idears,https://github.com/binfnstats/ukb-IDEARS,supporting identity/topic evidence,Not in Tiers 1-4; retained because at least one attribution row has B-level candidate evidence.,yes
1252926,Learning Robust Multimodal Risk Prediction Models for Cardiometabolic and Mental Health Outcomes Using UK Biobank Data,Tier 5,candidate,no,family_evidence-embracing-nm; family_im; family_tds-project,https://github.com/saigerutherford/evidence_embracing_nm; https://github.com/laura-riedel/IM; https://github.com/N-cizauskas/TDS_Project,supporting identity/topic evidence; weak topic/path/data-type evidence,Not in Tiers 1-4; retained because at least one attribution row has B-level candidate evidence.,yes
1290541,Comparative proteogenomics of neurodegenerative disease for precision medicine,Tier 5,candidate,no,family_sas-sample-extraction; family_ukb-api; family_ukbanalytica,https://github.com/samarpita-saha293/SAS_sample_extraction; https://github.com/batmanlab/ukb_api; https://github.com/tighu20/ukb_api; https://github.com/blitz305/UKBAnalytica; https://github.com/lcx777-afk/UKBAnalytica,weak topic/path/data-type evidence; supporting identity/topic evidence,Not in Tiers 1-4; retained because at least one attribution row has B-level candidate evidence.,yes
742,"Understanding the Risk Factors Underlying Sudden Cardiac Death: An Investigation Utilising Bio, Genomic and Clinical Markers by the UK Biobank Cardio-Metabolic Consortium",Tier 6,weak_candidate,no,family_biobank-read; family_biobankread-bash,https://github.com/Dragonriser/biobank-read; https://github.com/IFF-0303/biobank-read; https://github.com/SEONCHOE/biobank-read; https://github.com/lenamax2355/BiobankRead-Bash; https://github.com/os01/BiobankRead-Bash,weak topic/path/data-type evidence,Not in Tiers 1-5; weak-candidate evidence only. Retained for completeness and not recommended for regression.,yes
788,Heritability of disease frequency,Tier 6,weak_candidate,no,family_cancerrisk; family_human-sex-ratio,https://github.com/alexwjung/CancerRisk; https://github.com/gerstung-lab/CancerRisk; https://github.com/song88180/Human_sex_ratio,weak topic/path/data-type evidence,Not in Tiers 1-5; weak-candidate evidence only. Retained for completeness and not recommended for regression.,yes
1602,Association between diet and depression,Tier 6,weak_candidate,no,family_genetic-association,https://github.com/Swadha22/Genetic_association,weak topic/path/data-type evidence,Not in Tiers 1-5; weak-candidate evidence only. Retained for completeness and not recommended for regression.,yes
3071,Genetic epidemiology of melanoma and melanoma survival,Tier 6,weak_candidate,no,family_uk-biobank-survival; family_viciousjoon_ukbiobank,https://github.com/gerstung-lab/uk_biobank_survival; https://github.com/rrrrrs1/uk_biobank_survival; https://github.com/viciousjoon/ukbiobank,weak topic/path/data-type evidence,Not in Tiers 1-5; weak-candidate evidence only. Retained for completeness and not recommended for regression.,yes
4372,GWAS on assoiations for hypertension,Tier 6,weak_candidate,no,family_gwas-phenotype; family_jm-gwas; family_prs-height-admixed-populations; family_ptrs-ukb; family_udip-vit; family_ukb-gwaspipeline-subcorticalregions; family_ukbfrailty; family_ukbgwas; family_viciousjoon_ukbiobank,https://github.com/albbaous/GWAS_phenotype; https://github.com/pebblets/JM-GWAS; https://github.com/Sandyyy123/JM-GWAS; https://github.com/xiechengyong123/JM-GWAS; https://github.com/zerland/JM-GWAS; https://github.com/Shicheng-Guo/PRS_Height_Admixed_Populations; https://github.com/CuihuaXia/ptrs-ukb; https://github.com/emyanuthomas/ptrs-ukb; https://github.com/hakyimlab/ptrs-ukb; https://github.com/cind/UDIP-ViT; https://github.com/SkylerZhou/UKB_GWASpipeline_SubcorticalRegions; https://github.com/becomingcc/ukbfrailty; https://github.com/lizhihao1990/ukbgwas; https://github.com/viciousjoon/ukbiobank,weak topic/path/data-type evidence,Not in Tiers 1-5; weak-candidate evidence only. Retained for completeness and not recommended for regression.,yes
5237,The morbidity burden of giant cell arteritis and polymyalgia rheumatica,Tier 6,weak_candidate,no,family_gogogpcr; family_ukb-oligo,https://github.com/deepgohil/gogoGPCR; https://github.com/petergerlach1/gogoGPCR; https://github.com/mariaratnasamy/ukb_oligo,weak topic/path/data-type evidence,Not in Tiers 1-5; weak-candidate evidence only. Retained for completeness and not recommended for regression.,yes
5445,The association between peripheral blood myeloid:lymphoid subsets and long term survival,Tier 6,weak_candidate,no,family_uk-biobank-survival,https://github.com/gerstung-lab/uk_biobank_survival; https://github.com/rrrrrs1/uk_biobank_survival,weak topic/path/data-type evidence,Not in Tiers 1-5; weak-candidate evidence only. Retained for completeness and not recommended for regression.,yes
5791,Development and validation of risk prediction model for breast and ovarian cancers,Tier 6,weak_candidate,no,family_tds-project,https://github.com/N-cizauskas/TDS_Project,weak topic/path/data-type evidence,Not in Tiers 1-5; weak-candidate evidence only. Retained for completeness and not recommended for regression.,yes
6553,Genome-wide association studies of mental health.,Tier 6,weak_candidate,no,family_postincredible_ukbb,https://github.com/postincredible/ukbb,weak topic/path/data-type evidence,Not in Tiers 1-5; weak-candidate evidence only. Retained for completeness and not recommended for regression.,yes
6728,A genomewide association study of autoimmunity,Tier 6,weak_candidate,no,family_genetic-association,https://github.com/Swadha22/Genetic_association,weak topic/path/data-type evidence,Not in Tiers 1-5; weak-candidate evidence only. Retained for completeness and not recommended for regression.,yes
7089,Exome Sequencing of All Premature Coronary Artery Disease Participants in UK Biobank,Tier 6,weak_candidate,no,family_mltc-clustering; family_ukb-exome,https://github.com/KremerML/MLTC-clustering; https://github.com/OxWearables/ukb_exome,weak topic/path/data-type evidence,Not in Tiers 1-5; weak-candidate evidence only. Retained for completeness and not recommended for regression.,yes
7140,CCL3L1 and CCR5 delta 32 CNV study in extremes of the lung function distribution in smokers,Tier 6,weak_candidate,no,family_cnv-ukb,https://github.com/GeneticResources/cnv-ukb,weak topic/path/data-type evidence,Not in Tiers 1-5; weak-candidate evidence only. Retained for completeness and not recommended for regression.,yes
7441,"Investigation of genetic, environment and gene ? environment interaction in colorectal cancer risk and survival",Tier 6,weak_candidate,no,family_uk-biobank-survival,https://github.com/gerstung-lab/uk_biobank_survival; https://github.com/rrrrrs1/uk_biobank_survival,weak topic/path/data-type evidence,Not in Tiers 1-5; weak-candidate evidence only. Retained for completeness and not recommended for regression.,yes
7487,"Elevated plasma levels of Cthrc1 in subjects with red hair: What are the consequences for bone, liver, vascular disease, diabetes and muscle?",Tier 6,weak_candidate,no,family_mh-in-ukb,https://github.com/tongluobing/MH_in_UKB,weak topic/path/data-type evidence,Not in Tiers 1-5; weak-candidate evidence only. Retained for completeness and not recommended for regression.,yes
8343,Gene-Lifestyle interactions in cardiometabolic disease traits,Tier 6,weak_candidate,no,family_genepy-2,https://github.com/parsboy1987/GenePy-2,weak topic/path/data-type evidence,Not in Tiers 1-5; weak-candidate evidence only. Retained for completeness and not recommended for regression.,yes
8389,Genetics of Severe Asthma and Idiopathic Pulmonary Fibrosis,Tier 6,weak_candidate,no,family_ukbb-asthma,https://github.com/keerveer/ukbb_asthma; https://github.com/swbiggs4/ukbb_asthma,weak topic/path/data-type evidence,Not in Tiers 1-5; weak-candidate evidence only. Retained for completeness and not recommended for regression.,yes
8447,The genetic architecture and prediction of anthropomorphic measurements,Tier 6,weak_candidate,no,family_ukb-atherosclerosis-prediction,https://github.com/OmriGruman/ukb-atherosclerosis-prediction,weak topic/path/data-type evidence,Not in Tiers 1-5; weak-candidate evidence only. Retained for completeness and not recommended for regression.,yes
8764,The epidemiology of liver disease in a population-based cohort.,Tier 6,weak_candidate,no,family_retinapd,https://github.com/hewramanwaran/RetinaPD,weak topic/path/data-type evidence,Not in Tiers 1-5; weak-candidate evidence only. Retained for completeness and not recommended for regression.,yes
8786,"The causal effects of education on behavioural risk factors, morbidity and all-cause and cause-specific mortality: evidence from the 500,000 participants of the UK biobank.",Tier 6,weak_candidate,no,family_uk-biobank-gcg,https://github.com/sblg/UK-Biobank-GCG,weak topic/path/data-type evidence,Not in Tiers 1-5; weak-candidate evidence only. Retained for completeness and not recommended for regression.,yes
9055,The Genetics of type 2 diabetes aetiology and progression,Tier 6,weak_candidate,no,family_epi-prs; family_ukb-gen-clocks,https://github.com/ghm17/Epi-PRS; https://github.com/tzhang-nmdp/Epi-PRS; https://github.com/Euskal-Oxcitas-Biotek/UKB-gen-clocks,weak topic/path/data-type evidence,Not in Tiers 1-5; weak-candidate evidence only. Retained for completeness and not recommended for regression.,yes
9072,"The Genetics of anthropometric traits ? Height, weight, BMI and waist circumference",Tier 6,weak_candidate,no,family_gxsex,https://github.com/harpak-lab/GxSex,weak topic/path/data-type evidence,Not in Tiers 1-5; weak-candidate evidence only. Retained for completeness and not recommended for regression.,yes
9126,Extracting Meaningful Health Information from Raw Accelerometer Data in UK Biobank,Tier 6,weak_candidate,no,family_ukb-exome,https://github.com/OxWearables/ukb_exome,weak topic/path/data-type evidence,Not in Tiers 1-5; weak-candidate evidence only. Retained for completeness and not recommended for regression.,yes
9174,Genetic Exploration of PreEclampsia and Gestational Hypertension in UK Biobank,Tier 6,weak_candidate,no,family_biobankread; family_data2vec-bert-ukb,https://github.com/yzharold/BiobankRead; https://github.com/alatteaday/data2vec_bert_ukb,weak topic/path/data-type evidence,Not in Tiers 1-5; weak-candidate evidence only. Retained for completeness and not recommended for regression.,yes
9462,Vitamin D and neurocognitive dysfunction: new insights from environmental and genetic factors,Tier 6,weak_candidate,no,family_shapeit5,https://github.com/23andme-jaredo/shapeit5; https://github.com/barneyhill/shapeit5; https://github.com/JosephLalli/shapeit5; https://github.com/M-Hakmi/shapeit5; https://github.com/RimanB/shapeit5; https://github.com/rwk-unil/shapeit5; https://github.com/sunrisefor/shapeit5; https://github.com/Toseph/shapeit5; https://github.com/victorasua/shapeit5,weak topic/path/data-type evidence,Not in Tiers 1-5; weak-candidate evidence only. Retained for completeness and not recommended for regression.,yes
10074,Investigation of the genetic burden of eczema and the genetic overlap between eczema and related conditions,Tier 6,weak_candidate,no,family_gogogpcr; family_ukb-bmi; family_ukb-oligo,https://github.com/deepgohil/gogoGPCR; https://github.com/petergerlach1/gogoGPCR; https://github.com/mariaratnasamy/ukb_bmi; https://github.com/mariaratnasamy/ukb_oligo,weak topic/path/data-type evidence,Not in Tiers 1-5; weak-candidate evidence only. Retained for completeness and not recommended for regression.,yes
10163,"The genetic epidemiology of mental illness, cognition and related behavioural traits",Tier 6,weak_candidate,no,family_moodie-geneexpression-cognition,https://github.com/JialingFan1/moodie-geneexpression-cognition,weak topic/path/data-type evidence,Not in Tiers 1-5; weak-candidate evidence only. Retained for completeness and not recommended for regression.,yes
10214,"Vitamin D, genetics, and the risk of schizophrenia",Tier 6,weak_candidate,no,family_biomarkers; family_biomarkers-beautfig; family_jm-gwas,https://github.com/Eugene-xyHe/biomarkers; https://github.com/IFF-0303/biomarkers; https://github.com/JujiaoKang/biomarkers; https://github.com/julyfish711/biomarkers; https://github.com/lenamax2355/biomarkers; https://github.com/Ran485/biomarkers; https://github.com/Shicheng-Guo/biomarkers; https://github.com/smiles2011hyc/biomarkers; https://github.com/K-zhangfengwei/biomarkers_beautfig; https://github.com/pebblets/JM-GWAS; https://github.com/Sandyyy123/JM-GWAS; https://github.com/xiechengyong123/JM-GWAS; https://github.com/zerland/JM-GWAS,weak topic/path/data-type evidence,Not in Tiers 1-5; weak-candidate evidence only. Retained for completeness and not recommended for regression.,yes
10536,Genotype-Phenotype Correlations of Anterior Segment Eye Diseases,Tier 6,weak_candidate,no,family_fundus-project,https://github.com/joshoch7/fundus_project,weak topic/path/data-type evidence,Not in Tiers 1-5; weak-candidate evidence only. Retained for completeness and not recommended for regression.,yes
10589,Spousal genetic and phenotypic similarity,Tier 6,weak_candidate,no,family_bio-machinelearning,https://github.com/Apostolos00tapsas/bio-machinelearning,weak topic/path/data-type evidence,Not in Tiers 1-5; weak-candidate evidence only. Retained for completeness and not recommended for regression.,yes
11138,Genomic and evolutionary analyses of common disease in a large cohort,Tier 6,weak_candidate,no,family_ukbbprodromalpd,https://github.com/samyak1729/ukbbprodromalpd; https://github.com/tolism/ukbbprodromalpd,weak topic/path/data-type evidence,Not in Tiers 1-5; weak-candidate evidence only. Retained for completeness and not recommended for regression.,yes
11140,Prediction of macrovascular complications in individuals with diabetes.,Tier 6,weak_candidate,no,family_diabetes-prediction,https://github.com/Haileygu99/diabetes_prediction,weak topic/path/data-type evidence,Not in Tiers 1-5; weak-candidate evidence only. Retained for completeness and not recommended for regression.,yes
11193,`Relevance of genetic determinants of major lipids to health and disease` - The Lipids Working Group of the UK Biobank Cardiometabolic Consortium,Tier 6,weak_candidate,no,family_bis687-capstone-group-8; family_ukbphenotyping,https://github.com/JingnanBai/BIS687-Capstone-group-8; https://github.com/hoffman2/ukbPhenotyping,weak topic/path/data-type evidence,Not in Tiers 1-5; weak-candidate evidence only. Retained for completeness and not recommended for regression.,yes
11223,Population prevalence of putative cardiomyopathy-causing genetic variants.,Tier 6,weak_candidate,no,family_retinapd,https://github.com/hewramanwaran/RetinaPD,weak topic/path/data-type evidence,Not in Tiers 1-5; weak-candidate evidence only. Retained for completeness and not recommended for regression.,yes
11795,Genome-wide association study for inguinal hernia,Tier 6,weak_candidate,no,family_postincredible_ukbb,https://github.com/postincredible/ukbb,weak topic/path/data-type evidence,Not in Tiers 1-5; weak-candidate evidence only. Retained for completeness and not recommended for regression.,yes
12010,Determinants of human cardiac structure and function and relation with outcome,Tier 6,weak_candidate,no,family_amml-disentangling-structure-from-detail,https://github.com/danilayDH/AMML-Disentangling-Structure-from-Detail,weak topic/path/data-type evidence,Not in Tiers 1-5; weak-candidate evidence only. Retained for completeness and not recommended for regression.,yes
12505,Dissecting the genetic basis of relationships between early-life and later-life events,Tier 6,weak_candidate,no,family_mltc-clustering,https://github.com/KremerML/MLTC-clustering,weak topic/path/data-type evidence,Not in Tiers 1-5; weak-candidate evidence only. Retained for completeness and not recommended for regression.,yes
12598,"Discovering the genetic determinants of clinically measured blood pressure in over 1,000,000 subjects from the UK Biobank, the VA Million Veteran's Project (MVP), and the eMERGE network.",Tier 6,weak_candidate,no,family_mh-in-ukb; family_uk-biobank-gcg,https://github.com/tongluobing/MH_in_UKB; https://github.com/sblg/UK-Biobank-GCG,weak topic/path/data-type evidence,Not in Tiers 1-5; weak-candidate evidence only. Retained for completeness and not recommended for regression.,yes
12653,"Investigation of the association between the main vitamin D predictors and vitamin D status, and the role of vitamin D in survival of patients diagnosed with oesophageal or gastric cancer",Tier 6,weak_candidate,no,family_cancerrisk; family_lronan_ukb; family_margulies_ukb; family_transconnectome_ukb; family_uk-biobank-survival; family_zeigar_ukb; family_zoonono_ukb,https://github.com/alexwjung/CancerRisk; https://github.com/gerstung-lab/CancerRisk; https://github.com/lronan/UKB; https://github.com/margulies/UKB; https://github.com/Transconnectome/UKB; https://github.com/rrrrrs1/uk_biobank_survival; https://github.com/Zeigar/UKB; https://github.com/zoonono/UKB,weak topic/path/data-type evidence,Not in Tiers 1-5; weak-candidate evidence only. Retained for completeness and not recommended for regression.,yes
13462,Association between cancer therapy and cardiovascular-related comorbidities in patients with cancer,Tier 6,weak_candidate,no,family_biobankread,https://github.com/yzharold/BiobankRead,weak topic/path/data-type evidence,Not in Tiers 1-5; weak-candidate evidence only. Retained for completeness and not recommended for regression.,yes
14048,Fast and accurate phasing and imputation using identity-by-descent (IBD),Tier 6,weak_candidate,no,family_shapeit5,https://github.com/23andme-jaredo/shapeit5; https://github.com/barneyhill/shapeit5; https://github.com/JosephLalli/shapeit5; https://github.com/M-Hakmi/shapeit5; https://github.com/RimanB/shapeit5; https://github.com/rwk-unil/shapeit5; https://github.com/sunrisefor/shapeit5; https://github.com/Toseph/shapeit5; https://github.com/victorasua/shapeit5,weak topic/path/data-type evidence,Not in Tiers 1-5; weak-candidate evidence only. Retained for completeness and not recommended for regression.,yes
14095,Identification of genetic instruments of putative risk factors for Mendelian Randomization analyses of carcinogenic endpoints.,Tier 6,weak_candidate,no,family_ukb-api,https://github.com/batmanlab/ukb_api; https://github.com/tighu20/ukb_api,weak topic/path/data-type evidence,Not in Tiers 1-5; weak-candidate evidence only. Retained for completeness and not recommended for regression.,yes
14292,PCA based selection scans and detection of polygenic selection signals in very large samples,Tier 6,weak_candidate,no,family_prs-dash-boxplot-app,https://github.com/NeBruNAI/PRS-dash-boxplot-app,weak topic/path/data-type evidence,Not in Tiers 1-5; weak-candidate evidence only. Retained for completeness and not recommended for regression.,yes
14421,Identifying the spectrum of biomedical traits in adults with pathogenic copy number variants (CNVs),Tier 6,weak_candidate,no,family_ukb-processing-nf,https://github.com/VyasPillai/ukb_processing-nf,weak topic/path/data-type evidence,Not in Tiers 1-5; weak-candidate evidence only. Retained for completeness and not recommended for regression.,yes
14649,Finding and characterizing latent genetic sub-structure,Tier 6,weak_candidate,no,family_amml-disentangling-structure-from-detail,https://github.com/danilayDH/AMML-Disentangling-Structure-from-Detail,weak topic/path/data-type evidence,Not in Tiers 1-5; weak-candidate evidence only. Retained for completeness and not recommended for regression.,yes
15175,Further defining the genetic architecture of Alzheimer's disease,Tier 6,weak_candidate,no,family_ukb-nmr-cvd-prediction,https://github.com/YanLuoCityU/UKB_NMR_CVD_prediction,weak topic/path/data-type evidence,Not in Tiers 1-5; weak-candidate evidence only. Retained for completeness and not recommended for regression.,yes
15181,Alzheimer?s Disease and Immune Events,Tier 6,weak_candidate,no,family_mltc-clustering,https://github.com/KremerML/MLTC-clustering,weak topic/path/data-type evidence,Not in Tiers 1-5; weak-candidate evidence only. Retained for completeness and not recommended for regression.,yes
15293,Genetic dissection of the relationships of myocardial diseases and their risk factors,Tier 6,weak_candidate,no,family_ukb-bmi,https://github.com/mariaratnasamy/ukb_bmi,weak topic/path/data-type evidence,Not in Tiers 1-5; weak-candidate evidence only. Retained for completeness and not recommended for regression.,yes
15479,Genetic architecture of immune diseases and allergies,Tier 6,weak_candidate,no,family_jm-gwas,https://github.com/pebblets/JM-GWAS; https://github.com/Sandyyy123/JM-GWAS; https://github.com/xiechengyong123/JM-GWAS; https://github.com/zerland/JM-GWAS,weak topic/path/data-type evidence,Not in Tiers 1-5; weak-candidate evidence only. Retained for completeness and not recommended for regression.,yes
15595,"Renal Studies Group and Population Studies Group, Clinical Trial Service Unit and Epidemiological Studies Unit (CTSU), Nuffield Department of Population Health (NDPH), University of Oxford",Tier 6,weak_candidate,no,family_bis687-capstone-group-8,https://github.com/JingnanBai/BIS687-Capstone-group-8,weak topic/path/data-type evidence,Not in Tiers 1-5; weak-candidate evidence only. Retained for completeness and not recommended for regression.,yes
15666,The Effects of Education on Health-related Outcomes,Tier 6,weak_candidate,no,family_multi-outcome,https://github.com/Ikram-c/multi_outcome; https://github.com/mengjiefan/multi_outcome,weak topic/path/data-type evidence,Not in Tiers 1-5; weak-candidate evidence only. Retained for completeness and not recommended for regression.,yes
15697,Lifestyle risk factors in association with dementia risk,Tier 6,weak_candidate,no,family_genetic-association; family_ukb-bmi,https://github.com/Swadha22/Genetic_association; https://github.com/mariaratnasamy/ukb_bmi,weak topic/path/data-type evidence,Not in Tiers 1-5; weak-candidate evidence only. Retained for completeness and not recommended for regression.,yes
16066,Genetics of brain asymmetry and language-related disorders,Tier 6,weak_candidate,no,family_ukb-api,https://github.com/batmanlab/ukb_api; https://github.com/tighu20/ukb_api,weak topic/path/data-type evidence,Not in Tiers 1-5; weak-candidate evidence only. Retained for completeness and not recommended for regression.,yes
16124,Stratifying Psychosis Using BioBank,Tier 6,weak_candidate,no,family_bio-machinelearning; family_ukb-bioage-cancer,https://github.com/Apostolos00tapsas/bio-machinelearning; https://github.com/becomingcc/UKB_bioage_cancer,weak topic/path/data-type evidence,Not in Tiers 1-5; weak-candidate evidence only. Retained for completeness and not recommended for regression.,yes
16218,Dissecting the genetic and phenotypic architecture of cardiovascular disease,Tier 6,weak_candidate,no,family_bio-machinelearning,https://github.com/Apostolos00tapsas/bio-machinelearning,weak topic/path/data-type evidence,Not in Tiers 1-5; weak-candidate evidence only. Retained for completeness and not recommended for regression.,yes
16391,Investigating causal effects of accelerometer measures and body composition on chronic disease,Tier 6,weak_candidate,no,family_ukb-exome,https://github.com/OxWearables/ukb_exome,weak topic/path/data-type evidence,Not in Tiers 1-5; weak-candidate evidence only. Retained for completeness and not recommended for regression.,yes
16434,Sleep Duration and Cognitive Function in the Population,Tier 6,weak_candidate,no,family_retinapd,https://github.com/hewramanwaran/RetinaPD,weak topic/path/data-type evidence,Not in Tiers 1-5; weak-candidate evidence only. Retained for completeness and not recommended for regression.,yes
16549,Components of heritability in a UK Biobank cohort,Tier 6,weak_candidate,no,family_human-sex-ratio,https://github.com/song88180/Human_sex_ratio,weak topic/path/data-type evidence,Not in Tiers 1-5; weak-candidate evidence only. Retained for completeness and not recommended for regression.,yes
16651,Genetic architecture of disease and related anthropometric phenotypes,Tier 6,weak_candidate,no,family_fundus-project; family_ukbgwas; family_ukbiobank-knockoffs,https://github.com/joshoch7/fundus_project; https://github.com/lizhihao1990/ukbgwas; https://github.com/LuZhangH/ukbiobank_knockoffs; https://github.com/zren94/ukbiobank_knockoffs,weak topic/path/data-type evidence,Not in Tiers 1-5; weak-candidate evidence only. Retained for completeness and not recommended for regression.,yes
16803,Discovery and replication of low-frequency variants involved in complex diseases,Tier 6,weak_candidate,no,family_cancerrisk,https://github.com/alexwjung/CancerRisk; https://github.com/gerstung-lab/CancerRisk,weak topic/path/data-type evidence,Not in Tiers 1-5; weak-candidate evidence only. Retained for completeness and not recommended for regression.,yes
17346,"Study of aging, genes, and environment",Tier 6,weak_candidate,no,family_exposome-aging-ukb; family_main-pipeline-and-images-based-models-pipeline-deep-learning-and-aging-main-pipeline-and-images-based-models-pipeline; family_test-exposome-aging-ukb,https://github.com/rrrrrs1/exposome-aging-ukb; https://github.com/deep-learning-and-aging/main-pipeline-and-images-based-models-pipeline; https://github.com/Deep-Learning-and-Aging/Main-pipeline-and-Images-based-models-pipeline; https://github.com/okoropaulc/test_exposome_aging_ukb,weak topic/path/data-type evidence,Not in Tiers 1-5; weak-candidate evidence only. Retained for completeness and not recommended for regression.,yes
17351,Genetic risk factors for refractive error,Tier 6,weak_candidate,no,family_ukb-download-and-prep-template; family_ukbfrailty,https://github.com/lenamax2355/ukb_download_and_prep_template; https://github.com/becomingcc/ukbfrailty,weak topic/path/data-type evidence,Not in Tiers 1-5; weak-candidate evidence only. Retained for completeness and not recommended for regression.,yes
17379,Phenotyping Airways Dysfunction in the General Population: A UK Biobank Evaluation,Tier 6,weak_candidate,no,family_idears-orig; family_ukbphenotyping,https://github.com/MikeAllwright23/idears_orig; https://github.com/hoffman2/ukbPhenotyping,weak topic/path/data-type evidence,Not in Tiers 1-5; weak-candidate evidence only. Retained for completeness and not recommended for regression.,yes
17731,A phenome-wide association study of copy number variation,Tier 6,weak_candidate,no,family_genetic-association; family_postincredible_ukbb,https://github.com/Swadha22/Genetic_association; https://github.com/postincredible/ukbb,weak topic/path/data-type evidence,Not in Tiers 1-5; weak-candidate evidence only. Retained for completeness and not recommended for regression.,yes
17765,Identifying causes of the allergy and asthma epidemics by using genetic biomarkers of exposures,Tier 6,weak_candidate,no,family_ukbb-asthma,https://github.com/keerveer/ukbb_asthma; https://github.com/swbiggs4/ukbb_asthma,weak topic/path/data-type evidence,Not in Tiers 1-5; weak-candidate evidence only. Retained for completeness and not recommended for regression.,yes
17806,Motion-based diagnosis and characterisation of heart disease,Tier 6,weak_candidate,no,family_ukbbprodromalpd,https://github.com/samyak1729/ukbbprodromalpd; https://github.com/tolism/ukbbprodromalpd,weak topic/path/data-type evidence,Not in Tiers 1-5; weak-candidate evidence only. Retained for completeness and not recommended for regression.,yes
17810,"Identifying patterns in accelerometer data, and investigating their association with other factors",Tier 6,weak_candidate,no,family_ukb-exome,https://github.com/OxWearables/ukb_exome,weak topic/path/data-type evidence,Not in Tiers 1-5; weak-candidate evidence only. Retained for completeness and not recommended for regression.,yes
17847,GWAS for risk for sports injuries,Tier 6,weak_candidate,no,family_gwas-phenotype; family_jm-gwas; family_prs-height-admixed-populations; family_ptrs-ukb; family_udip-vit; family_ukb-gwaspipeline-subcorticalregions; family_ukbgwas; family_viciousjoon_ukbiobank,https://github.com/albbaous/GWAS_phenotype; https://github.com/pebblets/JM-GWAS; https://github.com/Sandyyy123/JM-GWAS; https://github.com/xiechengyong123/JM-GWAS; https://github.com/zerland/JM-GWAS; https://github.com/Shicheng-Guo/PRS_Height_Admixed_Populations; https://github.com/CuihuaXia/ptrs-ukb; https://github.com/emyanuthomas/ptrs-ukb; https://github.com/hakyimlab/ptrs-ukb; https://github.com/cind/UDIP-ViT; https://github.com/SkylerZhou/UKB_GWASpipeline_SubcorticalRegions; https://github.com/lizhihao1990/ukbgwas; https://github.com/viciousjoon/ukbiobank,weak topic/path/data-type evidence,Not in Tiers 1-5; weak-candidate evidence only. Retained for completeness and not recommended for regression.,yes
18120,Identifying causes of obesity and liver disease using population genetics,Tier 6,weak_candidate,no,family_retinapd,https://github.com/hewramanwaran/RetinaPD,weak topic/path/data-type evidence,Not in Tiers 1-5; weak-candidate evidence only. Retained for completeness and not recommended for regression.,yes
18545,Biobank Brain and Cardiac Mutual Risk Indexing (BBC MRI) study,Tier 6,weak_candidate,no,family_t40-rsfmri; family_ukbbmriutils,https://github.com/Kakashi-sensei/T40_rsfMRI; https://github.com/STALICLA-RnD/UkbbMriUtils,weak topic/path/data-type evidence,Not in Tiers 1-5; weak-candidate evidence only. Retained for completeness and not recommended for regression.,yes
18597,Shared heritability analysis of phenotypic data from the UK Biobank cohort.,Tier 6,weak_candidate,no,family_bio-machinelearning,https://github.com/Apostolos00tapsas/bio-machinelearning,weak topic/path/data-type evidence,Not in Tiers 1-5; weak-candidate evidence only. Retained for completeness and not recommended for regression.,yes
19039,Big Data Integration Methods and Applications to UK Biobank Data,Tier 6,weak_candidate,no,family_biobankread,https://github.com/yzharold/BiobankRead,weak topic/path/data-type evidence,Not in Tiers 1-5; weak-candidate evidence only. Retained for completeness and not recommended for regression.,yes
19115,The role of commonly used medications and supplements in cancer prevention and survival,Tier 6,weak_candidate,no,family_uk-biobank-survival,https://github.com/gerstung-lab/uk_biobank_survival; https://github.com/rrrrrs1/uk_biobank_survival,weak topic/path/data-type evidence,Not in Tiers 1-5; weak-candidate evidence only. Retained for completeness and not recommended for regression.,yes
19127,Assortative mating in the UK population,Tier 6,weak_candidate,no,family_retinapd,https://github.com/hewramanwaran/RetinaPD,weak topic/path/data-type evidence,Not in Tiers 1-5; weak-candidate evidence only. Retained for completeness and not recommended for regression.,yes
19416,"A genome-wide and Pheno-wide association study of common diseases on 900,000 individuals from US and UK.",Tier 6,weak_candidate,no,family_metabolomicscommondiseases; family_sophia-cross-sectional,https://github.com/chengluomilk/MetabolomicsCommonDiseases; https://github.com/YanLuoCityU/MetabolomicsCommonDiseases; https://github.com/zlpsophina/MetabolomicsCommonDiseases; https://github.com/kkk0-000/SOPHIA_Cross_Sectional,weak topic/path/data-type evidence,Not in Tiers 1-5; weak-candidate evidence only. Retained for completeness and not recommended for regression.,yes
19444,Quantifying the genetic contributions to cancer and cancer risk factors,Tier 6,weak_candidate,no,family_keloids-clustering,https://github.com/anirudhj05/Keloids_Clustering,weak topic/path/data-type evidence,Not in Tiers 1-5; weak-candidate evidence only. Retained for completeness and not recommended for regression.,yes
19519,"Genes, Education, and Gene-Education Interactions in Obesity and Mental Health",Tier 6,weak_candidate,no,family_genepy-2,https://github.com/parsboy1987/GenePy-2,weak topic/path/data-type evidence,Not in Tiers 1-5; weak-candidate evidence only. Retained for completeness and not recommended for regression.,yes
19655,Quantitative and population genetics in UK Biobank,Tier 6,weak_candidate,no,family_retinapd,https://github.com/hewramanwaran/RetinaPD,weak topic/path/data-type evidence,Not in Tiers 1-5; weak-candidate evidence only. Retained for completeness and not recommended for regression.,yes
19746,Development and application of methods for analyzing whole-genome imputed data for hematological traits,Tier 6,weak_candidate,no,family_keloids-clustering,https://github.com/anirudhj05/Keloids_Clustering,weak topic/path/data-type evidence,Not in Tiers 1-5; weak-candidate evidence only. Retained for completeness and not recommended for regression.,yes
19947,Identical by descent and relatedness estimation using combined information from multiple samples,Tier 6,weak_candidate,no,family_gogogpcr; family_prs-dash-boxplot-app; family_shapeit5; family_uthesis,https://github.com/deepgohil/gogoGPCR; https://github.com/petergerlach1/gogoGPCR; https://github.com/NeBruNAI/PRS-dash-boxplot-app; https://github.com/23andme-jaredo/shapeit5; https://github.com/barneyhill/shapeit5; https://github.com/JosephLalli/shapeit5; https://github.com/M-Hakmi/shapeit5; https://github.com/RimanB/shapeit5; https://github.com/rwk-unil/shapeit5; https://github.com/sunrisefor/shapeit5; https://github.com/Toseph/shapeit5; https://github.com/victorasua/shapeit5; https://github.com/michaelGuo1204/UThesis,weak topic/path/data-type evidence,Not in Tiers 1-5; weak-candidate evidence only. Retained for completeness and not recommended for regression.,yes
20106,Severe hypertension in African descent population,Tier 6,weak_candidate,no,family_retinapd,https://github.com/hewramanwaran/RetinaPD,weak topic/path/data-type evidence,Not in Tiers 1-5; weak-candidate evidence only. Retained for completeness and not recommended for regression.,yes
20272,GWAS of kidney function related traits and kidney disease,Tier 6,weak_candidate,no,family_gwas-phenotype; family_prs-height-admixed-populations; family_ptrs-ukb; family_udip-vit; family_ukb-gwaspipeline-subcorticalregions; family_ukbgwas; family_viciousjoon_ukbiobank,https://github.com/albbaous/GWAS_phenotype; https://github.com/Shicheng-Guo/PRS_Height_Admixed_Populations; https://github.com/CuihuaXia/ptrs-ukb; https://github.com/emyanuthomas/ptrs-ukb; https://github.com/hakyimlab/ptrs-ukb; https://github.com/cind/UDIP-ViT; https://github.com/SkylerZhou/UKB_GWASpipeline_SubcorticalRegions; https://github.com/lizhihao1990/ukbgwas; https://github.com/viciousjoon/ukbiobank,weak topic/path/data-type evidence,Not in Tiers 1-5; weak-candidate evidence only. Retained for completeness and not recommended for regression.,yes
20480,Replication of genetic variant associations with cardiovascular disease and its risk factors,Tier 6,weak_candidate,no,family_ptrs-ukb,https://github.com/CuihuaXia/ptrs-ukb; https://github.com/emyanuthomas/ptrs-ukb; https://github.com/hakyimlab/ptrs-ukb,weak topic/path/data-type evidence,Not in Tiers 1-5; weak-candidate evidence only. Retained for completeness and not recommended for regression.,yes
20904,Genetic and phenotypic investigation of neural brain network connectivity,Tier 6,weak_candidate,no,family_bio-machinelearning; family_neuralcvd,https://github.com/Apostolos00tapsas/bio-machinelearning; https://github.com/DhanushB2000/NeuralCVD; https://github.com/HaibinLi0817/NeuralCVD; https://github.com/YanLuoCityU/NeuralCVD; https://github.com/yanranwang/NeuralCVD,weak topic/path/data-type evidence,Not in Tiers 1-5; weak-candidate evidence only. Retained for completeness and not recommended for regression.,yes
21133,Impact of non-potassium-sparing diuretics and regular laxative use on cardiovascular mortality of subjects receiving anti-hypertensive treatment,Tier 6,weak_candidate,no,family_mh-in-ukb,https://github.com/tongluobing/MH_in_UKB,weak topic/path/data-type evidence,Not in Tiers 1-5; weak-candidate evidence only. Retained for completeness and not recommended for regression.,yes
21394,Metabolomics and Genomics of habitual coffee intake and health,Tier 6,weak_candidate,no,family_ukbpheno,https://github.com/BakerMetabolomics/ukbpheno; https://github.com/kkukendrarajah/ukbpheno; https://github.com/magdazeb/ukbpheno; https://github.com/Neri0304/ukbpheno; https://github.com/stefanogg/ukbpheno; https://github.com/Tafelplankje/ukbpheno; https://github.com/yuehuang-gh/ukbpheno,weak topic/path/data-type evidence,Not in Tiers 1-5; weak-candidate evidence only. Retained for completeness and not recommended for regression.,yes
21413,Phasing human populations,Tier 6,weak_candidate,no,family_human-sex-ratio; family_prs-height-admixed-populations; family_shapeit5,https://github.com/song88180/Human_sex_ratio; https://github.com/Shicheng-Guo/PRS_Height_Admixed_Populations; https://github.com/23andme-jaredo/shapeit5; https://github.com/barneyhill/shapeit5; https://github.com/JosephLalli/shapeit5; https://github.com/M-Hakmi/shapeit5; https://github.com/RimanB/shapeit5; https://github.com/rwk-unil/shapeit5; https://github.com/sunrisefor/shapeit5; https://github.com/Toseph/shapeit5; https://github.com/victorasua/shapeit5,weak topic/path/data-type evidence,Not in Tiers 1-5; weak-candidate evidence only. Retained for completeness and not recommended for regression.,yes
21432,"Set-based association testing, construction of SNP-based prediction models and estimation of rare SNP heritability.",Tier 6,weak_candidate,no,family_ukbbmodriskr,https://github.com/rrrrrs1/UKBBModRiskR,weak topic/path/data-type evidence,Not in Tiers 1-5; weak-candidate evidence only. Retained for completeness and not recommended for regression.,yes
21743,Pituitary Tumor GWAS: Discovery of Susceptibility Alleles,Tier 6,weak_candidate,no,family_gwas-phenotype; family_ptrs-ukb; family_udip-vit; family_ukb-gwaspipeline-subcorticalregions,https://github.com/albbaous/GWAS_phenotype; https://github.com/CuihuaXia/ptrs-ukb; https://github.com/emyanuthomas/ptrs-ukb; https://github.com/cind/UDIP-ViT; https://github.com/SkylerZhou/UKB_GWASpipeline_SubcorticalRegions,weak topic/path/data-type evidence,Not in Tiers 1-5; weak-candidate evidence only. Retained for completeness and not recommended for regression.,yes
21770,BioBank Behavioural BioMarkers (B4M),Tier 6,weak_candidate,no,family_bio-machinelearning,https://github.com/Apostolos00tapsas/bio-machinelearning,weak topic/path/data-type evidence,Not in Tiers 1-5; weak-candidate evidence only. Retained for completeness and not recommended for regression.,yes
21942,Integrated models of complex traits in the UK Biobank,Tier 6,weak_candidate,no,family_im,https://github.com/laura-riedel/IM,weak topic/path/data-type evidence,Not in Tiers 1-5; weak-candidate evidence only. Retained for completeness and not recommended for regression.,yes
21988,The project of Quantum Pharmacutical company (q-pharm.com),Tier 6,weak_candidate,no,family_amml-disentangling-structure-from-detail; family_anyalasagne1_ukbiobank; family_bio-machinelearning; family_biobank-read; family_biobankread-bash; family_bis620-2022; family_bis687-capstone-group-8; family_biv-volumetric-meshing; family_cancerrisk; family_cnv-ukb; family_code-examples; family_cuihuaxia_001; family_data2vec-bert-ukb; family_divergence-pipeline; family_ehr; family_epi-prs; family_exposome-aging-ukb; family_fundus-project; family_genepy-2; family_genetic-annotation-aware-dimensionality-reduction-in-uk-biobank; family_genetic-association; family_genotype-errors; family_gogogpcr; family_gwas-phenotype; family_idears-orig; family_iff-0303_001; family_im; family_imds-wes; family_jiangweixia_001; family_jooooooooey_ukb; family_junnh_ukbb; family_latinos-in-ukbb; family_lizhihao1990_ukbb; family_lld2018_001; family_longitudinal-data; family_lronan_ukb; family_margulies_ukb; family_master-thesis; family_mh-in-ukb; family_mltc-clustering; family_moodie-geneexpression-cognition; family_mtswirl; family_nanhui2000_ukb; family_neuralcvd; family_nextgen-exomiser-ukb; family_pain-proteomics; family_postincredible_ukbb; family_predict-cahd-by-ecg-on-uk-biobank; family_proteomics-ukbb; family_prs-dash-boxplot-app; family_prs-height-admixed-populations; family_ptrs-ukb; family_retinapd; family_rick-chen-pku_001; family_rooty29_ukbiobank; family_shapeit5; family_smiles2011hyc_001; family_sophia-cross-sectional; family_t2dm-ukb-predictions; family_t40-rsfmri; family_takdrift_001; family_test-exposome-aging-ukb; family_transconnectome_ukb; family_udip-vit; family_uk-biobank-gcg; family_uk-biobank-study-1; family_uk-biobank-survival; family_ukb-atherosclerosis-prediction; family_ukb-bioage-cancer; family_ukb-cancer-24h; family_ukb-download-and-prep-template; family_ukb-exome; family_ukb-gen-clocks; family_ukb-gwaspipeline-subcorticalregions; family_ukb-oligo; family_ukb-processing-nf; family_ukb-tools; family_ukbb-1; family_ukbb-asthma; family_ukbb-data-r; family_ukbb-risk; family_ukbbcov2risk; family_ukbbmodriskr; family_ukbbmriutils; family_ukbbprodromalpd; family_ukbfrailty; family_ukbiobank-ecg; family_ukbiobank-knockoffs; family_ukbiobank-strs; family_ukbiobank-table-conversion; family_ukbpheno; family_ukbphenotyping; family_uthesis; family_viciousjoon_ukbiobank; family_xander-y_ukb; family_zczali4403_001; family_zeigar_ukb; family_zhishenppp_ukbb; family_zhishenppp_ukbiobank; family_zoonono_ukb,https://github.com/danilayDH/AMML-Disentangling-Structure-from-Detail; https://github.com/anyalasagne1/UKBiobank; https://github.com/Apostolos00tapsas/bio-machinelearning; https://github.com/Dragonriser/biobank-read; https://github.com/IFF-0303/biobank-read; https://github.com/SEONCHOE/biobank-read; https://github.com/lenamax2355/BiobankRead-Bash; https://github.com/os01/BiobankRead-Bash; https://github.com/HankkaMark/bis620.2022; https://github.com/JingnanBai/BIS687-Capstone-group-8; https://github.com/kiwixiao/biv-volumetric-meshing; https://github.com/alexwjung/CancerRisk; https://github.com/gerstung-lab/CancerRisk; https://github.com/GeneticResources/cnv-ukb; https://github.com/miguelmspereira/code-examples; https://github.com/CuihuaXia/001; https://github.com/alatteaday/data2vec_bert_ukb; https://github.com/AdrianHarris96/Divergence_Pipeline; https://github.com/mjfalaguera/EHR; https://github.com/ghm17/Epi-PRS; https://github.com/tzhang-nmdp/Epi-PRS; https://github.com/rrrrrs1/exposome-aging-ukb; https://github.com/joshoch7/fundus_project; https://github.com/parsboy1987/GenePy-2; https://github.com/AishaAlsuwaidi/Genetic-annotation-aware-dimensionality-reduction-in-UK-Biobank; https://github.com/Swadha22/Genetic_association; https://github.com/sylviah23/genotype-errors; https://github.com/deepgohil/gogoGPCR; https://github.com/petergerlach1/gogoGPCR; https://github.com/albbaous/GWAS_phenotype; https://github.com/MikeAllwright23/idears_orig; https://github.com/IFF-0303/001; https://github.com/laura-riedel/IM; https://github.com/jjrun-11/IMDs_WES; https://github.com/jiangweixia/001; https://github.com/Jooooooooey/ukb; https://github.com/Junnh/UKBB; https://github.com/huytrain42/Latinos-in-UKBB; https://github.com/lizhihao1990/ukbb; https://github.com/LLD2018/001; https://github.com/AstraZheng/Longitudinal-data; https://github.com/lronan/UKB; https://github.com/margulies/UKB; https://github.com/nickathans/master-thesis; https://github.com/tongluobing/MH_in_UKB; https://github.com/KremerML/MLTC-clustering; https://github.com/JialingFan1/moodie-geneexpression-cognition; https://github.com/jessicaway/mtSwirl; https://github.com/Victory-Hugo/mtSwirl; https://github.com/nanhui2000/ukb; https://github.com/DhanushB2000/NeuralCVD; https://github.com/HaibinLi0817/NeuralCVD; https://github.com/YanLuoCityU/NeuralCVD; https://github.com/yanranwang/NeuralCVD; https://github.com/martadelfino/nextgen-exomiser-ukb; https://github.com/Frank-HQZ/Pain_Proteomics; https://github.com/postincredible/ukbb; https://github.com/IFF-0303/Predict_CAHD_by_ECG_on_UK_Biobank; https://github.com/Fmerella/Proteomics_UKBB-; https://github.com/NeBruNAI/PRS-dash-boxplot-app; https://github.com/Shicheng-Guo/PRS_Height_Admixed_Populations; https://github.com/CuihuaXia/ptrs-ukb; https://github.com/emyanuthomas/ptrs-ukb; https://github.com/hakyimlab/ptrs-ukb; https://github.com/hewramanwaran/RetinaPD; https://github.com/Rick-Chen-PKU/001; https://github.com/Rooty29/UKBiobank; https://github.com/23andme-jaredo/shapeit5; https://github.com/barneyhill/shapeit5; https://github.com/JosephLalli/shapeit5; https://github.com/M-Hakmi/shapeit5; https://github.com/RimanB/shapeit5; https://github.com/rwk-unil/shapeit5; https://github.com/sunrisefor/shapeit5; https://github.com/Toseph/shapeit5; https://github.com/victorasua/shapeit5; https://github.com/smiles2011hyc/001; https://github.com/JackW7777/SOPHIA_Cross_Sectional; https://github.com/kkk0-000/SOPHIA_Cross_Sectional; https://github.com/sspl33/SOPHIA_Cross_Sectional; https://github.com/zscu/SOPHIA_Cross_Sectional; https://github.com/Farida-Ali/T2DM_UKB_predictions; https://github.com/Kakashi-sensei/T40_rsfMRI; https://github.com/Takdrift/001; https://github.com/okoropaulc/test_exposome_aging_ukb; https://github.com/Transconnectome/UKB; https://github.com/cind/UDIP-ViT; https://github.com/sblg/UK-Biobank-GCG; https://github.com/xx2383/UK-Biobank-study-1; https://github.com/gerstung-lab/uk_biobank_survival; https://github.com/rrrrrs1/uk_biobank_survival; https://github.com/OmriGruman/ukb-atherosclerosis-prediction; https://github.com/becomingcc/UKB_bioage_cancer; https://github.com/Owain-S/ukb-cancer-24h; https://github.com/IFF-0303/ukb_download_and_prep_template; https://github.com/Jacob-X/ukb_download_and_prep_template; https://github.com/OxWearables/ukb_exome; https://github.com/Euskal-Oxcitas-Biotek/UKB-gen-clocks; https://github.com/SkylerZhou/UKB_GWASpipeline_SubcorticalRegions; https://github.com/mariaratnasamy/ukb_oligo; https://github.com/VyasPillai/ukb_processing-nf; https://github.com/12sbxu/ukb-tools; https://github.com/magdazeb/ukb-tools; https://github.com/HongyuanWu/ukbb-1; https://github.com/Shicheng-Guo/ukbb-1; https://github.com/keerveer/ukbb_asthma; https://github.com/swbiggs4/ukbb_asthma; https://github.com/12sbxu/ukbb_data_r; https://github.com/IFF-0303/ukbb_risk; https://github.com/kennethcywong/ukbbcov2risk; https://github.com/rrrrrs1/UKBBModRiskR; https://github.com/STALICLA-RnD/UkbbMriUtils; https://github.com/samyak1729/ukbbprodromalpd; https://github.com/tolism/ukbbprodromalpd; https://github.com/becomingcc/ukbfrailty; https://github.com/suniljmanohar/UKBiobank_ECG; https://github.com/LuZhangH/ukbiobank_knockoffs; https://github.com/zren94/ukbiobank_knockoffs; https://github.com/YIGUIz/ukbiobank_strs; https://github.com/audoushka/UKBiobank-Table-Conversion; https://github.com/futurologist/UKBiobank-Table-Conversion; https://github.com/Jiangaoshan/UKBiobank-Table-Conversion; https://github.com/lizhihao1990/UKBiobank-Table-Conversion; https://github.com/BakerMetabolomics/ukbpheno; https://github.com/kkukendrarajah/ukbpheno; https://github.com/magdazeb/ukbpheno; https://github.com/Neri0304/ukbpheno; https://github.com/stefanogg/ukbpheno; https://github.com/Tafelplankje/ukbpheno; https://github.com/yuehuang-gh/ukbpheno; https://github.com/hoffman2/ukbPhenotyping; https://github.com/michaelGuo1204/UThesis; https://github.com/viciousjoon/ukbiobank; https://github.com/Xander-Y/ukb; https://github.com/zczali4403/001; https://github.com/Zeigar/UKB; https://github.com/zhishenPPP/ukbb; https://github.com/zhishenPPP/UKBiobank; https://github.com/zoonono/UKB,weak topic/path/data-type evidence,Not in Tiers 1-5; weak-candidate evidence only. Retained for completeness and not recommended for regression.,yes
22276,"Genetic heterogeneity in morphological, behavioral and health outcomes",Tier 6,weak_candidate,no,family_multi-outcome,https://github.com/Ikram-c/multi_outcome; https://github.com/mengjiefan/multi_outcome,weak topic/path/data-type evidence,Not in Tiers 1-5; weak-candidate evidence only. Retained for completeness and not recommended for regression.,yes
22419,Identifying gene networks underlying complex traits in the UK Biobank,Tier 6,weak_candidate,no,family_genepy-2,https://github.com/parsboy1987/GenePy-2,weak topic/path/data-type evidence,Not in Tiers 1-5; weak-candidate evidence only. Retained for completeness and not recommended for regression.,yes
23203,Epidemiological and genetic prediction of major morbidity and all-cause mortality,Tier 6,weak_candidate,no,family_mltc-clustering; family_uk-biobank-gcg,https://github.com/KremerML/MLTC-clustering; https://github.com/sblg/UK-Biobank-GCG,weak topic/path/data-type evidence,Not in Tiers 1-5; weak-candidate evidence only. Retained for completeness and not recommended for regression.,yes
23509,Genome-wide and brain-wide association studies,Tier 6,weak_candidate,no,family_genetic-association; family_postincredible_ukbb,https://github.com/Swadha22/Genetic_association; https://github.com/postincredible/ukbb,weak topic/path/data-type evidence,Not in Tiers 1-5; weak-candidate evidence only. Retained for completeness and not recommended for regression.,yes
23739,Exploring the shared genetic aetiology between schizophrenia and cognition,Tier 6,weak_candidate,no,family_moodie-geneexpression-cognition,https://github.com/JialingFan1/moodie-geneexpression-cognition,weak topic/path/data-type evidence,Not in Tiers 1-5; weak-candidate evidence only. Retained for completeness and not recommended for regression.,yes
24281,Identifying genetic determinants of coronary heart disease in individuals with diabetes,Tier 6,weak_candidate,no,family_biobankread,https://github.com/yzharold/BiobankRead,weak topic/path/data-type evidence,Not in Tiers 1-5; weak-candidate evidence only. Retained for completeness and not recommended for regression.,yes
24299,COPD follow up ? access to genotype and phenotype information and DNA samples,Tier 6,weak_candidate,no,family_gogogpcr; family_prs-dash-boxplot-app; family_shapeit5,https://github.com/deepgohil/gogoGPCR; https://github.com/petergerlach1/gogoGPCR; https://github.com/NeBruNAI/PRS-dash-boxplot-app; https://github.com/23andme-jaredo/shapeit5; https://github.com/barneyhill/shapeit5; https://github.com/JosephLalli/shapeit5; https://github.com/M-Hakmi/shapeit5; https://github.com/RimanB/shapeit5; https://github.com/rwk-unil/shapeit5; https://github.com/sunrisefor/shapeit5; https://github.com/Toseph/shapeit5; https://github.com/victorasua/shapeit5,weak topic/path/data-type evidence,Not in Tiers 1-5; weak-candidate evidence only. Retained for completeness and not recommended for regression.,yes
24321,Developing a risk prediction model for chronic disease mortality using multi-level survival modelling,Tier 6,weak_candidate,no,family_uk-biobank-survival,https://github.com/gerstung-lab/uk_biobank_survival; https://github.com/rrrrrs1/uk_biobank_survival,weak topic/path/data-type evidence,Not in Tiers 1-5; weak-candidate evidence only. Retained for completeness and not recommended for regression.,yes
24487,"Adiposity measurements, types of body fat, weight change, and related genetic markers in relation to cancer risk",Tier 6,weak_candidate,no,family_gxsex,https://github.com/harpak-lab/GxSex,weak topic/path/data-type evidence,Not in Tiers 1-5; weak-candidate evidence only. Retained for completeness and not recommended for regression.,yes
24711,On the quest for tissue-specific contributions to disease,Tier 6,weak_candidate,no,family_ukbfrailty,https://github.com/becomingcc/ukbfrailty,weak topic/path/data-type evidence,Not in Tiers 1-5; weak-candidate evidence only. Retained for completeness and not recommended for regression.,yes
25163,Structural genetic contributions brain function and behavior,Tier 6,weak_candidate,no,family_biobankread,https://github.com/yzharold/BiobankRead,weak topic/path/data-type evidence,Not in Tiers 1-5; weak-candidate evidence only. Retained for completeness and not recommended for regression.,yes
25308,Identification and evaluation of risk factors in the working environment for poor health outcomes,Tier 6,weak_candidate,no,family_ukbphenotyping,https://github.com/hoffman2/ukbPhenotyping,weak topic/path/data-type evidence,Not in Tiers 1-5; weak-candidate evidence only. Retained for completeness and not recommended for regression.,yes
25570,"Genetic studies of brain imaging, cognition, and family history phenotypes to inform neurodegenerative disease therapeutics",Tier 6,weak_candidate,no,family_longitudinal-data; family_moodie-geneexpression-cognition,https://github.com/AstraZheng/Longitudinal-data; https://github.com/JialingFan1/moodie-geneexpression-cognition,weak topic/path/data-type evidence,Not in Tiers 1-5; weak-candidate evidence only. Retained for completeness and not recommended for regression.,yes
25589,Evaluation of statistical learning to compute polygenic risk scores.,Tier 6,weak_candidate,no,family_proteomics-ukbb,https://github.com/Fmerella/Proteomics_UKBB-,weak topic/path/data-type evidence,Not in Tiers 1-5; weak-candidate evidence only. Retained for completeness and not recommended for regression.,yes
25706,The effect of gene-by-environment interactions on obesity and cardiovascular disease risk,Tier 6,weak_candidate,no,family_genepy-2,https://github.com/parsboy1987/GenePy-2,weak topic/path/data-type evidence,Not in Tiers 1-5; weak-candidate evidence only. Retained for completeness and not recommended for regression.,yes
25953,Transcriptome-wide Association Study of Cardiometabolic Traits in the UK Biobank Cohort,Tier 6,weak_candidate,no,family_genetic-association; family_postincredible_ukbb,https://github.com/Swadha22/Genetic_association; https://github.com/postincredible/ukbb,weak topic/path/data-type evidence,Not in Tiers 1-5; weak-candidate evidence only. Retained for completeness and not recommended for regression.,yes
25995,Direct test whether genetic factors predisposing to homosexuality increase mating success in heterosexuals,Tier 6,weak_candidate,no,family_biobank-read; family_biobankread-bash,https://github.com/Dragonriser/biobank-read; https://github.com/IFF-0303/biobank-read; https://github.com/SEONCHOE/biobank-read; https://github.com/lenamax2355/BiobankRead-Bash; https://github.com/os01/BiobankRead-Bash,weak topic/path/data-type evidence,Not in Tiers 1-5; weak-candidate evidence only. Retained for completeness and not recommended for regression.,yes
26002,Investigating the associations between sex steroid hormone concentrations and risk of cancer development and survival,Tier 6,weak_candidate,no,family_uk-biobank-survival,https://github.com/gerstung-lab/uk_biobank_survival; https://github.com/rrrrrs1/uk_biobank_survival,weak topic/path/data-type evidence,Not in Tiers 1-5; weak-candidate evidence only. Retained for completeness and not recommended for regression.,yes
26284,"Temperatures and health - Using accelerometer data to understand experienced temperatures and their relationship to sleep, mental and physical health",Tier 6,weak_candidate,no,family_ukb-exome,https://github.com/OxWearables/ukb_exome,weak topic/path/data-type evidence,Not in Tiers 1-5; weak-candidate evidence only. Retained for completeness and not recommended for regression.,yes
26947,The association between sex hormone-related genetic markers and sex hormone-related disorders,Tier 6,weak_candidate,no,family_ukbbcov2risk,https://github.com/kennethcywong/ukbbcov2risk,weak topic/path/data-type evidence,Not in Tiers 1-5; weak-candidate evidence only. Retained for completeness and not recommended for regression.,yes
26981,Genetics of gestational diabetes,Tier 6,weak_candidate,no,family_congele-msc; family_diabetes-prediction; family_epi-prs; family_ukb-nmr-cvd-prediction,https://github.com/Arnoldzyf/ConGele_MSc; https://github.com/Haileygu99/diabetes_prediction; https://github.com/ghm17/Epi-PRS; https://github.com/tzhang-nmdp/Epi-PRS; https://github.com/YanLuoCityU/UKB_NMR_CVD_prediction,weak topic/path/data-type evidence,Not in Tiers 1-5; weak-candidate evidence only. Retained for completeness and not recommended for regression.,yes
27047,MGI Center for Common Disease Genomics,Tier 6,weak_candidate,no,family_ukbfrailty,https://github.com/becomingcc/ukbfrailty,weak topic/path/data-type evidence,Not in Tiers 1-5; weak-candidate evidence only. Retained for completeness and not recommended for regression.,yes
27081,Deep learning prediction of complex traits,Tier 6,weak_candidate,no,family_im; family_main-pipeline-and-images-based-models-pipeline-deep-learning-and-aging-main-pipeline-and-images-based-models-pipeline; family_ukb-atherosclerosis-prediction,https://github.com/laura-riedel/IM; https://github.com/deep-learning-and-aging/main-pipeline-and-images-based-models-pipeline; https://github.com/Deep-Learning-and-Aging/Main-pipeline-and-Images-based-models-pipeline; https://github.com/OmriGruman/ukb-atherosclerosis-prediction,weak topic/path/data-type evidence,Not in Tiers 1-5; weak-candidate evidence only. Retained for completeness and not recommended for regression.,yes
27317,"Predict cancer risk based on genomic, environmental and lifestyle factors",Tier 6,weak_candidate,no,family_ukb-bmi,https://github.com/mariaratnasamy/ukb_bmi,weak topic/path/data-type evidence,Not in Tiers 1-5; weak-candidate evidence only. Retained for completeness and not recommended for regression.,yes
27412,Boosting the power of GWAS using novel statistical tools,Tier 6,weak_candidate,no,family_gwas-phenotype; family_udip-vit; family_ukb-gwaspipeline-subcorticalregions; family_ukb-tools,https://github.com/albbaous/GWAS_phenotype; https://github.com/cind/UDIP-ViT; https://github.com/SkylerZhou/UKB_GWASpipeline_SubcorticalRegions; https://github.com/12sbxu/ukb-tools; https://github.com/magdazeb/ukb-tools,weak topic/path/data-type evidence,Not in Tiers 1-5; weak-candidate evidence only. Retained for completeness and not recommended for regression.,yes
27449,Genetic Association to Phenotypic Variance and its Role in Human Health,Tier 6,weak_candidate,no,family_bio-machinelearning,https://github.com/Apostolos00tapsas/bio-machinelearning,weak topic/path/data-type evidence,Not in Tiers 1-5; weak-candidate evidence only. Retained for completeness and not recommended for regression.,yes
27800,Diminishing returns epistasis of human phenotypes,Tier 6,weak_candidate,no,family_fundus-project; family_ukbiobank-knockoffs,https://github.com/joshoch7/fundus_project; https://github.com/LuZhangH/ukbiobank_knockoffs; https://github.com/zren94/ukbiobank_knockoffs,weak topic/path/data-type evidence,Not in Tiers 1-5; weak-candidate evidence only. Retained for completeness and not recommended for regression.,yes
27960,Population structure in the UK Biobank samples,Tier 6,weak_candidate,no,family_amml-disentangling-structure-from-detail; family_gogogpcr; family_prs-dash-boxplot-app; family_retinapd; family_shapeit5,https://github.com/danilayDH/AMML-Disentangling-Structure-from-Detail; https://github.com/deepgohil/gogoGPCR; https://github.com/petergerlach1/gogoGPCR; https://github.com/NeBruNAI/PRS-dash-boxplot-app; https://github.com/hewramanwaran/RetinaPD; https://github.com/23andme-jaredo/shapeit5; https://github.com/barneyhill/shapeit5; https://github.com/JosephLalli/shapeit5; https://github.com/M-Hakmi/shapeit5; https://github.com/RimanB/shapeit5; https://github.com/rwk-unil/shapeit5; https://github.com/sunrisefor/shapeit5; https://github.com/Toseph/shapeit5; https://github.com/victorasua/shapeit5,weak topic/path/data-type evidence,Not in Tiers 1-5; weak-candidate evidence only. Retained for completeness and not recommended for regression.,yes
28126,Validating risk prediction models for common hormonal cancers,Tier 6,weak_candidate,no,family_tds-project,https://github.com/N-cizauskas/TDS_Project,weak topic/path/data-type evidence,Not in Tiers 1-5; weak-candidate evidence only. Retained for completeness and not recommended for regression.,yes
28174,GWAS of Threat-Related Amygdala Reactivity,Tier 6,weak_candidate,no,family_gwas-phenotype; family_prs-height-admixed-populations; family_ptrs-ukb; family_udip-vit; family_ukb-gwaspipeline-subcorticalregions; family_viciousjoon_ukbiobank,https://github.com/albbaous/GWAS_phenotype; https://github.com/Shicheng-Guo/PRS_Height_Admixed_Populations; https://github.com/CuihuaXia/ptrs-ukb; https://github.com/emyanuthomas/ptrs-ukb; https://github.com/hakyimlab/ptrs-ukb; https://github.com/cind/UDIP-ViT; https://github.com/SkylerZhou/UKB_GWASpipeline_SubcorticalRegions; https://github.com/viciousjoon/ukbiobank,weak topic/path/data-type evidence,Not in Tiers 1-5; weak-candidate evidence only. Retained for completeness and not recommended for regression.,yes
28525,Investigation of genetic factors underlying cardiovascular diseases and their factors,Tier 6,weak_candidate,no,family_ukb-bmi,https://github.com/mariaratnasamy/ukb_bmi,weak topic/path/data-type evidence,Not in Tiers 1-5; weak-candidate evidence only. Retained for completeness and not recommended for regression.,yes
28659,Fine-scale ancestry in the UK Biobank samples,Tier 6,weak_candidate,no,family_gogogpcr; family_prs-dash-boxplot-app; family_shapeit5,https://github.com/deepgohil/gogoGPCR; https://github.com/petergerlach1/gogoGPCR; https://github.com/NeBruNAI/PRS-dash-boxplot-app; https://github.com/23andme-jaredo/shapeit5; https://github.com/barneyhill/shapeit5; https://github.com/JosephLalli/shapeit5; https://github.com/M-Hakmi/shapeit5; https://github.com/RimanB/shapeit5; https://github.com/rwk-unil/shapeit5; https://github.com/sunrisefor/shapeit5; https://github.com/Toseph/shapeit5; https://github.com/victorasua/shapeit5,weak topic/path/data-type evidence,Not in Tiers 1-5; weak-candidate evidence only. Retained for completeness and not recommended for regression.,yes
28721,Pre-eclampsia and cardiovascular risk: a case-control study of genes and cardiac function,Tier 6,weak_candidate,no,family_biobankread; family_data2vec-bert-ukb; family_epi-prs,https://github.com/yzharold/BiobankRead; https://github.com/alatteaday/data2vec_bert_ukb; https://github.com/ghm17/Epi-PRS; https://github.com/tzhang-nmdp/Epi-PRS,weak topic/path/data-type evidence,Not in Tiers 1-5; weak-candidate evidence only. Retained for completeness and not recommended for regression.,yes
28807,Use of UK Biobank genetic data to support drug discovery and development,Tier 6,weak_candidate,no,family_uthesis,https://github.com/michaelGuo1204/UThesis,weak topic/path/data-type evidence,Not in Tiers 1-5; weak-candidate evidence only. Retained for completeness and not recommended for regression.,yes
29169,Using UK biobank as a replication cohort in Case/Control GWAS for hidradenitis superativa (HS) risk loci,Tier 6,weak_candidate,no,family_epi-prs,https://github.com/ghm17/Epi-PRS; https://github.com/tzhang-nmdp/Epi-PRS,weak topic/path/data-type evidence,Not in Tiers 1-5; weak-candidate evidence only. Retained for completeness and not recommended for regression.,yes
29755,The contribution of PAR1 and PAR2 on the sex chromosomes to disease,Tier 6,weak_candidate,no,family_imds-wes; family_ukbbcov2risk,https://github.com/jjrun-11/IMDs_WES; https://github.com/kennethcywong/ukbbcov2risk,weak topic/path/data-type evidence,Not in Tiers 1-5; weak-candidate evidence only. Retained for completeness and not recommended for regression.,yes
29772,Risk factors for intracerebral and subarachnoid haemorrhage in the general population,Tier 6,weak_candidate,no,family_idears-orig,https://github.com/MikeAllwright23/idears_orig,weak topic/path/data-type evidence,Not in Tiers 1-5; weak-candidate evidence only. Retained for completeness and not recommended for regression.,yes
29890,"Synergistic genetic and environmental covariates of depression, diabetes and cognitive decline",Tier 6,weak_candidate,no,family_gogogpcr; family_ukb-exome,https://github.com/deepgohil/gogoGPCR; https://github.com/petergerlach1/gogoGPCR; https://github.com/OxWearables/ukb_exome,weak topic/path/data-type evidence,Not in Tiers 1-5; weak-candidate evidence only. Retained for completeness and not recommended for regression.,yes
30091,Biomarkers for brain disorders: Towards precision medicine,Tier 6,weak_candidate,no,family_bnn-for-uncertainty-estimation-of-imaging-biomarkers,https://github.com/suyanzhou626/BNN-for-Uncertainty-Estimation-of-Imaging-Biomarkers,weak topic/path/data-type evidence,Not in Tiers 1-5; weak-candidate evidence only. Retained for completeness and not recommended for regression.,yes
30252,"Overlap in aging-related phenotypes, genome and epigenome: toward a general factor of aging",Tier 6,weak_candidate,no,family_idears-orig,https://github.com/MikeAllwright23/idears_orig,weak topic/path/data-type evidence,Not in Tiers 1-5; weak-candidate evidence only. Retained for completeness and not recommended for regression.,yes
30350,Genetics of diseases of ageing including osteoarthritis,Tier 6,weak_candidate,no,family_jm-gwas,https://github.com/pebblets/JM-GWAS; https://github.com/Sandyyy123/JM-GWAS; https://github.com/xiechengyong123/JM-GWAS; https://github.com/zerland/JM-GWAS,weak topic/path/data-type evidence,Not in Tiers 1-5; weak-candidate evidence only. Retained for completeness and not recommended for regression.,yes
30397,Sub-phenotyping for prediction and genetic association testing,Tier 6,weak_candidate,no,family_ukbphenotyping,https://github.com/hoffman2/ukbPhenotyping,weak topic/path/data-type evidence,Not in Tiers 1-5; weak-candidate evidence only. Retained for completeness and not recommended for regression.,yes
30537,FunDysGWAS: GWAS studies of functional dyspepsia,Tier 6,weak_candidate,no,family_gwas-phenotype; family_udip-vit; family_ukb-gwaspipeline-subcorticalregions,https://github.com/albbaous/GWAS_phenotype; https://github.com/cind/UDIP-ViT; https://github.com/SkylerZhou/UKB_GWASpipeline_SubcorticalRegions,weak topic/path/data-type evidence,Not in Tiers 1-5; weak-candidate evidence only. Retained for completeness and not recommended for regression.,yes
30544,"Diet, body fat and brain health: a multi-organ imaging study in the UK Biobank",Tier 6,weak_candidate,no,family_gxsex; family_ukb-brain-symptoms-clustering,https://github.com/harpak-lab/GxSex; https://github.com/ajpag/ukb-brain-symptoms-clustering,weak topic/path/data-type evidence,Not in Tiers 1-5; weak-candidate evidence only. Retained for completeness and not recommended for regression.,yes
30619,Genetic underpinnings of social withdrawal in the general population,Tier 6,weak_candidate,no,family_idears-orig; family_retinapd,https://github.com/MikeAllwright23/idears_orig; https://github.com/hewramanwaran/RetinaPD,weak topic/path/data-type evidence,Not in Tiers 1-5; weak-candidate evidence only. Retained for completeness and not recommended for regression.,yes
30769,Automatic Assessment and Quantification of Cardiovascular MRI exams,Tier 6,weak_candidate,no,family_t40-rsfmri; family_ukbbmriutils,https://github.com/Kakashi-sensei/T40_rsfMRI; https://github.com/STALICLA-RnD/UkbbMriUtils,weak topic/path/data-type evidence,Not in Tiers 1-5; weak-candidate evidence only. Retained for completeness and not recommended for regression.,yes
31028,A study of decision making using UK Biobank and fMRI studies of economic choices,Tier 6,weak_candidate,no,family_t40-rsfmri; family_ukbbmriutils,https://github.com/Kakashi-sensei/T40_rsfMRI; https://github.com/STALICLA-RnD/UkbbMriUtils,weak topic/path/data-type evidence,Not in Tiers 1-5; weak-candidate evidence only. Retained for completeness and not recommended for regression.,yes
31211,"Discovering disease mechanism through integration of genomic data with clinical data using 500,000 individuals in the UK Biobank",Tier 6,weak_candidate,no,family_sophia-cross-sectional,https://github.com/kkk0-000/SOPHIA_Cross_Sectional,weak topic/path/data-type evidence,Not in Tiers 1-5; weak-candidate evidence only. Retained for completeness and not recommended for regression.,yes
31224,Explanatory epidemiological models from genotype to phenotype,Tier 6,weak_candidate,no,family_im,https://github.com/laura-riedel/IM,weak topic/path/data-type evidence,Not in Tiers 1-5; weak-candidate evidence only. Retained for completeness and not recommended for regression.,yes
31269,Genomic feature prediction models,Tier 6,weak_candidate,no,family_diabetes-prediction; family_im; family_predict-cahd-by-ecg-on-uk-biobank; family_ukb-atherosclerosis-prediction; family_ukb-nmr-cvd-prediction,https://github.com/Haileygu99/diabetes_prediction; https://github.com/laura-riedel/IM; https://github.com/IFF-0303/Predict_CAHD_by_ECG_on_UK_Biobank; https://github.com/OmriGruman/ukb-atherosclerosis-prediction; https://github.com/YanLuoCityU/UKB_NMR_CVD_prediction,weak topic/path/data-type evidence,Not in Tiers 1-5; weak-candidate evidence only. Retained for completeness and not recommended for regression.,yes
31461,Major risk factors for Cardiovascular Disease,Tier 6,weak_candidate,no,family_ukbfrailty,https://github.com/becomingcc/ukbfrailty,weak topic/path/data-type evidence,Not in Tiers 1-5; weak-candidate evidence only. Retained for completeness and not recommended for regression.,yes
31984,Defining disease risk with genotype and phenotype integration using machine learning methods,Tier 6,weak_candidate,no,family_tds-project; family_ukb-gen-clocks,https://github.com/N-cizauskas/TDS_Project; https://github.com/Euskal-Oxcitas-Biotek/UKB-gen-clocks,weak topic/path/data-type evidence,Not in Tiers 1-5; weak-candidate evidence only. Retained for completeness and not recommended for regression.,yes
32011,"The effects of age, sex, genotype and systemic health on brain structure and function.",Tier 6,weak_candidate,no,family_amml-disentangling-structure-from-detail; family_congele-msc; family_ukb-bioage-cancer; family_ukbbcov2risk,https://github.com/danilayDH/AMML-Disentangling-Structure-from-Detail; https://github.com/Arnoldzyf/ConGele_MSc; https://github.com/becomingcc/UKB_bioage_cancer; https://github.com/kennethcywong/ukbbcov2risk,weak topic/path/data-type evidence,Not in Tiers 1-5; weak-candidate evidence only. Retained for completeness and not recommended for regression.,yes
32133,"Integration of multi-organ imaging phenotypes, clinical phenotypes, and genomic data",Tier 6,weak_candidate,no,family_junnh_ukbb,https://github.com/Junnh/UKBB,weak topic/path/data-type evidence,Not in Tiers 1-5; weak-candidate evidence only. Retained for completeness and not recommended for regression.,yes
32292,APOE-lifestyle interactions on age-related health outcomes in the UK Biobank population,Tier 6,weak_candidate,no,family_ukb-bioage-cancer,https://github.com/becomingcc/UKB_bioage_cancer,weak topic/path/data-type evidence,Not in Tiers 1-5; weak-candidate evidence only. Retained for completeness and not recommended for regression.,yes
32341,UK Biobank Smoking-related Cancer Project,Tier 6,weak_candidate,no,family_ukb-api,https://github.com/batmanlab/ukb_api; https://github.com/tighu20/ukb_api,weak topic/path/data-type evidence,Not in Tiers 1-5; weak-candidate evidence only. Retained for completeness and not recommended for regression.,yes
32360,Study of the genetic basis of mitral valve prolapse using meta-analysis of GWAS,Tier 6,weak_candidate,no,family_gwas-phenotype; family_udip-vit; family_ukb-gwaspipeline-subcorticalregions,https://github.com/albbaous/GWAS_phenotype; https://github.com/cind/UDIP-ViT; https://github.com/SkylerZhou/UKB_GWASpipeline_SubcorticalRegions,weak topic/path/data-type evidence,Not in Tiers 1-5; weak-candidate evidence only. Retained for completeness and not recommended for regression.,yes
32568,Phenomewide Heritability Analysis,Tier 6,weak_candidate,no,family_human-sex-ratio,https://github.com/song88180/Human_sex_ratio,weak topic/path/data-type evidence,Not in Tiers 1-5; weak-candidate evidence only. Retained for completeness and not recommended for regression.,yes
32677,Methods for massive GWAS,Tier 6,weak_candidate,no,family_gwas-phenotype; family_jm-gwas; family_prs-height-admixed-populations; family_ptrs-ukb; family_udip-vit; family_ukb-gwaspipeline-subcorticalregions; family_ukbfrailty; family_ukbgwas; family_viciousjoon_ukbiobank,https://github.com/albbaous/GWAS_phenotype; https://github.com/pebblets/JM-GWAS; https://github.com/Sandyyy123/JM-GWAS; https://github.com/xiechengyong123/JM-GWAS; https://github.com/zerland/JM-GWAS; https://github.com/Shicheng-Guo/PRS_Height_Admixed_Populations; https://github.com/CuihuaXia/ptrs-ukb; https://github.com/emyanuthomas/ptrs-ukb; https://github.com/hakyimlab/ptrs-ukb; https://github.com/cind/UDIP-ViT; https://github.com/SkylerZhou/UKB_GWASpipeline_SubcorticalRegions; https://github.com/becomingcc/ukbfrailty; https://github.com/lizhihao1990/ukbgwas; https://github.com/viciousjoon/ukbiobank,weak topic/path/data-type evidence,Not in Tiers 1-5; weak-candidate evidence only. Retained for completeness and not recommended for regression.,yes
32683,Combined effect of the genetic and lifestyle determinants of metabolic syndrome on cardiometabolic risk,Tier 6,weak_candidate,no,family_uthesis,https://github.com/michaelGuo1204/UThesis,weak topic/path/data-type evidence,Not in Tiers 1-5; weak-candidate evidence only. Retained for completeness and not recommended for regression.,yes
33002,Development of a computational method to predict disease risk,Tier 6,weak_candidate,no,family_predict-cahd-by-ecg-on-uk-biobank; family_ukb-brain-symptoms-clustering,https://github.com/IFF-0303/Predict_CAHD_by_ECG_on_UK_Biobank; https://github.com/ajpag/ukb-brain-symptoms-clustering,weak topic/path/data-type evidence,Not in Tiers 1-5; weak-candidate evidence only. Retained for completeness and not recommended for regression.,yes
33307,Sex-specific Genetic Determinants of Cardiometabolic Traits,Tier 6,weak_candidate,no,family_imds-wes; family_ukbbcov2risk,https://github.com/jjrun-11/IMDs_WES; https://github.com/kennethcywong/ukbbcov2risk,weak topic/path/data-type evidence,Not in Tiers 1-5; weak-candidate evidence only. Retained for completeness and not recommended for regression.,yes
33601,Dissecting the genetic architecture of neurodegenerative diseases,Tier 6,weak_candidate,no,family_jm-gwas,https://github.com/pebblets/JM-GWAS; https://github.com/Sandyyy123/JM-GWAS; https://github.com/xiechengyong123/JM-GWAS; https://github.com/zerland/JM-GWAS,weak topic/path/data-type evidence,Not in Tiers 1-5; weak-candidate evidence only. Retained for completeness and not recommended for regression.,yes
33751,Applying Deep Learning to Understand Disease-Genotype Relationships,Tier 6,weak_candidate,no,family_main-pipeline-and-images-based-models-pipeline-deep-learning-and-aging-main-pipeline-and-images-based-models-pipeline,https://github.com/deep-learning-and-aging/main-pipeline-and-images-based-models-pipeline; https://github.com/Deep-Learning-and-Aging/Main-pipeline-and-Images-based-models-pipeline,weak topic/path/data-type evidence,Not in Tiers 1-5; weak-candidate evidence only. Retained for completeness and not recommended for regression.,yes
33952,Risk profiles for cancers; polygenic risk scores with and without non-genetic risk factors,Tier 6,weak_candidate,no,family_uthesis,https://github.com/michaelGuo1204/UThesis,weak topic/path/data-type evidence,Not in Tiers 1-5; weak-candidate evidence only. Retained for completeness and not recommended for regression.,yes
33975,Risk Stratification in Dementia,Tier 6,weak_candidate,no,family_metabolomicscommondiseases,https://github.com/chengluomilk/MetabolomicsCommonDiseases; https://github.com/YanLuoCityU/MetabolomicsCommonDiseases; https://github.com/zlpsophina/MetabolomicsCommonDiseases,weak topic/path/data-type evidence,Not in Tiers 1-5; weak-candidate evidence only. Retained for completeness and not recommended for regression.,yes
34201,Epigenomics-mediated blood pressure and QT GWAS,Tier 6,weak_candidate,no,family_gwas-phenotype; family_prs-height-admixed-populations; family_ptrs-ukb; family_udip-vit; family_ukb-gwaspipeline-subcorticalregions; family_ukbb-gwas-dev; family_viciousjoon_ukbiobank,https://github.com/albbaous/GWAS_phenotype; https://github.com/Shicheng-Guo/PRS_Height_Admixed_Populations; https://github.com/CuihuaXia/ptrs-ukb; https://github.com/emyanuthomas/ptrs-ukb; https://github.com/hakyimlab/ptrs-ukb; https://github.com/cind/UDIP-ViT; https://github.com/SkylerZhou/UKB_GWASpipeline_SubcorticalRegions; https://github.com/ashwinas88/UKBB_GWAS_dev; https://github.com/LingTuo/UKBB_GWAS_dev; https://github.com/viciousjoon/ukbiobank,weak topic/path/data-type evidence,Not in Tiers 1-5; weak-candidate evidence only. Retained for completeness and not recommended for regression.,yes
34217,Phenotypic annotation of common SCZ risk variant combinations,Tier 6,weak_candidate,no,family_bio-machinelearning; family_genetic-annotation-aware-dimensionality-reduction-in-uk-biobank,https://github.com/Apostolos00tapsas/bio-machinelearning; https://github.com/AishaAlsuwaidi/Genetic-annotation-aware-dimensionality-reduction-in-UK-Biobank,weak topic/path/data-type evidence,Not in Tiers 1-5; weak-candidate evidence only. Retained for completeness and not recommended for regression.,yes
34303,Stratification of neurodegenerative disease patients using genetic architecture consisting of genomic and digital health records.,Tier 6,weak_candidate,no,family_sas-sample-extraction,https://github.com/samarpita-saha293/SAS_sample_extraction,weak topic/path/data-type evidence,Not in Tiers 1-5; weak-candidate evidence only. Retained for completeness and not recommended for regression.,yes
34479,Joint analysis of abdominal and cerebral morphology in diabetes,Tier 6,weak_candidate,no,family_epi-prs,https://github.com/ghm17/Epi-PRS; https://github.com/tzhang-nmdp/Epi-PRS,weak topic/path/data-type evidence,Not in Tiers 1-5; weak-candidate evidence only. Retained for completeness and not recommended for regression.,yes
34684,Multimorbidity and dementia: an observational cohort study using the UK Biobank.,Tier 6,weak_candidate,no,family_metabolomicscommondiseases,https://github.com/chengluomilk/MetabolomicsCommonDiseases; https://github.com/YanLuoCityU/MetabolomicsCommonDiseases; https://github.com/zlpsophina/MetabolomicsCommonDiseases,weak topic/path/data-type evidence,Not in Tiers 1-5; weak-candidate evidence only. Retained for completeness and not recommended for regression.,yes
34763,Genetic analyses of age-of-onset in cerebral small vessel disease,Tier 6,weak_candidate,no,family_amml-disentangling-structure-from-detail; family_ukb-bioage-cancer; family_ukb-tools,https://github.com/danilayDH/AMML-Disentangling-Structure-from-Detail; https://github.com/becomingcc/UKB_bioage_cancer; https://github.com/12sbxu/ukb-tools; https://github.com/magdazeb/ukb-tools,weak topic/path/data-type evidence,Not in Tiers 1-5; weak-candidate evidence only. Retained for completeness and not recommended for regression.,yes
35520,Improving estimation and prediction of common complex disease risk,Tier 6,weak_candidate,no,family_ukb-atherosclerosis-prediction,https://github.com/OmriGruman/ukb-atherosclerosis-prediction,weak topic/path/data-type evidence,Not in Tiers 1-5; weak-candidate evidence only. Retained for completeness and not recommended for regression.,yes
35605,"From predictors to obesity and vascular factors: the mediating roles of cognition, affect, brain structure and function",Tier 6,weak_candidate,no,family_moodie-geneexpression-cognition,https://github.com/JialingFan1/moodie-geneexpression-cognition,weak topic/path/data-type evidence,Not in Tiers 1-5; weak-candidate evidence only. Retained for completeness and not recommended for regression.,yes
35667,Integrated predictive risk models using multimodal imaging and genetics,Tier 6,weak_candidate,no,family_im,https://github.com/laura-riedel/IM,weak topic/path/data-type evidence,Not in Tiers 1-5; weak-candidate evidence only. Retained for completeness and not recommended for regression.,yes
35826,Predicting longitudinal outcomes in chronic obstructive pulmonary disease.,Tier 6,weak_candidate,no,family_longitudinal-data,https://github.com/AstraZheng/Longitudinal-data,weak topic/path/data-type evidence,Not in Tiers 1-5; weak-candidate evidence only. Retained for completeness and not recommended for regression.,yes
35916,Dementia use case for 'iASiS' platform,Tier 6,weak_candidate,no,family_ukb-api,https://github.com/batmanlab/ukb_api; https://github.com/tighu20/ukb_api,weak topic/path/data-type evidence,Not in Tiers 1-5; weak-candidate evidence only. Retained for completeness and not recommended for regression.,yes
35944,Exploring the genetic basis of inhibition in the brain,Tier 6,weak_candidate,no,family_congele-msc; family_ukb-brain-symptoms-clustering,https://github.com/Arnoldzyf/ConGele_MSc; https://github.com/ajpag/ukb-brain-symptoms-clustering,weak topic/path/data-type evidence,Not in Tiers 1-5; weak-candidate evidence only. Retained for completeness and not recommended for regression.,yes
35959,The Genetics of Digestive Function - correlating genotypes from a locus encoding a pancreatic protease with gastrointestinal phenotypes,Tier 6,weak_candidate,no,family_cnv-ukb,https://github.com/GeneticResources/cnv-ukb,weak topic/path/data-type evidence,Not in Tiers 1-5; weak-candidate evidence only. Retained for completeness and not recommended for regression.,yes
36385,Prediction and association studies on complex phenotypes,Tier 6,weak_candidate,no,family_fundus-project; family_genetic-association; family_ukbiobank-knockoffs,https://github.com/joshoch7/fundus_project; https://github.com/Swadha22/Genetic_association; https://github.com/LuZhangH/ukbiobank_knockoffs; https://github.com/zren94/ukbiobank_knockoffs,weak topic/path/data-type evidence,Not in Tiers 1-5; weak-candidate evidence only. Retained for completeness and not recommended for regression.,yes
37212,Deep Learning Model to Predict Physiological Ageing Rate,Tier 6,weak_candidate,no,family_predict-cahd-by-ecg-on-uk-biobank; family_ukb-brain-symptoms-clustering,https://github.com/IFF-0303/Predict_CAHD_by_ECG_on_UK_Biobank; https://github.com/ajpag/ukb-brain-symptoms-clustering,weak topic/path/data-type evidence,Not in Tiers 1-5; weak-candidate evidence only. Retained for completeness and not recommended for regression.,yes
37489,Risk and protective factors for MRI markers of cerebral small vessel disease,Tier 6,weak_candidate,no,family_sas-sample-extraction; family_ukb-api,https://github.com/samarpita-saha293/SAS_sample_extraction; https://github.com/batmanlab/ukb_api; https://github.com/tighu20/ukb_api,weak topic/path/data-type evidence,Not in Tiers 1-5; weak-candidate evidence only. Retained for completeness and not recommended for regression.,yes
40055,Dementia risk in South Asians: data from the UK,Tier 6,weak_candidate,no,family_metabolomicscommondiseases,https://github.com/chengluomilk/MetabolomicsCommonDiseases; https://github.com/YanLuoCityU/MetabolomicsCommonDiseases; https://github.com/zlpsophina/MetabolomicsCommonDiseases,weak topic/path/data-type evidence,Not in Tiers 1-5; weak-candidate evidence only. Retained for completeness and not recommended for regression.,yes
40415,Burden of variants in obesity-related genes,Tier 6,weak_candidate,no,family_gogogpcr; family_ukb-bmi; family_ukb-oligo; family_ukbb-gwas-dev,https://github.com/deepgohil/gogoGPCR; https://github.com/petergerlach1/gogoGPCR; https://github.com/mariaratnasamy/ukb_bmi; https://github.com/mariaratnasamy/ukb_oligo; https://github.com/ashwinas88/UKBB_GWAS_dev; https://github.com/LingTuo/UKBB_GWAS_dev,weak topic/path/data-type evidence,Not in Tiers 1-5; weak-candidate evidence only. Retained for completeness and not recommended for regression.,yes
40462,Relationship inference and its application to linkage and IBD mapping in the UK Biobank samples,Tier 6,weak_candidate,no,family_gogogpcr; family_prs-dash-boxplot-app; family_shapeit5,https://github.com/deepgohil/gogoGPCR; https://github.com/petergerlach1/gogoGPCR; https://github.com/NeBruNAI/PRS-dash-boxplot-app; https://github.com/23andme-jaredo/shapeit5; https://github.com/barneyhill/shapeit5; https://github.com/JosephLalli/shapeit5; https://github.com/M-Hakmi/shapeit5; https://github.com/RimanB/shapeit5; https://github.com/rwk-unil/shapeit5; https://github.com/sunrisefor/shapeit5; https://github.com/Toseph/shapeit5; https://github.com/victorasua/shapeit5,weak topic/path/data-type evidence,Not in Tiers 1-5; weak-candidate evidence only. Retained for completeness and not recommended for regression.,yes
40502,Association tests for structured and multimodal data,Tier 6,weak_candidate,no,family_ukb-api,https://github.com/batmanlab/ukb_api; https://github.com/tighu20/ukb_api,weak topic/path/data-type evidence,Not in Tiers 1-5; weak-candidate evidence only. Retained for completeness and not recommended for regression.,yes
40518,Determining the carrier frequency of pathogenic heteroplasmic mitochondrial DNA variations in the UK Biobank cohort and their potential contribution to common traits.,Tier 6,weak_candidate,no,family_cancerrisk; family_ukb-processing-nf,https://github.com/alexwjung/CancerRisk; https://github.com/gerstung-lab/CancerRisk; https://github.com/VyasPillai/ukb_processing-nf,weak topic/path/data-type evidence,Not in Tiers 1-5; weak-candidate evidence only. Retained for completeness and not recommended for regression.,yes
40560,Genetic determinants of human reproductive traits,Tier 6,weak_candidate,no,family_human-sex-ratio,https://github.com/song88180/Human_sex_ratio,weak topic/path/data-type evidence,Not in Tiers 1-5; weak-candidate evidence only. Retained for completeness and not recommended for regression.,yes
40573,The use of commonly prescribed medications and survival in cancer patients,Tier 6,weak_candidate,no,family_uk-biobank-survival,https://github.com/gerstung-lab/uk_biobank_survival; https://github.com/rrrrrs1/uk_biobank_survival,weak topic/path/data-type evidence,Not in Tiers 1-5; weak-candidate evidence only. Retained for completeness and not recommended for regression.,yes
40876,Deep and Frequent Phenotyping Study (2018),Tier 6,weak_candidate,no,family_ukbgwas; family_ukbphenotyping,https://github.com/lizhihao1990/ukbgwas; https://github.com/hoffman2/ukbPhenotyping,weak topic/path/data-type evidence,Not in Tiers 1-5; weak-candidate evidence only. Retained for completeness and not recommended for regression.,yes
40951,GWAS of tinnitus and hearing loss in the general population with emphasis on noise exposure and aging,Tier 6,weak_candidate,no,family_idears-orig; family_ukbb-gwas-dev,https://github.com/MikeAllwright23/idears_orig; https://github.com/ashwinas88/UKBB_GWAS_dev; https://github.com/LingTuo/UKBB_GWAS_dev,weak topic/path/data-type evidence,Not in Tiers 1-5; weak-candidate evidence only. Retained for completeness and not recommended for regression.,yes
41250,Prioritizing Mendelian variants using GWAS and exome sequencing data,Tier 6,weak_candidate,no,family_gwas-phenotype; family_udip-vit; family_ukb-gwaspipeline-subcorticalregions; family_ukbb-gwas-dev,https://github.com/albbaous/GWAS_phenotype; https://github.com/cind/UDIP-ViT; https://github.com/SkylerZhou/UKB_GWASpipeline_SubcorticalRegions; https://github.com/ashwinas88/UKBB_GWAS_dev; https://github.com/LingTuo/UKBB_GWAS_dev,weak topic/path/data-type evidence,Not in Tiers 1-5; weak-candidate evidence only. Retained for completeness and not recommended for regression.,yes
41297,Running Principle Component Analysis and feature selection methods on Biobank scale genotypes,Tier 6,weak_candidate,no,family_cnv-ukb; family_predict-cahd-by-ecg-on-uk-biobank,https://github.com/GeneticResources/cnv-ukb; https://github.com/IFF-0303/Predict_CAHD_by_ECG_on_UK_Biobank,weak topic/path/data-type evidence,Not in Tiers 1-5; weak-candidate evidence only. Retained for completeness and not recommended for regression.,yes
41311,PheWAS to support genetically-guided drug development at Eisai,Tier 6,weak_candidate,no,family_uthesis,https://github.com/michaelGuo1204/UThesis,weak topic/path/data-type evidence,Not in Tiers 1-5; weak-candidate evidence only. Retained for completeness and not recommended for regression.,yes
41471,Evaluation of how mechanotransduction contributes to human health and disease,Tier 6,weak_candidate,no,family_master-thesis,https://github.com/nickathans/master-thesis,weak topic/path/data-type evidence,Not in Tiers 1-5; weak-candidate evidence only. Retained for completeness and not recommended for regression.,yes
41519,The cognitive footprint of medication: Evaluation and recommendations based on the UK Biobank cohort.,Tier 6,weak_candidate,no,family_master-thesis; family_ukbbprodromalpd,https://github.com/nickathans/master-thesis; https://github.com/samyak1729/ukbbprodromalpd; https://github.com/tolism/ukbbprodromalpd,weak topic/path/data-type evidence,Not in Tiers 1-5; weak-candidate evidence only. Retained for completeness and not recommended for regression.,yes
41672,Phenome environment wide interaction study,Tier 6,weak_candidate,no,family_postincredible_ukbb,https://github.com/postincredible/ukbb,weak topic/path/data-type evidence,Not in Tiers 1-5; weak-candidate evidence only. Retained for completeness and not recommended for regression.,yes
41798,Multi-trait GWAS and PheWAS analyses in the UK Biobank,Tier 6,weak_candidate,no,family_gwas-phenotype; family_udip-vit; family_ukb-gwaspipeline-subcorticalregions,https://github.com/albbaous/GWAS_phenotype; https://github.com/cind/UDIP-ViT; https://github.com/SkylerZhou/UKB_GWASpipeline_SubcorticalRegions,weak topic/path/data-type evidence,Not in Tiers 1-5; weak-candidate evidence only. Retained for completeness and not recommended for regression.,yes
41849,GWAS studies for kidney-related traits using UKBB data.,Tier 6,weak_candidate,no,family_amml-disentangling-structure-from-detail; family_ehr; family_ukbbmriutils,https://github.com/danilayDH/AMML-Disentangling-Structure-from-Detail; https://github.com/mjfalaguera/EHR; https://github.com/STALICLA-RnD/UkbbMriUtils,weak topic/path/data-type evidence,Not in Tiers 1-5; weak-candidate evidence only. Retained for completeness and not recommended for regression.,yes
41896,Building Machine Learning Models for Breast Cancer Risk Prediction,Tier 6,weak_candidate,no,family_tds-project,https://github.com/N-cizauskas/TDS_Project,weak topic/path/data-type evidence,Not in Tiers 1-5; weak-candidate evidence only. Retained for completeness and not recommended for regression.,yes
41910,"Genetics of complex diseases, comorbidities, and other traits in multi-ethnic samples",Tier 6,weak_candidate,no,family_gogogpcr; family_prs-dash-boxplot-app; family_shapeit5,https://github.com/deepgohil/gogoGPCR; https://github.com/petergerlach1/gogoGPCR; https://github.com/NeBruNAI/PRS-dash-boxplot-app; https://github.com/23andme-jaredo/shapeit5; https://github.com/barneyhill/shapeit5; https://github.com/JosephLalli/shapeit5; https://github.com/M-Hakmi/shapeit5; https://github.com/RimanB/shapeit5; https://github.com/rwk-unil/shapeit5; https://github.com/sunrisefor/shapeit5; https://github.com/Toseph/shapeit5; https://github.com/victorasua/shapeit5,weak topic/path/data-type evidence,Not in Tiers 1-5; weak-candidate evidence only. Retained for completeness and not recommended for regression.,yes
41934,Estimates of allele age and impact in large data sets,Tier 6,weak_candidate,no,family_ukb-bioage-cancer; family_ukb-tools,https://github.com/becomingcc/UKB_bioage_cancer; https://github.com/12sbxu/ukb-tools; https://github.com/magdazeb/ukb-tools,weak topic/path/data-type evidence,Not in Tiers 1-5; weak-candidate evidence only. Retained for completeness and not recommended for regression.,yes
42009,Genetic study of complex phenotypes,Tier 6,weak_candidate,no,family_fundus-project; family_gxsex; family_ukbgwas; family_ukbiobank-knockoffs,https://github.com/joshoch7/fundus_project; https://github.com/harpak-lab/GxSex; https://github.com/lizhihao1990/ukbgwas; https://github.com/LuZhangH/ukbiobank_knockoffs; https://github.com/zren94/ukbiobank_knockoffs,weak topic/path/data-type evidence,Not in Tiers 1-5; weak-candidate evidence only. Retained for completeness and not recommended for regression.,yes
42021,Novel ECG measures of electrophysiological substrate,Tier 6,weak_candidate,no,family_master-thesis,https://github.com/nickathans/master-thesis,weak topic/path/data-type evidence,Not in Tiers 1-5; weak-candidate evidence only. Retained for completeness and not recommended for regression.,yes
42111,Studying the human brain mosaic,Tier 6,weak_candidate,no,family_congele-msc; family_human-sex-ratio,https://github.com/Arnoldzyf/ConGele_MSc; https://github.com/song88180/Human_sex_ratio,weak topic/path/data-type evidence,Not in Tiers 1-5; weak-candidate evidence only. Retained for completeness and not recommended for regression.,yes
42176,Association between cardiometabolic health and cancer,Tier 6,weak_candidate,no,family_genetic-association,https://github.com/Swadha22/Genetic_association,weak topic/path/data-type evidence,Not in Tiers 1-5; weak-candidate evidence only. Retained for completeness and not recommended for regression.,yes
42195,GWAS Meta-Analysis of T2D and Prostate Cancer,Tier 6,weak_candidate,no,family_gwas-phenotype; family_jm-gwas; family_postincredible_ukbb; family_prs-height-admixed-populations; family_ptrs-ukb; family_udip-vit; family_ukb-gwaspipeline-subcorticalregions; family_ukbb-gwas-dev; family_ukbgwas; family_viciousjoon_ukbiobank,https://github.com/albbaous/GWAS_phenotype; https://github.com/pebblets/JM-GWAS; https://github.com/Sandyyy123/JM-GWAS; https://github.com/xiechengyong123/JM-GWAS; https://github.com/zerland/JM-GWAS; https://github.com/postincredible/ukbb; https://github.com/Shicheng-Guo/PRS_Height_Admixed_Populations; https://github.com/CuihuaXia/ptrs-ukb; https://github.com/emyanuthomas/ptrs-ukb; https://github.com/hakyimlab/ptrs-ukb; https://github.com/cind/UDIP-ViT; https://github.com/SkylerZhou/UKB_GWASpipeline_SubcorticalRegions; https://github.com/ashwinas88/UKBB_GWAS_dev; https://github.com/LingTuo/UKBB_GWAS_dev; https://github.com/lizhihao1990/ukbgwas; https://github.com/viciousjoon/ukbiobank,weak topic/path/data-type evidence,Not in Tiers 1-5; weak-candidate evidence only. Retained for completeness and not recommended for regression.,yes
42273,Identification of novel rare genetic variants associated with COPD in the general population.,Tier 6,weak_candidate,no,family_idears-orig,https://github.com/MikeAllwright23/idears_orig,weak topic/path/data-type evidence,Not in Tiers 1-5; weak-candidate evidence only. Retained for completeness and not recommended for regression.,yes
42406,Combining genetic and phenotypic data in  type 2 diabetes to deduce a genetic risk score,Tier 6,weak_candidate,no,family_bio-machinelearning,https://github.com/Apostolos00tapsas/bio-machinelearning,weak topic/path/data-type evidence,Not in Tiers 1-5; weak-candidate evidence only. Retained for completeness and not recommended for regression.,yes
42423,Gene-Environment interplay in psychosis,Tier 6,weak_candidate,no,family_genepy-2; family_jm-gwas,https://github.com/parsboy1987/GenePy-2; https://github.com/pebblets/JM-GWAS; https://github.com/Sandyyy123/JM-GWAS; https://github.com/xiechengyong123/JM-GWAS; https://github.com/zerland/JM-GWAS,weak topic/path/data-type evidence,Not in Tiers 1-5; weak-candidate evidence only. Retained for completeness and not recommended for regression.,yes
42646,Efficient Gene-Environment Interaction Tests in Large Samples,Tier 6,weak_candidate,no,family_gogogpcr; family_prs-dash-boxplot-app; family_shapeit5,https://github.com/deepgohil/gogoGPCR; https://github.com/petergerlach1/gogoGPCR; https://github.com/NeBruNAI/PRS-dash-boxplot-app; https://github.com/23andme-jaredo/shapeit5; https://github.com/barneyhill/shapeit5; https://github.com/JosephLalli/shapeit5; https://github.com/M-Hakmi/shapeit5; https://github.com/RimanB/shapeit5; https://github.com/rwk-unil/shapeit5; https://github.com/sunrisefor/shapeit5; https://github.com/Toseph/shapeit5; https://github.com/victorasua/shapeit5,weak topic/path/data-type evidence,Not in Tiers 1-5; weak-candidate evidence only. Retained for completeness and not recommended for regression.,yes
42890,Association of loss-of-function variants and incompletely penetrant alleles with UKBB phenotypes,Tier 6,weak_candidate,no,family_ehr,https://github.com/mjfalaguera/EHR,weak topic/path/data-type evidence,Not in Tiers 1-5; weak-candidate evidence only. Retained for completeness and not recommended for regression.,yes
43015,"Melatonin, lifestyle, and health: a gene-environmental investigation in the UK Biobank",Tier 6,weak_candidate,no,family_genepy-2,https://github.com/parsboy1987/GenePy-2,weak topic/path/data-type evidence,Not in Tiers 1-5; weak-candidate evidence only. Retained for completeness and not recommended for regression.,yes
43117,Deep neural modular genetic networks,Tier 6,weak_candidate,no,family_neuralcvd,https://github.com/DhanushB2000/NeuralCVD; https://github.com/HaibinLi0817/NeuralCVD; https://github.com/YanLuoCityU/NeuralCVD; https://github.com/yanranwang/NeuralCVD,weak topic/path/data-type evidence,Not in Tiers 1-5; weak-candidate evidence only. Retained for completeness and not recommended for regression.,yes
43140,Evaluation of deep learning in capturing epistatic effect,Tier 6,weak_candidate,no,family_main-pipeline-and-images-based-models-pipeline-deep-learning-and-aging-main-pipeline-and-images-based-models-pipeline,https://github.com/deep-learning-and-aging/main-pipeline-and-images-based-models-pipeline; https://github.com/Deep-Learning-and-Aging/Main-pipeline-and-Images-based-models-pipeline,weak topic/path/data-type evidence,Not in Tiers 1-5; weak-candidate evidence only. Retained for completeness and not recommended for regression.,yes
43332,Latent phenotypes of impulsivity,Tier 6,weak_candidate,no,family_fundus-project; family_gxsex; family_ukbgwas; family_ukbiobank-knockoffs,https://github.com/joshoch7/fundus_project; https://github.com/harpak-lab/GxSex; https://github.com/lizhihao1990/ukbgwas; https://github.com/LuZhangH/ukbiobank_knockoffs; https://github.com/zren94/ukbiobank_knockoffs,weak topic/path/data-type evidence,Not in Tiers 1-5; weak-candidate evidence only. Retained for completeness and not recommended for regression.,yes
43384,Identification of cardiac structure via MRI for 3D printing,Tier 6,weak_candidate,no,family_t40-rsfmri; family_ukb-api,https://github.com/Kakashi-sensei/T40_rsfMRI; https://github.com/batmanlab/ukb_api; https://github.com/tighu20/ukb_api,weak topic/path/data-type evidence,Not in Tiers 1-5; weak-candidate evidence only. Retained for completeness and not recommended for regression.,yes
43397,"Multivariate analysis of phenome, genome relationships using large EHR/Biobank data: a `big data` discovery approach towards personalized medicine",Tier 6,weak_candidate,no,family_ehr,https://github.com/mjfalaguera/EHR,weak topic/path/data-type evidence,Not in Tiers 1-5; weak-candidate evidence only. Retained for completeness and not recommended for regression.,yes
43769,Epidemiology and genetics of non-communicable diseases in South Asians,Tier 6,weak_candidate,no,family_imds-wes,https://github.com/jjrun-11/IMDs_WES,weak topic/path/data-type evidence,Not in Tiers 1-5; weak-candidate evidence only. Retained for completeness and not recommended for regression.,yes
43920,The epidemiology of infectious diseases within UK Biobank,Tier 6,weak_candidate,no,family_jm-gwas,https://github.com/pebblets/JM-GWAS; https://github.com/Sandyyy123/JM-GWAS; https://github.com/xiechengyong123/JM-GWAS; https://github.com/zerland/JM-GWAS,weak topic/path/data-type evidence,Not in Tiers 1-5; weak-candidate evidence only. Retained for completeness and not recommended for regression.,yes
43983,"Genomic inversions, life-style and environment as joint risk factors for common complex diseases",Tier 6,weak_candidate,no,family_ukb-download-and-prep-template,https://github.com/lenamax2355/ukb_download_and_prep_template,weak topic/path/data-type evidence,Not in Tiers 1-5; weak-candidate evidence only. Retained for completeness and not recommended for regression.,yes
44080,SNP-Biomarker Interactions in Blood Pressure Regulation,Tier 6,weak_candidate,no,family_ukbb-gwas-dev,https://github.com/ashwinas88/UKBB_GWAS_dev; https://github.com/LingTuo/UKBB_GWAS_dev,weak topic/path/data-type evidence,Not in Tiers 1-5; weak-candidate evidence only. Retained for completeness and not recommended for regression.,yes
44108,Predictive value of the structural connectome using machine learning,Tier 6,weak_candidate,no,family_proteomics-ukbb,https://github.com/Fmerella/Proteomics_UKBB-,weak topic/path/data-type evidence,Not in Tiers 1-5; weak-candidate evidence only. Retained for completeness and not recommended for regression.,yes
44521,Do childhood circumstances predict later life loneliness?,Tier 6,weak_candidate,no,family_predict-cahd-by-ecg-on-uk-biobank,https://github.com/IFF-0303/Predict_CAHD_by_ECG_on_UK_Biobank,weak topic/path/data-type evidence,Not in Tiers 1-5; weak-candidate evidence only. Retained for completeness and not recommended for regression.,yes
44545,Genomic Predictors of Human Blood Pressure,Tier 6,weak_candidate,no,family_ukbb-gwas-dev,https://github.com/ashwinas88/UKBB_GWAS_dev; https://github.com/LingTuo/UKBB_GWAS_dev,weak topic/path/data-type evidence,Not in Tiers 1-5; weak-candidate evidence only. Retained for completeness and not recommended for regression.,yes
44566,Genetic and non-genetic factors able to predict and modify the risk of different types of cancer,Tier 6,weak_candidate,no,family_predict-cahd-by-ecg-on-uk-biobank,https://github.com/IFF-0303/Predict_CAHD_by_ECG_on_UK_Biobank,weak topic/path/data-type evidence,Not in Tiers 1-5; weak-candidate evidence only. Retained for completeness and not recommended for regression.,yes
44578,Phenotypic characterization of genetic variants associated with sex steroid differences,Tier 6,weak_candidate,no,family_ukbbcov2risk,https://github.com/kennethcywong/ukbbcov2risk,weak topic/path/data-type evidence,Not in Tiers 1-5; weak-candidate evidence only. Retained for completeness and not recommended for regression.,yes
44606,Identifying long runs of homozygosity in the UK Biobank,Tier 6,weak_candidate,no,family_postincredible_ukbb,https://github.com/postincredible/ukbb,weak topic/path/data-type evidence,Not in Tiers 1-5; weak-candidate evidence only. Retained for completeness and not recommended for regression.,yes
45075,Machine-Learning to Bridge Heterogeneity in Clinical Data Resources and Optimize Model Generation,Tier 6,weak_candidate,no,family_cnv-ukb,https://github.com/GeneticResources/cnv-ukb,weak topic/path/data-type evidence,Not in Tiers 1-5; weak-candidate evidence only. Retained for completeness and not recommended for regression.,yes
45258,Neural correlates of Parkinson's disease dementia,Tier 6,weak_candidate,no,family_neuralcvd,https://github.com/DhanushB2000/NeuralCVD; https://github.com/HaibinLi0817/NeuralCVD; https://github.com/YanLuoCityU/NeuralCVD; https://github.com/yanranwang/NeuralCVD,weak topic/path/data-type evidence,Not in Tiers 1-5; weak-candidate evidence only. Retained for completeness and not recommended for regression.,yes
45420,Molecular underpinnings of resting-state fMRI,Tier 6,weak_candidate,no,family_master-thesis; family_t40-rsfmri; family_ukbbmriutils,https://github.com/nickathans/master-thesis; https://github.com/Kakashi-sensei/T40_rsfMRI; https://github.com/STALICLA-RnD/UkbbMriUtils,weak topic/path/data-type evidence,Not in Tiers 1-5; weak-candidate evidence only. Retained for completeness and not recommended for regression.,yes
45477,Deciphering AMD by deep phenotyping and machine learning- PINNACLE,Tier 6,weak_candidate,no,family_ukbphenotyping,https://github.com/hoffman2/ukbPhenotyping,weak topic/path/data-type evidence,Not in Tiers 1-5; weak-candidate evidence only. Retained for completeness and not recommended for regression.,yes
45611,Genome-wide cross-trait analysis for genetic architecture of pan-cancer by UK Biobank,Tier 6,weak_candidate,no,family_sophia-cross-sectional,https://github.com/JackW7777/SOPHIA_Cross_Sectional; https://github.com/kkk0-000/SOPHIA_Cross_Sectional; https://github.com/sspl33/SOPHIA_Cross_Sectional; https://github.com/zscu/SOPHIA_Cross_Sectional,weak topic/path/data-type evidence,Not in Tiers 1-5; weak-candidate evidence only. Retained for completeness and not recommended for regression.,yes
45624,Combined impact of genetic variants that physically interact in the 3D genome on disease susceptibility,Tier 6,weak_candidate,no,family_sas-sample-extraction; family_uthesis,https://github.com/samarpita-saha293/SAS_sample_extraction; https://github.com/michaelGuo1204/UThesis,weak topic/path/data-type evidence,Not in Tiers 1-5; weak-candidate evidence only. Retained for completeness and not recommended for regression.,yes
45994,Using UK Biobank data to support the Novo Nordisk drug discovery and development pipeline,Tier 6,weak_candidate,no,family_divergence-pipeline; family_uthesis,https://github.com/AdrianHarris96/Divergence_Pipeline; https://github.com/michaelGuo1204/UThesis,weak topic/path/data-type evidence,Not in Tiers 1-5; weak-candidate evidence only. Retained for completeness and not recommended for regression.,yes
46030,A Statistical Framework to Discover Sex-Specific Genetic Effect,Tier 6,weak_candidate,no,family_ukbbcov2risk,https://github.com/kennethcywong/ukbbcov2risk,weak topic/path/data-type evidence,Not in Tiers 1-5; weak-candidate evidence only. Retained for completeness and not recommended for regression.,yes
46053,Genetic potentiators of human language,Tier 6,weak_candidate,no,family_human-sex-ratio,https://github.com/song88180/Human_sex_ratio,weak topic/path/data-type evidence,Not in Tiers 1-5; weak-candidate evidence only. Retained for completeness and not recommended for regression.,yes
46114,"Genetic, environmental and clinical determinants of blood pressure,   kidney health and disease.",Tier 6,weak_candidate,no,family_junnh_ukbb,https://github.com/Junnh/UKBB,weak topic/path/data-type evidence,Not in Tiers 1-5; weak-candidate evidence only. Retained for completeness and not recommended for regression.,yes
46263,Development of cross-phenotype meta-analysis methods that can account for effect size heterogeneity between diseases and sample overlap,Tier 6,weak_candidate,no,family_code-examples; family_mtswirl; family_sophia-cross-sectional,https://github.com/miguelmspereira/code-examples; https://github.com/jessicaway/mtSwirl; https://github.com/Victory-Hugo/mtSwirl; https://github.com/JackW7777/SOPHIA_Cross_Sectional; https://github.com/kkk0-000/SOPHIA_Cross_Sectional; https://github.com/sspl33/SOPHIA_Cross_Sectional; https://github.com/zscu/SOPHIA_Cross_Sectional,weak topic/path/data-type evidence,Not in Tiers 1-5; weak-candidate evidence only. Retained for completeness and not recommended for regression.,yes
46704,Antidepressant use and risk of morbidity and mortality: a population-based cohort study,Tier 6,weak_candidate,no,family_retinapd,https://github.com/hewramanwaran/RetinaPD,weak topic/path/data-type evidence,Not in Tiers 1-5; weak-candidate evidence only. Retained for completeness and not recommended for regression.,yes
46791,Detecting gene-gene interaction effect on blood cell traits by neural networks,Tier 6,weak_candidate,no,family_neuralcvd,https://github.com/DhanushB2000/NeuralCVD; https://github.com/HaibinLi0817/NeuralCVD; https://github.com/YanLuoCityU/NeuralCVD; https://github.com/yanranwang/NeuralCVD,weak topic/path/data-type evidence,Not in Tiers 1-5; weak-candidate evidence only. Retained for completeness and not recommended for regression.,yes
46961,Hidden scarcity: Commuting induced time poverty and healthy lifestyles of low SES subjects,Tier 6,weak_candidate,no,family_mh-in-ukb,https://github.com/tongluobing/MH_in_UKB,weak topic/path/data-type evidence,Not in Tiers 1-5; weak-candidate evidence only. Retained for completeness and not recommended for regression.,yes
47279,Modelling dementia risk in real-world clinical and population data,Tier 6,weak_candidate,no,family_junnh_ukbb,https://github.com/Junnh/UKBB,weak topic/path/data-type evidence,Not in Tiers 1-5; weak-candidate evidence only. Retained for completeness and not recommended for regression.,yes
47349,Genetic association analysis for brain imaging phenotypes in Alzheimer's Disease,Tier 6,weak_candidate,no,family_fundus-project; family_genetic-association; family_ukbiobank-knockoffs,https://github.com/joshoch7/fundus_project; https://github.com/Swadha22/Genetic_association; https://github.com/LuZhangH/ukbiobank_knockoffs; https://github.com/zren94/ukbiobank_knockoffs,weak topic/path/data-type evidence,Not in Tiers 1-5; weak-candidate evidence only. Retained for completeness and not recommended for regression.,yes
47618,Lifestyle and genetic factors and bladder cancer risk,Tier 6,weak_candidate,no,family_ukb-bmi,https://github.com/mariaratnasamy/ukb_bmi,weak topic/path/data-type evidence,Not in Tiers 1-5; weak-candidate evidence only. Retained for completeness and not recommended for regression.,yes
47832,Predicting Alzheimer's disease risk with polygenic and non-genetic risk factors.,Tier 6,weak_candidate,no,family_imds-wes,https://github.com/jjrun-11/IMDs_WES,weak topic/path/data-type evidence,Not in Tiers 1-5; weak-candidate evidence only. Retained for completeness and not recommended for regression.,yes
48008,Hormone processing in health and disease,Tier 6,weak_candidate,no,family_biobankread; family_idears-orig; family_ukb-download-and-prep-template; family_ukb-processing-nf,https://github.com/yzharold/BiobankRead; https://github.com/MikeAllwright23/idears_orig; https://github.com/lenamax2355/ukb_download_and_prep_template; https://github.com/VyasPillai/ukb_processing-nf,weak topic/path/data-type evidence,Not in Tiers 1-5; weak-candidate evidence only. Retained for completeness and not recommended for regression.,yes
48012,Population Stratification in Risk Prediction Models,Tier 6,weak_candidate,no,family_diabetes-prediction; family_im; family_retinapd; family_ukb-atherosclerosis-prediction; family_ukb-nmr-cvd-prediction,https://github.com/Haileygu99/diabetes_prediction; https://github.com/laura-riedel/IM; https://github.com/hewramanwaran/RetinaPD; https://github.com/OmriGruman/ukb-atherosclerosis-prediction; https://github.com/YanLuoCityU/UKB_NMR_CVD_prediction,weak topic/path/data-type evidence,Not in Tiers 1-5; weak-candidate evidence only. Retained for completeness and not recommended for regression.,yes
48031,Whole Genome Imputation of UK Biobank participants in partnership with Genomics England,Tier 6,weak_candidate,no,family_shapeit5,https://github.com/23andme-jaredo/shapeit5; https://github.com/barneyhill/shapeit5; https://github.com/JosephLalli/shapeit5; https://github.com/M-Hakmi/shapeit5; https://github.com/RimanB/shapeit5; https://github.com/rwk-unil/shapeit5; https://github.com/sunrisefor/shapeit5; https://github.com/Toseph/shapeit5; https://github.com/victorasua/shapeit5,weak topic/path/data-type evidence,Not in Tiers 1-5; weak-candidate evidence only. Retained for completeness and not recommended for regression.,yes
48049,Multi-Omic Characterization of Common Disease States through Polygenic Modeling,Tier 6,weak_candidate,no,family_ukb-download-and-prep-template,https://github.com/lenamax2355/ukb_download_and_prep_template,weak topic/path/data-type evidence,Not in Tiers 1-5; weak-candidate evidence only. Retained for completeness and not recommended for regression.,yes
48134,Understand Alzheimer's disease characterized by brain imaging phenotype,Tier 6,weak_candidate,no,family_congele-msc,https://github.com/Arnoldzyf/ConGele_MSc,weak topic/path/data-type evidence,Not in Tiers 1-5; weak-candidate evidence only. Retained for completeness and not recommended for regression.,yes
48335,Whole-Genome Genetic Risk Factors,Tier 6,weak_candidate,no,family_gxsex,https://github.com/harpak-lab/GxSex,weak topic/path/data-type evidence,Not in Tiers 1-5; weak-candidate evidence only. Retained for completeness and not recommended for regression.,yes
48422,"Gene-environment interaction study on obesity, body mass index, and waist circumference",Tier 6,weak_candidate,no,family_gxsex,https://github.com/harpak-lab/GxSex,weak topic/path/data-type evidence,Not in Tiers 1-5; weak-candidate evidence only. Retained for completeness and not recommended for regression.,yes
48511,"Reprocessing and joint calling of UKBB exomes with gnomAD, genotype-phenotype analysis and open release via dedicated portals",Tier 6,weak_candidate,no,family_ehr; family_latinos-in-ukbb; family_lizhihao1990_ukbb; family_ukbb-1; family_ukbb-asthma; family_ukbb-data-r; family_ukbb-risk; family_ukbbmodriskr; family_zhishenppp_ukbb,https://github.com/mjfalaguera/EHR; https://github.com/huytrain42/Latinos-in-UKBB; https://github.com/lizhihao1990/ukbb; https://github.com/HongyuanWu/ukbb-1; https://github.com/Shicheng-Guo/ukbb-1; https://github.com/keerveer/ukbb_asthma; https://github.com/swbiggs4/ukbb_asthma; https://github.com/12sbxu/ukbb_data_r; https://github.com/IFF-0303/ukbb_risk; https://github.com/rrrrrs1/UKBBModRiskR; https://github.com/zhishenPPP/ukbb,weak topic/path/data-type evidence,Not in Tiers 1-5; weak-candidate evidence only. Retained for completeness and not recommended for regression.,yes
48915,The Impact of Second-hits on Putative Psychiatric Phenotypes in Synaptopathy CNV Carriers in the UK Biobank.,Tier 6,weak_candidate,no,family_cnv-ukb,https://github.com/GeneticResources/cnv-ukb,weak topic/path/data-type evidence,Not in Tiers 1-5; weak-candidate evidence only. Retained for completeness and not recommended for regression.,yes
49351,Risk factors for morbidity and mortality,Tier 6,weak_candidate,no,family_ukbfrailty,https://github.com/becomingcc/ukbfrailty,weak topic/path/data-type evidence,Not in Tiers 1-5; weak-candidate evidence only. Retained for completeness and not recommended for regression.,yes
49572,Risk factors for chronic pain,Tier 6,weak_candidate,no,family_pain-proteomics; family_ukbfrailty,https://github.com/Frank-HQZ/Pain_Proteomics; https://github.com/becomingcc/ukbfrailty,weak topic/path/data-type evidence,Not in Tiers 1-5; weak-candidate evidence only. Retained for completeness and not recommended for regression.,yes
49749,Neuroimaging-based prediction of brain age and cognition,Tier 6,weak_candidate,no,family_congele-msc,https://github.com/Arnoldzyf/ConGele_MSc,weak topic/path/data-type evidence,Not in Tiers 1-5; weak-candidate evidence only. Retained for completeness and not recommended for regression.,yes
49899,Exome sequence analysis of endometriosis,Tier 6,weak_candidate,no,family_ukb-exome,https://github.com/OxWearables/ukb_exome,weak topic/path/data-type evidence,Not in Tiers 1-5; weak-candidate evidence only. Retained for completeness and not recommended for regression.,yes
49978,Copy number variation from whole exome sequencing in the UK Biobank,Tier 6,weak_candidate,no,family_ukb-exome,https://github.com/OxWearables/ukb_exome,weak topic/path/data-type evidence,Not in Tiers 1-5; weak-candidate evidence only. Retained for completeness and not recommended for regression.,yes
50000,Using human population sequencing data to explore protein structure and function,Tier 6,weak_candidate,no,family_amml-disentangling-structure-from-detail,https://github.com/danilayDH/AMML-Disentangling-Structure-from-Detail,weak topic/path/data-type evidence,Not in Tiers 1-5; weak-candidate evidence only. Retained for completeness and not recommended for regression.,yes
50071,"Vegan, vegetarian and omnivore dietary patterns - their impact on the metabolic profiles, body composition and   cardiovascular health:  A nutri-genetic exploration",Tier 6,weak_candidate,no,family_biobankread,https://github.com/yzharold/BiobankRead,weak topic/path/data-type evidence,Not in Tiers 1-5; weak-candidate evidence only. Retained for completeness and not recommended for regression.,yes
50141,Identification and analysis of genetic variants associated to multivariate phenotypes,Tier 6,weak_candidate,no,family_ukbb-gwas-dev; family_ukbiobank-knockoffs,https://github.com/ashwinas88/UKBB_GWAS_dev; https://github.com/LingTuo/UKBB_GWAS_dev; https://github.com/LuZhangH/ukbiobank_knockoffs; https://github.com/zren94/ukbiobank_knockoffs,weak topic/path/data-type evidence,Not in Tiers 1-5; weak-candidate evidence only. Retained for completeness and not recommended for regression.,yes
50461,Respiratory difficulties in people suffering from clinical anxiety,Tier 6,weak_candidate,no,family_junnh_ukbb,https://github.com/Junnh/UKBB,weak topic/path/data-type evidence,Not in Tiers 1-5; weak-candidate evidence only. Retained for completeness and not recommended for regression.,yes
50529,Determinants of somatic mutation variability in the UK Biobank population,Tier 6,weak_candidate,no,family_retinapd,https://github.com/hewramanwaran/RetinaPD,weak topic/path/data-type evidence,Not in Tiers 1-5; weak-candidate evidence only. Retained for completeness and not recommended for regression.,yes
50658,Multi-modal machine learning risk models for cardiovascular disease,Tier 6,weak_candidate,no,family_im,https://github.com/laura-riedel/IM,weak topic/path/data-type evidence,Not in Tiers 1-5; weak-candidate evidence only. Retained for completeness and not recommended for regression.,yes
51174,Phenome-wide study of blood groups in the UK Biobank,Tier 6,weak_candidate,no,family_postincredible_ukbb,https://github.com/postincredible/ukbb,weak topic/path/data-type evidence,Not in Tiers 1-5; weak-candidate evidence only. Retained for completeness and not recommended for regression.,yes
51296,"Machine Learning Analysis of Brain Images, Behaviors and Genotypes to Understand Aging and Mental Disorders",Tier 6,weak_candidate,no,family_cnv-ukb,https://github.com/GeneticResources/cnv-ukb,weak topic/path/data-type evidence,Not in Tiers 1-5; weak-candidate evidence only. Retained for completeness and not recommended for regression.,yes
51518,Segmented Analysis of Whole Genomes.,Tier 6,weak_candidate,no,family_gxsex; family_ukb-brain-symptoms-clustering,https://github.com/harpak-lab/GxSex; https://github.com/ajpag/ukb-brain-symptoms-clustering,weak topic/path/data-type evidence,Not in Tiers 1-5; weak-candidate evidence only. Retained for completeness and not recommended for regression.,yes
51587,Surface based neuroimaging analysis to advance understanding of neurologic conditions,Tier 6,weak_candidate,no,family_biv-volumetric-meshing,https://github.com/kiwixiao/biv-volumetric-meshing,weak topic/path/data-type evidence,Not in Tiers 1-5; weak-candidate evidence only. Retained for completeness and not recommended for regression.,yes
51659,Statistical Analysis of Human Brain Connectomes,Tier 6,weak_candidate,no,family_congele-msc,https://github.com/Arnoldzyf/ConGele_MSc,weak topic/path/data-type evidence,Not in Tiers 1-5; weak-candidate evidence only. Retained for completeness and not recommended for regression.,yes
51663,Fine-scale mapping between genetic variants and health-related traits in a general population,Tier 6,weak_candidate,no,family_idears-orig,https://github.com/MikeAllwright23/idears_orig,weak topic/path/data-type evidence,Not in Tiers 1-5; weak-candidate evidence only. Retained for completeness and not recommended for regression.,yes
51784,Genetic markers and biomarkers for age-related diseases,Tier 6,weak_candidate,no,family_bnn-for-uncertainty-estimation-of-imaging-biomarkers; family_ukb-bioage-cancer; family_ukb-tools,https://github.com/suyanzhou626/BNN-for-Uncertainty-Estimation-of-Imaging-Biomarkers; https://github.com/becomingcc/UKB_bioage_cancer; https://github.com/12sbxu/ukb-tools; https://github.com/magdazeb/ukb-tools,weak topic/path/data-type evidence,Not in Tiers 1-5; weak-candidate evidence only. Retained for completeness and not recommended for regression.,yes
51933,Assessing NTRK1 SNPs in pain disorders,Tier 6,weak_candidate,no,family_pain-proteomics,https://github.com/Frank-HQZ/Pain_Proteomics,weak topic/path/data-type evidence,Not in Tiers 1-5; weak-candidate evidence only. Retained for completeness and not recommended for regression.,yes
52049,The genetic basis of sex-specific fitness variation in humans,Tier 6,weak_candidate,no,family_ukbbcov2risk,https://github.com/kennethcywong/ukbbcov2risk,weak topic/path/data-type evidence,Not in Tiers 1-5; weak-candidate evidence only. Retained for completeness and not recommended for regression.,yes
52374,Genetic architecture of human phenotypes,Tier 6,weak_candidate,no,family_fundus-project; family_gxsex; family_human-sex-ratio; family_ukbgwas; family_ukbiobank-knockoffs,https://github.com/joshoch7/fundus_project; https://github.com/harpak-lab/GxSex; https://github.com/song88180/Human_sex_ratio; https://github.com/lizhihao1990/ukbgwas; https://github.com/LuZhangH/ukbiobank_knockoffs; https://github.com/zren94/ukbiobank_knockoffs,weak topic/path/data-type evidence,Not in Tiers 1-5; weak-candidate evidence only. Retained for completeness and not recommended for regression.,yes
52480,Polygenic and Omnigenic Phenotype Risk Prediction with Machine Learning,Tier 6,weak_candidate,no,family_ukb-gen-clocks,https://github.com/Euskal-Oxcitas-Biotek/UKB-gen-clocks,weak topic/path/data-type evidence,Not in Tiers 1-5; weak-candidate evidence only. Retained for completeness and not recommended for regression.,yes
52498,Identifying Biomarkers and Biotypes for Mental Health Conditions,Tier 6,weak_candidate,no,family_bnn-for-uncertainty-estimation-of-imaging-biomarkers,https://github.com/suyanzhou626/BNN-for-Uncertainty-Estimation-of-Imaging-Biomarkers,weak topic/path/data-type evidence,Not in Tiers 1-5; weak-candidate evidence only. Retained for completeness and not recommended for regression.,yes
52569,A phenome-wide association analysis and Mendelian Randomisation analysis on metabolic features detected by untargetted metabolomics,Tier 6,weak_candidate,no,family_ukbb-risk; family_ukbpheno,https://github.com/IFF-0303/ukbb_risk; https://github.com/BakerMetabolomics/ukbpheno; https://github.com/kkukendrarajah/ukbpheno; https://github.com/magdazeb/ukbpheno; https://github.com/Neri0304/ukbpheno; https://github.com/stefanogg/ukbpheno; https://github.com/Tafelplankje/ukbpheno; https://github.com/yuehuang-gh/ukbpheno,weak topic/path/data-type evidence,Not in Tiers 1-5; weak-candidate evidence only. Retained for completeness and not recommended for regression.,yes
53026,Common and rare TRAF3 variants influence B cell survival and immunoglobulin levels,Tier 6,weak_candidate,no,family_uk-biobank-survival,https://github.com/gerstung-lab/uk_biobank_survival; https://github.com/rrrrrs1/uk_biobank_survival,weak topic/path/data-type evidence,Not in Tiers 1-5; weak-candidate evidence only. Retained for completeness and not recommended for regression.,yes
53061,Genotype-Phenotype analysis of genetic kidney and liver diseases,Tier 6,weak_candidate,no,family_jm-gwas,https://github.com/pebblets/JM-GWAS; https://github.com/Sandyyy123/JM-GWAS; https://github.com/xiechengyong123/JM-GWAS; https://github.com/zerland/JM-GWAS,weak topic/path/data-type evidence,Not in Tiers 1-5; weak-candidate evidence only. Retained for completeness and not recommended for regression.,yes
53246,Deep Phenotyping of Major Depressive Disorder in Adults,Tier 6,weak_candidate,no,family_ukbphenotyping,https://github.com/hoffman2/ukbPhenotyping,weak topic/path/data-type evidence,Not in Tiers 1-5; weak-candidate evidence only. Retained for completeness and not recommended for regression.,yes
53308,Predictive Models for Cardio-Metabolic Disease: a Machine Learning Approach,Tier 6,weak_candidate,no,family_im; family_tds-project; family_ukb-gen-clocks,https://github.com/laura-riedel/IM; https://github.com/N-cizauskas/TDS_Project; https://github.com/Euskal-Oxcitas-Biotek/UKB-gen-clocks,weak topic/path/data-type evidence,Not in Tiers 1-5; weak-candidate evidence only. Retained for completeness and not recommended for regression.,yes
53331,"Predicting antidepressant non-remission in late-life depression as a function of neurodegenerative and cerebrovascular comorbidities, using genomic machine-learning models",Tier 6,weak_candidate,no,family_tds-project,https://github.com/N-cizauskas/TDS_Project,weak topic/path/data-type evidence,Not in Tiers 1-5; weak-candidate evidence only. Retained for completeness and not recommended for regression.,yes
53354,"Association of male infertility genotypes on mortality, cancer, and cardiovascular disease",Tier 6,weak_candidate,no,family_cnv-ukb,https://github.com/GeneticResources/cnv-ukb,weak topic/path/data-type evidence,Not in Tiers 1-5; weak-candidate evidence only. Retained for completeness and not recommended for regression.,yes
53602,"Development of Personalised Screening Models for Melanoma and Breast, Colorectal and Prostate Cancers.",Tier 6,weak_candidate,no,family_tds-project,https://github.com/N-cizauskas/TDS_Project,weak topic/path/data-type evidence,Not in Tiers 1-5; weak-candidate evidence only. Retained for completeness and not recommended for regression.,yes
53618,An examination of the association between germline genetic polymorphisms and urinary bladder cancer survival,Tier 6,weak_candidate,no,family_uk-biobank-survival,https://github.com/gerstung-lab/uk_biobank_survival; https://github.com/rrrrrs1/uk_biobank_survival,weak topic/path/data-type evidence,Not in Tiers 1-5; weak-candidate evidence only. Retained for completeness and not recommended for regression.,yes
53639,Genetics of the comorbidities of cardiometabolic diseases,Tier 6,weak_candidate,no,family_jm-gwas; family_metabolomicscommondiseases,https://github.com/pebblets/JM-GWAS; https://github.com/Sandyyy123/JM-GWAS; https://github.com/xiechengyong123/JM-GWAS; https://github.com/zerland/JM-GWAS; https://github.com/chengluomilk/MetabolomicsCommonDiseases; https://github.com/YanLuoCityU/MetabolomicsCommonDiseases; https://github.com/zlpsophina/MetabolomicsCommonDiseases,weak topic/path/data-type evidence,Not in Tiers 1-5; weak-candidate evidence only. Retained for completeness and not recommended for regression.,yes
53723,Investigation of NAFLD/NASH biomarkers and development of predictive models Using Machine Learning Methods,Tier 6,weak_candidate,no,family_tds-project,https://github.com/N-cizauskas/TDS_Project,weak topic/path/data-type evidence,Not in Tiers 1-5; weak-candidate evidence only. Retained for completeness and not recommended for regression.,yes
53775,Leveraging the power of Big Data to build more accurate models of neuro-anatomical and genetic variation: applications in neurodevelopmental research,Tier 6,weak_candidate,no,family_ukb-download-and-prep-template,https://github.com/IFF-0303/ukb_download_and_prep_template; https://github.com/Jacob-X/ukb_download_and_prep_template,weak topic/path/data-type evidence,Not in Tiers 1-5; weak-candidate evidence only. Retained for completeness and not recommended for regression.,yes
53781,Comparison of HLA imputed genotype of the general population versus population with incidence of cancer.,Tier 6,weak_candidate,no,family_idears-orig,https://github.com/MikeAllwright23/idears_orig,weak topic/path/data-type evidence,Not in Tiers 1-5; weak-candidate evidence only. Retained for completeness and not recommended for regression.,yes
53832,Genetics of early-onset colorectal cancer,Tier 6,weak_candidate,no,family_ukbb-gwas-dev,https://github.com/ashwinas88/UKBB_GWAS_dev; https://github.com/LingTuo/UKBB_GWAS_dev,weak topic/path/data-type evidence,Not in Tiers 1-5; weak-candidate evidence only. Retained for completeness and not recommended for regression.,yes
53995,Quantitative genotype-phenotype prediction using deep probabilistic models to integrate standing human genetic variation and variation across all of evolution and clinical datatypes,Tier 6,weak_candidate,no,family_uk-biobank-gcg,https://github.com/sblg/UK-Biobank-GCG,weak topic/path/data-type evidence,Not in Tiers 1-5; weak-candidate evidence only. Retained for completeness and not recommended for regression.,yes
54124,Learning models for predicting lab values from genetic data,Tier 6,weak_candidate,no,family_cancerrisk; family_im; family_main-pipeline-and-images-based-models-pipeline-deep-learning-and-aging-main-pipeline-and-images-based-models-pipeline; family_uk-biobank-survival,https://github.com/gerstung-lab/CancerRisk; https://github.com/laura-riedel/IM; https://github.com/deep-learning-and-aging/main-pipeline-and-images-based-models-pipeline; https://github.com/Deep-Learning-and-Aging/Main-pipeline-and-Images-based-models-pipeline; https://github.com/gerstung-lab/uk_biobank_survival,weak topic/path/data-type evidence,Not in Tiers 1-5; weak-candidate evidence only. Retained for completeness and not recommended for regression.,yes
54176,GWAS of metabolic syndrome and its components,Tier 6,weak_candidate,no,family_gwas-phenotype; family_prs-height-admixed-populations; family_ptrs-ukb; family_udip-vit; family_ukb-gwaspipeline-subcorticalregions; family_viciousjoon_ukbiobank,https://github.com/albbaous/GWAS_phenotype; https://github.com/Shicheng-Guo/PRS_Height_Admixed_Populations; https://github.com/CuihuaXia/ptrs-ukb; https://github.com/emyanuthomas/ptrs-ukb; https://github.com/hakyimlab/ptrs-ukb; https://github.com/cind/UDIP-ViT; https://github.com/SkylerZhou/UKB_GWASpipeline_SubcorticalRegions; https://github.com/viciousjoon/ukbiobank,weak topic/path/data-type evidence,Not in Tiers 1-5; weak-candidate evidence only. Retained for completeness and not recommended for regression.,yes
54239,Exploring the genetic architecture of age-related hearing impairment,Tier 6,weak_candidate,no,family_ukb-bioage-cancer; family_ukb-tools,https://github.com/becomingcc/UKB_bioage_cancer; https://github.com/12sbxu/ukb-tools; https://github.com/magdazeb/ukb-tools,weak topic/path/data-type evidence,Not in Tiers 1-5; weak-candidate evidence only. Retained for completeness and not recommended for regression.,yes
54389,"Frequency, phenotypic spectrum, and penetrance of pathogenic variation in cancer susceptibility genes in the general population",Tier 6,weak_candidate,no,family_cancerrisk; family_ukb-processing-nf,https://github.com/alexwjung/CancerRisk; https://github.com/gerstung-lab/CancerRisk; https://github.com/VyasPillai/ukb_processing-nf,weak topic/path/data-type evidence,Not in Tiers 1-5; weak-candidate evidence only. Retained for completeness and not recommended for regression.,yes
54406,Evaluating genetic risk of comorbidities in subjects with psychiatric disease.,Tier 6,weak_candidate,no,family_mh-in-ukb,https://github.com/tongluobing/MH_in_UKB,weak topic/path/data-type evidence,Not in Tiers 1-5; weak-candidate evidence only. Retained for completeness and not recommended for regression.,yes
54717,Data-driven identification of a drug's disease-modifying potential outside its main indication area,Tier 6,weak_candidate,no,family_cancerrisk; family_lronan_ukb; family_margulies_ukb; family_transconnectome_ukb; family_zeigar_ukb; family_zoonono_ukb,https://github.com/alexwjung/CancerRisk; https://github.com/gerstung-lab/CancerRisk; https://github.com/lronan/UKB; https://github.com/margulies/UKB; https://github.com/Transconnectome/UKB; https://github.com/Zeigar/UKB; https://github.com/zoonono/UKB,weak topic/path/data-type evidence,Not in Tiers 1-5; weak-candidate evidence only. Retained for completeness and not recommended for regression.,yes
54888,Exploration of tSNE and DBScan for the identification of patient subpopulations in Electronic Health Records using International Classification of Disease (ICD)codes.,Tier 6,weak_candidate,no,family_ehr; family_ukb-oligo,https://github.com/mjfalaguera/EHR; https://github.com/mariaratnasamy/ukb_oligo,weak topic/path/data-type evidence,Not in Tiers 1-5; weak-candidate evidence only. Retained for completeness and not recommended for regression.,yes
55274,Age Prediction from NeuroImaging and Genetic Profiles,Tier 6,weak_candidate,no,family_congele-msc; family_diabetes-prediction; family_ukb-atherosclerosis-prediction; family_ukb-bioage-cancer; family_ukb-nmr-cvd-prediction; family_ukb-tools,https://github.com/Arnoldzyf/ConGele_MSc; https://github.com/Haileygu99/diabetes_prediction; https://github.com/OmriGruman/ukb-atherosclerosis-prediction; https://github.com/becomingcc/UKB_bioage_cancer; https://github.com/YanLuoCityU/UKB_NMR_CVD_prediction; https://github.com/12sbxu/ukb-tools; https://github.com/magdazeb/ukb-tools,weak topic/path/data-type evidence,Not in Tiers 1-5; weak-candidate evidence only. Retained for completeness and not recommended for regression.,yes
55337,Understanding Alzheimer's Disease in the Context of the Aging,Tier 6,weak_candidate,no,family_exposome-aging-ukb; family_test-exposome-aging-ukb,https://github.com/rrrrrs1/exposome-aging-ukb; https://github.com/okoropaulc/test_exposome_aging_ukb,weak topic/path/data-type evidence,Not in Tiers 1-5; weak-candidate evidence only. Retained for completeness and not recommended for regression.,yes
55495,Determination of correlations between polygenic risk scores of 40 traits and actual outcomes using 500.000 individuals,Tier 6,weak_candidate,no,family_sophia-cross-sectional,https://github.com/kkk0-000/SOPHIA_Cross_Sectional,weak topic/path/data-type evidence,Not in Tiers 1-5; weak-candidate evidence only. Retained for completeness and not recommended for regression.,yes
55532,Integrating the impact of exome variations,Tier 6,weak_candidate,no,family_ukb-exome,https://github.com/OxWearables/ukb_exome,weak topic/path/data-type evidence,Not in Tiers 1-5; weak-candidate evidence only. Retained for completeness and not recommended for regression.,yes
55634,Validation of automated analysis method on cardiac MRI image data,Tier 6,weak_candidate,no,family_t40-rsfmri; family_ukbbmriutils,https://github.com/Kakashi-sensei/T40_rsfMRI; https://github.com/STALICLA-RnD/UkbbMriUtils,weak topic/path/data-type evidence,Not in Tiers 1-5; weak-candidate evidence only. Retained for completeness and not recommended for regression.,yes
55681,Analysis of variants with low minor allele frequency in the UKBiobank cohort,Tier 6,weak_candidate,no,family_anyalasagne1_ukbiobank; family_biobankread; family_bis687-capstone-group-8; family_cancerrisk; family_genepy-2; family_genotype-errors; family_prs-dash-boxplot-app; family_rooty29_ukbiobank; family_ukbiobank-ecg; family_ukbiobank-strs; family_ukbiobank-table-conversion; family_zhishenppp_ukbiobank,https://github.com/anyalasagne1/UKBiobank; https://github.com/yzharold/BiobankRead; https://github.com/JingnanBai/BIS687-Capstone-group-8; https://github.com/alexwjung/CancerRisk; https://github.com/gerstung-lab/CancerRisk; https://github.com/parsboy1987/GenePy-2; https://github.com/sylviah23/genotype-errors; https://github.com/NeBruNAI/PRS-dash-boxplot-app; https://github.com/Rooty29/UKBiobank; https://github.com/suniljmanohar/UKBiobank_ECG; https://github.com/YIGUIz/ukbiobank_strs; https://github.com/audoushka/UKBiobank-Table-Conversion; https://github.com/futurologist/UKBiobank-Table-Conversion; https://github.com/Jiangaoshan/UKBiobank-Table-Conversion; https://github.com/lizhihao1990/UKBiobank-Table-Conversion; https://github.com/zhishenPPP/UKBiobank,weak topic/path/data-type evidence,Not in Tiers 1-5; weak-candidate evidence only. Retained for completeness and not recommended for regression.,yes
55699,Identification of shared biomarkers for age-related multimorbidity,Tier 6,weak_candidate,no,family_bnn-for-uncertainty-estimation-of-imaging-biomarkers,https://github.com/suyanzhou626/BNN-for-Uncertainty-Estimation-of-Imaging-Biomarkers,weak topic/path/data-type evidence,Not in Tiers 1-5; weak-candidate evidence only. Retained for completeness and not recommended for regression.,yes
55787,Studying neurodegeneration in glaucoma with quantitative genetics and MRI,Tier 6,weak_candidate,no,family_master-thesis; family_t40-rsfmri; family_ukbbmriutils,https://github.com/nickathans/master-thesis; https://github.com/Kakashi-sensei/T40_rsfMRI; https://github.com/STALICLA-RnD/UkbbMriUtils,weak topic/path/data-type evidence,Not in Tiers 1-5; weak-candidate evidence only. Retained for completeness and not recommended for regression.,yes
55858,The interaction effects of early life exposures and genetic susceptibility on human metabolomics and common metabolic diseases,Tier 6,weak_candidate,no,family_metabolomicscommondiseases,https://github.com/chengluomilk/MetabolomicsCommonDiseases; https://github.com/YanLuoCityU/MetabolomicsCommonDiseases; https://github.com/zlpsophina/MetabolomicsCommonDiseases,weak topic/path/data-type evidence,Not in Tiers 1-5; weak-candidate evidence only. Retained for completeness and not recommended for regression.,yes
55964,Deep Learning Human Genetics to Enhance Discovery of Genetic Disease Associations,Tier 6,weak_candidate,no,family_main-pipeline-and-images-based-models-pipeline-deep-learning-and-aging-main-pipeline-and-images-based-models-pipeline,https://github.com/deep-learning-and-aging/main-pipeline-and-images-based-models-pipeline; https://github.com/Deep-Learning-and-Aging/Main-pipeline-and-Images-based-models-pipeline,weak topic/path/data-type evidence,Not in Tiers 1-5; weak-candidate evidence only. Retained for completeness and not recommended for regression.,yes
56145,Thromboembolic and bleeding complications in cancer patients,Tier 6,weak_candidate,no,family_master-thesis,https://github.com/nickathans/master-thesis,weak topic/path/data-type evidence,Not in Tiers 1-5; weak-candidate evidence only. Retained for completeness and not recommended for regression.,yes
56236,Deep-learning based prediction of Alzheimer's disease using genomics and neuroimaging,Tier 6,weak_candidate,no,family_main-pipeline-and-images-based-models-pipeline-deep-learning-and-aging-main-pipeline-and-images-based-models-pipeline,https://github.com/deep-learning-and-aging/main-pipeline-and-images-based-models-pipeline; https://github.com/Deep-Learning-and-Aging/Main-pipeline-and-Images-based-models-pipeline,weak topic/path/data-type evidence,Not in Tiers 1-5; weak-candidate evidence only. Retained for completeness and not recommended for regression.,yes
56317,Aging Study by Genotype and DNA Methylation in Neural Networks,Tier 6,weak_candidate,no,family_exposome-aging-ukb; family_neuralcvd; family_test-exposome-aging-ukb,https://github.com/rrrrrs1/exposome-aging-ukb; https://github.com/DhanushB2000/NeuralCVD; https://github.com/HaibinLi0817/NeuralCVD; https://github.com/YanLuoCityU/NeuralCVD; https://github.com/yanranwang/NeuralCVD; https://github.com/okoropaulc/test_exposome_aging_ukb,weak topic/path/data-type evidence,Not in Tiers 1-5; weak-candidate evidence only. Retained for completeness and not recommended for regression.,yes
56355,Impact of metformin treatment on brain structure and function,Tier 6,weak_candidate,no,family_amml-disentangling-structure-from-detail,https://github.com/danilayDH/AMML-Disentangling-Structure-from-Detail,weak topic/path/data-type evidence,Not in Tiers 1-5; weak-candidate evidence only. Retained for completeness and not recommended for regression.,yes
56454,Analysis of genetic underpinnings of brain-network features in health and in psychotic disorders,Tier 6,weak_candidate,no,family_ukbb-risk,https://github.com/IFF-0303/ukbb_risk,weak topic/path/data-type evidence,Not in Tiers 1-5; weak-candidate evidence only. Retained for completeness and not recommended for regression.,yes
56579,Influence of genetic architecture on polygenic prediction,Tier 6,weak_candidate,no,family_diabetes-prediction; family_omniprs,https://github.com/Haileygu99/diabetes_prediction; https://github.com/biostatShao/OmniPRS,weak topic/path/data-type evidence,Not in Tiers 1-5; weak-candidate evidence only. Retained for completeness and not recommended for regression.,yes
56580,Cognitive reserve markers and dementia incidence,Tier 6,weak_candidate,no,family_ukbbprodromalpd,https://github.com/samyak1729/ukbbprodromalpd; https://github.com/tolism/ukbbprodromalpd,weak topic/path/data-type evidence,Not in Tiers 1-5; weak-candidate evidence only. Retained for completeness and not recommended for regression.,yes
56648,Genetic Influences on Immigrant Health in Midlife and Older Age,Tier 6,weak_candidate,no,family_ukb-bioage-cancer; family_ukb-tools,https://github.com/becomingcc/UKB_bioage_cancer; https://github.com/12sbxu/ukb-tools; https://github.com/magdazeb/ukb-tools,weak topic/path/data-type evidence,Not in Tiers 1-5; weak-candidate evidence only. Retained for completeness and not recommended for regression.,yes
56800,"Association between non-invasive markers of liver fibrosis and chronic kidney disease in people with type 2 diabetes and the role of PNPLA3, TM6SF2 gene variants: cross-sectional analysis",Tier 6,weak_candidate,no,family_sophia-cross-sectional,https://github.com/JackW7777/SOPHIA_Cross_Sectional; https://github.com/kkk0-000/SOPHIA_Cross_Sectional; https://github.com/sspl33/SOPHIA_Cross_Sectional; https://github.com/zscu/SOPHIA_Cross_Sectional,weak topic/path/data-type evidence,Not in Tiers 1-5; weak-candidate evidence only. Retained for completeness and not recommended for regression.,yes
56987,Classification of asthma patients and identification of group-specific genetic variants,Tier 6,weak_candidate,no,family_bis687-capstone-group-8; family_ukbb-asthma,https://github.com/JingnanBai/BIS687-Capstone-group-8; https://github.com/keerveer/ukbb_asthma; https://github.com/swbiggs4/ukbb_asthma,weak topic/path/data-type evidence,Not in Tiers 1-5; weak-candidate evidence only. Retained for completeness and not recommended for regression.,yes
57428,Software for Heart Chamber Segmentation and Characterization Using MRI,Tier 6,weak_candidate,no,family_t40-rsfmri,https://github.com/Kakashi-sensei/T40_rsfMRI,weak topic/path/data-type evidence,Not in Tiers 1-5; weak-candidate evidence only. Retained for completeness and not recommended for regression.,yes
57519,"Risk factors in migraine: The link to comorbidities, cognition, gender, genetics, exogenous factors and changes in MRI",Tier 6,weak_candidate,no,family_moodie-geneexpression-cognition,https://github.com/JialingFan1/moodie-geneexpression-cognition,weak topic/path/data-type evidence,Not in Tiers 1-5; weak-candidate evidence only. Retained for completeness and not recommended for regression.,yes
57617,Understanding the social outcomes of survivors of critical illness: a cross sectional population study of UK Biobank participants,Tier 6,weak_candidate,no,family_sophia-cross-sectional,https://github.com/JackW7777/SOPHIA_Cross_Sectional; https://github.com/kkk0-000/SOPHIA_Cross_Sectional; https://github.com/sspl33/SOPHIA_Cross_Sectional; https://github.com/zscu/SOPHIA_Cross_Sectional,weak topic/path/data-type evidence,Not in Tiers 1-5; weak-candidate evidence only. Retained for completeness and not recommended for regression.,yes
57831,Predicting incident dementia Based on Neuroimaging and Genetics,Tier 6,weak_candidate,no,family_ukb-nmr-cvd-prediction,https://github.com/YanLuoCityU/UKB_NMR_CVD_prediction,weak topic/path/data-type evidence,Not in Tiers 1-5; weak-candidate evidence only. Retained for completeness and not recommended for regression.,yes
57854,Understanding brain development with imaging genomics,Tier 6,weak_candidate,no,family_congele-msc,https://github.com/Arnoldzyf/ConGele_MSc,weak topic/path/data-type evidence,Not in Tiers 1-5; weak-candidate evidence only. Retained for completeness and not recommended for regression.,yes
57910,Genetic associations with cancer and related phenotypes in the UK Biobank,Tier 6,weak_candidate,no,family_fundus-project; family_gxsex; family_ukbgwas; family_ukbiobank-knockoffs,https://github.com/joshoch7/fundus_project; https://github.com/harpak-lab/GxSex; https://github.com/lizhihao1990/ukbgwas; https://github.com/LuZhangH/ukbiobank_knockoffs; https://github.com/zren94/ukbiobank_knockoffs,weak topic/path/data-type evidence,Not in Tiers 1-5; weak-candidate evidence only. Retained for completeness and not recommended for regression.,yes
57947,Genotype and phenotype analysis in human brain of mental disorders,Tier 6,weak_candidate,no,family_congele-msc; family_human-sex-ratio,https://github.com/Arnoldzyf/ConGele_MSc; https://github.com/song88180/Human_sex_ratio,weak topic/path/data-type evidence,Not in Tiers 1-5; weak-candidate evidence only. Retained for completeness and not recommended for regression.,yes
58024,Combining Genetic and Environmental Information to Predict Disease Risk,Tier 6,weak_candidate,no,family_predict-cahd-by-ecg-on-uk-biobank,https://github.com/IFF-0303/Predict_CAHD_by_ECG_on_UK_Biobank,weak topic/path/data-type evidence,Not in Tiers 1-5; weak-candidate evidence only. Retained for completeness and not recommended for regression.,yes
58244,Gender-specific multi-modal phenotyping of hypertensive disease,Tier 6,weak_candidate,no,family_ukbphenotyping,https://github.com/hoffman2/ukbPhenotyping,weak topic/path/data-type evidence,Not in Tiers 1-5; weak-candidate evidence only. Retained for completeness and not recommended for regression.,yes
58743,"Genetic and non-genetic determinants of cardiovascular disease, cerebrovascular disease, and aging.",Tier 6,weak_candidate,no,family_exposome-aging-ukb; family_imds-wes; family_test-exposome-aging-ukb,https://github.com/rrrrrs1/exposome-aging-ukb; https://github.com/jjrun-11/IMDs_WES; https://github.com/okoropaulc/test_exposome_aging_ukb,weak topic/path/data-type evidence,Not in Tiers 1-5; weak-candidate evidence only. Retained for completeness and not recommended for regression.,yes
58838,"Association of Genetic Variation in the Natriuretic Peptide System with Metabolic Risk Factors, Cardiovascular Events and Death",Tier 6,weak_candidate,no,family_biobank-read; family_biobankread-bash,https://github.com/Dragonriser/biobank-read; https://github.com/IFF-0303/biobank-read; https://github.com/SEONCHOE/biobank-read; https://github.com/lenamax2355/BiobankRead-Bash; https://github.com/os01/BiobankRead-Bash,weak topic/path/data-type evidence,Not in Tiers 1-5; weak-candidate evidence only. Retained for completeness and not recommended for regression.,yes
59309,Polygenic Prediction of Susceptibility and Progression in Multiple Sclerosis,Tier 6,weak_candidate,no,family_omniprs,https://github.com/biostatShao/OmniPRS,weak topic/path/data-type evidence,Not in Tiers 1-5; weak-candidate evidence only. Retained for completeness and not recommended for regression.,yes
59528,Profiling information provided by the genetic and non-genetic components of risk of common diseases from a sample to a population.,Tier 6,weak_candidate,no,family_code-examples; family_gogogpcr; family_imds-wes; family_mtswirl,https://github.com/miguelmspereira/code-examples; https://github.com/deepgohil/gogoGPCR; https://github.com/petergerlach1/gogoGPCR; https://github.com/jjrun-11/IMDs_WES; https://github.com/jessicaway/mtSwirl; https://github.com/Victory-Hugo/mtSwirl,weak topic/path/data-type evidence,Not in Tiers 1-5; weak-candidate evidence only. Retained for completeness and not recommended for regression.,yes
59571,Predicting adverse outcomes from genomic data using machine learning models and localization.,Tier 6,weak_candidate,no,family_im,https://github.com/laura-riedel/IM,weak topic/path/data-type evidence,Not in Tiers 1-5; weak-candidate evidence only. Retained for completeness and not recommended for regression.,yes
59642,Polygenic risk scores to predict diabetic complications and their response to therapy,Tier 6,weak_candidate,no,family_predict-cahd-by-ecg-on-uk-biobank,https://github.com/IFF-0303/Predict_CAHD_by_ECG_on_UK_Biobank,weak topic/path/data-type evidence,Not in Tiers 1-5; weak-candidate evidence only. Retained for completeness and not recommended for regression.,yes
59846,Neutrophil and Eosinophil Phenome Wide Association study,Tier 6,weak_candidate,no,family_postincredible_ukbb,https://github.com/postincredible/ukbb,weak topic/path/data-type evidence,Not in Tiers 1-5; weak-candidate evidence only. Retained for completeness and not recommended for regression.,yes
60021,"Age-related hearing loss, brain health and genetic risk for Alzheimer's",Tier 6,weak_candidate,no,family_congele-msc,https://github.com/Arnoldzyf/ConGele_MSc,weak topic/path/data-type evidence,Not in Tiers 1-5; weak-candidate evidence only. Retained for completeness and not recommended for regression.,yes
60239,To investigate the risk factors in the circadian rhythm-related diseases using the UK biobank data.,Tier 6,weak_candidate,no,family_ukb-bmi,https://github.com/mariaratnasamy/ukb_bmi,weak topic/path/data-type evidence,Not in Tiers 1-5; weak-candidate evidence only. Retained for completeness and not recommended for regression.,yes
60294,Burden of rare genetic variants in movement disorders and other related neurological conditions,Tier 6,weak_candidate,no,family_ukb-api; family_ukb-oligo,https://github.com/batmanlab/ukb_api; https://github.com/tighu20/ukb_api; https://github.com/mariaratnasamy/ukb_oligo,weak topic/path/data-type evidence,Not in Tiers 1-5; weak-candidate evidence only. Retained for completeness and not recommended for regression.,yes
61020,Phenotypic Consequences of Strong Positive Selective Sweeps,Tier 6,weak_candidate,no,family_uthesis,https://github.com/michaelGuo1204/UThesis,weak topic/path/data-type evidence,Not in Tiers 1-5; weak-candidate evidence only. Retained for completeness and not recommended for regression.,yes
61031,Asthma-a test case for precision,Tier 6,weak_candidate,no,family_biobank-read; family_biobankread; family_biobankread-bash; family_epi-prs; family_test-exposome-aging-ukb; family_ukbb-asthma; family_ukbb-gwas-dev; family_ukbbmriutils,https://github.com/Dragonriser/biobank-read; https://github.com/IFF-0303/biobank-read; https://github.com/SEONCHOE/biobank-read; https://github.com/yzharold/BiobankRead; https://github.com/lenamax2355/BiobankRead-Bash; https://github.com/os01/BiobankRead-Bash; https://github.com/ghm17/Epi-PRS; https://github.com/tzhang-nmdp/Epi-PRS; https://github.com/okoropaulc/test_exposome_aging_ukb; https://github.com/keerveer/ukbb_asthma; https://github.com/swbiggs4/ukbb_asthma; https://github.com/ashwinas88/UKBB_GWAS_dev; https://github.com/LingTuo/UKBB_GWAS_dev; https://github.com/STALICLA-RnD/UkbbMriUtils,weak topic/path/data-type evidence,Not in Tiers 1-5; weak-candidate evidence only. Retained for completeness and not recommended for regression.,yes
61181,Designing and validating cancer risk and prognostic tools,Tier 6,weak_candidate,no,family_ukb-tools,https://github.com/12sbxu/ukb-tools; https://github.com/magdazeb/ukb-tools,weak topic/path/data-type evidence,Not in Tiers 1-5; weak-candidate evidence only. Retained for completeness and not recommended for regression.,yes
61255,An Atlas of Clinical Associations Mapping to Variants within Protein Structures,Tier 6,weak_candidate,no,family_ukb-api,https://github.com/batmanlab/ukb_api; https://github.com/tighu20/ukb_api,weak topic/path/data-type evidence,Not in Tiers 1-5; weak-candidate evidence only. Retained for completeness and not recommended for regression.,yes
61446,Genetic Modifiers of Autism Related Genes in the General Population,Tier 6,weak_candidate,no,family_idears-orig,https://github.com/MikeAllwright23/idears_orig,weak topic/path/data-type evidence,Not in Tiers 1-5; weak-candidate evidence only. Retained for completeness and not recommended for regression.,yes
61576,Using UK Biobank participants as control subjects in genetic studies of Mendelian and complex diseases,Tier 6,weak_candidate,no,family_mh-in-ukb,https://github.com/tongluobing/MH_in_UKB,weak topic/path/data-type evidence,Not in Tiers 1-5; weak-candidate evidence only. Retained for completeness and not recommended for regression.,yes
61744,Study of white blood cell counts in relation to cancer risk,Tier 6,weak_candidate,no,family_mltc-clustering; family_ukbb-gwas-dev,https://github.com/KremerML/MLTC-clustering; https://github.com/ashwinas88/UKBB_GWAS_dev; https://github.com/LingTuo/UKBB_GWAS_dev,weak topic/path/data-type evidence,Not in Tiers 1-5; weak-candidate evidence only. Retained for completeness and not recommended for regression.,yes
61771,Haemoglobin in multiple sclerosis (HIMS) study,Tier 6,weak_candidate,no,family_biomarkers; family_biomarkers-beautfig,https://github.com/Eugene-xyHe/biomarkers; https://github.com/IFF-0303/biomarkers; https://github.com/JujiaoKang/biomarkers; https://github.com/julyfish711/biomarkers; https://github.com/lenamax2355/biomarkers; https://github.com/Ran485/biomarkers; https://github.com/Shicheng-Guo/biomarkers; https://github.com/smiles2011hyc/biomarkers; https://github.com/K-zhangfengwei/biomarkers_beautfig,weak topic/path/data-type evidence,Not in Tiers 1-5; weak-candidate evidence only. Retained for completeness and not recommended for regression.,yes
62174,Prostate Cancer Genetic Susceptibility and Prediction,Tier 6,weak_candidate,no,family_diabetes-prediction; family_ukb-atherosclerosis-prediction; family_ukb-nmr-cvd-prediction,https://github.com/Haileygu99/diabetes_prediction; https://github.com/OmriGruman/ukb-atherosclerosis-prediction; https://github.com/YanLuoCityU/UKB_NMR_CVD_prediction,weak topic/path/data-type evidence,Not in Tiers 1-5; weak-candidate evidence only. Retained for completeness and not recommended for regression.,yes
62188,Characterising neural network markers of occupational wellbeing,Tier 6,weak_candidate,no,family_neuralcvd,https://github.com/DhanushB2000/NeuralCVD; https://github.com/HaibinLi0817/NeuralCVD; https://github.com/YanLuoCityU/NeuralCVD; https://github.com/yanranwang/NeuralCVD,weak topic/path/data-type evidence,Not in Tiers 1-5; weak-candidate evidence only. Retained for completeness and not recommended for regression.,yes
62249,Evaluation of Sleep and Health,Tier 6,weak_candidate,no,family_master-thesis,https://github.com/nickathans/master-thesis,weak topic/path/data-type evidence,Not in Tiers 1-5; weak-candidate evidence only. Retained for completeness and not recommended for regression.,yes
62283,Assessment of vitamin D and calcium on the risk of sarcoidosis by Mendelian Randomization approach,Tier 6,weak_candidate,no,family_biomarkers; family_biomarkers-beautfig,https://github.com/Eugene-xyHe/biomarkers; https://github.com/IFF-0303/biomarkers; https://github.com/JujiaoKang/biomarkers; https://github.com/julyfish711/biomarkers; https://github.com/lenamax2355/biomarkers; https://github.com/Ran485/biomarkers; https://github.com/Shicheng-Guo/biomarkers; https://github.com/smiles2011hyc/biomarkers; https://github.com/K-zhangfengwei/biomarkers_beautfig,weak topic/path/data-type evidence,Not in Tiers 1-5; weak-candidate evidence only. Retained for completeness and not recommended for regression.,yes
62709,Genetic variation in incidence and outcome of cancer and infectious disease,Tier 6,weak_candidate,no,family_multi-outcome; family_ukbbprodromalpd,https://github.com/Ikram-c/multi_outcome; https://github.com/mengjiefan/multi_outcome; https://github.com/samyak1729/ukbbprodromalpd; https://github.com/tolism/ukbbprodromalpd,weak topic/path/data-type evidence,Not in Tiers 1-5; weak-candidate evidence only. Retained for completeness and not recommended for regression.,yes
62713,Core business of the CNV analysis group for the Psychiatric Genomics Consortium,Tier 6,weak_candidate,no,family_cnv-ukb,https://github.com/GeneticResources/cnv-ukb,weak topic/path/data-type evidence,Not in Tiers 1-5; weak-candidate evidence only. Retained for completeness and not recommended for regression.,yes
63533,Complementing rare disease studies with data from national cohort projects.,Tier 6,weak_candidate,no,family_idears-orig,https://github.com/MikeAllwright23/idears_orig,weak topic/path/data-type evidence,Not in Tiers 1-5; weak-candidate evidence only. Retained for completeness and not recommended for regression.,yes
63653,Case-control analyses in neuropsychiatric disorders,Tier 6,weak_candidate,no,family_epi-prs; family_ukb-api; family_ukbbprodromalpd,https://github.com/ghm17/Epi-PRS; https://github.com/tzhang-nmdp/Epi-PRS; https://github.com/batmanlab/ukb_api; https://github.com/tighu20/ukb_api; https://github.com/samyak1729/ukbbprodromalpd; https://github.com/tolism/ukbbprodromalpd,weak topic/path/data-type evidence,Not in Tiers 1-5; weak-candidate evidence only. Retained for completeness and not recommended for regression.,yes
63774,Providing explainable risk prediction intervals and feature recommendations with limited features,Tier 6,weak_candidate,no,family_predict-cahd-by-ecg-on-uk-biobank; family_ukbb-risk,https://github.com/IFF-0303/Predict_CAHD_by_ECG_on_UK_Biobank; https://github.com/IFF-0303/ukbb_risk,weak topic/path/data-type evidence,Not in Tiers 1-5; weak-candidate evidence only. Retained for completeness and not recommended for regression.,yes
63837,Identification of genetic variants associated to the pathogenesis of arthrofibrosis after total knee arthroplasty,Tier 6,weak_candidate,no,family_ukbb-risk,https://github.com/IFF-0303/ukbb_risk,weak topic/path/data-type evidence,Not in Tiers 1-5; weak-candidate evidence only. Retained for completeness and not recommended for regression.,yes
63844,"Exploring the relationship between nutrition, lifestyles, genotypes and risks of chronic diseases and mortality",Tier 6,weak_candidate,no,family_cnv-ukb,https://github.com/GeneticResources/cnv-ukb,weak topic/path/data-type evidence,Not in Tiers 1-5; weak-candidate evidence only. Retained for completeness and not recommended for regression.,yes
64071,Causal inference for disease effect on cancer,Tier 6,weak_candidate,no,family_congele-msc; family_ukbfrailty,https://github.com/Arnoldzyf/ConGele_MSc; https://github.com/becomingcc/ukbfrailty,weak topic/path/data-type evidence,Not in Tiers 1-5; weak-candidate evidence only. Retained for completeness and not recommended for regression.,yes
64102,Understanding the mechanisms of pain (heterogeneity),Tier 6,weak_candidate,no,family_pain-proteomics,https://github.com/Frank-HQZ/Pain_Proteomics,weak topic/path/data-type evidence,Not in Tiers 1-5; weak-candidate evidence only. Retained for completeness and not recommended for regression.,yes
64211,Alzheimer's Disease Genetics Consortium Multi-ethnic Alzheimer disease Genetics Analysis,Tier 6,weak_candidate,no,family_multi-outcome,https://github.com/Ikram-c/multi_outcome; https://github.com/mengjiefan/multi_outcome,weak topic/path/data-type evidence,Not in Tiers 1-5; weak-candidate evidence only. Retained for completeness and not recommended for regression.,yes
64379,Using a founder population to study the genetic transmissions in epilepsies,Tier 6,weak_candidate,no,family_retinapd,https://github.com/hewramanwaran/RetinaPD,weak topic/path/data-type evidence,Not in Tiers 1-5; weak-candidate evidence only. Retained for completeness and not recommended for regression.,yes
64658,Personalized modelling of patient lab readout and application to understanding age-related disease,Tier 6,weak_candidate,no,family_cancerrisk; family_uk-biobank-survival,https://github.com/gerstung-lab/CancerRisk; https://github.com/gerstung-lab/uk_biobank_survival,weak topic/path/data-type evidence,Not in Tiers 1-5; weak-candidate evidence only. Retained for completeness and not recommended for regression.,yes
64712,Genetic and phenotypic characterization of potential therapeutic targets,Tier 6,weak_candidate,no,family_bio-machinelearning,https://github.com/Apostolos00tapsas/bio-machinelearning,weak topic/path/data-type evidence,Not in Tiers 1-5; weak-candidate evidence only. Retained for completeness and not recommended for regression.,yes
64997,Predicting cognitive ability from resting state and task fMRI,Tier 6,weak_candidate,no,family_t40-rsfmri,https://github.com/Kakashi-sensei/T40_rsfMRI,weak topic/path/data-type evidence,Not in Tiers 1-5; weak-candidate evidence only. Retained for completeness and not recommended for regression.,yes
65138,The role of programmed axon death in neurological disease,Tier 6,weak_candidate,no,family_biobank-read; family_biobankread-bash; family_ukb-gen-clocks,https://github.com/Dragonriser/biobank-read; https://github.com/IFF-0303/biobank-read; https://github.com/SEONCHOE/biobank-read; https://github.com/lenamax2355/BiobankRead-Bash; https://github.com/os01/BiobankRead-Bash; https://github.com/Euskal-Oxcitas-Biotek/UKB-gen-clocks,weak topic/path/data-type evidence,Not in Tiers 1-5; weak-candidate evidence only. Retained for completeness and not recommended for regression.,yes
65439,Understanding the genetics of human physiology by integrating imaging and genetic data in UK biobank,Tier 6,weak_candidate,no,family_human-sex-ratio,https://github.com/song88180/Human_sex_ratio,weak topic/path/data-type evidence,Not in Tiers 1-5; weak-candidate evidence only. Retained for completeness and not recommended for regression.,yes
65592,Multi-omics polygenic architecture of common diseases,Tier 6,weak_candidate,no,family_metabolomicscommondiseases; family_ukb-download-and-prep-template,https://github.com/chengluomilk/MetabolomicsCommonDiseases; https://github.com/YanLuoCityU/MetabolomicsCommonDiseases; https://github.com/zlpsophina/MetabolomicsCommonDiseases; https://github.com/lenamax2355/ukb_download_and_prep_template,weak topic/path/data-type evidence,Not in Tiers 1-5; weak-candidate evidence only. Retained for completeness and not recommended for regression.,yes
65748,Assessing the Role of Structural Variation in Human Disease using Genotype Imputation with a Cosmopolitan Reference Panel of Diverse Variants,Tier 6,weak_candidate,no,family_cnv-ukb,https://github.com/GeneticResources/cnv-ukb,weak topic/path/data-type evidence,Not in Tiers 1-5; weak-candidate evidence only. Retained for completeness and not recommended for regression.,yes
65833,"Investigating genetic & clinicopathological factors underlying risk, survival and toxicity to treatment in patients with cancer and population controls",Tier 6,weak_candidate,no,family_uk-biobank-survival,https://github.com/gerstung-lab/uk_biobank_survival; https://github.com/rrrrrs1/uk_biobank_survival,weak topic/path/data-type evidence,Not in Tiers 1-5; weak-candidate evidence only. Retained for completeness and not recommended for regression.,yes
65851,Large-scale proteomic profiling to facilitate genetics-guided drug discovery and precision medicine: The UK Biobank - Pharma Proteomics Project (UKB-PPP),Tier 6,weak_candidate,no,family_zhishenppp_ukbb; family_zhishenppp_ukbiobank,https://github.com/zhishenPPP/ukbb; https://github.com/zhishenPPP/UKBiobank,weak topic/path/data-type evidence,Not in Tiers 1-5; weak-candidate evidence only. Retained for completeness and not recommended for regression.,yes
65898,Using UKBB As a Reference Control Population for Genetic Cancer Predisposition,Tier 6,weak_candidate,no,family_amml-disentangling-structure-from-detail; family_cnv-ukb; family_ehr; family_genepy-2; family_junnh_ukbb; family_latinos-in-ukbb; family_lizhihao1990_ukbb; family_neuralcvd; family_proteomics-ukbb; family_ukbb-1; family_ukbb-asthma; family_ukbb-data-r; family_ukbb-risk; family_ukbbmodriskr; family_ukbbmriutils; family_zhishenppp_ukbb,https://github.com/danilayDH/AMML-Disentangling-Structure-from-Detail; https://github.com/GeneticResources/cnv-ukb; https://github.com/mjfalaguera/EHR; https://github.com/parsboy1987/GenePy-2; https://github.com/Junnh/UKBB; https://github.com/huytrain42/Latinos-in-UKBB; https://github.com/lizhihao1990/ukbb; https://github.com/DhanushB2000/NeuralCVD; https://github.com/HaibinLi0817/NeuralCVD; https://github.com/YanLuoCityU/NeuralCVD; https://github.com/yanranwang/NeuralCVD; https://github.com/Fmerella/Proteomics_UKBB-; https://github.com/HongyuanWu/ukbb-1; https://github.com/Shicheng-Guo/ukbb-1; https://github.com/keerveer/ukbb_asthma; https://github.com/swbiggs4/ukbb_asthma; https://github.com/12sbxu/ukbb_data_r; https://github.com/IFF-0303/ukbb_risk; https://github.com/rrrrrs1/UKBBModRiskR; https://github.com/STALICLA-RnD/UkbbMriUtils; https://github.com/zhishenPPP/ukbb,weak topic/path/data-type evidence,Not in Tiers 1-5; weak-candidate evidence only. Retained for completeness and not recommended for regression.,yes
65912,Stratification-based genetic analyses of type 2 diabetes,Tier 6,weak_candidate,no,family_diabetes-prediction; family_epi-prs; family_ukb-gen-clocks; family_ukb-nmr-cvd-prediction; family_ukbbprodromalpd,https://github.com/Haileygu99/diabetes_prediction; https://github.com/ghm17/Epi-PRS; https://github.com/tzhang-nmdp/Epi-PRS; https://github.com/Euskal-Oxcitas-Biotek/UKB-gen-clocks; https://github.com/YanLuoCityU/UKB_NMR_CVD_prediction; https://github.com/samyak1729/ukbbprodromalpd; https://github.com/tolism/ukbbprodromalpd,weak topic/path/data-type evidence,Not in Tiers 1-5; weak-candidate evidence only. Retained for completeness and not recommended for regression.,yes
65983,New spirometry measures in Normals and COPD,Tier 6,weak_candidate,no,family_shapeit5,https://github.com/23andme-jaredo/shapeit5; https://github.com/barneyhill/shapeit5; https://github.com/JosephLalli/shapeit5; https://github.com/M-Hakmi/shapeit5; https://github.com/RimanB/shapeit5; https://github.com/rwk-unil/shapeit5; https://github.com/sunrisefor/shapeit5; https://github.com/Toseph/shapeit5; https://github.com/victorasua/shapeit5,weak topic/path/data-type evidence,Not in Tiers 1-5; weak-candidate evidence only. Retained for completeness and not recommended for regression.,yes
66128,Genetic profiling to predict longitudinal trajectories of disease,Tier 6,weak_candidate,no,family_longitudinal-data; family_predict-cahd-by-ecg-on-uk-biobank,https://github.com/AstraZheng/Longitudinal-data; https://github.com/IFF-0303/Predict_CAHD_by_ECG_on_UK_Biobank,weak topic/path/data-type evidence,Not in Tiers 1-5; weak-candidate evidence only. Retained for completeness and not recommended for regression.,yes
66377,The Association of Sex Hormones with Stroke: Results from the UK Biobank,Tier 6,weak_candidate,no,family_gxsex,https://github.com/harpak-lab/GxSex,weak topic/path/data-type evidence,Not in Tiers 1-5; weak-candidate evidence only. Retained for completeness and not recommended for regression.,yes
66440,Radiogenomic phenotyping of Overactive Bladder Syndrome,Tier 6,weak_candidate,no,family_ukbphenotyping,https://github.com/hoffman2/ukbPhenotyping,weak topic/path/data-type evidence,Not in Tiers 1-5; weak-candidate evidence only. Retained for completeness and not recommended for regression.,yes
66639,The impact of modifiable risk factors on cognition and dementia,Tier 6,weak_candidate,no,family_moodie-geneexpression-cognition,https://github.com/JialingFan1/moodie-geneexpression-cognition,weak topic/path/data-type evidence,Not in Tiers 1-5; weak-candidate evidence only. Retained for completeness and not recommended for regression.,yes
66911,Genetic Variation and Phenotypic Associations with Select Dermatologic Disease,Tier 6,weak_candidate,no,family_bio-machinelearning,https://github.com/Apostolos00tapsas/bio-machinelearning,weak topic/path/data-type evidence,Not in Tiers 1-5; weak-candidate evidence only. Retained for completeness and not recommended for regression.,yes
67095,Gene discovery for cardiomyopathies,Tier 6,weak_candidate,no,family_genepy-2; family_sas-sample-extraction; family_tds-project; family_ukb-download-and-prep-template; family_ukbfrailty,https://github.com/parsboy1987/GenePy-2; https://github.com/samarpita-saha293/SAS_sample_extraction; https://github.com/N-cizauskas/TDS_Project; https://github.com/lenamax2355/ukb_download_and_prep_template; https://github.com/becomingcc/ukbfrailty,weak topic/path/data-type evidence,Not in Tiers 1-5; weak-candidate evidence only. Retained for completeness and not recommended for regression.,yes
67789,Derivation of a machine learning (ML) model to improve pre-test probability of identifying individuals with genetic variants linked to familial hypercholesterolemia (FH).,Tier 6,weak_candidate,no,family_biobank-read; family_biobankread-bash; family_data2vec-bert-ukb,https://github.com/Dragonriser/biobank-read; https://github.com/IFF-0303/biobank-read; https://github.com/SEONCHOE/biobank-read; https://github.com/lenamax2355/BiobankRead-Bash; https://github.com/os01/BiobankRead-Bash; https://github.com/alatteaday/data2vec_bert_ukb,weak topic/path/data-type evidence,Not in Tiers 1-5; weak-candidate evidence only. Retained for completeness and not recommended for regression.,yes
67801,Development of a software tool to assist with analysing MRI images,Tier 6,weak_candidate,no,family_t40-rsfmri,https://github.com/Kakashi-sensei/T40_rsfMRI,weak topic/path/data-type evidence,Not in Tiers 1-5; weak-candidate evidence only. Retained for completeness and not recommended for regression.,yes
67838,Genetic and brain mechanisms of pain trajectory on cognitive decline in elder,Tier 6,weak_candidate,no,family_pain-proteomics,https://github.com/Frank-HQZ/Pain_Proteomics,weak topic/path/data-type evidence,Not in Tiers 1-5; weak-candidate evidence only. Retained for completeness and not recommended for regression.,yes
68018,Machine Learning Phenotyping of Morphology and Structure and Association with Genetic Determinants of Health and Aging,Tier 6,weak_candidate,no,family_ukbphenotyping,https://github.com/hoffman2/ukbPhenotyping,weak topic/path/data-type evidence,Not in Tiers 1-5; weak-candidate evidence only. Retained for completeness and not recommended for regression.,yes
68025,"Investigation and Validation of PheWAS, PheRS, PRS, and Drug Repurposing Analyses",Tier 6,weak_candidate,no,family_prs-dash-boxplot-app,https://github.com/NeBruNAI/PRS-dash-boxplot-app,weak topic/path/data-type evidence,Not in Tiers 1-5; weak-candidate evidence only. Retained for completeness and not recommended for regression.,yes
68245,A population survey of subclonal copy number variation,Tier 6,weak_candidate,no,family_retinapd,https://github.com/hewramanwaran/RetinaPD,weak topic/path/data-type evidence,Not in Tiers 1-5; weak-candidate evidence only. Retained for completeness and not recommended for regression.,yes
68278,Identification of digital biomarkers in immune-mediated inflammatory diseases from accelerometer data,Tier 6,weak_candidate,no,family_ukb-exome,https://github.com/OxWearables/ukb_exome,weak topic/path/data-type evidence,Not in Tiers 1-5; weak-candidate evidence only. Retained for completeness and not recommended for regression.,yes
68400,Towards a mechanistic understanding of lifestyle factors in common age-related diseases,Tier 6,weak_candidate,no,family_ukb-bmi,https://github.com/mariaratnasamy/ukb_bmi,weak topic/path/data-type evidence,Not in Tiers 1-5; weak-candidate evidence only. Retained for completeness and not recommended for regression.,yes
68485,Genetic studies of age-related hearing loss,Tier 6,weak_candidate,no,family_ukb-bioage-cancer; family_ukb-tools,https://github.com/becomingcc/UKB_bioage_cancer; https://github.com/12sbxu/ukb-tools; https://github.com/magdazeb/ukb-tools,weak topic/path/data-type evidence,Not in Tiers 1-5; weak-candidate evidence only. Retained for completeness and not recommended for regression.,yes
68640,"Exploring the possible risk factors of COVID-19 by combined genetic, functional genomic, clinical, and imaging data",Tier 6,weak_candidate,no,family_uthesis,https://github.com/michaelGuo1204/UThesis,weak topic/path/data-type evidence,Not in Tiers 1-5; weak-candidate evidence only. Retained for completeness and not recommended for regression.,yes
68779,Identifying the genetic basis of audiometric phenotypes,Tier 6,weak_candidate,no,family_fundus-project; family_ukbgwas; family_ukbiobank-knockoffs,https://github.com/joshoch7/fundus_project; https://github.com/lizhihao1990/ukbgwas; https://github.com/LuZhangH/ukbiobank_knockoffs; https://github.com/zren94/ukbiobank_knockoffs,weak topic/path/data-type evidence,Not in Tiers 1-5; weak-candidate evidence only. Retained for completeness and not recommended for regression.,yes
69022,The impact of female reproductive history and APOE genotype on cognitive health,Tier 6,weak_candidate,no,family_longitudinal-data,https://github.com/AstraZheng/Longitudinal-data,weak topic/path/data-type evidence,Not in Tiers 1-5; weak-candidate evidence only. Retained for completeness and not recommended for regression.,yes
69067,"Chronic pain, C-reactive protein, Vitamin D, psychosocial & lifestyle factors and medical comorbidities - a study using UK Biobank data",Tier 6,weak_candidate,no,family_biomarkers; family_biomarkers-beautfig,https://github.com/Eugene-xyHe/biomarkers; https://github.com/IFF-0303/biomarkers; https://github.com/JujiaoKang/biomarkers; https://github.com/julyfish711/biomarkers; https://github.com/lenamax2355/biomarkers; https://github.com/Ran485/biomarkers; https://github.com/Shicheng-Guo/biomarkers; https://github.com/smiles2011hyc/biomarkers; https://github.com/K-zhangfengwei/biomarkers_beautfig,weak topic/path/data-type evidence,Not in Tiers 1-5; weak-candidate evidence only. Retained for completeness and not recommended for regression.,yes
69929,Rare variant analysis in cancer susceptibility,Tier 6,weak_candidate,no,family_ptrs-ukb,https://github.com/CuihuaXia/ptrs-ukb; https://github.com/emyanuthomas/ptrs-ukb; https://github.com/hakyimlab/ptrs-ukb,weak topic/path/data-type evidence,Not in Tiers 1-5; weak-candidate evidence only. Retained for completeness and not recommended for regression.,yes
70023,Genetic studies of the complex phnotypes using haplotype-aware models of gene and isoform expression,Tier 6,weak_candidate,no,family_genetic-annotation-aware-dimensionality-reduction-in-uk-biobank,https://github.com/AishaAlsuwaidi/Genetic-annotation-aware-dimensionality-reduction-in-UK-Biobank,weak topic/path/data-type evidence,Not in Tiers 1-5; weak-candidate evidence only. Retained for completeness and not recommended for regression.,yes
70301,Improved diagnosis of rare diseases using shared common disease genetic architectures,Tier 6,weak_candidate,no,family_metabolomicscommondiseases,https://github.com/chengluomilk/MetabolomicsCommonDiseases; https://github.com/YanLuoCityU/MetabolomicsCommonDiseases; https://github.com/zlpsophina/MetabolomicsCommonDiseases,weak topic/path/data-type evidence,Not in Tiers 1-5; weak-candidate evidence only. Retained for completeness and not recommended for regression.,yes
71274,Dynamic risk prediction of complex diseases,Tier 6,weak_candidate,no,family_diabetes-prediction; family_ukb-atherosclerosis-prediction,https://github.com/Haileygu99/diabetes_prediction; https://github.com/OmriGruman/ukb-atherosclerosis-prediction,weak topic/path/data-type evidence,Not in Tiers 1-5; weak-candidate evidence only. Retained for completeness and not recommended for regression.,yes
71993,Machine-Learning and classic statistic models for predicting common chronic diseases risk and clinical outcomes,Tier 6,weak_candidate,no,family_tds-project,https://github.com/N-cizauskas/TDS_Project,weak topic/path/data-type evidence,Not in Tiers 1-5; weak-candidate evidence only. Retained for completeness and not recommended for regression.,yes
72673,A Genome-Wide Study of clinically relevant G-Protein Coupled Receptor Variants,Tier 6,weak_candidate,no,family_ukb-api,https://github.com/batmanlab/ukb_api; https://github.com/tighu20/ukb_api,weak topic/path/data-type evidence,Not in Tiers 1-5; weak-candidate evidence only. Retained for completeness and not recommended for regression.,yes
73374,Evaluating sex differences in inflammation and immune system function,Tier 6,weak_candidate,no,family_ukbbcov2risk,https://github.com/kennethcywong/ukbbcov2risk,weak topic/path/data-type evidence,Not in Tiers 1-5; weak-candidate evidence only. Retained for completeness and not recommended for regression.,yes
73962,Development of a Polygenic Risk Score (PRS) for Age-related Hearing Loss and Tinnitus,Tier 6,weak_candidate,no,family_prs-dash-boxplot-app,https://github.com/NeBruNAI/PRS-dash-boxplot-app,weak topic/path/data-type evidence,Not in Tiers 1-5; weak-candidate evidence only. Retained for completeness and not recommended for regression.,yes
74297,Clarification of causes of multifactorial diseases by phenotypic clustering using UK Biobank data,Tier 6,weak_candidate,no,family_mltc-clustering,https://github.com/KremerML/MLTC-clustering,weak topic/path/data-type evidence,Not in Tiers 1-5; weak-candidate evidence only. Retained for completeness and not recommended for regression.,yes
74348,Assessing and evaluating polygenic scores of complex phenotypic traits in admixed populations,Tier 6,weak_candidate,no,family_prs-height-admixed-populations,https://github.com/Shicheng-Guo/PRS_Height_Admixed_Populations,weak topic/path/data-type evidence,Not in Tiers 1-5; weak-candidate evidence only. Retained for completeness and not recommended for regression.,yes
74629,Gene burden and variant frequency analysis using UK Biobank samples,Tier 6,weak_candidate,no,family_cancerrisk; family_genepy-2; family_gogogpcr; family_prs-dash-boxplot-app; family_ptrs-ukb; family_shapeit5; family_ukb-oligo; family_ukbb-gwas-dev,https://github.com/alexwjung/CancerRisk; https://github.com/gerstung-lab/CancerRisk; https://github.com/parsboy1987/GenePy-2; https://github.com/deepgohil/gogoGPCR; https://github.com/petergerlach1/gogoGPCR; https://github.com/NeBruNAI/PRS-dash-boxplot-app; https://github.com/CuihuaXia/ptrs-ukb; https://github.com/emyanuthomas/ptrs-ukb; https://github.com/hakyimlab/ptrs-ukb; https://github.com/23andme-jaredo/shapeit5; https://github.com/barneyhill/shapeit5; https://github.com/JosephLalli/shapeit5; https://github.com/M-Hakmi/shapeit5; https://github.com/RimanB/shapeit5; https://github.com/rwk-unil/shapeit5; https://github.com/sunrisefor/shapeit5; https://github.com/Toseph/shapeit5; https://github.com/victorasua/shapeit5; https://github.com/mariaratnasamy/ukb_oligo; https://github.com/ashwinas88/UKBB_GWAS_dev; https://github.com/LingTuo/UKBB_GWAS_dev,weak topic/path/data-type evidence,Not in Tiers 1-5; weak-candidate evidence only. Retained for completeness and not recommended for regression.,yes
74655,Elucidating the genetic basis of type 1 diabetes,Tier 6,weak_candidate,no,family_diabetes-prediction; family_epi-prs; family_ukb-gen-clocks,https://github.com/Haileygu99/diabetes_prediction; https://github.com/ghm17/Epi-PRS; https://github.com/tzhang-nmdp/Epi-PRS; https://github.com/Euskal-Oxcitas-Biotek/UKB-gen-clocks,weak topic/path/data-type evidence,Not in Tiers 1-5; weak-candidate evidence only. Retained for completeness and not recommended for regression.,yes
75038,Glycosaminoglycan polymorphism x sodium interaction effect on blood pressure,Tier 6,weak_candidate,no,family_ukbb-gwas-dev,https://github.com/ashwinas88/UKBB_GWAS_dev; https://github.com/LingTuo/UKBB_GWAS_dev,weak topic/path/data-type evidence,Not in Tiers 1-5; weak-candidate evidence only. Retained for completeness and not recommended for regression.,yes
75142,Enhancing EHR based risk scores with genotyping and metabolomics.,Tier 6,weak_candidate,no,family_ehr; family_postincredible_ukbb; family_ukb-oligo; family_ukbpheno,https://github.com/mjfalaguera/EHR; https://github.com/postincredible/ukbb; https://github.com/mariaratnasamy/ukb_oligo; https://github.com/BakerMetabolomics/ukbpheno; https://github.com/kkukendrarajah/ukbpheno; https://github.com/magdazeb/ukbpheno; https://github.com/Neri0304/ukbpheno; https://github.com/stefanogg/ukbpheno; https://github.com/Tafelplankje/ukbpheno; https://github.com/yuehuang-gh/ukbpheno,weak topic/path/data-type evidence,Not in Tiers 1-5; weak-candidate evidence only. Retained for completeness and not recommended for regression.,yes
75310,Deep-learning-based application of imaging genomics in brain diseases,Tier 6,weak_candidate,no,family_main-pipeline-and-images-based-models-pipeline-deep-learning-and-aging-main-pipeline-and-images-based-models-pipeline,https://github.com/deep-learning-and-aging/main-pipeline-and-images-based-models-pipeline; https://github.com/Deep-Learning-and-Aging/Main-pipeline-and-Images-based-models-pipeline,weak topic/path/data-type evidence,Not in Tiers 1-5; weak-candidate evidence only. Retained for completeness and not recommended for regression.,yes
75616,Exome burden analysis to identify gene targets for expression increase by oligonucleotide therapeutics,Tier 6,weak_candidate,no,family_ukb-oligo,https://github.com/mariaratnasamy/ukb_oligo,weak topic/path/data-type evidence,Not in Tiers 1-5; weak-candidate evidence only. Retained for completeness and not recommended for regression.,yes
75946,"Sex, Gender and Brain Health",Tier 6,weak_candidate,no,family_congele-msc; family_gxsex; family_human-sex-ratio; family_imds-wes; family_ukb-brain-symptoms-clustering; family_ukbbcov2risk,https://github.com/Arnoldzyf/ConGele_MSc; https://github.com/harpak-lab/GxSex; https://github.com/song88180/Human_sex_ratio; https://github.com/jjrun-11/IMDs_WES; https://github.com/ajpag/ukb-brain-symptoms-clustering; https://github.com/kennethcywong/ukbbcov2risk,weak topic/path/data-type evidence,Not in Tiers 1-5; weak-candidate evidence only. Retained for completeness and not recommended for regression.,yes
76156,Estimating genetic prevalence of rare metabolic diseases in UKB,Tier 6,weak_candidate,no,family_ukbbprodromalpd,https://github.com/samyak1729/ukbbprodromalpd; https://github.com/tolism/ukbbprodromalpd,weak topic/path/data-type evidence,Not in Tiers 1-5; weak-candidate evidence only. Retained for completeness and not recommended for regression.,yes
76636,Analysis of the influencing factors of dementia,Tier 6,weak_candidate,no,family_metabolomicscommondiseases,https://github.com/chengluomilk/MetabolomicsCommonDiseases; https://github.com/YanLuoCityU/MetabolomicsCommonDiseases; https://github.com/zlpsophina/MetabolomicsCommonDiseases,weak topic/path/data-type evidence,Not in Tiers 1-5; weak-candidate evidence only. Retained for completeness and not recommended for regression.,yes
76689,Cancer Genetics Variant Interpretation and Gene Discovery,Tier 6,weak_candidate,no,family_genepy-2; family_ptrs-ukb,https://github.com/parsboy1987/GenePy-2; https://github.com/CuihuaXia/ptrs-ukb; https://github.com/emyanuthomas/ptrs-ukb; https://github.com/hakyimlab/ptrs-ukb,weak topic/path/data-type evidence,Not in Tiers 1-5; weak-candidate evidence only. Retained for completeness and not recommended for regression.,yes
76966,The Ro5 chronic kidney disease clinical trial support programme,Tier 6,weak_candidate,no,family_uthesis,https://github.com/michaelGuo1204/UThesis,weak topic/path/data-type evidence,Not in Tiers 1-5; weak-candidate evidence only. Retained for completeness and not recommended for regression.,yes
77050,Defining the genetic and non-genetic determinants of fibrosis,Tier 6,weak_candidate,no,family_imds-wes,https://github.com/jjrun-11/IMDs_WES,weak topic/path/data-type evidence,Not in Tiers 1-5; weak-candidate evidence only. Retained for completeness and not recommended for regression.,yes
77565,Machine learning approaches for polygenic disease modelling,Tier 6,weak_candidate,no,family_tds-project,https://github.com/N-cizauskas/TDS_Project,weak topic/path/data-type evidence,Not in Tiers 1-5; weak-candidate evidence only. Retained for completeness and not recommended for regression.,yes
77596,Investigating genomic effects on clinical outcomes,Tier 6,weak_candidate,no,family_junnh_ukbb; family_viciousjoon_ukbiobank,https://github.com/Junnh/UKBB; https://github.com/viciousjoon/ukbiobank,weak topic/path/data-type evidence,Not in Tiers 1-5; weak-candidate evidence only. Retained for completeness and not recommended for regression.,yes
77701,Polygenic Risk Scores and Cancer Prediction,Tier 6,weak_candidate,no,family_omniprs,https://github.com/biostatShao/OmniPRS,weak topic/path/data-type evidence,Not in Tiers 1-5; weak-candidate evidence only. Retained for completeness and not recommended for regression.,yes
77740,"Environmental factors in adulthood, genetic predisposition, and human common diseases",Tier 6,weak_candidate,no,family_metabolomicscommondiseases,https://github.com/chengluomilk/MetabolomicsCommonDiseases; https://github.com/YanLuoCityU/MetabolomicsCommonDiseases; https://github.com/zlpsophina/MetabolomicsCommonDiseases,weak topic/path/data-type evidence,Not in Tiers 1-5; weak-candidate evidence only. Retained for completeness and not recommended for regression.,yes
77916,Evaluation of phenotype characteristics and biomarkers of Resistant Hypertension,Tier 6,weak_candidate,no,family_master-thesis,https://github.com/nickathans/master-thesis,weak topic/path/data-type evidence,Not in Tiers 1-5; weak-candidate evidence only. Retained for completeness and not recommended for regression.,yes
77959,Diffusion MRI reference brain atlas of healthy patients,Tier 6,weak_candidate,no,family_master-thesis; family_t40-rsfmri,https://github.com/nickathans/master-thesis; https://github.com/Kakashi-sensei/T40_rsfMRI,weak topic/path/data-type evidence,Not in Tiers 1-5; weak-candidate evidence only. Retained for completeness and not recommended for regression.,yes
78350,Penalized Logistic Regression Analysis for Genetic Association Studies of Binary Phenotypes,Tier 6,weak_candidate,no,family_mltc-clustering,https://github.com/KremerML/MLTC-clustering,weak topic/path/data-type evidence,Not in Tiers 1-5; weak-candidate evidence only. Retained for completeness and not recommended for regression.,yes
78439,Studying deep brain nuclei in patients with psychosis and healthy subjects using quantitative susceptibility mapping (QSM).,Tier 6,weak_candidate,no,family_mh-in-ukb,https://github.com/tongluobing/MH_in_UKB,weak topic/path/data-type evidence,Not in Tiers 1-5; weak-candidate evidence only. Retained for completeness and not recommended for regression.,yes
78563,Gene-Environment Interactions of complex diseases based on big data analysis,Tier 6,weak_candidate,no,family_jm-gwas,https://github.com/pebblets/JM-GWAS; https://github.com/Sandyyy123/JM-GWAS; https://github.com/xiechengyong123/JM-GWAS; https://github.com/zerland/JM-GWAS,weak topic/path/data-type evidence,Not in Tiers 1-5; weak-candidate evidence only. Retained for completeness and not recommended for regression.,yes
78635,Genetic and non-genetic determinants of complex diseases,Tier 6,weak_candidate,no,family_imds-wes,https://github.com/jjrun-11/IMDs_WES,weak topic/path/data-type evidence,Not in Tiers 1-5; weak-candidate evidence only. Retained for completeness and not recommended for regression.,yes
78657,Establishment of eQTL/sQTL-based and trans-ancestry polygenic risk score for immune-related complex traits,Tier 6,weak_candidate,no,family_sas-sample-extraction,https://github.com/samarpita-saha293/SAS_sample_extraction,weak topic/path/data-type evidence,Not in Tiers 1-5; weak-candidate evidence only. Retained for completeness and not recommended for regression.,yes
78748,Tools for evaluating bias in ADRD research,Tier 6,weak_candidate,no,family_ukb-tools,https://github.com/12sbxu/ukb-tools; https://github.com/magdazeb/ukb-tools,weak topic/path/data-type evidence,Not in Tiers 1-5; weak-candidate evidence only. Retained for completeness and not recommended for regression.,yes
78846,Risk factors and biomarkers for the development and early diagnosis of breast and gynaecological cancers.,Tier 6,weak_candidate,no,family_tds-project,https://github.com/N-cizauskas/TDS_Project,weak topic/path/data-type evidence,Not in Tiers 1-5; weak-candidate evidence only. Retained for completeness and not recommended for regression.,yes
78851,"Deep learning methods for early detection of myocardial ischemia and sudden cardiac death using digital ECGs, genomic and physical activity data",Tier 6,weak_candidate,no,family_biobank-read; family_biobankread-bash,https://github.com/Dragonriser/biobank-read; https://github.com/IFF-0303/biobank-read; https://github.com/SEONCHOE/biobank-read; https://github.com/lenamax2355/BiobankRead-Bash; https://github.com/os01/BiobankRead-Bash,weak topic/path/data-type evidence,Not in Tiers 1-5; weak-candidate evidence only. Retained for completeness and not recommended for regression.,yes
78949,Causal relationship between reduced kidney function and cancer risk: A Mendelian Randomisation study,Tier 6,weak_candidate,no,family_uthesis,https://github.com/michaelGuo1204/UThesis,weak topic/path/data-type evidence,Not in Tiers 1-5; weak-candidate evidence only. Retained for completeness and not recommended for regression.,yes
79840,Genetic predispositions for fractures of the hip,Tier 6,weak_candidate,no,family_ukbfrailty,https://github.com/becomingcc/ukbfrailty,weak topic/path/data-type evidence,Not in Tiers 1-5; weak-candidate evidence only. Retained for completeness and not recommended for regression.,yes
80005,"Small airways obstruction: Aetiology, comorbidities, prognosis and survival",Tier 6,weak_candidate,no,family_uk-biobank-survival,https://github.com/gerstung-lab/uk_biobank_survival; https://github.com/rrrrrs1/uk_biobank_survival,weak topic/path/data-type evidence,Not in Tiers 1-5; weak-candidate evidence only. Retained for completeness and not recommended for regression.,yes
80165,Relationship of COVID-19 with cognition and structural and functional brain connectivity changes over time and the relationship pre-covid clinical diagnosis and lifestyle variables,Tier 6,weak_candidate,no,family_data2vec-bert-ukb; family_moodie-geneexpression-cognition,https://github.com/alatteaday/data2vec_bert_ukb; https://github.com/JialingFan1/moodie-geneexpression-cognition,weak topic/path/data-type evidence,Not in Tiers 1-5; weak-candidate evidence only. Retained for completeness and not recommended for regression.,yes
80177,Heritability of social phenotypes in the UK Biobank,Tier 6,weak_candidate,no,family_fundus-project; family_gxsex; family_ukbgwas; family_ukbiobank-knockoffs,https://github.com/joshoch7/fundus_project; https://github.com/harpak-lab/GxSex; https://github.com/lizhihao1990/ukbgwas; https://github.com/LuZhangH/ukbiobank_knockoffs; https://github.com/zren94/ukbiobank_knockoffs,weak topic/path/data-type evidence,Not in Tiers 1-5; weak-candidate evidence only. Retained for completeness and not recommended for regression.,yes
80337,Imaging-based population phenotyping to improve risk prediction in cardiovascular and oncologic diseases,Tier 6,weak_candidate,no,family_ukbphenotyping,https://github.com/hoffman2/ukbPhenotyping,weak topic/path/data-type evidence,Not in Tiers 1-5; weak-candidate evidence only. Retained for completeness and not recommended for regression.,yes
80917,Whole exome sequencing to identify rare variants in autoinflammatory disease,Tier 6,weak_candidate,no,family_ukb-exome,https://github.com/OxWearables/ukb_exome,weak topic/path/data-type evidence,Not in Tiers 1-5; weak-candidate evidence only. Retained for completeness and not recommended for regression.,yes
81045,Using large-scale human genetic data to accelerate the drug development pipeline at CSL,Tier 6,weak_candidate,no,family_divergence-pipeline,https://github.com/AdrianHarris96/Divergence_Pipeline,weak topic/path/data-type evidence,Not in Tiers 1-5; weak-candidate evidence only. Retained for completeness and not recommended for regression.,yes
81358,Deep-learning-based genetic analysis and phenotype prediction using variants of any frequency based on UK Biobank sequencing datasets,Tier 6,weak_candidate,no,family_cancerrisk,https://github.com/alexwjung/CancerRisk; https://github.com/gerstung-lab/CancerRisk,weak topic/path/data-type evidence,Not in Tiers 1-5; weak-candidate evidence only. Retained for completeness and not recommended for regression.,yes
81596,Rare variant contribution to human Parkinson's disease,Tier 6,weak_candidate,no,family_ptrs-ukb,https://github.com/CuihuaXia/ptrs-ukb; https://github.com/emyanuthomas/ptrs-ukb; https://github.com/hakyimlab/ptrs-ukb,weak topic/path/data-type evidence,Not in Tiers 1-5; weak-candidate evidence only. Retained for completeness and not recommended for regression.,yes
81614,"Gut hormones, genetic variation and risk of disease and mortality in the general population",Tier 6,weak_candidate,no,family_idears-orig,https://github.com/MikeAllwright23/idears_orig,weak topic/path/data-type evidence,Not in Tiers 1-5; weak-candidate evidence only. Retained for completeness and not recommended for regression.,yes
81680,Identifying risk factors for chronic diseases and multimorbidity in UK Biobank: a longitudinal cohort study,Tier 6,weak_candidate,no,family_longitudinal-data,https://github.com/AstraZheng/Longitudinal-data,weak topic/path/data-type evidence,Not in Tiers 1-5; weak-candidate evidence only. Retained for completeness and not recommended for regression.,yes
81786,Identification of biomarkers for resilience to psychopathology.,Tier 6,weak_candidate,no,family_bnn-for-uncertainty-estimation-of-imaging-biomarkers,https://github.com/suyanzhou626/BNN-for-Uncertainty-Estimation-of-Imaging-Biomarkers,weak topic/path/data-type evidence,Not in Tiers 1-5; weak-candidate evidence only. Retained for completeness and not recommended for regression.,yes
82056,Elucidating the genetic basis of both normal and abnormal brain structure,Tier 6,weak_candidate,no,family_ukb-download-and-prep-template,https://github.com/lenamax2355/ukb_download_and_prep_template,weak topic/path/data-type evidence,Not in Tiers 1-5; weak-candidate evidence only. Retained for completeness and not recommended for regression.,yes
82213,Validation of variant pathogenicity and penetrance for genetic screening applications,Tier 6,weak_candidate,no,family_sas-sample-extraction,https://github.com/samarpita-saha293/SAS_sample_extraction,weak topic/path/data-type evidence,Not in Tiers 1-5; weak-candidate evidence only. Retained for completeness and not recommended for regression.,yes
82382,Multi-modal genomic analyses of brain function and connectivity,Tier 6,weak_candidate,no,family_ukb-brain-symptoms-clustering,https://github.com/ajpag/ukb-brain-symptoms-clustering,weak topic/path/data-type evidence,Not in Tiers 1-5; weak-candidate evidence only. Retained for completeness and not recommended for regression.,yes
82664,Germline risk prediction model in bladder cancer: Whole Genome Sequencing of UK Biobank,Tier 6,weak_candidate,no,family_ukb-brain-symptoms-clustering,https://github.com/ajpag/ukb-brain-symptoms-clustering,weak topic/path/data-type evidence,Not in Tiers 1-5; weak-candidate evidence only. Retained for completeness and not recommended for regression.,yes
82779,Computational phenotyping to understand disease progression across the human lifespan,Tier 6,weak_candidate,no,family_ukbphenotyping,https://github.com/hoffman2/ukbPhenotyping,weak topic/path/data-type evidence,Not in Tiers 1-5; weak-candidate evidence only. Retained for completeness and not recommended for regression.,yes
83341,"M6A-associated genetic variants in pancreatic cancer and pre-cursor lesions, and associations with telomere maintenance and prognosis: a population-based study",Tier 6,weak_candidate,no,family_biobankread; family_data2vec-bert-ukb,https://github.com/yzharold/BiobankRead; https://github.com/alatteaday/data2vec_bert_ukb,weak topic/path/data-type evidence,Not in Tiers 1-5; weak-candidate evidence only. Retained for completeness and not recommended for regression.,yes
83942,Investigating the genetic and non-genetic causes of surgical disease,Tier 6,weak_candidate,no,family_imds-wes,https://github.com/jjrun-11/IMDs_WES,weak topic/path/data-type evidence,Not in Tiers 1-5; weak-candidate evidence only. Retained for completeness and not recommended for regression.,yes
83974,A framework for analyzing associations and interactions of genetic and non-genetic risk factors toward complex disease outcomes,Tier 6,weak_candidate,no,family_keloids-clustering,https://github.com/anirudhj05/Keloids_Clustering,weak topic/path/data-type evidence,Not in Tiers 1-5; weak-candidate evidence only. Retained for completeness and not recommended for regression.,yes
84064,Genetic prediction of thrombosis in patients with newly diagnosed cancer,Tier 6,weak_candidate,no,family_master-thesis,https://github.com/nickathans/master-thesis,weak topic/path/data-type evidence,Not in Tiers 1-5; weak-candidate evidence only. Retained for completeness and not recommended for regression.,yes
84368,Genotype-Phenotype analyses of metabolic and inflammatory diseases,Tier 6,weak_candidate,no,family_ukbbprodromalpd,https://github.com/samyak1729/ukbbprodromalpd; https://github.com/tolism/ukbbprodromalpd,weak topic/path/data-type evidence,Not in Tiers 1-5; weak-candidate evidence only. Retained for completeness and not recommended for regression.,yes
84404,Performance of regional enrichment methods using exome data from the UK Biobank,Tier 6,weak_candidate,no,family_ukb-exome,https://github.com/OxWearables/ukb_exome,weak topic/path/data-type evidence,Not in Tiers 1-5; weak-candidate evidence only. Retained for completeness and not recommended for regression.,yes
84436,Functionally-informed Loci Association Test for disease and phenotype,Tier 6,weak_candidate,no,family_biobank-read; family_biobankread-bash; family_ukbbmriutils,https://github.com/Dragonriser/biobank-read; https://github.com/IFF-0303/biobank-read; https://github.com/SEONCHOE/biobank-read; https://github.com/lenamax2355/BiobankRead-Bash; https://github.com/os01/BiobankRead-Bash; https://github.com/STALICLA-RnD/UkbbMriUtils,weak topic/path/data-type evidence,Not in Tiers 1-5; weak-candidate evidence only. Retained for completeness and not recommended for regression.,yes
84541,The impact of population structure on biomedical outcomes in the UK Biobank,Tier 6,weak_candidate,no,family_amml-disentangling-structure-from-detail; family_retinapd,https://github.com/danilayDH/AMML-Disentangling-Structure-from-Detail; https://github.com/hewramanwaran/RetinaPD,weak topic/path/data-type evidence,Not in Tiers 1-5; weak-candidate evidence only. Retained for completeness and not recommended for regression.,yes
84979,Associations of Lifestyle and Genetic Risk with Incidence of Respiratory Diseases,Tier 6,weak_candidate,no,family_ukbbprodromalpd,https://github.com/samyak1729/ukbbprodromalpd; https://github.com/tolism/ukbbprodromalpd,weak topic/path/data-type evidence,Not in Tiers 1-5; weak-candidate evidence only. Retained for completeness and not recommended for regression.,yes
84980,The Mendelian randomization of Metabolomics and Cancer,Tier 6,weak_candidate,no,family_metabolomicscommondiseases; family_ukb-nmr-cvd-prediction; family_ukbpheno,https://github.com/chengluomilk/MetabolomicsCommonDiseases; https://github.com/YanLuoCityU/MetabolomicsCommonDiseases; https://github.com/zlpsophina/MetabolomicsCommonDiseases; https://github.com/YanLuoCityU/UKB_NMR_CVD_prediction; https://github.com/BakerMetabolomics/ukbpheno; https://github.com/kkukendrarajah/ukbpheno; https://github.com/magdazeb/ukbpheno; https://github.com/Neri0304/ukbpheno; https://github.com/stefanogg/ukbpheno; https://github.com/Tafelplankje/ukbpheno; https://github.com/yuehuang-gh/ukbpheno,weak topic/path/data-type evidence,Not in Tiers 1-5; weak-candidate evidence only. Retained for completeness and not recommended for regression.,yes
85037,Prediction of drug response using pharmacogenomics-driven machine learning approach,Tier 6,weak_candidate,no,family_ukb-gen-clocks,https://github.com/Euskal-Oxcitas-Biotek/UKB-gen-clocks,weak topic/path/data-type evidence,Not in Tiers 1-5; weak-candidate evidence only. Retained for completeness and not recommended for regression.,yes
85092,"Genetics, Fatty acids and Health Outcomes in the UKBiobank",Tier 6,weak_candidate,no,family_anyalasagne1_ukbiobank; family_biobankread; family_bis687-capstone-group-8; family_genepy-2; family_genotype-errors; family_multi-outcome; family_prs-dash-boxplot-app; family_rooty29_ukbiobank; family_ukbiobank-ecg; family_ukbiobank-knockoffs; family_ukbiobank-strs; family_ukbiobank-table-conversion; family_viciousjoon_ukbiobank; family_zhishenppp_ukbiobank,https://github.com/anyalasagne1/UKBiobank; https://github.com/yzharold/BiobankRead; https://github.com/JingnanBai/BIS687-Capstone-group-8; https://github.com/parsboy1987/GenePy-2; https://github.com/sylviah23/genotype-errors; https://github.com/Ikram-c/multi_outcome; https://github.com/mengjiefan/multi_outcome; https://github.com/NeBruNAI/PRS-dash-boxplot-app; https://github.com/Rooty29/UKBiobank; https://github.com/suniljmanohar/UKBiobank_ECG; https://github.com/LuZhangH/ukbiobank_knockoffs; https://github.com/zren94/ukbiobank_knockoffs; https://github.com/YIGUIz/ukbiobank_strs; https://github.com/audoushka/UKBiobank-Table-Conversion; https://github.com/futurologist/UKBiobank-Table-Conversion; https://github.com/Jiangaoshan/UKBiobank-Table-Conversion; https://github.com/lizhihao1990/UKBiobank-Table-Conversion; https://github.com/viciousjoon/ukbiobank; https://github.com/zhishenPPP/UKBiobank,weak topic/path/data-type evidence,Not in Tiers 1-5; weak-candidate evidence only. Retained for completeness and not recommended for regression.,yes
85403,The genetics of rare and common human diseases and traits: Focus on diseases with high impact on morbidity and premature sudden death and forensically relevant human traits,Tier 6,weak_candidate,no,family_biobank-read; family_biobankread-bash,https://github.com/Dragonriser/biobank-read; https://github.com/IFF-0303/biobank-read; https://github.com/SEONCHOE/biobank-read; https://github.com/lenamax2355/BiobankRead-Bash; https://github.com/os01/BiobankRead-Bash,weak topic/path/data-type evidence,Not in Tiers 1-5; weak-candidate evidence only. Retained for completeness and not recommended for regression.,yes
85474,Machine learning analyses to identify circadian-related genotypes predictive of anxiety,Tier 6,weak_candidate,no,family_cnv-ukb,https://github.com/GeneticResources/cnv-ukb,weak topic/path/data-type evidence,Not in Tiers 1-5; weak-candidate evidence only. Retained for completeness and not recommended for regression.,yes
86585,Improving PRS of autoimmune diseases by inferring effect sizes from associations with other diseases,Tier 6,weak_candidate,no,family_prs-dash-boxplot-app,https://github.com/NeBruNAI/PRS-dash-boxplot-app,weak topic/path/data-type evidence,Not in Tiers 1-5; weak-candidate evidence only. Retained for completeness and not recommended for regression.,yes
86776,Analysis of the features related to healthy aging,Tier 6,weak_candidate,no,family_keloids-clustering,https://github.com/anirudhj05/Keloids_Clustering,weak topic/path/data-type evidence,Not in Tiers 1-5; weak-candidate evidence only. Retained for completeness and not recommended for regression.,yes
86879,Investigating new risk factors for cardiovascular diseases,Tier 6,weak_candidate,no,family_shapeit5; family_ukb-download-and-prep-template,https://github.com/23andme-jaredo/shapeit5; https://github.com/barneyhill/shapeit5; https://github.com/JosephLalli/shapeit5; https://github.com/M-Hakmi/shapeit5; https://github.com/RimanB/shapeit5; https://github.com/rwk-unil/shapeit5; https://github.com/sunrisefor/shapeit5; https://github.com/Toseph/shapeit5; https://github.com/victorasua/shapeit5; https://github.com/lenamax2355/ukb_download_and_prep_template,weak topic/path/data-type evidence,Not in Tiers 1-5; weak-candidate evidence only. Retained for completeness and not recommended for regression.,yes
86898,"Non-genetic risk exposures, genetic predisposition, and complex diseases",Tier 6,weak_candidate,no,family_imds-wes,https://github.com/jjrun-11/IMDs_WES,weak topic/path/data-type evidence,Not in Tiers 1-5; weak-candidate evidence only. Retained for completeness and not recommended for regression.,yes
87031,Influence of cardiovascular risk on brain structure and function,Tier 6,weak_candidate,no,family_amml-disentangling-structure-from-detail,https://github.com/danilayDH/AMML-Disentangling-Structure-from-Detail,weak topic/path/data-type evidence,Not in Tiers 1-5; weak-candidate evidence only. Retained for completeness and not recommended for regression.,yes
87083,Big data-based analysis of genotype-phenotype correlations in eye diseases,Tier 6,weak_candidate,no,family_fundus-project,https://github.com/joshoch7/fundus_project,weak topic/path/data-type evidence,Not in Tiers 1-5; weak-candidate evidence only. Retained for completeness and not recommended for regression.,yes
87530,Combined analysis of multi-source heterogeneous data for depression detection and diagnosis,Tier 6,weak_candidate,no,family_uthesis,https://github.com/michaelGuo1204/UThesis,weak topic/path/data-type evidence,Not in Tiers 1-5; weak-candidate evidence only. Retained for completeness and not recommended for regression.,yes
87759,Regulation of age-related diseases by cellular metabolites,Tier 6,weak_candidate,no,family_ukb-bioage-cancer; family_ukb-tools,https://github.com/becomingcc/UKB_bioage_cancer; https://github.com/12sbxu/ukb-tools; https://github.com/magdazeb/ukb-tools,weak topic/path/data-type evidence,Not in Tiers 1-5; weak-candidate evidence only. Retained for completeness and not recommended for regression.,yes
88003,Development of Machine Learning-based Techniques for Biological Age Prediction,Tier 6,weak_candidate,no,family_ukb-api,https://github.com/batmanlab/ukb_api; https://github.com/tighu20/ukb_api,weak topic/path/data-type evidence,Not in Tiers 1-5; weak-candidate evidence only. Retained for completeness and not recommended for regression.,yes
88144,Genetic studies of severe asthma to identify putative targets for drug development,Tier 6,weak_candidate,no,family_ukbb-asthma,https://github.com/keerveer/ukbb_asthma; https://github.com/swbiggs4/ukbb_asthma,weak topic/path/data-type evidence,Not in Tiers 1-5; weak-candidate evidence only. Retained for completeness and not recommended for regression.,yes
88504,Neurocognition and brain function and structure in remitted depression,Tier 6,weak_candidate,no,family_amml-disentangling-structure-from-detail,https://github.com/danilayDH/AMML-Disentangling-Structure-from-Detail,weak topic/path/data-type evidence,Not in Tiers 1-5; weak-candidate evidence only. Retained for completeness and not recommended for regression.,yes
88969,Using the UK Biobank genome sequencing data as a reference panel for genotype imputation and genetic ancestry analysis in statistical genetics applications,Tier 6,weak_candidate,no,family_cnv-ukb; family_shapeit5,https://github.com/GeneticResources/cnv-ukb; https://github.com/23andme-jaredo/shapeit5; https://github.com/barneyhill/shapeit5; https://github.com/JosephLalli/shapeit5; https://github.com/M-Hakmi/shapeit5; https://github.com/RimanB/shapeit5; https://github.com/rwk-unil/shapeit5; https://github.com/sunrisefor/shapeit5; https://github.com/Toseph/shapeit5; https://github.com/victorasua/shapeit5,weak topic/path/data-type evidence,Not in Tiers 1-5; weak-candidate evidence only. Retained for completeness and not recommended for regression.,yes
89006,Comparison of the genetic architecture between Latino and UKBB populations as strategy to understand its role on human health traits and diseases.,Tier 6,weak_candidate,no,family_ehr,https://github.com/mjfalaguera/EHR,weak topic/path/data-type evidence,Not in Tiers 1-5; weak-candidate evidence only. Retained for completeness and not recommended for regression.,yes
89386,To explore the genetic mechanisms of multiple pain phenotypes based on the UK Biobank cohort,Tier 6,weak_candidate,no,family_pain-proteomics,https://github.com/Frank-HQZ/Pain_Proteomics,weak topic/path/data-type evidence,Not in Tiers 1-5; weak-candidate evidence only. Retained for completeness and not recommended for regression.,yes
89483,Identifying risk factors and drug repurposing for chronic diseases: a longitudinal cohort study based on UK Biobank,Tier 6,weak_candidate,no,family_longitudinal-data,https://github.com/AstraZheng/Longitudinal-data,weak topic/path/data-type evidence,Not in Tiers 1-5; weak-candidate evidence only. Retained for completeness and not recommended for regression.,yes
89871,Identifying risk factors for osteoarthritis and osteoporosis in UK Biobank: a longitudinal cohort study,Tier 6,weak_candidate,no,family_longitudinal-data,https://github.com/AstraZheng/Longitudinal-data,weak topic/path/data-type evidence,Not in Tiers 1-5; weak-candidate evidence only. Retained for completeness and not recommended for regression.,yes
89885,"Genetics of complex diseases, comorbidities, and the disease risk prediction",Tier 6,weak_candidate,no,family_ukb-atherosclerosis-prediction,https://github.com/OmriGruman/ukb-atherosclerosis-prediction,weak topic/path/data-type evidence,Not in Tiers 1-5; weak-candidate evidence only. Retained for completeness and not recommended for regression.,yes
89994,Investigating phenotypic and genotypic characteristics associated with cancer,Tier 6,weak_candidate,no,family_bio-machinelearning,https://github.com/Apostolos00tapsas/bio-machinelearning,weak topic/path/data-type evidence,Not in Tiers 1-5; weak-candidate evidence only. Retained for completeness and not recommended for regression.,yes
90060,"Associations of Lifestyle, Environmental factor, Genetic Risk with Aging-related Diseases",Tier 6,weak_candidate,no,family_ukb-bmi,https://github.com/mariaratnasamy/ukb_bmi,weak topic/path/data-type evidence,Not in Tiers 1-5; weak-candidate evidence only. Retained for completeness and not recommended for regression.,yes
90143,"USING GENETICS, PROTEOMICS AND METABOLOMICS IN THE STUDY OF CARDIOMETABOLIC DISEASE",Tier 6,weak_candidate,no,family_biomarkers; family_biomarkers-beautfig; family_gxsex; family_metabolomicscommondiseases; family_pain-proteomics; family_proteomics-ukbb; family_ukb-nmr-cvd-prediction; family_ukbpheno,https://github.com/Eugene-xyHe/biomarkers; https://github.com/IFF-0303/biomarkers; https://github.com/JujiaoKang/biomarkers; https://github.com/julyfish711/biomarkers; https://github.com/lenamax2355/biomarkers; https://github.com/Ran485/biomarkers; https://github.com/Shicheng-Guo/biomarkers; https://github.com/smiles2011hyc/biomarkers; https://github.com/K-zhangfengwei/biomarkers_beautfig; https://github.com/harpak-lab/GxSex; https://github.com/chengluomilk/MetabolomicsCommonDiseases; https://github.com/YanLuoCityU/MetabolomicsCommonDiseases; https://github.com/zlpsophina/MetabolomicsCommonDiseases; https://github.com/Frank-HQZ/Pain_Proteomics; https://github.com/Fmerella/Proteomics_UKBB-; https://github.com/YanLuoCityU/UKB_NMR_CVD_prediction; https://github.com/BakerMetabolomics/ukbpheno; https://github.com/kkukendrarajah/ukbpheno; https://github.com/magdazeb/ukbpheno; https://github.com/Neri0304/ukbpheno; https://github.com/stefanogg/ukbpheno; https://github.com/Tafelplankje/ukbpheno; https://github.com/yuehuang-gh/ukbpheno,weak topic/path/data-type evidence,Not in Tiers 1-5; weak-candidate evidence only. Retained for completeness and not recommended for regression.,yes
90221,Towards generalized risk scores: the role of GWAS and PRS supporting new approaches for clinical application.,Tier 6,weak_candidate,no,family_ptrs-ukb; family_viciousjoon_ukbiobank,https://github.com/CuihuaXia/ptrs-ukb; https://github.com/emyanuthomas/ptrs-ukb; https://github.com/hakyimlab/ptrs-ukb; https://github.com/viciousjoon/ukbiobank,weak topic/path/data-type evidence,Not in Tiers 1-5; weak-candidate evidence only. Retained for completeness and not recommended for regression.,yes
90798,Identifying and Ranking Key Risk factors for Chronic Diseases and non-accidental Death,Tier 6,weak_candidate,no,family_biobank-read; family_biobankread-bash,https://github.com/Dragonriser/biobank-read; https://github.com/IFF-0303/biobank-read; https://github.com/SEONCHOE/biobank-read; https://github.com/lenamax2355/BiobankRead-Bash; https://github.com/os01/BiobankRead-Bash,weak topic/path/data-type evidence,Not in Tiers 1-5; weak-candidate evidence only. Retained for completeness and not recommended for regression.,yes
90934,Pharmacogenomics in diverse populations,Tier 6,weak_candidate,no,family_prs-height-admixed-populations,https://github.com/Shicheng-Guo/PRS_Height_Admixed_Populations,weak topic/path/data-type evidence,Not in Tiers 1-5; weak-candidate evidence only. Retained for completeness and not recommended for regression.,yes
91074,Investigating the genetic and non-genetic risk factors for cardiovascular diseases,Tier 6,weak_candidate,no,family_tds-project,https://github.com/N-cizauskas/TDS_Project,weak topic/path/data-type evidence,Not in Tiers 1-5; weak-candidate evidence only. Retained for completeness and not recommended for regression.,yes
92257,Polymorphisms of the TERT gene and colorectal cancer survival,Tier 6,weak_candidate,no,family_genepy-2; family_uk-biobank-survival; family_viciousjoon_ukbiobank,https://github.com/parsboy1987/GenePy-2; https://github.com/gerstung-lab/uk_biobank_survival; https://github.com/rrrrrs1/uk_biobank_survival; https://github.com/viciousjoon/ukbiobank,weak topic/path/data-type evidence,Not in Tiers 1-5; weak-candidate evidence only. Retained for completeness and not recommended for regression.,yes
92288,Characterization of patients with memory symptoms: a longitudinal study of clinical and brain imaging phenotypes,Tier 6,weak_candidate,no,family_longitudinal-data,https://github.com/AstraZheng/Longitudinal-data,weak topic/path/data-type evidence,Not in Tiers 1-5; weak-candidate evidence only. Retained for completeness and not recommended for regression.,yes
92363,Clinical and molecular heterogeneity of Kennedy's disease,Tier 6,weak_candidate,no,family_junnh_ukbb; family_viciousjoon_ukbiobank,https://github.com/Junnh/UKBB; https://github.com/viciousjoon/ukbiobank,weak topic/path/data-type evidence,Not in Tiers 1-5; weak-candidate evidence only. Retained for completeness and not recommended for regression.,yes
92392,"Exposome, genetic predisposition in complex diseases and multimorbidity",Tier 6,weak_candidate,no,family_exposome-aging-ukb; family_test-exposome-aging-ukb,https://github.com/rrrrrs1/exposome-aging-ukb; https://github.com/okoropaulc/test_exposome_aging_ukb,weak topic/path/data-type evidence,Not in Tiers 1-5; weak-candidate evidence only. Retained for completeness and not recommended for regression.,yes
92411,Portability of Genetic Risk Scores to Underrepresented Populations,Tier 6,weak_candidate,no,family_prs-height-admixed-populations,https://github.com/Shicheng-Guo/PRS_Height_Admixed_Populations,weak topic/path/data-type evidence,Not in Tiers 1-5; weak-candidate evidence only. Retained for completeness and not recommended for regression.,yes
92760,Understanding the relationship between the genetic and neural architecture of communication traits and health,Tier 6,weak_candidate,no,family_neuralcvd,https://github.com/DhanushB2000/NeuralCVD; https://github.com/HaibinLi0817/NeuralCVD; https://github.com/YanLuoCityU/NeuralCVD; https://github.com/yanranwang/NeuralCVD,weak topic/path/data-type evidence,Not in Tiers 1-5; weak-candidate evidence only. Retained for completeness and not recommended for regression.,yes
93016,Development of an improved Polygenic Risk Scores (PRS) for complex disorders,Tier 6,weak_candidate,no,family_prs-dash-boxplot-app,https://github.com/NeBruNAI/PRS-dash-boxplot-app,weak topic/path/data-type evidence,Not in Tiers 1-5; weak-candidate evidence only. Retained for completeness and not recommended for regression.,yes
93085,Genetic basis for resistance or susceptibility to diseases conferred by the HLA and KIR loci.,Tier 6,weak_candidate,no,family_ukb-download-and-prep-template,https://github.com/lenamax2355/ukb_download_and_prep_template,weak topic/path/data-type evidence,Not in Tiers 1-5; weak-candidate evidence only. Retained for completeness and not recommended for regression.,yes
93224,Automated and robust cardiac function quantification from cardiac MRI,Tier 6,weak_candidate,no,family_t40-rsfmri; family_ukbbmriutils,https://github.com/Kakashi-sensei/T40_rsfMRI; https://github.com/STALICLA-RnD/UkbbMriUtils,weak topic/path/data-type evidence,Not in Tiers 1-5; weak-candidate evidence only. Retained for completeness and not recommended for regression.,yes
93604,Life-course risk and protective factors associated with complex diseases,Tier 6,weak_candidate,no,family_ukb-bmi,https://github.com/mariaratnasamy/ukb_bmi,weak topic/path/data-type evidence,Not in Tiers 1-5; weak-candidate evidence only. Retained for completeness and not recommended for regression.,yes
94113,Determinants and clinical significance of cerebral small vessel disease,Tier 6,weak_candidate,no,family_amml-disentangling-structure-from-detail; family_junnh_ukbb,https://github.com/danilayDH/AMML-Disentangling-Structure-from-Detail; https://github.com/Junnh/UKBB,weak topic/path/data-type evidence,Not in Tiers 1-5; weak-candidate evidence only. Retained for completeness and not recommended for regression.,yes
94329,The impact of APOE genotype and obesity overt cognition and brain changes along the life-span,Tier 6,weak_candidate,no,family_moodie-geneexpression-cognition,https://github.com/JialingFan1/moodie-geneexpression-cognition,weak topic/path/data-type evidence,Not in Tiers 1-5; weak-candidate evidence only. Retained for completeness and not recommended for regression.,yes
94757,Deciphering the complex relationship between asthma/allergy and pancreatic cancer risk,Tier 6,weak_candidate,no,family_ukbb-asthma,https://github.com/keerveer/ukbb_asthma; https://github.com/swbiggs4/ukbb_asthma,weak topic/path/data-type evidence,Not in Tiers 1-5; weak-candidate evidence only. Retained for completeness and not recommended for regression.,yes
94918,Evaluating the utility of current clinical genetic testing methods,Tier 6,weak_candidate,no,family_junnh_ukbb,https://github.com/Junnh/UKBB,weak topic/path/data-type evidence,Not in Tiers 1-5; weak-candidate evidence only. Retained for completeness and not recommended for regression.,yes
94939,Combination of polygenic risk score and classical risk factors to predict Pan-cancer risks,Tier 6,weak_candidate,no,family_predict-cahd-by-ecg-on-uk-biobank,https://github.com/IFF-0303/Predict_CAHD_by_ECG_on_UK_Biobank,weak topic/path/data-type evidence,Not in Tiers 1-5; weak-candidate evidence only. Retained for completeness and not recommended for regression.,yes
94956,Long-term outcomes for cancer patients in the UK Biobank,Tier 6,weak_candidate,no,family_master-thesis; family_postincredible_ukbb,https://github.com/nickathans/master-thesis; https://github.com/postincredible/ukbb,weak topic/path/data-type evidence,Not in Tiers 1-5; weak-candidate evidence only. Retained for completeness and not recommended for regression.,yes
94973,What about sex? The role of hormones and genetics in complex traits,Tier 6,weak_candidate,no,family_ukbbcov2risk,https://github.com/kennethcywong/ukbbcov2risk,weak topic/path/data-type evidence,Not in Tiers 1-5; weak-candidate evidence only. Retained for completeness and not recommended for regression.,yes
95105,Identification of cost-effective biomarkers for Alzheimer's disease,Tier 6,weak_candidate,no,family_bnn-for-uncertainty-estimation-of-imaging-biomarkers,https://github.com/suyanzhou626/BNN-for-Uncertainty-Estimation-of-Imaging-Biomarkers,weak topic/path/data-type evidence,Not in Tiers 1-5; weak-candidate evidence only. Retained for completeness and not recommended for regression.,yes
95179,Advancing Genomics for Diverse and Admixed Populations,Tier 6,weak_candidate,no,family_prs-height-admixed-populations,https://github.com/Shicheng-Guo/PRS_Height_Admixed_Populations,weak topic/path/data-type evidence,Not in Tiers 1-5; weak-candidate evidence only. Retained for completeness and not recommended for regression.,yes
95237,Population genetic and counterfactual interpretation of genome-wide association study in admixed populations,Tier 6,weak_candidate,no,family_prs-height-admixed-populations,https://github.com/Shicheng-Guo/PRS_Height_Admixed_Populations,weak topic/path/data-type evidence,Not in Tiers 1-5; weak-candidate evidence only. Retained for completeness and not recommended for regression.,yes
95478,Sex-differences in genetic architecture of complex traits and diseases in humans,Tier 6,weak_candidate,no,family_ukbbcov2risk,https://github.com/kennethcywong/ukbbcov2risk,weak topic/path/data-type evidence,Not in Tiers 1-5; weak-candidate evidence only. Retained for completeness and not recommended for regression.,yes
95506,Defining a signature of prodromal Parkinson's disease in the UK Biobank cohort,Tier 6,weak_candidate,no,family_ukbbprodromalpd,https://github.com/samyak1729/ukbbprodromalpd; https://github.com/tolism/ukbbprodromalpd,weak topic/path/data-type evidence,Not in Tiers 1-5; weak-candidate evidence only. Retained for completeness and not recommended for regression.,yes
95715,"Effects of genomic, metabolomic, environmental and clinical factors on neurological and psychiatric disorders, and construction of predictive models",Tier 6,weak_candidate,no,family_ukbbmodriskr,https://github.com/rrrrrs1/UKBBModRiskR,weak topic/path/data-type evidence,Not in Tiers 1-5; weak-candidate evidence only. Retained for completeness and not recommended for regression.,yes
95872,"To study the associations between novel SNPs, the risks of conversion to acute leukemia and prognosis in myeloproliferative neoplasms patients",Tier 6,weak_candidate,no,family_ukbiobank-table-conversion,https://github.com/audoushka/UKBiobank-Table-Conversion; https://github.com/futurologist/UKBiobank-Table-Conversion; https://github.com/Jiangaoshan/UKBiobank-Table-Conversion; https://github.com/lizhihao1990/UKBiobank-Table-Conversion,weak topic/path/data-type evidence,Not in Tiers 1-5; weak-candidate evidence only. Retained for completeness and not recommended for regression.,yes
95961,A machine-learning based PRS model predicting risk of developing diabetic nephropathy and hypertension in diabetes patients,Tier 6,weak_candidate,no,family_epi-prs,https://github.com/ghm17/Epi-PRS; https://github.com/tzhang-nmdp/Epi-PRS,weak topic/path/data-type evidence,Not in Tiers 1-5; weak-candidate evidence only. Retained for completeness and not recommended for regression.,yes
96168,Exploring the impact of mutational burden on molecular traits and cancer risk,Tier 6,weak_candidate,no,family_gogogpcr; family_ukb-oligo,https://github.com/deepgohil/gogoGPCR; https://github.com/petergerlach1/gogoGPCR; https://github.com/mariaratnasamy/ukb_oligo,weak topic/path/data-type evidence,Not in Tiers 1-5; weak-candidate evidence only. Retained for completeness and not recommended for regression.,yes
96361,Genetic modifiers for metabolic traits.,Tier 6,weak_candidate,no,family_ukbfrailty,https://github.com/becomingcc/ukbfrailty,weak topic/path/data-type evidence,Not in Tiers 1-5; weak-candidate evidence only. Retained for completeness and not recommended for regression.,yes
96697,The causal effect of childhood maltreatment on cognition and (mental) health outcomes,Tier 6,weak_candidate,no,family_moodie-geneexpression-cognition,https://github.com/JialingFan1/moodie-geneexpression-cognition,weak topic/path/data-type evidence,Not in Tiers 1-5; weak-candidate evidence only. Retained for completeness and not recommended for regression.,yes
97062,Genetic and clinical characterization of hypertrophic cardiomyopathy (HCM) and genocopies,Tier 6,weak_candidate,no,family_junnh_ukbb,https://github.com/Junnh/UKBB,weak topic/path/data-type evidence,Not in Tiers 1-5; weak-candidate evidence only. Retained for completeness and not recommended for regression.,yes
97089,Associations of physical multimorbidity patterns and heart structure with cognition and neuroimaging outcomes,Tier 6,weak_candidate,no,family_moodie-geneexpression-cognition,https://github.com/JialingFan1/moodie-geneexpression-cognition,weak topic/path/data-type evidence,Not in Tiers 1-5; weak-candidate evidence only. Retained for completeness and not recommended for regression.,yes
97117,Impact of covariates on brain imaging biomarkers,Tier 6,weak_candidate,no,family_gogogpcr; family_ukb-exome,https://github.com/deepgohil/gogoGPCR; https://github.com/petergerlach1/gogoGPCR; https://github.com/OxWearables/ukb_exome,weak topic/path/data-type evidence,Not in Tiers 1-5; weak-candidate evidence only. Retained for completeness and not recommended for regression.,yes
97487,A biologically meaningful and interpretable neural network framework for end-to-end multi phenotype prediction,Tier 6,weak_candidate,no,family_neuralcvd,https://github.com/DhanushB2000/NeuralCVD; https://github.com/HaibinLi0817/NeuralCVD; https://github.com/YanLuoCityU/NeuralCVD; https://github.com/yanranwang/NeuralCVD,weak topic/path/data-type evidence,Not in Tiers 1-5; weak-candidate evidence only. Retained for completeness and not recommended for regression.,yes
97730,"Exploring genomic interrelationships between multi-modal imaging, clinical phenotypes and EHR",Tier 6,weak_candidate,no,family_ehr; family_ukb-oligo,https://github.com/mjfalaguera/EHR; https://github.com/mariaratnasamy/ukb_oligo,weak topic/path/data-type evidence,Not in Tiers 1-5; weak-candidate evidence only. Retained for completeness and not recommended for regression.,yes
98633,Associations of physical function with incidence of chronic conditions and risk of all-cause and specific mortality: longitudinal analyses accounting for genetic predisposition,Tier 6,weak_candidate,no,family_uk-biobank-gcg,https://github.com/sblg/UK-Biobank-GCG,weak topic/path/data-type evidence,Not in Tiers 1-5; weak-candidate evidence only. Retained for completeness and not recommended for regression.,yes
99086,"Family, genetic, and environmental influence on human development and health",Tier 6,weak_candidate,no,family_human-sex-ratio,https://github.com/song88180/Human_sex_ratio,weak topic/path/data-type evidence,Not in Tiers 1-5; weak-candidate evidence only. Retained for completeness and not recommended for regression.,yes
99135,the  risk factors for post-stroke depression,Tier 6,weak_candidate,no,family_imds-wes,https://github.com/jjrun-11/IMDs_WES,weak topic/path/data-type evidence,Not in Tiers 1-5; weak-candidate evidence only. Retained for completeness and not recommended for regression.,yes
99470,Multi-task Learning for Cancer Phenotypes,Tier 6,weak_candidate,no,family_ukbb-gwas-dev,https://github.com/ashwinas88/UKBB_GWAS_dev; https://github.com/LingTuo/UKBB_GWAS_dev,weak topic/path/data-type evidence,Not in Tiers 1-5; weak-candidate evidence only. Retained for completeness and not recommended for regression.,yes
99685,Integrating genetics and omics data with epidemiologic and EHR data to improve the understanding of etiology of major cancers,Tier 6,weak_candidate,no,family_ehr; family_ukb-oligo,https://github.com/mjfalaguera/EHR; https://github.com/mariaratnasamy/ukb_oligo,weak topic/path/data-type evidence,Not in Tiers 1-5; weak-candidate evidence only. Retained for completeness and not recommended for regression.,yes
99869,Adverse Pregnancy Outcomes and Cardiovascular Disease Risk,Tier 6,weak_candidate,no,family_multi-outcome,https://github.com/Ikram-c/multi_outcome; https://github.com/mengjiefan/multi_outcome,weak topic/path/data-type evidence,Not in Tiers 1-5; weak-candidate evidence only. Retained for completeness and not recommended for regression.,yes
100203,Data-driven fast and high-quality MRI,Tier 6,weak_candidate,no,family_master-thesis; family_t40-rsfmri; family_ukbbmriutils,https://github.com/nickathans/master-thesis; https://github.com/Kakashi-sensei/T40_rsfMRI; https://github.com/STALICLA-RnD/UkbbMriUtils,weak topic/path/data-type evidence,Not in Tiers 1-5; weak-candidate evidence only. Retained for completeness and not recommended for regression.,yes
100235,Comparing variant distributions and Polygenic Risk Score between the UK Biobank and South Asian cohorts,Tier 6,weak_candidate,no,family_anyalasagne1_ukbiobank; family_bis620-2022; family_bis687-capstone-group-8; family_biv-volumetric-meshing; family_cancerrisk; family_code-examples; family_cuihuaxia_001; family_data2vec-bert-ukb; family_divergence-pipeline; family_genetic-annotation-aware-dimensionality-reduction-in-uk-biobank; family_genotype-errors; family_iff-0303_001; family_jiangweixia_001; family_jooooooooey_ukb; family_latinos-in-ukbb; family_lizhihao1990_ukbb; family_lld2018_001; family_lronan_ukb; family_margulies_ukb; family_mh-in-ukb; family_mtswirl; family_nanhui2000_ukb; family_nextgen-exomiser-ukb; family_rick-chen-pku_001; family_rooty29_ukbiobank; family_smiles2011hyc_001; family_t2dm-ukb-predictions; family_takdrift_001; family_transconnectome_ukb; family_uk-biobank-gcg; family_uk-biobank-study-1; family_ukb-cancer-24h; family_ukb-download-and-prep-template; family_ukb-processing-nf; family_ukbb-1; family_ukbb-data-r; family_ukbbmodriskr; family_ukbiobank-ecg; family_ukbiobank-strs; family_ukbiobank-table-conversion; family_xander-y_ukb; family_zczali4403_001; family_zeigar_ukb; family_zhishenppp_ukbb; family_zhishenppp_ukbiobank; family_zoonono_ukb,https://github.com/anyalasagne1/UKBiobank; https://github.com/HankkaMark/bis620.2022; https://github.com/JingnanBai/BIS687-Capstone-group-8; https://github.com/kiwixiao/biv-volumetric-meshing; https://github.com/alexwjung/CancerRisk; https://github.com/gerstung-lab/CancerRisk; https://github.com/miguelmspereira/code-examples; https://github.com/CuihuaXia/001; https://github.com/alatteaday/data2vec_bert_ukb; https://github.com/AdrianHarris96/Divergence_Pipeline; https://github.com/AishaAlsuwaidi/Genetic-annotation-aware-dimensionality-reduction-in-UK-Biobank; https://github.com/sylviah23/genotype-errors; https://github.com/IFF-0303/001; https://github.com/jiangweixia/001; https://github.com/Jooooooooey/ukb; https://github.com/huytrain42/Latinos-in-UKBB; https://github.com/lizhihao1990/ukbb; https://github.com/LLD2018/001; https://github.com/lronan/UKB; https://github.com/margulies/UKB; https://github.com/tongluobing/MH_in_UKB; https://github.com/jessicaway/mtSwirl; https://github.com/Victory-Hugo/mtSwirl; https://github.com/nanhui2000/ukb; https://github.com/martadelfino/nextgen-exomiser-ukb; https://github.com/Rick-Chen-PKU/001; https://github.com/Rooty29/UKBiobank; https://github.com/smiles2011hyc/001; https://github.com/Farida-Ali/T2DM_UKB_predictions; https://github.com/Takdrift/001; https://github.com/Transconnectome/UKB; https://github.com/sblg/UK-Biobank-GCG; https://github.com/xx2383/UK-Biobank-study-1; https://github.com/Owain-S/ukb-cancer-24h; https://github.com/IFF-0303/ukb_download_and_prep_template; https://github.com/Jacob-X/ukb_download_and_prep_template; https://github.com/VyasPillai/ukb_processing-nf; https://github.com/HongyuanWu/ukbb-1; https://github.com/Shicheng-Guo/ukbb-1; https://github.com/12sbxu/ukbb_data_r; https://github.com/rrrrrs1/UKBBModRiskR; https://github.com/suniljmanohar/UKBiobank_ECG; https://github.com/YIGUIz/ukbiobank_strs; https://github.com/audoushka/UKBiobank-Table-Conversion; https://github.com/futurologist/UKBiobank-Table-Conversion; https://github.com/Jiangaoshan/UKBiobank-Table-Conversion; https://github.com/lizhihao1990/UKBiobank-Table-Conversion; https://github.com/Xander-Y/ukb; https://github.com/zczali4403/001; https://github.com/Zeigar/UKB; https://github.com/zhishenPPP/ukbb; https://github.com/zhishenPPP/UKBiobank; https://github.com/zoonono/UKB,weak topic/path/data-type evidence,Not in Tiers 1-5; weak-candidate evidence only. Retained for completeness and not recommended for regression.,yes
100242,Investigating genetic causal correlations of food allergy with human common diseases in UK Biobank cohort,Tier 6,weak_candidate,no,family_anyalasagne1_ukbiobank; family_bis620-2022; family_bis687-capstone-group-8; family_biv-volumetric-meshing; family_cancerrisk; family_code-examples; family_cuihuaxia_001; family_data2vec-bert-ukb; family_divergence-pipeline; family_genetic-annotation-aware-dimensionality-reduction-in-uk-biobank; family_genotype-errors; family_iff-0303_001; family_jiangweixia_001; family_jooooooooey_ukb; family_latinos-in-ukbb; family_lizhihao1990_ukbb; family_lld2018_001; family_lronan_ukb; family_margulies_ukb; family_metabolomicscommondiseases; family_mh-in-ukb; family_mtswirl; family_nanhui2000_ukb; family_nextgen-exomiser-ukb; family_rick-chen-pku_001; family_rooty29_ukbiobank; family_smiles2011hyc_001; family_t2dm-ukb-predictions; family_takdrift_001; family_transconnectome_ukb; family_uk-biobank-gcg; family_uk-biobank-study-1; family_ukb-cancer-24h; family_ukb-download-and-prep-template; family_ukb-processing-nf; family_ukbb-1; family_ukbb-data-r; family_ukbbmodriskr; family_ukbiobank-ecg; family_ukbiobank-strs; family_ukbiobank-table-conversion; family_xander-y_ukb; family_zczali4403_001; family_zeigar_ukb; family_zhishenppp_ukbb; family_zhishenppp_ukbiobank; family_zoonono_ukb,https://github.com/anyalasagne1/UKBiobank; https://github.com/HankkaMark/bis620.2022; https://github.com/JingnanBai/BIS687-Capstone-group-8; https://github.com/kiwixiao/biv-volumetric-meshing; https://github.com/alexwjung/CancerRisk; https://github.com/gerstung-lab/CancerRisk; https://github.com/miguelmspereira/code-examples; https://github.com/CuihuaXia/001; https://github.com/alatteaday/data2vec_bert_ukb; https://github.com/AdrianHarris96/Divergence_Pipeline; https://github.com/AishaAlsuwaidi/Genetic-annotation-aware-dimensionality-reduction-in-UK-Biobank; https://github.com/sylviah23/genotype-errors; https://github.com/IFF-0303/001; https://github.com/jiangweixia/001; https://github.com/Jooooooooey/ukb; https://github.com/huytrain42/Latinos-in-UKBB; https://github.com/lizhihao1990/ukbb; https://github.com/LLD2018/001; https://github.com/lronan/UKB; https://github.com/margulies/UKB; https://github.com/chengluomilk/MetabolomicsCommonDiseases; https://github.com/YanLuoCityU/MetabolomicsCommonDiseases; https://github.com/zlpsophina/MetabolomicsCommonDiseases; https://github.com/tongluobing/MH_in_UKB; https://github.com/jessicaway/mtSwirl; https://github.com/Victory-Hugo/mtSwirl; https://github.com/nanhui2000/ukb; https://github.com/martadelfino/nextgen-exomiser-ukb; https://github.com/Rick-Chen-PKU/001; https://github.com/Rooty29/UKBiobank; https://github.com/smiles2011hyc/001; https://github.com/Farida-Ali/T2DM_UKB_predictions; https://github.com/Takdrift/001; https://github.com/Transconnectome/UKB; https://github.com/sblg/UK-Biobank-GCG; https://github.com/xx2383/UK-Biobank-study-1; https://github.com/Owain-S/ukb-cancer-24h; https://github.com/IFF-0303/ukb_download_and_prep_template; https://github.com/Jacob-X/ukb_download_and_prep_template; https://github.com/VyasPillai/ukb_processing-nf; https://github.com/HongyuanWu/ukbb-1; https://github.com/Shicheng-Guo/ukbb-1; https://github.com/12sbxu/ukbb_data_r; https://github.com/rrrrrs1/UKBBModRiskR; https://github.com/suniljmanohar/UKBiobank_ECG; https://github.com/YIGUIz/ukbiobank_strs; https://github.com/audoushka/UKBiobank-Table-Conversion; https://github.com/futurologist/UKBiobank-Table-Conversion; https://github.com/Jiangaoshan/UKBiobank-Table-Conversion; https://github.com/lizhihao1990/UKBiobank-Table-Conversion; https://github.com/Xander-Y/ukb; https://github.com/zczali4403/001; https://github.com/Zeigar/UKB; https://github.com/zhishenPPP/ukbb; https://github.com/zhishenPPP/UKBiobank; https://github.com/zoonono/UKB,weak topic/path/data-type evidence,Not in Tiers 1-5; weak-candidate evidence only. Retained for completeness and not recommended for regression.,yes
100261,Uncovering the genetic basis of reproductive health and its links to general health,Tier 6,weak_candidate,no,family_anyalasagne1_ukbiobank; family_bis620-2022; family_bis687-capstone-group-8; family_biv-volumetric-meshing; family_cancerrisk; family_code-examples; family_cuihuaxia_001; family_data2vec-bert-ukb; family_divergence-pipeline; family_genetic-annotation-aware-dimensionality-reduction-in-uk-biobank; family_genotype-errors; family_idears-orig; family_iff-0303_001; family_jiangweixia_001; family_jooooooooey_ukb; family_latinos-in-ukbb; family_lizhihao1990_ukbb; family_lld2018_001; family_lronan_ukb; family_margulies_ukb; family_mh-in-ukb; family_mtswirl; family_nanhui2000_ukb; family_nextgen-exomiser-ukb; family_rick-chen-pku_001; family_rooty29_ukbiobank; family_smiles2011hyc_001; family_t2dm-ukb-predictions; family_takdrift_001; family_transconnectome_ukb; family_uk-biobank-study-1; family_ukb-cancer-24h; family_ukb-download-and-prep-template; family_ukb-processing-nf; family_ukbb-1; family_ukbb-data-r; family_ukbiobank-ecg; family_ukbiobank-strs; family_ukbiobank-table-conversion; family_xander-y_ukb; family_zczali4403_001; family_zeigar_ukb; family_zhishenppp_ukbb; family_zhishenppp_ukbiobank; family_zoonono_ukb,https://github.com/anyalasagne1/UKBiobank; https://github.com/HankkaMark/bis620.2022; https://github.com/JingnanBai/BIS687-Capstone-group-8; https://github.com/kiwixiao/biv-volumetric-meshing; https://github.com/alexwjung/CancerRisk; https://github.com/miguelmspereira/code-examples; https://github.com/CuihuaXia/001; https://github.com/alatteaday/data2vec_bert_ukb; https://github.com/AdrianHarris96/Divergence_Pipeline; https://github.com/AishaAlsuwaidi/Genetic-annotation-aware-dimensionality-reduction-in-UK-Biobank; https://github.com/sylviah23/genotype-errors; https://github.com/MikeAllwright23/idears_orig; https://github.com/IFF-0303/001; https://github.com/jiangweixia/001; https://github.com/Jooooooooey/ukb; https://github.com/huytrain42/Latinos-in-UKBB; https://github.com/lizhihao1990/ukbb; https://github.com/LLD2018/001; https://github.com/lronan/UKB; https://github.com/margulies/UKB; https://github.com/tongluobing/MH_in_UKB; https://github.com/jessicaway/mtSwirl; https://github.com/Victory-Hugo/mtSwirl; https://github.com/nanhui2000/ukb; https://github.com/martadelfino/nextgen-exomiser-ukb; https://github.com/Rick-Chen-PKU/001; https://github.com/Rooty29/UKBiobank; https://github.com/smiles2011hyc/001; https://github.com/Farida-Ali/T2DM_UKB_predictions; https://github.com/Takdrift/001; https://github.com/Transconnectome/UKB; https://github.com/xx2383/UK-Biobank-study-1; https://github.com/Owain-S/ukb-cancer-24h; https://github.com/IFF-0303/ukb_download_and_prep_template; https://github.com/Jacob-X/ukb_download_and_prep_template; https://github.com/VyasPillai/ukb_processing-nf; https://github.com/HongyuanWu/ukbb-1; https://github.com/Shicheng-Guo/ukbb-1; https://github.com/12sbxu/ukbb_data_r; https://github.com/suniljmanohar/UKBiobank_ECG; https://github.com/YIGUIz/ukbiobank_strs; https://github.com/audoushka/UKBiobank-Table-Conversion; https://github.com/futurologist/UKBiobank-Table-Conversion; https://github.com/Jiangaoshan/UKBiobank-Table-Conversion; https://github.com/lizhihao1990/UKBiobank-Table-Conversion; https://github.com/Xander-Y/ukb; https://github.com/zczali4403/001; https://github.com/Zeigar/UKB; https://github.com/zhishenPPP/ukbb; https://github.com/zhishenPPP/UKBiobank; https://github.com/zoonono/UKB,weak topic/path/data-type evidence,Not in Tiers 1-5; weak-candidate evidence only. Retained for completeness and not recommended for regression.,yes
100300,Premature Ovarian Insufficiency (POI) prediction model establishment and precision diagnosis and treatment transformation,Tier 6,weak_candidate,no,family_anyalasagne1_ukbiobank; family_bis620-2022; family_bis687-capstone-group-8; family_biv-volumetric-meshing; family_code-examples; family_cuihuaxia_001; family_data2vec-bert-ukb; family_divergence-pipeline; family_genetic-annotation-aware-dimensionality-reduction-in-uk-biobank; family_genotype-errors; family_iff-0303_001; family_jiangweixia_001; family_jooooooooey_ukb; family_latinos-in-ukbb; family_lizhihao1990_ukbb; family_lld2018_001; family_lronan_ukb; family_margulies_ukb; family_mh-in-ukb; family_mtswirl; family_nanhui2000_ukb; family_nextgen-exomiser-ukb; family_rick-chen-pku_001; family_rooty29_ukbiobank; family_smiles2011hyc_001; family_t2dm-ukb-predictions; family_takdrift_001; family_transconnectome_ukb; family_uk-biobank-study-1; family_ukb-cancer-24h; family_ukb-download-and-prep-template; family_ukb-processing-nf; family_ukbb-1; family_ukbb-data-r; family_ukbiobank-ecg; family_ukbiobank-strs; family_ukbiobank-table-conversion; family_xander-y_ukb; family_zczali4403_001; family_zeigar_ukb; family_zhishenppp_ukbb; family_zhishenppp_ukbiobank; family_zoonono_ukb,https://github.com/anyalasagne1/UKBiobank; https://github.com/HankkaMark/bis620.2022; https://github.com/JingnanBai/BIS687-Capstone-group-8; https://github.com/kiwixiao/biv-volumetric-meshing; https://github.com/miguelmspereira/code-examples; https://github.com/CuihuaXia/001; https://github.com/alatteaday/data2vec_bert_ukb; https://github.com/AdrianHarris96/Divergence_Pipeline; https://github.com/AishaAlsuwaidi/Genetic-annotation-aware-dimensionality-reduction-in-UK-Biobank; https://github.com/sylviah23/genotype-errors; https://github.com/IFF-0303/001; https://github.com/jiangweixia/001; https://github.com/Jooooooooey/ukb; https://github.com/huytrain42/Latinos-in-UKBB; https://github.com/lizhihao1990/ukbb; https://github.com/LLD2018/001; https://github.com/lronan/UKB; https://github.com/margulies/UKB; https://github.com/tongluobing/MH_in_UKB; https://github.com/jessicaway/mtSwirl; https://github.com/Victory-Hugo/mtSwirl; https://github.com/nanhui2000/ukb; https://github.com/martadelfino/nextgen-exomiser-ukb; https://github.com/Rick-Chen-PKU/001; https://github.com/Rooty29/UKBiobank; https://github.com/smiles2011hyc/001; https://github.com/Farida-Ali/T2DM_UKB_predictions; https://github.com/Takdrift/001; https://github.com/Transconnectome/UKB; https://github.com/xx2383/UK-Biobank-study-1; https://github.com/Owain-S/ukb-cancer-24h; https://github.com/IFF-0303/ukb_download_and_prep_template; https://github.com/Jacob-X/ukb_download_and_prep_template; https://github.com/VyasPillai/ukb_processing-nf; https://github.com/HongyuanWu/ukbb-1; https://github.com/Shicheng-Guo/ukbb-1; https://github.com/12sbxu/ukbb_data_r; https://github.com/suniljmanohar/UKBiobank_ECG; https://github.com/YIGUIz/ukbiobank_strs; https://github.com/audoushka/UKBiobank-Table-Conversion; https://github.com/futurologist/UKBiobank-Table-Conversion; https://github.com/Jiangaoshan/UKBiobank-Table-Conversion; https://github.com/lizhihao1990/UKBiobank-Table-Conversion; https://github.com/Xander-Y/ukb; https://github.com/zczali4403/001; https://github.com/Zeigar/UKB; https://github.com/zhishenPPP/ukbb; https://github.com/zhishenPPP/UKBiobank; https://github.com/zoonono/UKB,weak topic/path/data-type evidence,Not in Tiers 1-5; weak-candidate evidence only. Retained for completeness and not recommended for regression.,yes
100316,A deep learning based approach for phenome-wide association studies,Tier 6,weak_candidate,no,family_bis620-2022; family_code-examples; family_divergence-pipeline; family_genotype-errors; family_mtswirl,https://github.com/HankkaMark/bis620.2022; https://github.com/miguelmspereira/code-examples; https://github.com/AdrianHarris96/Divergence_Pipeline; https://github.com/sylviah23/genotype-errors; https://github.com/jessicaway/mtSwirl; https://github.com/Victory-Hugo/mtSwirl,weak topic/path/data-type evidence,Not in Tiers 1-5; weak-candidate evidence only. Retained for completeness and not recommended for regression.,yes
100337,"Studying brain development, mental health and  other complex traits with genomic and neuroimaging data in UK Biobank Cohort",Tier 6,weak_candidate,no,family_anyalasagne1_ukbiobank; family_bis620-2022; family_biv-volumetric-meshing; family_code-examples; family_cuihuaxia_001; family_data2vec-bert-ukb; family_divergence-pipeline; family_genetic-annotation-aware-dimensionality-reduction-in-uk-biobank; family_genotype-errors; family_iff-0303_001; family_jiangweixia_001; family_jooooooooey_ukb; family_latinos-in-ukbb; family_lizhihao1990_ukbb; family_lld2018_001; family_lronan_ukb; family_margulies_ukb; family_mh-in-ukb; family_mtswirl; family_nanhui2000_ukb; family_nextgen-exomiser-ukb; family_rick-chen-pku_001; family_rooty29_ukbiobank; family_smiles2011hyc_001; family_t2dm-ukb-predictions; family_takdrift_001; family_transconnectome_ukb; family_uk-biobank-study-1; family_ukb-cancer-24h; family_ukb-download-and-prep-template; family_ukb-processing-nf; family_ukbb-1; family_ukbb-data-r; family_ukbiobank-ecg; family_ukbiobank-strs; family_ukbiobank-table-conversion; family_xander-y_ukb; family_zczali4403_001; family_zeigar_ukb; family_zhishenppp_ukbb; family_zhishenppp_ukbiobank; family_zoonono_ukb,https://github.com/anyalasagne1/UKBiobank; https://github.com/HankkaMark/bis620.2022; https://github.com/kiwixiao/biv-volumetric-meshing; https://github.com/miguelmspereira/code-examples; https://github.com/CuihuaXia/001; https://github.com/alatteaday/data2vec_bert_ukb; https://github.com/AdrianHarris96/Divergence_Pipeline; https://github.com/AishaAlsuwaidi/Genetic-annotation-aware-dimensionality-reduction-in-UK-Biobank; https://github.com/sylviah23/genotype-errors; https://github.com/IFF-0303/001; https://github.com/jiangweixia/001; https://github.com/Jooooooooey/ukb; https://github.com/huytrain42/Latinos-in-UKBB; https://github.com/lizhihao1990/ukbb; https://github.com/LLD2018/001; https://github.com/lronan/UKB; https://github.com/margulies/UKB; https://github.com/tongluobing/MH_in_UKB; https://github.com/jessicaway/mtSwirl; https://github.com/Victory-Hugo/mtSwirl; https://github.com/nanhui2000/ukb; https://github.com/martadelfino/nextgen-exomiser-ukb; https://github.com/Rick-Chen-PKU/001; https://github.com/Rooty29/UKBiobank; https://github.com/smiles2011hyc/001; https://github.com/Farida-Ali/T2DM_UKB_predictions; https://github.com/Takdrift/001; https://github.com/Transconnectome/UKB; https://github.com/xx2383/UK-Biobank-study-1; https://github.com/Owain-S/ukb-cancer-24h; https://github.com/IFF-0303/ukb_download_and_prep_template; https://github.com/Jacob-X/ukb_download_and_prep_template; https://github.com/VyasPillai/ukb_processing-nf; https://github.com/HongyuanWu/ukbb-1; https://github.com/Shicheng-Guo/ukbb-1; https://github.com/12sbxu/ukbb_data_r; https://github.com/suniljmanohar/UKBiobank_ECG; https://github.com/YIGUIz/ukbiobank_strs; https://github.com/audoushka/UKBiobank-Table-Conversion; https://github.com/futurologist/UKBiobank-Table-Conversion; https://github.com/Jiangaoshan/UKBiobank-Table-Conversion; https://github.com/lizhihao1990/UKBiobank-Table-Conversion; https://github.com/Xander-Y/ukb; https://github.com/zczali4403/001; https://github.com/Zeigar/UKB; https://github.com/zhishenPPP/ukbb; https://github.com/zhishenPPP/UKBiobank; https://github.com/zoonono/UKB,weak topic/path/data-type evidence,Not in Tiers 1-5; weak-candidate evidence only. Retained for completeness and not recommended for regression.,yes
100359,Comprehensive gene-environment interaction analysis in chronic diseases and cancers,Tier 6,weak_candidate,no,family_anyalasagne1_ukbiobank; family_bis620-2022; family_biv-volumetric-meshing; family_code-examples; family_cuihuaxia_001; family_divergence-pipeline; family_genetic-annotation-aware-dimensionality-reduction-in-uk-biobank; family_iff-0303_001; family_jiangweixia_001; family_jm-gwas; family_jooooooooey_ukb; family_latinos-in-ukbb; family_lizhihao1990_ukbb; family_lld2018_001; family_lronan_ukb; family_margulies_ukb; family_mh-in-ukb; family_mtswirl; family_nanhui2000_ukb; family_nextgen-exomiser-ukb; family_rick-chen-pku_001; family_rooty29_ukbiobank; family_smiles2011hyc_001; family_t2dm-ukb-predictions; family_takdrift_001; family_transconnectome_ukb; family_uk-biobank-study-1; family_ukb-cancer-24h; family_ukb-download-and-prep-template; family_ukbb-1; family_ukbb-data-r; family_ukbiobank-ecg; family_ukbiobank-strs; family_ukbiobank-table-conversion; family_xander-y_ukb; family_zczali4403_001; family_zeigar_ukb; family_zhishenppp_ukbb; family_zhishenppp_ukbiobank; family_zoonono_ukb,https://github.com/anyalasagne1/UKBiobank; https://github.com/HankkaMark/bis620.2022; https://github.com/kiwixiao/biv-volumetric-meshing; https://github.com/miguelmspereira/code-examples; https://github.com/CuihuaXia/001; https://github.com/AdrianHarris96/Divergence_Pipeline; https://github.com/AishaAlsuwaidi/Genetic-annotation-aware-dimensionality-reduction-in-UK-Biobank; https://github.com/IFF-0303/001; https://github.com/jiangweixia/001; https://github.com/pebblets/JM-GWAS; https://github.com/Sandyyy123/JM-GWAS; https://github.com/xiechengyong123/JM-GWAS; https://github.com/zerland/JM-GWAS; https://github.com/Jooooooooey/ukb; https://github.com/huytrain42/Latinos-in-UKBB; https://github.com/lizhihao1990/ukbb; https://github.com/LLD2018/001; https://github.com/lronan/UKB; https://github.com/margulies/UKB; https://github.com/tongluobing/MH_in_UKB; https://github.com/jessicaway/mtSwirl; https://github.com/Victory-Hugo/mtSwirl; https://github.com/nanhui2000/ukb; https://github.com/martadelfino/nextgen-exomiser-ukb; https://github.com/Rick-Chen-PKU/001; https://github.com/Rooty29/UKBiobank; https://github.com/smiles2011hyc/001; https://github.com/Farida-Ali/T2DM_UKB_predictions; https://github.com/Takdrift/001; https://github.com/Transconnectome/UKB; https://github.com/xx2383/UK-Biobank-study-1; https://github.com/Owain-S/ukb-cancer-24h; https://github.com/IFF-0303/ukb_download_and_prep_template; https://github.com/Jacob-X/ukb_download_and_prep_template; https://github.com/HongyuanWu/ukbb-1; https://github.com/Shicheng-Guo/ukbb-1; https://github.com/12sbxu/ukbb_data_r; https://github.com/suniljmanohar/UKBiobank_ECG; https://github.com/YIGUIz/ukbiobank_strs; https://github.com/audoushka/UKBiobank-Table-Conversion; https://github.com/futurologist/UKBiobank-Table-Conversion; https://github.com/Jiangaoshan/UKBiobank-Table-Conversion; https://github.com/lizhihao1990/UKBiobank-Table-Conversion; https://github.com/Xander-Y/ukb; https://github.com/zczali4403/001; https://github.com/Zeigar/UKB; https://github.com/zhishenPPP/ukbb; https://github.com/zhishenPPP/UKBiobank; https://github.com/zoonono/UKB,weak topic/path/data-type evidence,Not in Tiers 1-5; weak-candidate evidence only. Retained for completeness and not recommended for regression.,yes
100371,Investigating novel genetic and environmental players on development of gastrointestinal diseases/ cancers; quantified their impacts or possible synergic effects to improve patient risk stratification,Tier 6,weak_candidate,no,family_anyalasagne1_ukbiobank; family_bis620-2022; family_biv-volumetric-meshing; family_code-examples; family_cuihuaxia_001; family_divergence-pipeline; family_genetic-annotation-aware-dimensionality-reduction-in-uk-biobank; family_iff-0303_001; family_jiangweixia_001; family_jooooooooey_ukb; family_latinos-in-ukbb; family_lizhihao1990_ukbb; family_lld2018_001; family_lronan_ukb; family_margulies_ukb; family_mh-in-ukb; family_mtswirl; family_nanhui2000_ukb; family_nextgen-exomiser-ukb; family_rick-chen-pku_001; family_rooty29_ukbiobank; family_smiles2011hyc_001; family_t2dm-ukb-predictions; family_takdrift_001; family_transconnectome_ukb; family_uk-biobank-study-1; family_ukb-cancer-24h; family_ukb-download-and-prep-template; family_ukbb-1; family_ukbb-data-r; family_ukbiobank-strs; family_ukbiobank-table-conversion; family_xander-y_ukb; family_zczali4403_001; family_zeigar_ukb; family_zhishenppp_ukbb; family_zhishenppp_ukbiobank; family_zoonono_ukb,https://github.com/anyalasagne1/UKBiobank; https://github.com/HankkaMark/bis620.2022; https://github.com/kiwixiao/biv-volumetric-meshing; https://github.com/miguelmspereira/code-examples; https://github.com/CuihuaXia/001; https://github.com/AdrianHarris96/Divergence_Pipeline; https://github.com/AishaAlsuwaidi/Genetic-annotation-aware-dimensionality-reduction-in-UK-Biobank; https://github.com/IFF-0303/001; https://github.com/jiangweixia/001; https://github.com/Jooooooooey/ukb; https://github.com/huytrain42/Latinos-in-UKBB; https://github.com/lizhihao1990/ukbb; https://github.com/LLD2018/001; https://github.com/lronan/UKB; https://github.com/margulies/UKB; https://github.com/tongluobing/MH_in_UKB; https://github.com/jessicaway/mtSwirl; https://github.com/Victory-Hugo/mtSwirl; https://github.com/nanhui2000/ukb; https://github.com/martadelfino/nextgen-exomiser-ukb; https://github.com/Rick-Chen-PKU/001; https://github.com/Rooty29/UKBiobank; https://github.com/smiles2011hyc/001; https://github.com/Farida-Ali/T2DM_UKB_predictions; https://github.com/Takdrift/001; https://github.com/Transconnectome/UKB; https://github.com/xx2383/UK-Biobank-study-1; https://github.com/Owain-S/ukb-cancer-24h; https://github.com/IFF-0303/ukb_download_and_prep_template; https://github.com/Jacob-X/ukb_download_and_prep_template; https://github.com/HongyuanWu/ukbb-1; https://github.com/Shicheng-Guo/ukbb-1; https://github.com/12sbxu/ukbb_data_r; https://github.com/YIGUIz/ukbiobank_strs; https://github.com/audoushka/UKBiobank-Table-Conversion; https://github.com/futurologist/UKBiobank-Table-Conversion; https://github.com/Jiangaoshan/UKBiobank-Table-Conversion; https://github.com/lizhihao1990/UKBiobank-Table-Conversion; https://github.com/Xander-Y/ukb; https://github.com/zczali4403/001; https://github.com/Zeigar/UKB; https://github.com/zhishenPPP/ukbb; https://github.com/zhishenPPP/UKBiobank; https://github.com/zoonono/UKB,weak topic/path/data-type evidence,Not in Tiers 1-5; weak-candidate evidence only. Retained for completeness and not recommended for regression.,yes
100411,Genetic association between maternal reproductive factor exposures during pregnancy and offspring developmental outcomes,Tier 6,weak_candidate,no,family_anyalasagne1_ukbiobank; family_bis620-2022; family_biv-volumetric-meshing; family_code-examples; family_cuihuaxia_001; family_genetic-annotation-aware-dimensionality-reduction-in-uk-biobank; family_iff-0303_001; family_jiangweixia_001; family_jooooooooey_ukb; family_latinos-in-ukbb; family_lizhihao1990_ukbb; family_lld2018_001; family_lronan_ukb; family_margulies_ukb; family_nanhui2000_ukb; family_nextgen-exomiser-ukb; family_rick-chen-pku_001; family_rooty29_ukbiobank; family_smiles2011hyc_001; family_t2dm-ukb-predictions; family_takdrift_001; family_transconnectome_ukb; family_uk-biobank-study-1; family_ukb-cancer-24h; family_ukb-download-and-prep-template; family_ukbb-1; family_ukbb-data-r; family_ukbiobank-strs; family_ukbiobank-table-conversion; family_xander-y_ukb; family_zczali4403_001; family_zeigar_ukb; family_zhishenppp_ukbb; family_zhishenppp_ukbiobank; family_zoonono_ukb,https://github.com/anyalasagne1/UKBiobank; https://github.com/HankkaMark/bis620.2022; https://github.com/kiwixiao/biv-volumetric-meshing; https://github.com/miguelmspereira/code-examples; https://github.com/CuihuaXia/001; https://github.com/AishaAlsuwaidi/Genetic-annotation-aware-dimensionality-reduction-in-UK-Biobank; https://github.com/IFF-0303/001; https://github.com/jiangweixia/001; https://github.com/Jooooooooey/ukb; https://github.com/huytrain42/Latinos-in-UKBB; https://github.com/lizhihao1990/ukbb; https://github.com/LLD2018/001; https://github.com/lronan/UKB; https://github.com/margulies/UKB; https://github.com/nanhui2000/ukb; https://github.com/martadelfino/nextgen-exomiser-ukb; https://github.com/Rick-Chen-PKU/001; https://github.com/Rooty29/UKBiobank; https://github.com/smiles2011hyc/001; https://github.com/Farida-Ali/T2DM_UKB_predictions; https://github.com/Takdrift/001; https://github.com/Transconnectome/UKB; https://github.com/xx2383/UK-Biobank-study-1; https://github.com/Owain-S/ukb-cancer-24h; https://github.com/IFF-0303/ukb_download_and_prep_template; https://github.com/Jacob-X/ukb_download_and_prep_template; https://github.com/HongyuanWu/ukbb-1; https://github.com/Shicheng-Guo/ukbb-1; https://github.com/12sbxu/ukbb_data_r; https://github.com/YIGUIz/ukbiobank_strs; https://github.com/audoushka/UKBiobank-Table-Conversion; https://github.com/futurologist/UKBiobank-Table-Conversion; https://github.com/Jiangaoshan/UKBiobank-Table-Conversion; https://github.com/lizhihao1990/UKBiobank-Table-Conversion; https://github.com/Xander-Y/ukb; https://github.com/zczali4403/001; https://github.com/Zeigar/UKB; https://github.com/zhishenPPP/ukbb; https://github.com/zhishenPPP/UKBiobank; https://github.com/zoonono/UKB,weak topic/path/data-type evidence,Not in Tiers 1-5; weak-candidate evidence only. Retained for completeness and not recommended for regression.,yes
100430,Association of lipoprotein profile with cardiovascular disease and its risk factors,Tier 6,weak_candidate,no,family_bis620-2022,https://github.com/HankkaMark/bis620.2022,weak topic/path/data-type evidence,Not in Tiers 1-5; weak-candidate evidence only. Retained for completeness and not recommended for regression.,yes
100469,Characterising the causes and impacts of rare and structural variation on human traits,Tier 6,weak_candidate,no,family_anyalasagne1_ukbiobank; family_bis620-2022; family_biv-volumetric-meshing; family_cuihuaxia_001; family_iff-0303_001; family_jiangweixia_001; family_jooooooooey_ukb; family_latinos-in-ukbb; family_lizhihao1990_ukbb; family_lld2018_001; family_lronan_ukb; family_margulies_ukb; family_nanhui2000_ukb; family_nextgen-exomiser-ukb; family_rick-chen-pku_001; family_rooty29_ukbiobank; family_smiles2011hyc_001; family_t2dm-ukb-predictions; family_takdrift_001; family_transconnectome_ukb; family_uk-biobank-study-1; family_ukb-cancer-24h; family_ukb-download-and-prep-template; family_ukbb-1; family_ukbb-data-r; family_ukbiobank-strs; family_xander-y_ukb; family_zczali4403_001; family_zeigar_ukb; family_zhishenppp_ukbiobank; family_zoonono_ukb,https://github.com/anyalasagne1/UKBiobank; https://github.com/HankkaMark/bis620.2022; https://github.com/kiwixiao/biv-volumetric-meshing; https://github.com/CuihuaXia/001; https://github.com/IFF-0303/001; https://github.com/jiangweixia/001; https://github.com/Jooooooooey/ukb; https://github.com/huytrain42/Latinos-in-UKBB; https://github.com/lizhihao1990/ukbb; https://github.com/LLD2018/001; https://github.com/lronan/UKB; https://github.com/margulies/UKB; https://github.com/nanhui2000/ukb; https://github.com/martadelfino/nextgen-exomiser-ukb; https://github.com/Rick-Chen-PKU/001; https://github.com/Rooty29/UKBiobank; https://github.com/smiles2011hyc/001; https://github.com/Farida-Ali/T2DM_UKB_predictions; https://github.com/Takdrift/001; https://github.com/Transconnectome/UKB; https://github.com/xx2383/UK-Biobank-study-1; https://github.com/Owain-S/ukb-cancer-24h; https://github.com/IFF-0303/ukb_download_and_prep_template; https://github.com/Jacob-X/ukb_download_and_prep_template; https://github.com/HongyuanWu/ukbb-1; https://github.com/Shicheng-Guo/ukbb-1; https://github.com/12sbxu/ukbb_data_r; https://github.com/YIGUIz/ukbiobank_strs; https://github.com/Xander-Y/ukb; https://github.com/zczali4403/001; https://github.com/Zeigar/UKB; https://github.com/zhishenPPP/UKBiobank; https://github.com/zoonono/UKB,weak topic/path/data-type evidence,Not in Tiers 1-5; weak-candidate evidence only. Retained for completeness and not recommended for regression.,yes
100532,Statistical methods development for genetic basis of complex traits and predictions,Tier 6,weak_candidate,no,family_anyalasagne1_ukbiobank; family_biv-volumetric-meshing; family_cuihuaxia_001; family_iff-0303_001; family_jiangweixia_001; family_jooooooooey_ukb; family_lld2018_001; family_lronan_ukb; family_margulies_ukb; family_nanhui2000_ukb; family_nextgen-exomiser-ukb; family_rick-chen-pku_001; family_rooty29_ukbiobank; family_smiles2011hyc_001; family_t2dm-ukb-predictions; family_takdrift_001; family_transconnectome_ukb; family_uk-biobank-study-1; family_ukb-cancer-24h; family_ukb-download-and-prep-template; family_ukbiobank-strs; family_xander-y_ukb; family_zczali4403_001; family_zeigar_ukb; family_zoonono_ukb,https://github.com/anyalasagne1/UKBiobank; https://github.com/kiwixiao/biv-volumetric-meshing; https://github.com/CuihuaXia/001; https://github.com/IFF-0303/001; https://github.com/jiangweixia/001; https://github.com/Jooooooooey/ukb; https://github.com/LLD2018/001; https://github.com/lronan/UKB; https://github.com/margulies/UKB; https://github.com/nanhui2000/ukb; https://github.com/martadelfino/nextgen-exomiser-ukb; https://github.com/Rick-Chen-PKU/001; https://github.com/Rooty29/UKBiobank; https://github.com/smiles2011hyc/001; https://github.com/Farida-Ali/T2DM_UKB_predictions; https://github.com/Takdrift/001; https://github.com/Transconnectome/UKB; https://github.com/xx2383/UK-Biobank-study-1; https://github.com/Owain-S/ukb-cancer-24h; https://github.com/IFF-0303/ukb_download_and_prep_template; https://github.com/Jacob-X/ukb_download_and_prep_template; https://github.com/YIGUIz/ukbiobank_strs; https://github.com/Xander-Y/ukb; https://github.com/zczali4403/001; https://github.com/Zeigar/UKB; https://github.com/zoonono/UKB,weak topic/path/data-type evidence,Not in Tiers 1-5; weak-candidate evidence only. Retained for completeness and not recommended for regression.,yes
100578,Comparing genome architecture across diverse populations between the UK Biobank and the Biobank at the Colorado Center for Personalized Medicine (CCPM),Tier 6,weak_candidate,no,family_biv-volumetric-meshing; family_cuihuaxia_001; family_iff-0303_001; family_jiangweixia_001; family_jooooooooey_ukb; family_lld2018_001; family_lronan_ukb; family_margulies_ukb; family_nanhui2000_ukb; family_nextgen-exomiser-ukb; family_rick-chen-pku_001; family_smiles2011hyc_001; family_t2dm-ukb-predictions; family_takdrift_001; family_transconnectome_ukb; family_uk-biobank-study-1; family_ukb-cancer-24h; family_ukb-download-and-prep-template; family_xander-y_ukb; family_zczali4403_001; family_zeigar_ukb; family_zoonono_ukb,https://github.com/kiwixiao/biv-volumetric-meshing; https://github.com/CuihuaXia/001; https://github.com/IFF-0303/001; https://github.com/jiangweixia/001; https://github.com/Jooooooooey/ukb; https://github.com/LLD2018/001; https://github.com/lronan/UKB; https://github.com/margulies/UKB; https://github.com/nanhui2000/ukb; https://github.com/martadelfino/nextgen-exomiser-ukb; https://github.com/Rick-Chen-PKU/001; https://github.com/smiles2011hyc/001; https://github.com/Farida-Ali/T2DM_UKB_predictions; https://github.com/Takdrift/001; https://github.com/Transconnectome/UKB; https://github.com/xx2383/UK-Biobank-study-1; https://github.com/Owain-S/ukb-cancer-24h; https://github.com/IFF-0303/ukb_download_and_prep_template; https://github.com/Jacob-X/ukb_download_and_prep_template; https://github.com/Xander-Y/ukb; https://github.com/zczali4403/001; https://github.com/Zeigar/UKB; https://github.com/zoonono/UKB,weak topic/path/data-type evidence,Not in Tiers 1-5; weak-candidate evidence only. Retained for completeness and not recommended for regression.,yes
100584,Lipoprotein(a) and Cardiovascular Disease Risk,Tier 6,weak_candidate,no,family_biomarkers; family_biomarkers-beautfig; family_cuihuaxia_001; family_iff-0303_001; family_jiangweixia_001; family_jooooooooey_ukb; family_lld2018_001; family_nanhui2000_ukb; family_nextgen-exomiser-ukb; family_rick-chen-pku_001; family_smiles2011hyc_001; family_t2dm-ukb-predictions; family_takdrift_001; family_uk-biobank-study-1; family_ukb-cancer-24h; family_xander-y_ukb; family_zczali4403_001,https://github.com/Eugene-xyHe/biomarkers; https://github.com/IFF-0303/biomarkers; https://github.com/JujiaoKang/biomarkers; https://github.com/julyfish711/biomarkers; https://github.com/lenamax2355/biomarkers; https://github.com/Ran485/biomarkers; https://github.com/Shicheng-Guo/biomarkers; https://github.com/smiles2011hyc/biomarkers; https://github.com/K-zhangfengwei/biomarkers_beautfig; https://github.com/CuihuaXia/001; https://github.com/IFF-0303/001; https://github.com/jiangweixia/001; https://github.com/Jooooooooey/ukb; https://github.com/LLD2018/001; https://github.com/nanhui2000/ukb; https://github.com/martadelfino/nextgen-exomiser-ukb; https://github.com/Rick-Chen-PKU/001; https://github.com/smiles2011hyc/001; https://github.com/Farida-Ali/T2DM_UKB_predictions; https://github.com/Takdrift/001; https://github.com/xx2383/UK-Biobank-study-1; https://github.com/Owain-S/ukb-cancer-24h; https://github.com/Xander-Y/ukb; https://github.com/zczali4403/001,weak topic/path/data-type evidence,Not in Tiers 1-5; weak-candidate evidence only. Retained for completeness and not recommended for regression.,yes
100681,Creating a Pancreatic Cancer Control Group for a Pancreatic Cancer Project (CRU5002),Tier 6,weak_candidate,no,family_bis687-capstone-group-8,https://github.com/JingnanBai/BIS687-Capstone-group-8,weak topic/path/data-type evidence,Not in Tiers 1-5; weak-candidate evidence only. Retained for completeness and not recommended for regression.,yes
100773,Generative brain models in health and disease,Tier 6,weak_candidate,no,family_congele-msc; family_im; family_main-pipeline-and-images-based-models-pipeline-deep-learning-and-aging-main-pipeline-and-images-based-models-pipeline; family_ukb-brain-symptoms-clustering,https://github.com/Arnoldzyf/ConGele_MSc; https://github.com/laura-riedel/IM; https://github.com/deep-learning-and-aging/main-pipeline-and-images-based-models-pipeline; https://github.com/Deep-Learning-and-Aging/Main-pipeline-and-Images-based-models-pipeline; https://github.com/ajpag/ukb-brain-symptoms-clustering,weak topic/path/data-type evidence,Not in Tiers 1-5; weak-candidate evidence only. Retained for completeness and not recommended for regression.,yes
100862,Fair Learning for Large MRI databases,Tier 6,weak_candidate,no,family_t40-rsfmri; family_ukbbmriutils,https://github.com/Kakashi-sensei/T40_rsfMRI; https://github.com/STALICLA-RnD/UkbbMriUtils,weak topic/path/data-type evidence,Not in Tiers 1-5; weak-candidate evidence only. Retained for completeness and not recommended for regression.,yes
101287,Investigating human physiology and disease by integrating multimodal data in the UK biobank,Tier 6,weak_candidate,no,family_human-sex-ratio,https://github.com/song88180/Human_sex_ratio,weak topic/path/data-type evidence,Not in Tiers 1-5; weak-candidate evidence only. Retained for completeness and not recommended for regression.,yes
101336,Clonal hematopoiesis and inflammatory diseases,Tier 6,weak_candidate,no,family_jm-gwas,https://github.com/pebblets/JM-GWAS; https://github.com/Sandyyy123/JM-GWAS; https://github.com/xiechengyong123/JM-GWAS; https://github.com/zerland/JM-GWAS,weak topic/path/data-type evidence,Not in Tiers 1-5; weak-candidate evidence only. Retained for completeness and not recommended for regression.,yes
101520,Parity effects on sex differences in the human immune system,Tier 6,weak_candidate,no,family_human-sex-ratio; family_ukbbcov2risk,https://github.com/song88180/Human_sex_ratio; https://github.com/kennethcywong/ukbbcov2risk,weak topic/path/data-type evidence,Not in Tiers 1-5; weak-candidate evidence only. Retained for completeness and not recommended for regression.,yes
101819,Emerging risk factors for cardiometabolic diseases,Tier 6,weak_candidate,no,family_keloids-clustering; family_ukb-bmi,https://github.com/anirudhj05/Keloids_Clustering; https://github.com/mariaratnasamy/ukb_bmi,weak topic/path/data-type evidence,Not in Tiers 1-5; weak-candidate evidence only. Retained for completeness and not recommended for regression.,yes
101888,Connecting rejuvenation therapies to age-associated human disease indications,Tier 6,weak_candidate,no,family_ukb-bioage-cancer; family_ukb-tools,https://github.com/becomingcc/UKB_bioage_cancer; https://github.com/12sbxu/ukb-tools; https://github.com/magdazeb/ukb-tools,weak topic/path/data-type evidence,Not in Tiers 1-5; weak-candidate evidence only. Retained for completeness and not recommended for regression.,yes
101900,Deep Learning based systemic disease screening at the population level using retinal images,Tier 6,weak_candidate,no,family_main-pipeline-and-images-based-models-pipeline-deep-learning-and-aging-main-pipeline-and-images-based-models-pipeline; family_retinapd,https://github.com/deep-learning-and-aging/main-pipeline-and-images-based-models-pipeline; https://github.com/Deep-Learning-and-Aging/Main-pipeline-and-Images-based-models-pipeline; https://github.com/hewramanwaran/RetinaPD,weak topic/path/data-type evidence,Not in Tiers 1-5; weak-candidate evidence only. Retained for completeness and not recommended for regression.,yes
101959,Interactive effects between environmental and behavioral factors on aging-related health outcomes,Tier 6,weak_candidate,no,family_keloids-clustering,https://github.com/anirudhj05/Keloids_Clustering,weak topic/path/data-type evidence,Not in Tiers 1-5; weak-candidate evidence only. Retained for completeness and not recommended for regression.,yes
101971,"Effects of physical activity, environmental exposure, and multilevel biomarkers including genetic predisposition and inflammatory markers on the cancer occurrence and all-cause / cancer mortalities",Tier 6,weak_candidate,no,family_uk-biobank-gcg,https://github.com/sblg/UK-Biobank-GCG,weak topic/path/data-type evidence,Not in Tiers 1-5; weak-candidate evidence only. Retained for completeness and not recommended for regression.,yes
102143,Molecular circuits of sex dimorphism in cardiometabolic traits and risk factors.,Tier 6,weak_candidate,no,family_ukbbcov2risk,https://github.com/kennethcywong/ukbbcov2risk,weak topic/path/data-type evidence,Not in Tiers 1-5; weak-candidate evidence only. Retained for completeness and not recommended for regression.,yes
102284,Predicting transitions in pain and disability,Tier 6,weak_candidate,no,family_pain-proteomics,https://github.com/Frank-HQZ/Pain_Proteomics,weak topic/path/data-type evidence,Not in Tiers 1-5; weak-candidate evidence only. Retained for completeness and not recommended for regression.,yes
102629,Genetic architecture of the human brain and neuropsychiatric disorders,Tier 6,weak_candidate,no,family_human-sex-ratio,https://github.com/song88180/Human_sex_ratio,weak topic/path/data-type evidence,Not in Tiers 1-5; weak-candidate evidence only. Retained for completeness and not recommended for regression.,yes
102655,Evaluation of rare and common variants in common cancers,Tier 6,weak_candidate,no,family_biobankread; family_master-thesis,https://github.com/yzharold/BiobankRead; https://github.com/nickathans/master-thesis,weak topic/path/data-type evidence,Not in Tiers 1-5; weak-candidate evidence only. Retained for completeness and not recommended for regression.,yes
102849,Genome-wide association study of asthma-COPD overlap in UK Biobank,Tier 6,weak_candidate,no,family_postincredible_ukbb; family_ukbb-asthma,https://github.com/postincredible/ukbb; https://github.com/keerveer/ukbb_asthma; https://github.com/swbiggs4/ukbb_asthma,weak topic/path/data-type evidence,Not in Tiers 1-5; weak-candidate evidence only. Retained for completeness and not recommended for regression.,yes
102854,"Frailty and disease risk, expression, and outcomes across the adult lifespan",Tier 6,weak_candidate,no,family_proteomics-ukbb,https://github.com/Fmerella/Proteomics_UKBB-,weak topic/path/data-type evidence,Not in Tiers 1-5; weak-candidate evidence only. Retained for completeness and not recommended for regression.,yes
103053,Genetic and non-genetic predictors of vascular dysfunction,Tier 6,weak_candidate,no,family_biomarkers; family_biomarkers-beautfig; family_imds-wes,https://github.com/Eugene-xyHe/biomarkers; https://github.com/IFF-0303/biomarkers; https://github.com/JujiaoKang/biomarkers; https://github.com/julyfish711/biomarkers; https://github.com/lenamax2355/biomarkers; https://github.com/Ran485/biomarkers; https://github.com/Shicheng-Guo/biomarkers; https://github.com/smiles2011hyc/biomarkers; https://github.com/K-zhangfengwei/biomarkers_beautfig; https://github.com/jjrun-11/IMDs_WES,weak topic/path/data-type evidence,Not in Tiers 1-5; weak-candidate evidence only. Retained for completeness and not recommended for regression.,yes
103076,Understanding and leveraging correlation structures in GWAS,Tier 6,weak_candidate,no,family_gwas-phenotype; family_prs-height-admixed-populations; family_ptrs-ukb; family_udip-vit; family_ukb-gwaspipeline-subcorticalregions; family_ukbgwas; family_viciousjoon_ukbiobank,https://github.com/albbaous/GWAS_phenotype; https://github.com/Shicheng-Guo/PRS_Height_Admixed_Populations; https://github.com/CuihuaXia/ptrs-ukb; https://github.com/emyanuthomas/ptrs-ukb; https://github.com/hakyimlab/ptrs-ukb; https://github.com/cind/UDIP-ViT; https://github.com/SkylerZhou/UKB_GWASpipeline_SubcorticalRegions; https://github.com/lizhihao1990/ukbgwas; https://github.com/viciousjoon/ukbiobank,weak topic/path/data-type evidence,Not in Tiers 1-5; weak-candidate evidence only. Retained for completeness and not recommended for regression.,yes
103122,Parkinson's disease risk and phenoconversion: a polygenic risk score approach,Tier 6,weak_candidate,no,family_ukb-gen-clocks,https://github.com/Euskal-Oxcitas-Biotek/UKB-gen-clocks,weak topic/path/data-type evidence,Not in Tiers 1-5; weak-candidate evidence only. Retained for completeness and not recommended for regression.,yes
103198,Long-term Effects of Pregnancy on Maternal Health,Tier 6,weak_candidate,no,family_postincredible_ukbb,https://github.com/postincredible/ukbb,weak topic/path/data-type evidence,Not in Tiers 1-5; weak-candidate evidence only. Retained for completeness and not recommended for regression.,yes
103445,Capturing genotype-to-phenotype relationships for complex phenotypes using neural network based statistical models that leverage phenotype-phenotype relationships.,Tier 6,weak_candidate,no,family_neuralcvd,https://github.com/DhanushB2000/NeuralCVD; https://github.com/HaibinLi0817/NeuralCVD; https://github.com/YanLuoCityU/NeuralCVD; https://github.com/yanranwang/NeuralCVD,weak topic/path/data-type evidence,Not in Tiers 1-5; weak-candidate evidence only. Retained for completeness and not recommended for regression.,yes
103608,Determinants of eye diseases,Tier 6,weak_candidate,no,family_fundus-project; family_jm-gwas; family_metabolomicscommondiseases,https://github.com/joshoch7/fundus_project; https://github.com/pebblets/JM-GWAS; https://github.com/Sandyyy123/JM-GWAS; https://github.com/xiechengyong123/JM-GWAS; https://github.com/zerland/JM-GWAS; https://github.com/chengluomilk/MetabolomicsCommonDiseases; https://github.com/YanLuoCityU/MetabolomicsCommonDiseases; https://github.com/zlpsophina/MetabolomicsCommonDiseases,weak topic/path/data-type evidence,Not in Tiers 1-5; weak-candidate evidence only. Retained for completeness and not recommended for regression.,yes
103620,Defining Phenotypes in Diabetic Kidney Disease.,Tier 6,weak_candidate,no,family_fundus-project; family_ukbgwas; family_ukbiobank-knockoffs,https://github.com/joshoch7/fundus_project; https://github.com/lizhihao1990/ukbgwas; https://github.com/LuZhangH/ukbiobank_knockoffs; https://github.com/zren94/ukbiobank_knockoffs,weak topic/path/data-type evidence,Not in Tiers 1-5; weak-candidate evidence only. Retained for completeness and not recommended for regression.,yes
103727,Longitudinal Sub-Phenotyping of Depression Disorders using Deep Learning Representations,Tier 6,weak_candidate,no,family_longitudinal-data; family_ukbphenotyping,https://github.com/AstraZheng/Longitudinal-data; https://github.com/hoffman2/ukbPhenotyping,weak topic/path/data-type evidence,Not in Tiers 1-5; weak-candidate evidence only. Retained for completeness and not recommended for regression.,yes
103758,Assessing the impact of sex-specific life events on women's brain health,Tier 6,weak_candidate,no,family_mltc-clustering; family_ukbbcov2risk,https://github.com/KremerML/MLTC-clustering; https://github.com/kennethcywong/ukbbcov2risk,weak topic/path/data-type evidence,Not in Tiers 1-5; weak-candidate evidence only. Retained for completeness and not recommended for regression.,yes
103789,Use of UK Biobank data to support genetic studies of Mendelian and complex diseases with a focus on inborn errors of immunity,Tier 6,weak_candidate,no,family_genotype-errors,https://github.com/sylviah23/genotype-errors,weak topic/path/data-type evidence,Not in Tiers 1-5; weak-candidate evidence only. Retained for completeness and not recommended for regression.,yes
103903,Investigation of imaging markers for Parkinson's disease,Tier 6,weak_candidate,no,family_bnn-for-uncertainty-estimation-of-imaging-biomarkers,https://github.com/suyanzhou626/BNN-for-Uncertainty-Estimation-of-Imaging-Biomarkers,weak topic/path/data-type evidence,Not in Tiers 1-5; weak-candidate evidence only. Retained for completeness and not recommended for regression.,yes
103990,Genetic architecture of healthy aging,Tier 6,weak_candidate,no,family_exposome-aging-ukb; family_main-pipeline-and-images-based-models-pipeline-deep-learning-and-aging-main-pipeline-and-images-based-models-pipeline; family_test-exposome-aging-ukb,https://github.com/rrrrrs1/exposome-aging-ukb; https://github.com/deep-learning-and-aging/main-pipeline-and-images-based-models-pipeline; https://github.com/Deep-Learning-and-Aging/Main-pipeline-and-Images-based-models-pipeline; https://github.com/okoropaulc/test_exposome_aging_ukb,weak topic/path/data-type evidence,Not in Tiers 1-5; weak-candidate evidence only. Retained for completeness and not recommended for regression.,yes
104017,Brain structure and connectivity - links to metabolic health and diabetes,Tier 6,weak_candidate,no,family_amml-disentangling-structure-from-detail; family_congele-msc,https://github.com/danilayDH/AMML-Disentangling-Structure-from-Detail; https://github.com/Arnoldzyf/ConGele_MSc,weak topic/path/data-type evidence,Not in Tiers 1-5; weak-candidate evidence only. Retained for completeness and not recommended for regression.,yes
104381,Assessing covariate-mediated polygenetic risk scores for mortality,Tier 6,weak_candidate,no,family_ukb-exome,https://github.com/OxWearables/ukb_exome,weak topic/path/data-type evidence,Not in Tiers 1-5; weak-candidate evidence only. Retained for completeness and not recommended for regression.,yes
104659,Combining NMR metabolomics and data-analytics to explore the biochemical basis of schizophrenia pathophysiology,Tier 6,weak_candidate,no,family_biobankread; family_ukbpheno,https://github.com/yzharold/BiobankRead; https://github.com/BakerMetabolomics/ukbpheno; https://github.com/kkukendrarajah/ukbpheno; https://github.com/magdazeb/ukbpheno; https://github.com/Neri0304/ukbpheno; https://github.com/stefanogg/ukbpheno; https://github.com/Tafelplankje/ukbpheno; https://github.com/yuehuang-gh/ukbpheno,weak topic/path/data-type evidence,Not in Tiers 1-5; weak-candidate evidence only. Retained for completeness and not recommended for regression.,yes
104745,"Environmental exposure, genetic variants, biomarkers and human aging",Tier 6,weak_candidate,no,family_exposome-aging-ukb; family_test-exposome-aging-ukb,https://github.com/rrrrrs1/exposome-aging-ukb; https://github.com/okoropaulc/test_exposome_aging_ukb,weak topic/path/data-type evidence,Not in Tiers 1-5; weak-candidate evidence only. Retained for completeness and not recommended for regression.,yes
104766,Association of environmental and genetic factors with mental illnesses through imaging genetics,Tier 6,weak_candidate,no,family_genetic-association,https://github.com/Swadha22/Genetic_association,weak topic/path/data-type evidence,Not in Tiers 1-5; weak-candidate evidence only. Retained for completeness and not recommended for regression.,yes
105295,"Cross sectional study exploring the effect of the Atg16L1 rs2241880 SNP (T300A) on respiratory infection incidence, respiratory and cardiovascular health of the UK Biobank population.",Tier 6,weak_candidate,no,family_sophia-cross-sectional,https://github.com/JackW7777/SOPHIA_Cross_Sectional; https://github.com/kkk0-000/SOPHIA_Cross_Sectional; https://github.com/sspl33/SOPHIA_Cross_Sectional; https://github.com/zscu/SOPHIA_Cross_Sectional,weak topic/path/data-type evidence,Not in Tiers 1-5; weak-candidate evidence only. Retained for completeness and not recommended for regression.,yes
105419,Rare MC4R pathway variants in early onset obesity and hyperphagia,Tier 6,weak_candidate,no,family_ukbb-gwas-dev,https://github.com/ashwinas88/UKBB_GWAS_dev; https://github.com/LingTuo/UKBB_GWAS_dev,weak topic/path/data-type evidence,Not in Tiers 1-5; weak-candidate evidence only. Retained for completeness and not recommended for regression.,yes
105731,"An Integrative Approach to Predict Mental Health Outcomes: The Contribution of Genetics, Brain Architecture, and Behavior",Tier 6,weak_candidate,no,family_predict-cahd-by-ecg-on-uk-biobank; family_sas-sample-extraction; family_ukb-download-and-prep-template,https://github.com/IFF-0303/Predict_CAHD_by_ECG_on_UK_Biobank; https://github.com/samarpita-saha293/SAS_sample_extraction; https://github.com/lenamax2355/ukb_download_and_prep_template,weak topic/path/data-type evidence,Not in Tiers 1-5; weak-candidate evidence only. Retained for completeness and not recommended for regression.,yes
105899,The contribution of genetic risk and lifestyle factors in the development of CVD: a prospective cohort study,Tier 6,weak_candidate,no,family_biobank-read; family_biobankread-bash; family_neuralcvd,https://github.com/Dragonriser/biobank-read; https://github.com/IFF-0303/biobank-read; https://github.com/SEONCHOE/biobank-read; https://github.com/lenamax2355/BiobankRead-Bash; https://github.com/os01/BiobankRead-Bash; https://github.com/DhanushB2000/NeuralCVD; https://github.com/HaibinLi0817/NeuralCVD; https://github.com/YanLuoCityU/NeuralCVD; https://github.com/yanranwang/NeuralCVD,weak topic/path/data-type evidence,Not in Tiers 1-5; weak-candidate evidence only. Retained for completeness and not recommended for regression.,yes
106206,Using EHR data to enhance the analysis of multi-modal data,Tier 6,weak_candidate,no,family_ehr; family_postincredible_ukbb; family_ukb-oligo,https://github.com/mjfalaguera/EHR; https://github.com/postincredible/ukbb; https://github.com/mariaratnasamy/ukb_oligo,weak topic/path/data-type evidence,Not in Tiers 1-5; weak-candidate evidence only. Retained for completeness and not recommended for regression.,yes
106247,Identifying Genetic Polymorphisms Underlying the Arthrofibrosis Phenotype post Total Joint Arthroplasty,Tier 6,weak_candidate,no,family_ukbb-risk,https://github.com/IFF-0303/ukbb_risk,weak topic/path/data-type evidence,Not in Tiers 1-5; weak-candidate evidence only. Retained for completeness and not recommended for regression.,yes
106345,The contribution of proteomics to multi-morbidity.,Tier 6,weak_candidate,no,family_biomarkers; family_biomarkers-beautfig; family_multi-outcome; family_pain-proteomics; family_proteomics-ukbb; family_ukb-brain-symptoms-clustering,https://github.com/Eugene-xyHe/biomarkers; https://github.com/IFF-0303/biomarkers; https://github.com/JujiaoKang/biomarkers; https://github.com/julyfish711/biomarkers; https://github.com/lenamax2355/biomarkers; https://github.com/Ran485/biomarkers; https://github.com/Shicheng-Guo/biomarkers; https://github.com/smiles2011hyc/biomarkers; https://github.com/K-zhangfengwei/biomarkers_beautfig; https://github.com/Ikram-c/multi_outcome; https://github.com/mengjiefan/multi_outcome; https://github.com/Frank-HQZ/Pain_Proteomics; https://github.com/Fmerella/Proteomics_UKBB-; https://github.com/ajpag/ukb-brain-symptoms-clustering,weak topic/path/data-type evidence,Not in Tiers 1-5; weak-candidate evidence only. Retained for completeness and not recommended for regression.,yes
106418,The long-term clinical outcomes of sepsis,Tier 6,weak_candidate,no,family_multi-outcome; family_postincredible_ukbb,https://github.com/Ikram-c/multi_outcome; https://github.com/mengjiefan/multi_outcome; https://github.com/postincredible/ukbb,weak topic/path/data-type evidence,Not in Tiers 1-5; weak-candidate evidence only. Retained for completeness and not recommended for regression.,yes
106460,AT1R as the core bond between AML and CVD,Tier 6,weak_candidate,no,family_biobank-read; family_biobankread-bash; family_neuralcvd; family_ukb-download-and-prep-template,https://github.com/Dragonriser/biobank-read; https://github.com/IFF-0303/biobank-read; https://github.com/SEONCHOE/biobank-read; https://github.com/lenamax2355/BiobankRead-Bash; https://github.com/os01/BiobankRead-Bash; https://github.com/DhanushB2000/NeuralCVD; https://github.com/HaibinLi0817/NeuralCVD; https://github.com/YanLuoCityU/NeuralCVD; https://github.com/yanranwang/NeuralCVD; https://github.com/IFF-0303/ukb_download_and_prep_template; https://github.com/Jacob-X/ukb_download_and_prep_template,weak topic/path/data-type evidence,Not in Tiers 1-5; weak-candidate evidence only. Retained for completeness and not recommended for regression.,yes
107012,Exploration of new perspectives in mental health diagnosis using brain imaging and machine learning.,Tier 6,weak_candidate,no,family_shapeit5,https://github.com/23andme-jaredo/shapeit5; https://github.com/barneyhill/shapeit5; https://github.com/JosephLalli/shapeit5; https://github.com/M-Hakmi/shapeit5; https://github.com/RimanB/shapeit5; https://github.com/rwk-unil/shapeit5; https://github.com/sunrisefor/shapeit5; https://github.com/Toseph/shapeit5; https://github.com/victorasua/shapeit5,weak topic/path/data-type evidence,Not in Tiers 1-5; weak-candidate evidence only. Retained for completeness and not recommended for regression.,yes
107065,Effects of medication on mortality risks in the general population.,Tier 6,weak_candidate,no,family_idears-orig; family_retinapd,https://github.com/MikeAllwright23/idears_orig; https://github.com/hewramanwaran/RetinaPD,weak topic/path/data-type evidence,Not in Tiers 1-5; weak-candidate evidence only. Retained for completeness and not recommended for regression.,yes
107083,Deep phenotyping for common and rare diseases,Tier 6,weak_candidate,no,family_metabolomicscommondiseases; family_ukb-download-and-prep-template; family_ukbphenotyping,https://github.com/chengluomilk/MetabolomicsCommonDiseases; https://github.com/YanLuoCityU/MetabolomicsCommonDiseases; https://github.com/zlpsophina/MetabolomicsCommonDiseases; https://github.com/lenamax2355/ukb_download_and_prep_template; https://github.com/hoffman2/ukbPhenotyping,weak topic/path/data-type evidence,Not in Tiers 1-5; weak-candidate evidence only. Retained for completeness and not recommended for regression.,yes
107201,Heterogeneous Graph Neural Networks Research For Brain Network Analysis and Disorder Diagnosis,Tier 6,weak_candidate,no,family_neuralcvd,https://github.com/DhanushB2000/NeuralCVD; https://github.com/HaibinLi0817/NeuralCVD; https://github.com/YanLuoCityU/NeuralCVD; https://github.com/yanranwang/NeuralCVD,weak topic/path/data-type evidence,Not in Tiers 1-5; weak-candidate evidence only. Retained for completeness and not recommended for regression.,yes
107326,Service Application for Biogen,Tier 6,weak_candidate,no,family_bnn-for-uncertainty-estimation-of-imaging-biomarkers; family_ukbfrailty,https://github.com/suyanzhou626/BNN-for-Uncertainty-Estimation-of-Imaging-Biomarkers; https://github.com/becomingcc/ukbfrailty,weak topic/path/data-type evidence,Not in Tiers 1-5; weak-candidate evidence only. Retained for completeness and not recommended for regression.,yes
108486,Use of protein biomarkers to estimate the morbidity and mortality risk of cardiovascular diseases,Tier 6,weak_candidate,no,family_biomarkers; family_biomarkers-beautfig,https://github.com/Eugene-xyHe/biomarkers; https://github.com/IFF-0303/biomarkers; https://github.com/JujiaoKang/biomarkers; https://github.com/julyfish711/biomarkers; https://github.com/lenamax2355/biomarkers; https://github.com/Ran485/biomarkers; https://github.com/Shicheng-Guo/biomarkers; https://github.com/smiles2011hyc/biomarkers; https://github.com/K-zhangfengwei/biomarkers_beautfig,weak topic/path/data-type evidence,Not in Tiers 1-5; weak-candidate evidence only. Retained for completeness and not recommended for regression.,yes
109227,Genetic and Machine Learning Approaches to Define Endotypes and Predict Drug Response in Asthma.,Tier 6,weak_candidate,no,family_predict-cahd-by-ecg-on-uk-biobank; family_ukbb-asthma,https://github.com/IFF-0303/Predict_CAHD_by_ECG_on_UK_Biobank; https://github.com/keerveer/ukbb_asthma; https://github.com/swbiggs4/ukbb_asthma,weak topic/path/data-type evidence,Not in Tiers 1-5; weak-candidate evidence only. Retained for completeness and not recommended for regression.,yes
109800,Investigation the Association between Physical Activity and Sex-specific Cancer Risk Using the UK Biobank Data,Tier 6,weak_candidate,no,family_ukbbcov2risk,https://github.com/kennethcywong/ukbbcov2risk,weak topic/path/data-type evidence,Not in Tiers 1-5; weak-candidate evidence only. Retained for completeness and not recommended for regression.,yes
110161,Predicting the conversion of normal cognition to mild cognitive impairment and dementia using multimodal MRI and genetic biomarkers,Tier 6,weak_candidate,no,family_moodie-geneexpression-cognition; family_ukbiobank-table-conversion,https://github.com/JialingFan1/moodie-geneexpression-cognition; https://github.com/audoushka/UKBiobank-Table-Conversion; https://github.com/futurologist/UKBiobank-Table-Conversion; https://github.com/Jiangaoshan/UKBiobank-Table-Conversion; https://github.com/lizhihao1990/UKBiobank-Table-Conversion,weak topic/path/data-type evidence,Not in Tiers 1-5; weak-candidate evidence only. Retained for completeness and not recommended for regression.,yes
111780,Exploring the aging blood proteome across the lifespan,Tier 6,weak_candidate,no,family_exposome-aging-ukb; family_test-exposome-aging-ukb,https://github.com/rrrrrs1/exposome-aging-ukb; https://github.com/okoropaulc/test_exposome_aging_ukb,weak topic/path/data-type evidence,Not in Tiers 1-5; weak-candidate evidence only. Retained for completeness and not recommended for regression.,yes
114424,MRI-assessed Body Composition in Association with Plasma Proteomics Related to Cancer,Tier 6,weak_candidate,no,family_t40-rsfmri,https://github.com/Kakashi-sensei/T40_rsfMRI,weak topic/path/data-type evidence,Not in Tiers 1-5; weak-candidate evidence only. Retained for completeness and not recommended for regression.,yes
117308,Deciphering recurrent surgical ENT diseases through genetics and deep phenotyping,Tier 6,weak_candidate,no,family_ukbphenotyping,https://github.com/hoffman2/ukbPhenotyping,weak topic/path/data-type evidence,Not in Tiers 1-5; weak-candidate evidence only. Retained for completeness and not recommended for regression.,yes
124348,"Exposome, Disease Trajectories and Multimorbidity Networks",Tier 6,weak_candidate,no,family_exposome-aging-ukb; family_test-exposome-aging-ukb,https://github.com/rrrrrs1/exposome-aging-ukb; https://github.com/okoropaulc/test_exposome_aging_ukb,weak topic/path/data-type evidence,Not in Tiers 1-5; weak-candidate evidence only. Retained for completeness and not recommended for regression.,yes
124664,Structural variants as risk alleles for cancer.,Tier 6,weak_candidate,no,family_sas-sample-extraction; family_ukbfrailty,https://github.com/samarpita-saha293/SAS_sample_extraction; https://github.com/becomingcc/ukbfrailty,weak topic/path/data-type evidence,Not in Tiers 1-5; weak-candidate evidence only. Retained for completeness and not recommended for regression.,yes
127327,Novel Statistical Methods for Complex Survival Data with Applications to Disability Development in the Elderly,Tier 6,weak_candidate,no,family_uk-biobank-survival,https://github.com/gerstung-lab/uk_biobank_survival; https://github.com/rrrrrs1/uk_biobank_survival,weak topic/path/data-type evidence,Not in Tiers 1-5; weak-candidate evidence only. Retained for completeness and not recommended for regression.,yes
127971,Inflammation and Brain Structure in Alzheimer's disease and Other Neurodegenerative Disease,Tier 6,weak_candidate,no,family_amml-disentangling-structure-from-detail,https://github.com/danilayDH/AMML-Disentangling-Structure-from-Detail,weak topic/path/data-type evidence,Not in Tiers 1-5; weak-candidate evidence only. Retained for completeness and not recommended for regression.,yes
129007,Advancing Genomic Research: Enhancing GWAS and TWAS through Comprehensive Data Integration in the UK Biobank,Tier 6,weak_candidate,no,family_gwas-phenotype; family_udip-vit; family_ukb-gwaspipeline-subcorticalregions,https://github.com/albbaous/GWAS_phenotype; https://github.com/cind/UDIP-ViT; https://github.com/SkylerZhou/UKB_GWASpipeline_SubcorticalRegions,weak topic/path/data-type evidence,Not in Tiers 1-5; weak-candidate evidence only. Retained for completeness and not recommended for regression.,yes
129198,Digital Health Modeling: Embeddings of patient stratification towards personalized diagnostics,Tier 6,weak_candidate,no,family_biobankread,https://github.com/yzharold/BiobankRead,weak topic/path/data-type evidence,Not in Tiers 1-5; weak-candidate evidence only. Retained for completeness and not recommended for regression.,yes
135216,The association between circadian gene polymorphism and human disease,Tier 6,weak_candidate,no,family_genepy-2,https://github.com/parsboy1987/GenePy-2,weak topic/path/data-type evidence,Not in Tiers 1-5; weak-candidate evidence only. Retained for completeness and not recommended for regression.,yes
135228,Multimodal AI for Cardiovascular Risk Prediction and Clinical Decision Support,Tier 6,weak_candidate,no,family_uthesis,https://github.com/michaelGuo1204/UThesis,weak topic/path/data-type evidence,Not in Tiers 1-5; weak-candidate evidence only. Retained for completeness and not recommended for regression.,yes
136530,"Exploring genetic, environmental and neural mechanisms underlying variability in neurobehavioral traits",Tier 6,weak_candidate,no,family_neuralcvd,https://github.com/DhanushB2000/NeuralCVD; https://github.com/HaibinLi0817/NeuralCVD; https://github.com/YanLuoCityU/NeuralCVD; https://github.com/yanranwang/NeuralCVD,weak topic/path/data-type evidence,Not in Tiers 1-5; weak-candidate evidence only. Retained for completeness and not recommended for regression.,yes
141517,Air pollution and incidence of breast cancer: a prospective study in the UK biobank.,Tier 6,weak_candidate,no,family_epi-prs; family_ukbbprodromalpd,https://github.com/ghm17/Epi-PRS; https://github.com/tzhang-nmdp/Epi-PRS; https://github.com/samyak1729/ukbbprodromalpd; https://github.com/tolism/ukbbprodromalpd,weak topic/path/data-type evidence,Not in Tiers 1-5; weak-candidate evidence only. Retained for completeness and not recommended for regression.,yes
141529,The association of healthy lifestyle factors with the risk of rheumatic and musculoskeletal diseases,Tier 6,weak_candidate,no,family_ukb-bmi,https://github.com/mariaratnasamy/ukb_bmi,weak topic/path/data-type evidence,Not in Tiers 1-5; weak-candidate evidence only. Retained for completeness and not recommended for regression.,yes
144802,Unraveling Genetic Correlation and Polygenic Overlap with Function Annotation,Tier 6,weak_candidate,no,family_genetic-annotation-aware-dimensionality-reduction-in-uk-biobank,https://github.com/AishaAlsuwaidi/Genetic-annotation-aware-dimensionality-reduction-in-UK-Biobank,weak topic/path/data-type evidence,Not in Tiers 1-5; weak-candidate evidence only. Retained for completeness and not recommended for regression.,yes
144915,Microvascular dysfunction and aging-related phenotypes,Tier 6,weak_candidate,no,family_exposome-aging-ukb; family_fundus-project; family_test-exposome-aging-ukb; family_ukbgwas; family_ukbiobank-knockoffs,https://github.com/rrrrrs1/exposome-aging-ukb; https://github.com/joshoch7/fundus_project; https://github.com/okoropaulc/test_exposome_aging_ukb; https://github.com/lizhihao1990/ukbgwas; https://github.com/LuZhangH/ukbiobank_knockoffs; https://github.com/zren94/ukbiobank_knockoffs,weak topic/path/data-type evidence,Not in Tiers 1-5; weak-candidate evidence only. Retained for completeness and not recommended for regression.,yes
145447,Discovery of novel genetic risk factors for autoimmunity,Tier 6,weak_candidate,no,family_ukbfrailty,https://github.com/becomingcc/ukbfrailty,weak topic/path/data-type evidence,Not in Tiers 1-5; weak-candidate evidence only. Retained for completeness and not recommended for regression.,yes
147093,Prediction of Parkinson's disease and Atypical Parkinsonism: a longitudinal study from the UK Biobank,Tier 6,weak_candidate,no,family_longitudinal-data; family_ukb-atherosclerosis-prediction,https://github.com/AstraZheng/Longitudinal-data; https://github.com/OmriGruman/ukb-atherosclerosis-prediction,weak topic/path/data-type evidence,Not in Tiers 1-5; weak-candidate evidence only. Retained for completeness and not recommended for regression.,yes
148828,"Genetic analyses of dyslipidemia in cardiometabolic disease: Integrating genomics, metabolomics, and drug-target insights from the UK Biobank",Tier 6,weak_candidate,no,family_ukbpheno,https://github.com/BakerMetabolomics/ukbpheno; https://github.com/kkukendrarajah/ukbpheno; https://github.com/magdazeb/ukbpheno; https://github.com/Neri0304/ukbpheno; https://github.com/stefanogg/ukbpheno; https://github.com/Tafelplankje/ukbpheno; https://github.com/yuehuang-gh/ukbpheno,weak topic/path/data-type evidence,Not in Tiers 1-5; weak-candidate evidence only. Retained for completeness and not recommended for regression.,yes
150429,Quantifying risk of APOE4 allele on Alzheimer's disease and diabetes in Indian populations,Tier 6,weak_candidate,no,family_sas-sample-extraction,https://github.com/samarpita-saha293/SAS_sample_extraction,weak topic/path/data-type evidence,Not in Tiers 1-5; weak-candidate evidence only. Retained for completeness and not recommended for regression.,yes
150673,Clonal hematopoiesis in the development and progression of age-related diseases,Tier 6,weak_candidate,no,family_ukb-bioage-cancer; family_ukb-tools,https://github.com/becomingcc/UKB_bioage_cancer; https://github.com/12sbxu/ukb-tools; https://github.com/magdazeb/ukb-tools,weak topic/path/data-type evidence,Not in Tiers 1-5; weak-candidate evidence only. Retained for completeness and not recommended for regression.,yes
151378,Cerebrovascular mapping using human resting-state functional MRI data,Tier 6,weak_candidate,no,family_t40-rsfmri; family_ukbbmriutils,https://github.com/Kakashi-sensei/T40_rsfMRI; https://github.com/STALICLA-RnD/UkbbMriUtils,weak topic/path/data-type evidence,Not in Tiers 1-5; weak-candidate evidence only. Retained for completeness and not recommended for regression.,yes
151418,"Genomic and multi-modal prediction of disease risk, trajectory, and outcome",Tier 6,weak_candidate,no,family_multi-outcome,https://github.com/Ikram-c/multi_outcome; https://github.com/mengjiefan/multi_outcome,weak topic/path/data-type evidence,Not in Tiers 1-5; weak-candidate evidence only. Retained for completeness and not recommended for regression.,yes
151425,Investigating the prevention and treatment of post-COVID conditions in UK Biobank cohort,Tier 6,weak_candidate,no,family_imds-wes,https://github.com/jjrun-11/IMDs_WES,weak topic/path/data-type evidence,Not in Tiers 1-5; weak-candidate evidence only. Retained for completeness and not recommended for regression.,yes
153368,HLA association with COVID-19 severity,Tier 6,weak_candidate,no,family_genetic-association,https://github.com/Swadha22/Genetic_association,weak topic/path/data-type evidence,Not in Tiers 1-5; weak-candidate evidence only. Retained for completeness and not recommended for regression.,yes
156667,Cross-sectional study of genome-wide associations with fertility,Tier 6,weak_candidate,no,family_sophia-cross-sectional,https://github.com/JackW7777/SOPHIA_Cross_Sectional; https://github.com/kkk0-000/SOPHIA_Cross_Sectional; https://github.com/sspl33/SOPHIA_Cross_Sectional; https://github.com/zscu/SOPHIA_Cross_Sectional,weak topic/path/data-type evidence,Not in Tiers 1-5; weak-candidate evidence only. Retained for completeness and not recommended for regression.,yes
158652,"PheMAP: Measured, Automated Profile to Facilitate High Throughput Phenotyping",Tier 6,weak_candidate,no,family_ukbphenotyping,https://github.com/hoffman2/ukbPhenotyping,weak topic/path/data-type evidence,Not in Tiers 1-5; weak-candidate evidence only. Retained for completeness and not recommended for regression.,yes
164589,Training foundation models for the brain,Tier 6,weak_candidate,no,family_master-thesis,https://github.com/nickathans/master-thesis,weak topic/path/data-type evidence,Not in Tiers 1-5; weak-candidate evidence only. Retained for completeness and not recommended for regression.,yes
171264,Cognitive traits and brain mechanisms across insomnia-related mental health complaints.,Tier 6,weak_candidate,no,family_sas-sample-extraction; family_ukb-api,https://github.com/samarpita-saha293/SAS_sample_extraction; https://github.com/batmanlab/ukb_api; https://github.com/tighu20/ukb_api,weak topic/path/data-type evidence,Not in Tiers 1-5; weak-candidate evidence only. Retained for completeness and not recommended for regression.,yes
171293,Enhancer RNA-based filtering of UK Biobank genotype data for discovery of functional SNPs associated with COPD and asthma risk.,Tier 6,weak_candidate,no,family_ukbb-asthma,https://github.com/keerveer/ukbb_asthma; https://github.com/swbiggs4/ukbb_asthma,weak topic/path/data-type evidence,Not in Tiers 1-5; weak-candidate evidence only. Retained for completeness and not recommended for regression.,yes
171904,"Sex hormones, cognition, and risk for mental illness",Tier 6,weak_candidate,no,family_imds-wes; family_moodie-geneexpression-cognition; family_ukbbcov2risk,https://github.com/jjrun-11/IMDs_WES; https://github.com/JialingFan1/moodie-geneexpression-cognition; https://github.com/kennethcywong/ukbbcov2risk,weak topic/path/data-type evidence,Not in Tiers 1-5; weak-candidate evidence only. Retained for completeness and not recommended for regression.,yes
172001,MORSE - MultiOmics pRoject Study gEnomics Asthma project,Tier 6,weak_candidate,no,family_ukbb-asthma,https://github.com/keerveer/ukbb_asthma; https://github.com/swbiggs4/ukbb_asthma,weak topic/path/data-type evidence,Not in Tiers 1-5; weak-candidate evidence only. Retained for completeness and not recommended for regression.,yes
172188,Using UK Biobank to detect hidden genetic associations between phenotypes,Tier 6,weak_candidate,no,family_fundus-project; family_ukbgwas; family_ukbiobank-knockoffs,https://github.com/joshoch7/fundus_project; https://github.com/lizhihao1990/ukbgwas; https://github.com/LuZhangH/ukbiobank_knockoffs; https://github.com/zren94/ukbiobank_knockoffs,weak topic/path/data-type evidence,Not in Tiers 1-5; weak-candidate evidence only. Retained for completeness and not recommended for regression.,yes
176536,Predicting Preeclampsia Severity: A Machine Learning Approach Using Genomic Data and Clinical Information,Tier 6,weak_candidate,no,family_ukb-gen-clocks,https://github.com/Euskal-Oxcitas-Biotek/UKB-gen-clocks,weak topic/path/data-type evidence,Not in Tiers 1-5; weak-candidate evidence only. Retained for completeness and not recommended for regression.,yes
176723,FOODGENICS: Food and Genetics in UK Cancer Incidence,Tier 6,weak_candidate,no,family_ukbbprodromalpd,https://github.com/samyak1729/ukbbprodromalpd; https://github.com/tolism/ukbbprodromalpd,weak topic/path/data-type evidence,Not in Tiers 1-5; weak-candidate evidence only. Retained for completeness and not recommended for regression.,yes
176768,Vascular and Inflammatory Dysfunction in Aging and Alzheimer's disease.,Tier 6,weak_candidate,no,family_exposome-aging-ukb; family_test-exposome-aging-ukb,https://github.com/rrrrrs1/exposome-aging-ukb; https://github.com/okoropaulc/test_exposome_aging_ukb,weak topic/path/data-type evidence,Not in Tiers 1-5; weak-candidate evidence only. Retained for completeness and not recommended for regression.,yes
176821,Factors affecting multiple sclerosis expression (FAME) study,Tier 6,weak_candidate,no,family_proteomics-ukbb,https://github.com/Fmerella/Proteomics_UKBB-,weak topic/path/data-type evidence,Not in Tiers 1-5; weak-candidate evidence only. Retained for completeness and not recommended for regression.,yes
176911,Identification of pathway and target-disease genetic associations for target discovery in combination with a unique physics-based computational pipeline for rapid exploration of chemical space.,Tier 6,weak_candidate,no,family_divergence-pipeline,https://github.com/AdrianHarris96/Divergence_Pipeline,weak topic/path/data-type evidence,Not in Tiers 1-5; weak-candidate evidence only. Retained for completeness and not recommended for regression.,yes
177151,Identification and comparison of plasma common and distinct metabolites for cardiovascular diseases and related lifestyles,Tier 6,weak_candidate,no,family_ukb-api,https://github.com/batmanlab/ukb_api; https://github.com/tighu20/ukb_api,weak topic/path/data-type evidence,Not in Tiers 1-5; weak-candidate evidence only. Retained for completeness and not recommended for regression.,yes
179597,Explainable automated ECG interpretation for visualizing and predicting ECG features at risk of life-threatening arrhythmia and sudden cardiac death,Tier 6,weak_candidate,no,family_biobank-read; family_biobankread-bash; family_ukbiobank-ecg,https://github.com/Dragonriser/biobank-read; https://github.com/IFF-0303/biobank-read; https://github.com/SEONCHOE/biobank-read; https://github.com/lenamax2355/BiobankRead-Bash; https://github.com/os01/BiobankRead-Bash; https://github.com/suniljmanohar/UKBiobank_ECG,weak topic/path/data-type evidence,Not in Tiers 1-5; weak-candidate evidence only. Retained for completeness and not recommended for regression.,yes
179760,"Investigating the clinical and genetic epidemiology, risk factors, treatment, and patient outcomes of cardiovascular diseases, endocrine and metabolic disorders, and immunoinflammatory diseases.",Tier 6,weak_candidate,no,family_keloids-clustering,https://github.com/anirudhj05/Keloids_Clustering,weak topic/path/data-type evidence,Not in Tiers 1-5; weak-candidate evidence only. Retained for completeness and not recommended for regression.,yes
181082,Sarcopenia and the Risk of Incident Dementia,Tier 6,weak_candidate,no,family_metabolomicscommondiseases; family_ukb-nmr-cvd-prediction,https://github.com/chengluomilk/MetabolomicsCommonDiseases; https://github.com/YanLuoCityU/MetabolomicsCommonDiseases; https://github.com/zlpsophina/MetabolomicsCommonDiseases; https://github.com/YanLuoCityU/UKB_NMR_CVD_prediction,weak topic/path/data-type evidence,Not in Tiers 1-5; weak-candidate evidence only. Retained for completeness and not recommended for regression.,yes
181095,Exploring Parkinson's Disease Biomarkers Through UK Biobank Proteomics,Tier 6,weak_candidate,no,family_biomarkers; family_biomarkers-beautfig; family_pain-proteomics; family_proteomics-ukbb,https://github.com/Eugene-xyHe/biomarkers; https://github.com/IFF-0303/biomarkers; https://github.com/JujiaoKang/biomarkers; https://github.com/julyfish711/biomarkers; https://github.com/lenamax2355/biomarkers; https://github.com/Ran485/biomarkers; https://github.com/Shicheng-Guo/biomarkers; https://github.com/smiles2011hyc/biomarkers; https://github.com/K-zhangfengwei/biomarkers_beautfig; https://github.com/Frank-HQZ/Pain_Proteomics; https://github.com/Fmerella/Proteomics_UKBB-,weak topic/path/data-type evidence,Not in Tiers 1-5; weak-candidate evidence only. Retained for completeness and not recommended for regression.,yes
182419,Imaging Cardiovascular Aging in the UKBB,Tier 6,weak_candidate,no,family_amml-disentangling-structure-from-detail; family_congele-msc; family_ehr; family_exposome-aging-ukb; family_genepy-2; family_junnh_ukbb; family_latinos-in-ukbb; family_lizhihao1990_ukbb; family_main-pipeline-and-images-based-models-pipeline-deep-learning-and-aging-main-pipeline-and-images-based-models-pipeline; family_neuralcvd; family_postincredible_ukbb; family_proteomics-ukbb; family_test-exposome-aging-ukb; family_ukbb-1; family_ukbb-asthma; family_ukbb-data-r; family_ukbb-risk; family_ukbbmodriskr; family_ukbbmriutils; family_zhishenppp_ukbb,https://github.com/danilayDH/AMML-Disentangling-Structure-from-Detail; https://github.com/Arnoldzyf/ConGele_MSc; https://github.com/mjfalaguera/EHR; https://github.com/rrrrrs1/exposome-aging-ukb; https://github.com/parsboy1987/GenePy-2; https://github.com/Junnh/UKBB; https://github.com/huytrain42/Latinos-in-UKBB; https://github.com/lizhihao1990/ukbb; https://github.com/deep-learning-and-aging/main-pipeline-and-images-based-models-pipeline; https://github.com/Deep-Learning-and-Aging/Main-pipeline-and-Images-based-models-pipeline; https://github.com/DhanushB2000/NeuralCVD; https://github.com/HaibinLi0817/NeuralCVD; https://github.com/YanLuoCityU/NeuralCVD; https://github.com/yanranwang/NeuralCVD; https://github.com/postincredible/ukbb; https://github.com/Fmerella/Proteomics_UKBB-; https://github.com/okoropaulc/test_exposome_aging_ukb; https://github.com/HongyuanWu/ukbb-1; https://github.com/Shicheng-Guo/ukbb-1; https://github.com/keerveer/ukbb_asthma; https://github.com/swbiggs4/ukbb_asthma; https://github.com/12sbxu/ukbb_data_r; https://github.com/IFF-0303/ukbb_risk; https://github.com/rrrrrs1/UKBBModRiskR; https://github.com/STALICLA-RnD/UkbbMriUtils; https://github.com/zhishenPPP/ukbb,weak topic/path/data-type evidence,Not in Tiers 1-5; weak-candidate evidence only. Retained for completeness and not recommended for regression.,yes
184384,Molecular typing and accurate prediction model construction of atrial fibrillation based on multi-omics feature spectrum,Tier 6,weak_candidate,no,family_ukbbmodriskr,https://github.com/rrrrrs1/UKBBModRiskR,weak topic/path/data-type evidence,Not in Tiers 1-5; weak-candidate evidence only. Retained for completeness and not recommended for regression.,yes
184425,Inflammatory bowel disease and risk of immune-related and non-immune-related comorbidities,Tier 6,weak_candidate,no,family_imds-wes,https://github.com/jjrun-11/IMDs_WES,weak topic/path/data-type evidence,Not in Tiers 1-5; weak-candidate evidence only. Retained for completeness and not recommended for regression.,yes
190984,Research on the Genetic and Non-Genetic Factors of Spinal Cord Injuries.,Tier 6,weak_candidate,no,family_imds-wes; family_keloids-clustering,https://github.com/jjrun-11/IMDs_WES; https://github.com/anirudhj05/Keloids_Clustering,weak topic/path/data-type evidence,Not in Tiers 1-5; weak-candidate evidence only. Retained for completeness and not recommended for regression.,yes
197617,Common and rare genetic variations in autoimmune diseases,Tier 6,weak_candidate,no,family_metabolomicscommondiseases,https://github.com/chengluomilk/MetabolomicsCommonDiseases; https://github.com/YanLuoCityU/MetabolomicsCommonDiseases; https://github.com/zlpsophina/MetabolomicsCommonDiseases,weak topic/path/data-type evidence,Not in Tiers 1-5; weak-candidate evidence only. Retained for completeness and not recommended for regression.,yes
200249,"Exploring WGS Data, Clinical Biomarkers, Proteomics, and Metabolomics in Age-Related Disorders and Hard-to-Diagnose Disorders",Tier 6,weak_candidate,no,family_ukbpheno,https://github.com/BakerMetabolomics/ukbpheno; https://github.com/kkukendrarajah/ukbpheno; https://github.com/magdazeb/ukbpheno; https://github.com/Neri0304/ukbpheno; https://github.com/stefanogg/ukbpheno; https://github.com/Tafelplankje/ukbpheno; https://github.com/yuehuang-gh/ukbpheno,weak topic/path/data-type evidence,Not in Tiers 1-5; weak-candidate evidence only. Retained for completeness and not recommended for regression.,yes
200882,Improving Organ Aging Models Using WGS and Proteomics Data from UK Biobank,Tier 6,weak_candidate,no,family_exposome-aging-ukb; family_main-pipeline-and-images-based-models-pipeline-deep-learning-and-aging-main-pipeline-and-images-based-models-pipeline; family_pain-proteomics; family_proteomics-ukbb; family_shapeit5,https://github.com/rrrrrs1/exposome-aging-ukb; https://github.com/deep-learning-and-aging/main-pipeline-and-images-based-models-pipeline; https://github.com/Deep-Learning-and-Aging/Main-pipeline-and-Images-based-models-pipeline; https://github.com/Frank-HQZ/Pain_Proteomics; https://github.com/Fmerella/Proteomics_UKBB-; https://github.com/23andme-jaredo/shapeit5; https://github.com/barneyhill/shapeit5; https://github.com/JosephLalli/shapeit5; https://github.com/M-Hakmi/shapeit5; https://github.com/RimanB/shapeit5; https://github.com/rwk-unil/shapeit5; https://github.com/sunrisefor/shapeit5; https://github.com/Toseph/shapeit5; https://github.com/victorasua/shapeit5,weak topic/path/data-type evidence,Not in Tiers 1-5; weak-candidate evidence only. Retained for completeness and not recommended for regression.,yes
203528,"A phenotype-wide and omics analyses of social and environmental exposomes, sleep-architectures, aging related multimorbidity with pre-clinical brain pathological changes and incidence of dementia",Tier 6,weak_candidate,no,family_data2vec-bert-ukb,https://github.com/alatteaday/data2vec_bert_ukb,weak topic/path/data-type evidence,Not in Tiers 1-5; weak-candidate evidence only. Retained for completeness and not recommended for regression.,yes
206855,Using Machine Learning to uncover disease patterns in large-scale cohort data,Tier 6,weak_candidate,no,family_keloids-clustering,https://github.com/anirudhj05/Keloids_Clustering,weak topic/path/data-type evidence,Not in Tiers 1-5; weak-candidate evidence only. Retained for completeness and not recommended for regression.,yes
208479,Identifying Informative Disease Features by Joint Analysis of Clinical and Biomedical Data at the Patient Level,Tier 6,weak_candidate,no,family_ukbb-risk,https://github.com/IFF-0303/ukbb_risk,weak topic/path/data-type evidence,Not in Tiers 1-5; weak-candidate evidence only. Retained for completeness and not recommended for regression.,yes
211468,Association study between adenomyosis and preterm birth,Tier 6,weak_candidate,no,family_genetic-association,https://github.com/Swadha22/Genetic_association,weak topic/path/data-type evidence,Not in Tiers 1-5; weak-candidate evidence only. Retained for completeness and not recommended for regression.,yes
211772,Understanding the role of modifiable and genetic factors with sarcopenia in UK biobank: a longitudinal analysis,Tier 6,weak_candidate,no,family_longitudinal-data,https://github.com/AstraZheng/Longitudinal-data,weak topic/path/data-type evidence,Not in Tiers 1-5; weak-candidate evidence only. Retained for completeness and not recommended for regression.,yes
213770,Comperehensive meta-analysis of the clinical and molecular features of clonal hematopoiesis.,Tier 6,weak_candidate,no,family_ukbb-risk,https://github.com/IFF-0303/ukbb_risk,weak topic/path/data-type evidence,Not in Tiers 1-5; weak-candidate evidence only. Retained for completeness and not recommended for regression.,yes
217744,Developing machine learning (ML) frameworks that can derive multiple phenotypic predictions for risk genotypes at the cell-type level.,Tier 6,weak_candidate,no,family_t2dm-ukb-predictions,https://github.com/Farida-Ali/T2DM_UKB_predictions,weak topic/path/data-type evidence,Not in Tiers 1-5; weak-candidate evidence only. Retained for completeness and not recommended for regression.,yes
220691,Investigation of risk factors for incidence and survival of cancer subtypes,Tier 6,weak_candidate,no,family_uk-biobank-survival,https://github.com/gerstung-lab/uk_biobank_survival; https://github.com/rrrrrs1/uk_biobank_survival,weak topic/path/data-type evidence,Not in Tiers 1-5; weak-candidate evidence only. Retained for completeness and not recommended for regression.,yes
220754,Identifying predictors of age-related chronic disease.,Tier 6,weak_candidate,no,family_ukb-bioage-cancer; family_ukb-tools,https://github.com/becomingcc/UKB_bioage_cancer; https://github.com/12sbxu/ukb-tools; https://github.com/magdazeb/ukb-tools,weak topic/path/data-type evidence,Not in Tiers 1-5; weak-candidate evidence only. Retained for completeness and not recommended for regression.,yes
221713,"Exploring the associations of lifestyle, environmental and genetic factors on metabolic diseases and cancer",Tier 6,weak_candidate,no,family_ukb-bmi,https://github.com/mariaratnasamy/ukb_bmi,weak topic/path/data-type evidence,Not in Tiers 1-5; weak-candidate evidence only. Retained for completeness and not recommended for regression.,yes
226006,"A comprehensive study on the causal factors, early diagnosis, and screening of malignant cancer.",Tier 6,weak_candidate,no,family_biobankread,https://github.com/yzharold/BiobankRead,weak topic/path/data-type evidence,Not in Tiers 1-5; weak-candidate evidence only. Retained for completeness and not recommended for regression.,yes
228302,The hidden population: Quantifying the burden of rare genetic diseases in the UK,Tier 6,weak_candidate,no,family_gogogpcr; family_ukb-oligo,https://github.com/deepgohil/gogoGPCR; https://github.com/petergerlach1/gogoGPCR; https://github.com/mariaratnasamy/ukb_oligo,weak topic/path/data-type evidence,Not in Tiers 1-5; weak-candidate evidence only. Retained for completeness and not recommended for regression.,yes
233227,Advancing CMML Research through the Integration of Genomic and Phenotypic Data.,Tier 6,weak_candidate,no,family_bio-machinelearning,https://github.com/Apostolos00tapsas/bio-machinelearning,weak topic/path/data-type evidence,Not in Tiers 1-5; weak-candidate evidence only. Retained for completeness and not recommended for regression.,yes
238831,Modifiable predictors of total hip and knee arthroplasty,Tier 6,weak_candidate,no,family_gxsex; family_ukbb-risk,https://github.com/harpak-lab/GxSex; https://github.com/IFF-0303/ukbb_risk,weak topic/path/data-type evidence,Not in Tiers 1-5; weak-candidate evidence only. Retained for completeness and not recommended for regression.,yes
240649,Multimodal foundation AI model for understanding the human body,Tier 6,weak_candidate,no,family_biobankread,https://github.com/yzharold/BiobankRead,weak topic/path/data-type evidence,Not in Tiers 1-5; weak-candidate evidence only. Retained for completeness and not recommended for regression.,yes
240789,An investigation of phenotypes associated with the SNP rs118174674 affecting LOXHD1.,Tier 6,weak_candidate,no,family_uthesis,https://github.com/michaelGuo1204/UThesis,weak topic/path/data-type evidence,Not in Tiers 1-5; weak-candidate evidence only. Retained for completeness and not recommended for regression.,yes
240801,"Exploring Uveitis Risk Factors: Clinical, Genetic, and Causal Associations",Tier 6,weak_candidate,no,family_junnh_ukbb,https://github.com/Junnh/UKBB,weak topic/path/data-type evidence,Not in Tiers 1-5; weak-candidate evidence only. Retained for completeness and not recommended for regression.,yes
242487,"Construction of a multidimensional analysis model for the onset, progression, treatment, and prognosis evaluation of cardio-cerebrovascular diseases",Tier 6,weak_candidate,no,family_ukbbmodriskr,https://github.com/rrrrrs1/UKBBModRiskR,weak topic/path/data-type evidence,Not in Tiers 1-5; weak-candidate evidence only. Retained for completeness and not recommended for regression.,yes
249065,Multiomic characterisation of sepsis and related diseases,Tier 6,weak_candidate,no,family_ukb-bmi,https://github.com/mariaratnasamy/ukb_bmi,weak topic/path/data-type evidence,Not in Tiers 1-5; weak-candidate evidence only. Retained for completeness and not recommended for regression.,yes
254345,Understanding ethnic inequalities in antidepressant prescribing in primary care:  diagnosis and treatment in the South Asian diaspora (The PAPER Study),Tier 6,weak_candidate,no,family_genetic-annotation-aware-dimensionality-reduction-in-uk-biobank,https://github.com/AishaAlsuwaidi/Genetic-annotation-aware-dimensionality-reduction-in-UK-Biobank,weak topic/path/data-type evidence,Not in Tiers 1-5; weak-candidate evidence only. Retained for completeness and not recommended for regression.,yes
254674,"Effect of lifestyle, non-lifestyle factors, and genetic drive on the incidence and mortality of digestive diseases",Tier 6,weak_candidate,no,family_ukb-bmi,https://github.com/mariaratnasamy/ukb_bmi,weak topic/path/data-type evidence,Not in Tiers 1-5; weak-candidate evidence only. Retained for completeness and not recommended for regression.,yes
255331,"Research on the complex relationship between pain, depression, and cognition",Tier 6,weak_candidate,no,family_moodie-geneexpression-cognition; family_pain-proteomics,https://github.com/JialingFan1/moodie-geneexpression-cognition; https://github.com/Frank-HQZ/Pain_Proteomics,weak topic/path/data-type evidence,Not in Tiers 1-5; weak-candidate evidence only. Retained for completeness and not recommended for regression.,yes
263588,"Life Trajectories, Genes, and Well-being in Mid to Late Adulthood: An Interdisciplinary and Cross-National Study",Tier 6,weak_candidate,no,family_sophia-cross-sectional,https://github.com/JackW7777/SOPHIA_Cross_Sectional; https://github.com/kkk0-000/SOPHIA_Cross_Sectional; https://github.com/sspl33/SOPHIA_Cross_Sectional; https://github.com/zscu/SOPHIA_Cross_Sectional,weak topic/path/data-type evidence,Not in Tiers 1-5; weak-candidate evidence only. Retained for completeness and not recommended for regression.,yes
272827,HLA variability and susceptibility to diseases,Tier 6,weak_candidate,no,family_jm-gwas,https://github.com/pebblets/JM-GWAS; https://github.com/Sandyyy123/JM-GWAS; https://github.com/xiechengyong123/JM-GWAS; https://github.com/zerland/JM-GWAS,weak topic/path/data-type evidence,Not in Tiers 1-5; weak-candidate evidence only. Retained for completeness and not recommended for regression.,yes
273810,Discovery and validation of blood biomarkers from proteomics as predictors of kidney disease progression,Tier 6,weak_candidate,no,family_biomarkers; family_biomarkers-beautfig,https://github.com/Eugene-xyHe/biomarkers; https://github.com/IFF-0303/biomarkers; https://github.com/JujiaoKang/biomarkers; https://github.com/julyfish711/biomarkers; https://github.com/lenamax2355/biomarkers; https://github.com/Ran485/biomarkers; https://github.com/Shicheng-Guo/biomarkers; https://github.com/smiles2011hyc/biomarkers; https://github.com/K-zhangfengwei/biomarkers_beautfig,weak topic/path/data-type evidence,Not in Tiers 1-5; weak-candidate evidence only. Retained for completeness and not recommended for regression.,yes
276802,Association of genetic variations and respiratory disease with outcomes,Tier 6,weak_candidate,no,family_genetic-association; family_multi-outcome,https://github.com/Swadha22/Genetic_association; https://github.com/Ikram-c/multi_outcome; https://github.com/mengjiefan/multi_outcome,weak topic/path/data-type evidence,Not in Tiers 1-5; weak-candidate evidence only. Retained for completeness and not recommended for regression.,yes
282742,Integrating Multi-omics to Predict and Understand Ovarian Aging,Tier 6,weak_candidate,no,family_predict-cahd-by-ecg-on-uk-biobank; family_ukb-brain-symptoms-clustering,https://github.com/IFF-0303/Predict_CAHD_by_ECG_on_UK_Biobank; https://github.com/ajpag/ukb-brain-symptoms-clustering,weak topic/path/data-type evidence,Not in Tiers 1-5; weak-candidate evidence only. Retained for completeness and not recommended for regression.,yes
285049,Investigating the interplay of genetics and environment in human health and disease,Tier 6,weak_candidate,no,family_human-sex-ratio,https://github.com/song88180/Human_sex_ratio,weak topic/path/data-type evidence,Not in Tiers 1-5; weak-candidate evidence only. Retained for completeness and not recommended for regression.,yes
285361,Proteomic Network Analysis of Heart Failure,Tier 6,weak_candidate,no,family_proteomics-ukbb,https://github.com/Fmerella/Proteomics_UKBB-,weak topic/path/data-type evidence,Not in Tiers 1-5; weak-candidate evidence only. Retained for completeness and not recommended for regression.,yes
290317,Characterizing Malignant Hyperthermia prevalence and risk factors within a large UK general population cohort.,Tier 6,weak_candidate,no,family_idears-orig,https://github.com/MikeAllwright23/idears_orig,weak topic/path/data-type evidence,Not in Tiers 1-5; weak-candidate evidence only. Retained for completeness and not recommended for regression.,yes
298563,Epidemiology and etiology of early-onset and late-onset cancer,Tier 6,weak_candidate,no,family_ukbb-gwas-dev,https://github.com/ashwinas88/UKBB_GWAS_dev; https://github.com/LingTuo/UKBB_GWAS_dev,weak topic/path/data-type evidence,Not in Tiers 1-5; weak-candidate evidence only. Retained for completeness and not recommended for regression.,yes
299228,Multiomics approach for novel biomarkers for cardiovascular disease,Tier 6,weak_candidate,no,family_bnn-for-uncertainty-estimation-of-imaging-biomarkers,https://github.com/suyanzhou626/BNN-for-Uncertainty-Estimation-of-Imaging-Biomarkers,weak topic/path/data-type evidence,Not in Tiers 1-5; weak-candidate evidence only. Retained for completeness and not recommended for regression.,yes
301868,Cross-Race Examination of Obesity Risk Prediction through Genome-Wide Association Study and Polygenic Risk Score Development,Tier 6,weak_candidate,no,family_sophia-cross-sectional,https://github.com/JackW7777/SOPHIA_Cross_Sectional; https://github.com/kkk0-000/SOPHIA_Cross_Sectional; https://github.com/sspl33/SOPHIA_Cross_Sectional; https://github.com/zscu/SOPHIA_Cross_Sectional,weak topic/path/data-type evidence,Not in Tiers 1-5; weak-candidate evidence only. Retained for completeness and not recommended for regression.,yes
302523,"Exploring the Connections Between Vision Loss, Chronic Pain, and Cognition: A Comprehensive Study Across Lifespan Factors",Tier 6,weak_candidate,no,family_moodie-geneexpression-cognition,https://github.com/JialingFan1/moodie-geneexpression-cognition,weak topic/path/data-type evidence,Not in Tiers 1-5; weak-candidate evidence only. Retained for completeness and not recommended for regression.,yes
308132,Transferability of Statistical and Machine Learning Models in Brain Imaging Genetic Association,Tier 6,weak_candidate,no,family_im,https://github.com/laura-riedel/IM,weak topic/path/data-type evidence,Not in Tiers 1-5; weak-candidate evidence only. Retained for completeness and not recommended for regression.,yes
310771,Prediction of the Outcomes of Stress Response to Delirium Based on Intelligent Methods,Tier 6,weak_candidate,no,family_ukbiobank-ecg,https://github.com/suniljmanohar/UKBiobank_ECG,weak topic/path/data-type evidence,Not in Tiers 1-5; weak-candidate evidence only. Retained for completeness and not recommended for regression.,yes
329910,Assessing frequency distribution of the HHT mutations,Tier 6,weak_candidate,no,family_cancerrisk,https://github.com/alexwjung/CancerRisk; https://github.com/gerstung-lab/CancerRisk,weak topic/path/data-type evidence,Not in Tiers 1-5; weak-candidate evidence only. Retained for completeness and not recommended for regression.,yes
338173,"Precision medicine: novel methodologies in genomics, imaging, and clinical data analysis",Tier 6,weak_candidate,no,family_junnh_ukbb,https://github.com/Junnh/UKBB,weak topic/path/data-type evidence,Not in Tiers 1-5; weak-candidate evidence only. Retained for completeness and not recommended for regression.,yes
346418,Development of medical imaging foundation model for brain and abdominal diseases,Tier 6,weak_candidate,no,family_ukb-brain-symptoms-clustering,https://github.com/ajpag/ukb-brain-symptoms-clustering,weak topic/path/data-type evidence,Not in Tiers 1-5; weak-candidate evidence only. Retained for completeness and not recommended for regression.,yes
354002,Novel pharmacogenomic biomarkers for drug response prediction.,Tier 6,weak_candidate,no,family_bnn-for-uncertainty-estimation-of-imaging-biomarkers,https://github.com/suyanzhou626/BNN-for-Uncertainty-Estimation-of-Imaging-Biomarkers,weak topic/path/data-type evidence,Not in Tiers 1-5; weak-candidate evidence only. Retained for completeness and not recommended for regression.,yes
370173,Discovery of new gene variants that contribute to human disease,Tier 6,weak_candidate,no,family_genepy-2; family_shapeit5,https://github.com/parsboy1987/GenePy-2; https://github.com/23andme-jaredo/shapeit5; https://github.com/barneyhill/shapeit5; https://github.com/JosephLalli/shapeit5; https://github.com/M-Hakmi/shapeit5; https://github.com/RimanB/shapeit5; https://github.com/rwk-unil/shapeit5; https://github.com/sunrisefor/shapeit5; https://github.com/Toseph/shapeit5; https://github.com/victorasua/shapeit5,weak topic/path/data-type evidence,Not in Tiers 1-5; weak-candidate evidence only. Retained for completeness and not recommended for regression.,yes
379418,Relationship Between Lifestyle and Bone Diseases,Tier 6,weak_candidate,no,family_ukb-bmi,https://github.com/mariaratnasamy/ukb_bmi,weak topic/path/data-type evidence,Not in Tiers 1-5; weak-candidate evidence only. Retained for completeness and not recommended for regression.,yes
383384,Self-supervised masked autoencoder for fMRI data,Tier 6,weak_candidate,no,family_master-thesis; family_t40-rsfmri; family_ukbbmriutils,https://github.com/nickathans/master-thesis; https://github.com/Kakashi-sensei/T40_rsfMRI; https://github.com/STALICLA-RnD/UkbbMriUtils,weak topic/path/data-type evidence,Not in Tiers 1-5; weak-candidate evidence only. Retained for completeness and not recommended for regression.,yes
393607,Leveraging Artificial Intelligence and Multi-Omic Data to Predict Opioid Addiction,Tier 6,weak_candidate,no,family_predict-cahd-by-ecg-on-uk-biobank,https://github.com/IFF-0303/Predict_CAHD_by_ECG_on_UK_Biobank,weak topic/path/data-type evidence,Not in Tiers 1-5; weak-candidate evidence only. Retained for completeness and not recommended for regression.,yes
398221,Deep phenotyping of UGT human knockouts,Tier 6,weak_candidate,no,family_ukbphenotyping,https://github.com/hoffman2/ukbPhenotyping,weak topic/path/data-type evidence,Not in Tiers 1-5; weak-candidate evidence only. Retained for completeness and not recommended for regression.,yes
399545,Integrated Genetic and Phenotypic Analysis of disorders spanning from childhood to adulthood,Tier 6,weak_candidate,no,family_bio-machinelearning,https://github.com/Apostolos00tapsas/bio-machinelearning,weak topic/path/data-type evidence,Not in Tiers 1-5; weak-candidate evidence only. Retained for completeness and not recommended for regression.,yes
407461,Deciphering genetic association between cancer incidence and cardiovascular disease.,Tier 6,weak_candidate,no,family_genetic-association; family_ukbbprodromalpd,https://github.com/Swadha22/Genetic_association; https://github.com/samyak1729/ukbbprodromalpd; https://github.com/tolism/ukbbprodromalpd,weak topic/path/data-type evidence,Not in Tiers 1-5; weak-candidate evidence only. Retained for completeness and not recommended for regression.,yes
415382,"Exploring the complex associations between brain structure, function, aging, cognition, and disease, as well as their genetic and environmental foundations",Tier 6,weak_candidate,no,family_moodie-geneexpression-cognition,https://github.com/JialingFan1/moodie-geneexpression-cognition,weak topic/path/data-type evidence,Not in Tiers 1-5; weak-candidate evidence only. Retained for completeness and not recommended for regression.,yes
421320,"Impact of Neuropsychotropic Drugs, Environmental Factors, and Genetic on the Incidence, Development, and Survival of Cancer",Tier 6,weak_candidate,no,family_uk-biobank-survival,https://github.com/gerstung-lab/uk_biobank_survival; https://github.com/rrrrrs1/uk_biobank_survival,weak topic/path/data-type evidence,Not in Tiers 1-5; weak-candidate evidence only. Retained for completeness and not recommended for regression.,yes
425620,Association of accelerometer-derived sleep measures with liver and brain: A prospective cohort study,Tier 6,weak_candidate,no,family_ukb-exome,https://github.com/OxWearables/ukb_exome,weak topic/path/data-type evidence,Not in Tiers 1-5; weak-candidate evidence only. Retained for completeness and not recommended for regression.,yes
437499,Analysis of UK Biobank neuroimaging data for extracting imaging-based biomarkers for vascular cognitive impairment,Tier 6,weak_candidate,no,family_bnn-for-uncertainty-estimation-of-imaging-biomarkers; family_sas-sample-extraction,https://github.com/suyanzhou626/BNN-for-Uncertainty-Estimation-of-Imaging-Biomarkers; https://github.com/samarpita-saha293/SAS_sample_extraction,weak topic/path/data-type evidence,Not in Tiers 1-5; weak-candidate evidence only. Retained for completeness and not recommended for regression.,yes
442119,A Study of risk factors and protective factors for neuroimmune disorders,Tier 6,weak_candidate,no,family_tds-project,https://github.com/N-cizauskas/TDS_Project,weak topic/path/data-type evidence,Not in Tiers 1-5; weak-candidate evidence only. Retained for completeness and not recommended for regression.,yes
446734,Pathway analysis and Prediction of Cardiovascular Disease,Tier 6,weak_candidate,no,family_diabetes-prediction; family_ukb-atherosclerosis-prediction; family_ukb-nmr-cvd-prediction,https://github.com/Haileygu99/diabetes_prediction; https://github.com/OmriGruman/ukb-atherosclerosis-prediction; https://github.com/YanLuoCityU/UKB_NMR_CVD_prediction,weak topic/path/data-type evidence,Not in Tiers 1-5; weak-candidate evidence only. Retained for completeness and not recommended for regression.,yes
451358,Sex difference in vascular complications of type 2 diabetes,Tier 6,weak_candidate,no,family_imds-wes; family_ukbbcov2risk,https://github.com/jjrun-11/IMDs_WES; https://github.com/kennethcywong/ukbbcov2risk,weak topic/path/data-type evidence,Not in Tiers 1-5; weak-candidate evidence only. Retained for completeness and not recommended for regression.,yes
455643,Exploring the Interactions of the Vascular-Neural-Immune Network in Stroke Pathophysiology,Tier 6,weak_candidate,no,family_neuralcvd,https://github.com/DhanushB2000/NeuralCVD; https://github.com/HaibinLi0817/NeuralCVD; https://github.com/YanLuoCityU/NeuralCVD; https://github.com/yanranwang/NeuralCVD,weak topic/path/data-type evidence,Not in Tiers 1-5; weak-candidate evidence only. Retained for completeness and not recommended for regression.,yes
456965,The association between frailty index and cardiovascular disease,Tier 6,weak_candidate,no,family_genetic-association,https://github.com/Swadha22/Genetic_association,weak topic/path/data-type evidence,Not in Tiers 1-5; weak-candidate evidence only. Retained for completeness and not recommended for regression.,yes
459270,"Assessing the health effects of alcohol consumption, mechanisms of action, and associated disease burden",Tier 6,weak_candidate,no,family_gogogpcr; family_ukb-oligo,https://github.com/deepgohil/gogoGPCR; https://github.com/petergerlach1/gogoGPCR; https://github.com/mariaratnasamy/ukb_oligo,weak topic/path/data-type evidence,Not in Tiers 1-5; weak-candidate evidence only. Retained for completeness and not recommended for regression.,yes
477103,Identification of predictive risk Biomarkers for Chronic Non-communicable disease,Tier 6,weak_candidate,no,family_biomarkers; family_biomarkers-beautfig; family_bnn-for-uncertainty-estimation-of-imaging-biomarkers,https://github.com/Eugene-xyHe/biomarkers; https://github.com/IFF-0303/biomarkers; https://github.com/JujiaoKang/biomarkers; https://github.com/julyfish711/biomarkers; https://github.com/lenamax2355/biomarkers; https://github.com/Ran485/biomarkers; https://github.com/Shicheng-Guo/biomarkers; https://github.com/smiles2011hyc/biomarkers; https://github.com/K-zhangfengwei/biomarkers_beautfig; https://github.com/suyanzhou626/BNN-for-Uncertainty-Estimation-of-Imaging-Biomarkers,weak topic/path/data-type evidence,Not in Tiers 1-5; weak-candidate evidence only. Retained for completeness and not recommended for regression.,yes
488654,Identifying the mixed effects of environmental and genetic factors on health outcomes through multi-omics integration,Tier 6,weak_candidate,no,family_multi-outcome,https://github.com/Ikram-c/multi_outcome; https://github.com/mengjiefan/multi_outcome,weak topic/path/data-type evidence,Not in Tiers 1-5; weak-candidate evidence only. Retained for completeness and not recommended for regression.,yes
491285,Identifying Novel Drug Targets Using Genetic Data from UKBiobank,Tier 6,weak_candidate,no,family_anyalasagne1_ukbiobank; family_biobankread; family_bis687-capstone-group-8; family_genepy-2; family_genotype-errors; family_prs-dash-boxplot-app; family_rooty29_ukbiobank; family_ukbiobank-ecg; family_ukbiobank-knockoffs; family_ukbiobank-strs; family_ukbiobank-table-conversion; family_viciousjoon_ukbiobank; family_zhishenppp_ukbiobank,https://github.com/anyalasagne1/UKBiobank; https://github.com/yzharold/BiobankRead; https://github.com/JingnanBai/BIS687-Capstone-group-8; https://github.com/parsboy1987/GenePy-2; https://github.com/sylviah23/genotype-errors; https://github.com/NeBruNAI/PRS-dash-boxplot-app; https://github.com/Rooty29/UKBiobank; https://github.com/suniljmanohar/UKBiobank_ECG; https://github.com/LuZhangH/ukbiobank_knockoffs; https://github.com/zren94/ukbiobank_knockoffs; https://github.com/YIGUIz/ukbiobank_strs; https://github.com/audoushka/UKBiobank-Table-Conversion; https://github.com/futurologist/UKBiobank-Table-Conversion; https://github.com/Jiangaoshan/UKBiobank-Table-Conversion; https://github.com/lizhihao1990/UKBiobank-Table-Conversion; https://github.com/viciousjoon/ukbiobank; https://github.com/zhishenPPP/UKBiobank,weak topic/path/data-type evidence,Not in Tiers 1-5; weak-candidate evidence only. Retained for completeness and not recommended for regression.,yes
491612,Identification of Disease-Specific Biomarkers for FET Biosensor Application via Machine Learning on Biobank Data,Tier 6,weak_candidate,no,family_sas-sample-extraction; family_tds-project,https://github.com/samarpita-saha293/SAS_sample_extraction; https://github.com/N-cizauskas/TDS_Project,weak topic/path/data-type evidence,Not in Tiers 1-5; weak-candidate evidence only. Retained for completeness and not recommended for regression.,yes
491942,Identification and Validation of  Biomarkers for Nonalcoholic Steatohepatitis  Using Proteomics,Tier 6,weak_candidate,no,family_biomarkers; family_biomarkers-beautfig; family_bnn-for-uncertainty-estimation-of-imaging-biomarkers; family_pain-proteomics,https://github.com/Eugene-xyHe/biomarkers; https://github.com/IFF-0303/biomarkers; https://github.com/JujiaoKang/biomarkers; https://github.com/julyfish711/biomarkers; https://github.com/lenamax2355/biomarkers; https://github.com/Ran485/biomarkers; https://github.com/Shicheng-Guo/biomarkers; https://github.com/smiles2011hyc/biomarkers; https://github.com/K-zhangfengwei/biomarkers_beautfig; https://github.com/suyanzhou626/BNN-for-Uncertainty-Estimation-of-Imaging-Biomarkers; https://github.com/Frank-HQZ/Pain_Proteomics,weak topic/path/data-type evidence,Not in Tiers 1-5; weak-candidate evidence only. Retained for completeness and not recommended for regression.,yes
501518,Untangling the role of Schwann cells in chronic pain,Tier 6,weak_candidate,no,family_pain-proteomics,https://github.com/Frank-HQZ/Pain_Proteomics,weak topic/path/data-type evidence,Not in Tiers 1-5; weak-candidate evidence only. Retained for completeness and not recommended for regression.,yes
506132,"A Longitudinal Study of Chronic Disease Onset, Progression, and Overdiagnosis",Tier 6,weak_candidate,no,family_longitudinal-data,https://github.com/AstraZheng/Longitudinal-data,weak topic/path/data-type evidence,Not in Tiers 1-5; weak-candidate evidence only. Retained for completeness and not recommended for regression.,yes
528243,Exploring mechanisms of cardiovascular disease associated with diabetes,Tier 6,weak_candidate,no,family_epi-prs,https://github.com/ghm17/Epi-PRS; https://github.com/tzhang-nmdp/Epi-PRS,weak topic/path/data-type evidence,Not in Tiers 1-5; weak-candidate evidence only. Retained for completeness and not recommended for regression.,yes
531727,Identification of robust protein biomarkers for early cancer detection,Tier 6,weak_candidate,no,family_biomarkers; family_biomarkers-beautfig,https://github.com/Eugene-xyHe/biomarkers; https://github.com/IFF-0303/biomarkers; https://github.com/JujiaoKang/biomarkers; https://github.com/julyfish711/biomarkers; https://github.com/lenamax2355/biomarkers; https://github.com/Ran485/biomarkers; https://github.com/Shicheng-Guo/biomarkers; https://github.com/smiles2011hyc/biomarkers; https://github.com/K-zhangfengwei/biomarkers_beautfig,weak topic/path/data-type evidence,Not in Tiers 1-5; weak-candidate evidence only. Retained for completeness and not recommended for regression.,yes
532604,Socioeconomic Status and Eye Disease: An analysis using UK Biobank Data,Tier 6,weak_candidate,no,family_fundus-project,https://github.com/joshoch7/fundus_project,weak topic/path/data-type evidence,Not in Tiers 1-5; weak-candidate evidence only. Retained for completeness and not recommended for regression.,yes
532689,Cytomegalovirus infection and risk of age-related macular degeneration in the UK Biobank cohort.,Tier 6,weak_candidate,no,family_ukb-bioage-cancer; family_ukb-tools,https://github.com/becomingcc/UKB_bioage_cancer; https://github.com/12sbxu/ukb-tools; https://github.com/magdazeb/ukb-tools,weak topic/path/data-type evidence,Not in Tiers 1-5; weak-candidate evidence only. Retained for completeness and not recommended for regression.,yes
532754,Identifying causal pathways in cerebral small vessel disease,Tier 6,weak_candidate,no,family_amml-disentangling-structure-from-detail,https://github.com/danilayDH/AMML-Disentangling-Structure-from-Detail,weak topic/path/data-type evidence,Not in Tiers 1-5; weak-candidate evidence only. Retained for completeness and not recommended for regression.,yes
532810,Polygenic risk scores to predict breast cancer in young women,Tier 6,weak_candidate,no,family_predict-cahd-by-ecg-on-uk-biobank,https://github.com/IFF-0303/Predict_CAHD_by_ECG_on_UK_Biobank,weak topic/path/data-type evidence,Not in Tiers 1-5; weak-candidate evidence only. Retained for completeness and not recommended for regression.,yes
532913,Unravelling the genetic basis of disease penetrance and clinical heterogeneity in individuals with a pathogenic mutation in the gene progranulin through omics-based approaches,Tier 6,weak_candidate,no,family_ukb-processing-nf,https://github.com/VyasPillai/ukb_processing-nf,weak topic/path/data-type evidence,Not in Tiers 1-5; weak-candidate evidence only. Retained for completeness and not recommended for regression.,yes
532950,Predicting Stroke Outcomes Using Genomic and Imaging Data from the UK Biobank,Tier 6,weak_candidate,no,family_multi-outcome,https://github.com/Ikram-c/multi_outcome; https://github.com/mengjiefan/multi_outcome,weak topic/path/data-type evidence,Not in Tiers 1-5; weak-candidate evidence only. Retained for completeness and not recommended for regression.,yes
533098,Unraveling the Genetic Architecture of Aging,Tier 6,weak_candidate,no,family_exposome-aging-ukb; family_main-pipeline-and-images-based-models-pipeline-deep-learning-and-aging-main-pipeline-and-images-based-models-pipeline; family_test-exposome-aging-ukb,https://github.com/rrrrrs1/exposome-aging-ukb; https://github.com/deep-learning-and-aging/main-pipeline-and-images-based-models-pipeline; https://github.com/Deep-Learning-and-Aging/Main-pipeline-and-Images-based-models-pipeline; https://github.com/okoropaulc/test_exposome_aging_ukb,weak topic/path/data-type evidence,Not in Tiers 1-5; weak-candidate evidence only. Retained for completeness and not recommended for regression.,yes
541112,Specific imaging biomarkers for Fabry Disease and its genotype-phenotype relationship,Tier 6,weak_candidate,no,family_bnn-for-uncertainty-estimation-of-imaging-biomarkers,https://github.com/suyanzhou626/BNN-for-Uncertainty-Estimation-of-Imaging-Biomarkers,weak topic/path/data-type evidence,Not in Tiers 1-5; weak-candidate evidence only. Retained for completeness and not recommended for regression.,yes
555638,TimeLeap: causal rejuvenation of medical data to pre-Alzheimer's state,Tier 6,weak_candidate,no,family_data2vec-bert-ukb,https://github.com/alatteaday/data2vec_bert_ukb,weak topic/path/data-type evidence,Not in Tiers 1-5; weak-candidate evidence only. Retained for completeness and not recommended for regression.,yes
568177,Deep Learning for Causal Inference on Genetic and Medical Imaging Data,Tier 6,weak_candidate,no,family_main-pipeline-and-images-based-models-pipeline-deep-learning-and-aging-main-pipeline-and-images-based-models-pipeline,https://github.com/deep-learning-and-aging/main-pipeline-and-images-based-models-pipeline; https://github.com/Deep-Learning-and-Aging/Main-pipeline-and-Images-based-models-pipeline,weak topic/path/data-type evidence,Not in Tiers 1-5; weak-candidate evidence only. Retained for completeness and not recommended for regression.,yes
570174,Association between accelerometer data and  circulatory diseases.,Tier 6,weak_candidate,no,family_ukb-exome; family_ukbbprodromalpd,https://github.com/OxWearables/ukb_exome; https://github.com/samyak1729/ukbbprodromalpd; https://github.com/tolism/ukbbprodromalpd,weak topic/path/data-type evidence,Not in Tiers 1-5; weak-candidate evidence only. Retained for completeness and not recommended for regression.,yes
585007,The role of nuclear-mitochondrial DNA interaction in common diseases,Tier 6,weak_candidate,no,family_metabolomicscommondiseases,https://github.com/chengluomilk/MetabolomicsCommonDiseases; https://github.com/YanLuoCityU/MetabolomicsCommonDiseases; https://github.com/zlpsophina/MetabolomicsCommonDiseases,weak topic/path/data-type evidence,Not in Tiers 1-5; weak-candidate evidence only. Retained for completeness and not recommended for regression.,yes
587977,The neural underpinnings of childhood adversity,Tier 6,weak_candidate,no,family_neuralcvd,https://github.com/DhanushB2000/NeuralCVD; https://github.com/HaibinLi0817/NeuralCVD; https://github.com/YanLuoCityU/NeuralCVD; https://github.com/yanranwang/NeuralCVD,weak topic/path/data-type evidence,Not in Tiers 1-5; weak-candidate evidence only. Retained for completeness and not recommended for regression.,yes
593259,Understanding the Genetic Roots of Obesity Across Populations,Tier 6,weak_candidate,no,family_prs-height-admixed-populations,https://github.com/Shicheng-Guo/PRS_Height_Admixed_Populations,weak topic/path/data-type evidence,Not in Tiers 1-5; weak-candidate evidence only. Retained for completeness and not recommended for regression.,yes
596898,Improved prediction of age-related diseases and death to enable healthier aging.,Tier 6,weak_candidate,no,family_biobank-read; family_biobankread-bash,https://github.com/Dragonriser/biobank-read; https://github.com/IFF-0303/biobank-read; https://github.com/SEONCHOE/biobank-read; https://github.com/lenamax2355/BiobankRead-Bash; https://github.com/os01/BiobankRead-Bash,weak topic/path/data-type evidence,Not in Tiers 1-5; weak-candidate evidence only. Retained for completeness and not recommended for regression.,yes
597553,Genetic and lifetime exposure effects on aging and age-related disease,Tier 6,weak_candidate,no,family_main-pipeline-and-images-based-models-pipeline-deep-learning-and-aging-main-pipeline-and-images-based-models-pipeline; family_ukb-bioage-cancer; family_ukb-tools,https://github.com/deep-learning-and-aging/main-pipeline-and-images-based-models-pipeline; https://github.com/Deep-Learning-and-Aging/Main-pipeline-and-Images-based-models-pipeline; https://github.com/becomingcc/UKB_bioage_cancer; https://github.com/12sbxu/ukb-tools; https://github.com/magdazeb/ukb-tools,weak topic/path/data-type evidence,Not in Tiers 1-5; weak-candidate evidence only. Retained for completeness and not recommended for regression.,yes
598205,Metabolic and Proteomic Pathways in Coronary Artery Disease and Cardiac Events,Tier 6,weak_candidate,no,family_mltc-clustering,https://github.com/KremerML/MLTC-clustering,weak topic/path/data-type evidence,Not in Tiers 1-5; weak-candidate evidence only. Retained for completeness and not recommended for regression.,yes
606781,"Prediction, Risk Stratification, and Prognostic Monitoring of Respiratory Comorbidities: A Longitudinal Approach Using UK Biobank Data",Tier 6,weak_candidate,no,family_longitudinal-data,https://github.com/AstraZheng/Longitudinal-data,weak topic/path/data-type evidence,Not in Tiers 1-5; weak-candidate evidence only. Retained for completeness and not recommended for regression.,yes
608779,"Assessing association of risks and prognoses between mental disorders (e.g., depression, anxiety, bipolar disorder, schizophrenia) and cardiovascular diseases (CVD).",Tier 6,weak_candidate,no,family_biobank-read; family_biobankread-bash,https://github.com/Dragonriser/biobank-read; https://github.com/IFF-0303/biobank-read; https://github.com/SEONCHOE/biobank-read; https://github.com/lenamax2355/BiobankRead-Bash; https://github.com/os01/BiobankRead-Bash,weak topic/path/data-type evidence,Not in Tiers 1-5; weak-candidate evidence only. Retained for completeness and not recommended for regression.,yes
609756,Integrative Multi-Omics and Pharmacoepidemiologic Approaches to cancer disease: A Comprehensive Study Utilizing UK Biobank Resources,Tier 6,weak_candidate,no,family_cnv-ukb,https://github.com/GeneticResources/cnv-ukb,weak topic/path/data-type evidence,Not in Tiers 1-5; weak-candidate evidence only. Retained for completeness and not recommended for regression.,yes
611093,Improving Disease Prediction with Polygenic Risk Scores & Clinical Data,Tier 6,weak_candidate,no,family_junnh_ukbb; family_viciousjoon_ukbiobank,https://github.com/Junnh/UKBB; https://github.com/viciousjoon/ukbiobank,weak topic/path/data-type evidence,Not in Tiers 1-5; weak-candidate evidence only. Retained for completeness and not recommended for regression.,yes
628562,Validating safe rejuvenation genes in population data,Tier 6,weak_candidate,no,family_retinapd,https://github.com/hewramanwaran/RetinaPD,weak topic/path/data-type evidence,Not in Tiers 1-5; weak-candidate evidence only. Retained for completeness and not recommended for regression.,yes
633186,Cross-Influence of Shared Risk Factors in Cardiovascular Disease and Cancer,Tier 6,weak_candidate,no,family_sophia-cross-sectional,https://github.com/JackW7777/SOPHIA_Cross_Sectional; https://github.com/kkk0-000/SOPHIA_Cross_Sectional; https://github.com/sspl33/SOPHIA_Cross_Sectional; https://github.com/zscu/SOPHIA_Cross_Sectional,weak topic/path/data-type evidence,Not in Tiers 1-5; weak-candidate evidence only. Retained for completeness and not recommended for regression.,yes
641439,Unraveling Rheumatic Immune Diseases Using UKB Data: From Genetics to Clinical Applications,Tier 6,weak_candidate,no,family_junnh_ukbb; family_viciousjoon_ukbiobank,https://github.com/Junnh/UKBB; https://github.com/viciousjoon/ukbiobank,weak topic/path/data-type evidence,Not in Tiers 1-5; weak-candidate evidence only. Retained for completeness and not recommended for regression.,yes
642431,Identification of biomarkers for metabolic diseases and their comorbidities and complications,Tier 6,weak_candidate,no,family_bnn-for-uncertainty-estimation-of-imaging-biomarkers,https://github.com/suyanzhou626/BNN-for-Uncertainty-Estimation-of-Imaging-Biomarkers,weak topic/path/data-type evidence,Not in Tiers 1-5; weak-candidate evidence only. Retained for completeness and not recommended for regression.,yes
654669,Plasma protein profile of diabetic or cancer patients.,Tier 6,weak_candidate,no,family_gxsex; family_master-thesis,https://github.com/harpak-lab/GxSex; https://github.com/nickathans/master-thesis,weak topic/path/data-type evidence,Not in Tiers 1-5; weak-candidate evidence only. Retained for completeness and not recommended for regression.,yes
663873,Understanding phenotypic sex differences in human populations,Tier 6,weak_candidate,no,family_human-sex-ratio; family_ukbbcov2risk,https://github.com/song88180/Human_sex_ratio; https://github.com/kennethcywong/ukbbcov2risk,weak topic/path/data-type evidence,Not in Tiers 1-5; weak-candidate evidence only. Retained for completeness and not recommended for regression.,yes
677075,Using UK Biobank data to support the discovery and development of novel therapies and biomarkers at Ipsen,Tier 6,weak_candidate,no,family_uthesis,https://github.com/michaelGuo1204/UThesis,weak topic/path/data-type evidence,Not in Tiers 1-5; weak-candidate evidence only. Retained for completeness and not recommended for regression.,yes
689286,Detection and Risk Prediction of Neuropsychiatric Disorders.,Tier 6,weak_candidate,no,family_diabetes-prediction; family_ukb-atherosclerosis-prediction,https://github.com/Haileygu99/diabetes_prediction; https://github.com/OmriGruman/ukb-atherosclerosis-prediction,weak topic/path/data-type evidence,Not in Tiers 1-5; weak-candidate evidence only. Retained for completeness and not recommended for regression.,yes
690603,Systemic Health Prediction Using Fundus Photography,Tier 6,weak_candidate,no,family_ukb-atherosclerosis-prediction,https://github.com/OmriGruman/ukb-atherosclerosis-prediction,weak topic/path/data-type evidence,Not in Tiers 1-5; weak-candidate evidence only. Retained for completeness and not recommended for regression.,yes
699845,Serum proteomic profiles predict onset and severity of immune- related adverse events from immune checkpoint inhibitor therapy,Tier 6,weak_candidate,no,family_mltc-clustering; family_uk-biobank-survival,https://github.com/KremerML/MLTC-clustering; https://github.com/rrrrrs1/uk_biobank_survival,weak topic/path/data-type evidence,Not in Tiers 1-5; weak-candidate evidence only. Retained for completeness and not recommended for regression.,yes
706110,Investigating the risk factors and biomarkers for cancer-associated CVD and CVD-associated cancer,Tier 6,weak_candidate,no,family_biobank-read; family_biobankread-bash; family_bnn-for-uncertainty-estimation-of-imaging-biomarkers; family_neuralcvd,https://github.com/Dragonriser/biobank-read; https://github.com/IFF-0303/biobank-read; https://github.com/SEONCHOE/biobank-read; https://github.com/lenamax2355/BiobankRead-Bash; https://github.com/os01/BiobankRead-Bash; https://github.com/suyanzhou626/BNN-for-Uncertainty-Estimation-of-Imaging-Biomarkers; https://github.com/DhanushB2000/NeuralCVD; https://github.com/HaibinLi0817/NeuralCVD; https://github.com/YanLuoCityU/NeuralCVD; https://github.com/yanranwang/NeuralCVD,weak topic/path/data-type evidence,Not in Tiers 1-5; weak-candidate evidence only. Retained for completeness and not recommended for regression.,yes
708097,"Understanding Brain-Body Interaction Effects on Brain, Cognition, and Health Over The Lifespan",Tier 6,weak_candidate,no,family_moodie-geneexpression-cognition,https://github.com/JialingFan1/moodie-geneexpression-cognition,weak topic/path/data-type evidence,Not in Tiers 1-5; weak-candidate evidence only. Retained for completeness and not recommended for regression.,yes
709086,"Comprehensive Analysis of Genetic, Metabolic, Proteomic, and Environmental Determinants in Cancer Risk and Prognosis",Tier 6,weak_candidate,no,family_proteomics-ukbb,https://github.com/Fmerella/Proteomics_UKBB-,weak topic/path/data-type evidence,Not in Tiers 1-5; weak-candidate evidence only. Retained for completeness and not recommended for regression.,yes
711067,Improving phenotype clustering in Multivariate Phenome-wide Association Studies,Tier 6,weak_candidate,no,family_mltc-clustering,https://github.com/KremerML/MLTC-clustering,weak topic/path/data-type evidence,Not in Tiers 1-5; weak-candidate evidence only. Retained for completeness and not recommended for regression.,yes
713374,Associations between environmental factors and multiple health outcomes,Tier 6,weak_candidate,no,family_keloids-clustering,https://github.com/anirudhj05/Keloids_Clustering,weak topic/path/data-type evidence,Not in Tiers 1-5; weak-candidate evidence only. Retained for completeness and not recommended for regression.,yes
716346,Development and Validation of Lung Function Trajectory Models Using Multimodal Data in a General Population,Tier 6,weak_candidate,no,family_idears-orig,https://github.com/MikeAllwright23/idears_orig,weak topic/path/data-type evidence,Not in Tiers 1-5; weak-candidate evidence only. Retained for completeness and not recommended for regression.,yes
747695,Meige Syndrome Cohort Profiling: Phenotypic and Risk Factor Analysis in UK Biobank,Tier 6,weak_candidate,no,family_bio-machinelearning,https://github.com/Apostolos00tapsas/bio-machinelearning,weak topic/path/data-type evidence,Not in Tiers 1-5; weak-candidate evidence only. Retained for completeness and not recommended for regression.,yes
751650,Characterizing the proteome of patients with polymyalgia rheumatica,Tier 6,weak_candidate,no,family_master-thesis,https://github.com/nickathans/master-thesis,weak topic/path/data-type evidence,Not in Tiers 1-5; weak-candidate evidence only. Retained for completeness and not recommended for regression.,yes
752310,The Impact of Lifestyle and Environmental Factors on Ocular Diseases,Tier 6,weak_candidate,no,family_ukb-bmi,https://github.com/mariaratnasamy/ukb_bmi,weak topic/path/data-type evidence,Not in Tiers 1-5; weak-candidate evidence only. Retained for completeness and not recommended for regression.,yes
759288,Investigating CHIP Mutation Prevalence and Associations with Disease Risk,Tier 6,weak_candidate,no,family_ukbbprodromalpd,https://github.com/samyak1729/ukbbprodromalpd; https://github.com/tolism/ukbbprodromalpd,weak topic/path/data-type evidence,Not in Tiers 1-5; weak-candidate evidence only. Retained for completeness and not recommended for regression.,yes
761882,Investigating single-cell transcriptional risk scores and volumetric brain change in neurodegenerative and neuroinflammatory disorders,Tier 6,weak_candidate,no,family_biv-volumetric-meshing,https://github.com/kiwixiao/biv-volumetric-meshing,weak topic/path/data-type evidence,Not in Tiers 1-5; weak-candidate evidence only. Retained for completeness and not recommended for regression.,yes
762894,Correlation and multiomics studies of age-related diseases and neurological diseases,Tier 6,weak_candidate,no,family_metabolomicscommondiseases,https://github.com/chengluomilk/MetabolomicsCommonDiseases; https://github.com/YanLuoCityU/MetabolomicsCommonDiseases; https://github.com/zlpsophina/MetabolomicsCommonDiseases,weak topic/path/data-type evidence,Not in Tiers 1-5; weak-candidate evidence only. Retained for completeness and not recommended for regression.,yes
778067,Genetic and Multi-Omics Analysis of Aspiration Pneumonia Risk in UK Biobank,Tier 6,weak_candidate,no,family_multi-outcome,https://github.com/Ikram-c/multi_outcome; https://github.com/mengjiefan/multi_outcome,weak topic/path/data-type evidence,Not in Tiers 1-5; weak-candidate evidence only. Retained for completeness and not recommended for regression.,yes
778108,Construction of a multi omics aging assessment model based on biological mechanisms and signal pathway interactions,Tier 6,weak_candidate,no,family_ukbbmodriskr,https://github.com/rrrrrs1/UKBBModRiskR,weak topic/path/data-type evidence,Not in Tiers 1-5; weak-candidate evidence only. Retained for completeness and not recommended for regression.,yes
779041,Investigating the Role of USP18 in Immune Regulation Using Proteomic Data from UK Biobank,Tier 6,weak_candidate,no,family_proteomics-ukbb,https://github.com/Fmerella/Proteomics_UKBB-,weak topic/path/data-type evidence,Not in Tiers 1-5; weak-candidate evidence only. Retained for completeness and not recommended for regression.,yes
781063,Molecular and Genetic Analysis for the Development of Personalized Therapies for Asthma and COPD,Tier 6,weak_candidate,no,family_ukbb-asthma,https://github.com/keerveer/ukbb_asthma; https://github.com/swbiggs4/ukbb_asthma,weak topic/path/data-type evidence,Not in Tiers 1-5; weak-candidate evidence only. Retained for completeness and not recommended for regression.,yes
782341,Evaluation of therapeutic targets in different UKBB disease populations,Tier 6,weak_candidate,no,family_amml-disentangling-structure-from-detail; family_ehr; family_junnh_ukbb; family_latinos-in-ukbb; family_lizhihao1990_ukbb; family_neuralcvd; family_ukbb-1; family_ukbb-asthma; family_ukbb-data-r; family_ukbb-risk; family_ukbbmodriskr; family_ukbbmriutils; family_zhishenppp_ukbb,https://github.com/danilayDH/AMML-Disentangling-Structure-from-Detail; https://github.com/mjfalaguera/EHR; https://github.com/Junnh/UKBB; https://github.com/huytrain42/Latinos-in-UKBB; https://github.com/lizhihao1990/ukbb; https://github.com/DhanushB2000/NeuralCVD; https://github.com/HaibinLi0817/NeuralCVD; https://github.com/YanLuoCityU/NeuralCVD; https://github.com/yanranwang/NeuralCVD; https://github.com/HongyuanWu/ukbb-1; https://github.com/Shicheng-Guo/ukbb-1; https://github.com/keerveer/ukbb_asthma; https://github.com/swbiggs4/ukbb_asthma; https://github.com/12sbxu/ukbb_data_r; https://github.com/IFF-0303/ukbb_risk; https://github.com/rrrrrs1/UKBBModRiskR; https://github.com/STALICLA-RnD/UkbbMriUtils; https://github.com/zhishenPPP/ukbb,weak topic/path/data-type evidence,Not in Tiers 1-5; weak-candidate evidence only. Retained for completeness and not recommended for regression.,yes
784728,"Research Proposal: Investigating the Link Between Immune System Aging, the Exposome, and Early-Onset Cancers Using the UK Biobank",Tier 6,weak_candidate,no,family_exposome-aging-ukb; family_test-exposome-aging-ukb,https://github.com/rrrrrs1/exposome-aging-ukb; https://github.com/okoropaulc/test_exposome_aging_ukb,weak topic/path/data-type evidence,Not in Tiers 1-5; weak-candidate evidence only. Retained for completeness and not recommended for regression.,yes
786675,"Phenotypes, Prescribing Patterns, and Outcomes in Multimorbidity: A UK Biobank Longitudinal Study (2006-2025)",Tier 6,weak_candidate,no,family_longitudinal-data,https://github.com/AstraZheng/Longitudinal-data,weak topic/path/data-type evidence,Not in Tiers 1-5; weak-candidate evidence only. Retained for completeness and not recommended for regression.,yes
786827,Investigating Neurodegenerative Disease Biomarkers Using UK Biobank Proteomic Data,Tier 6,weak_candidate,no,family_proteomics-ukbb,https://github.com/Fmerella/Proteomics_UKBB-,weak topic/path/data-type evidence,Not in Tiers 1-5; weak-candidate evidence only. Retained for completeness and not recommended for regression.,yes
787644,Prognostic markers of cardiac arrhythmias and new onset heart failure,Tier 6,weak_candidate,no,family_shapeit5,https://github.com/23andme-jaredo/shapeit5; https://github.com/barneyhill/shapeit5; https://github.com/JosephLalli/shapeit5; https://github.com/M-Hakmi/shapeit5; https://github.com/RimanB/shapeit5; https://github.com/rwk-unil/shapeit5; https://github.com/sunrisefor/shapeit5; https://github.com/Toseph/shapeit5; https://github.com/victorasua/shapeit5,weak topic/path/data-type evidence,Not in Tiers 1-5; weak-candidate evidence only. Retained for completeness and not recommended for regression.,yes
798529,"Interactive effects of environment, lifestyle factors, metabolism and genotypes on kidney stone disease",Tier 6,weak_candidate,no,family_cnv-ukb,https://github.com/GeneticResources/cnv-ukb,weak topic/path/data-type evidence,Not in Tiers 1-5; weak-candidate evidence only. Retained for completeness and not recommended for regression.,yes
799199,Understanding factors influencing LDL cholesterol and Its management,Tier 6,weak_candidate,no,family_biomarkers; family_biomarkers-beautfig,https://github.com/Eugene-xyHe/biomarkers; https://github.com/IFF-0303/biomarkers; https://github.com/JujiaoKang/biomarkers; https://github.com/julyfish711/biomarkers; https://github.com/lenamax2355/biomarkers; https://github.com/Ran485/biomarkers; https://github.com/Shicheng-Guo/biomarkers; https://github.com/smiles2011hyc/biomarkers; https://github.com/K-zhangfengwei/biomarkers_beautfig,weak topic/path/data-type evidence,Not in Tiers 1-5; weak-candidate evidence only. Retained for completeness and not recommended for regression.,yes
809737,"Integrating genetics, omics, epidemiologic, and EHR data to elucidate the interplay between female reproductive and metabolic health",Tier 6,weak_candidate,no,family_ehr; family_ukb-oligo,https://github.com/mjfalaguera/EHR; https://github.com/mariaratnasamy/ukb_oligo,weak topic/path/data-type evidence,Not in Tiers 1-5; weak-candidate evidence only. Retained for completeness and not recommended for regression.,yes
811724,Exploring the Genetic Basis of Obesity and Cardiac Structure,Tier 6,weak_candidate,no,family_amml-disentangling-structure-from-detail,https://github.com/danilayDH/AMML-Disentangling-Structure-from-Detail,weak topic/path/data-type evidence,Not in Tiers 1-5; weak-candidate evidence only. Retained for completeness and not recommended for regression.,yes
815678,"A Fusion Study of Mendelian Randomization, Genomics, and Radiomics on Intracranial Arteriosclerosis",Tier 6,weak_candidate,no,family_ukbb-risk,https://github.com/IFF-0303/ukbb_risk,weak topic/path/data-type evidence,Not in Tiers 1-5; weak-candidate evidence only. Retained for completeness and not recommended for regression.,yes
820621,Genetic Association with Serum CSTB: A Population-Level Analysis Using UK Biobank Data,Tier 6,weak_candidate,no,family_retinapd,https://github.com/hewramanwaran/RetinaPD,weak topic/path/data-type evidence,Not in Tiers 1-5; weak-candidate evidence only. Retained for completeness and not recommended for regression.,yes
823955,From Bias to Balance: Adapting PRS Models to Non-European Populations Using Transfer Learning,Tier 6,weak_candidate,no,family_prs-dash-boxplot-app,https://github.com/NeBruNAI/PRS-dash-boxplot-app,weak topic/path/data-type evidence,Not in Tiers 1-5; weak-candidate evidence only. Retained for completeness and not recommended for regression.,yes
827551,Correlates of an Anorexia Nervosa-polygenic resilience score in a general population cohort,Tier 6,weak_candidate,no,family_idears-orig,https://github.com/MikeAllwright23/idears_orig,weak topic/path/data-type evidence,Not in Tiers 1-5; weak-candidate evidence only. Retained for completeness and not recommended for regression.,yes
827580,Pharmacogenetics of prescription opioid use and the risk of serious adverse events in UK Biobank,Tier 6,weak_candidate,no,family_ehr; family_mltc-clustering,https://github.com/mjfalaguera/EHR; https://github.com/KremerML/MLTC-clustering,weak topic/path/data-type evidence,Not in Tiers 1-5; weak-candidate evidence only. Retained for completeness and not recommended for regression.,yes
836794,"AI-Driven Prediction of Cardiovascular Disease Using Electrocardiogram, Genomics, Proteomics, and Imaging Biomarkers",Tier 6,weak_candidate,no,family_biomarkers; family_biomarkers-beautfig; family_pain-proteomics,https://github.com/Eugene-xyHe/biomarkers; https://github.com/IFF-0303/biomarkers; https://github.com/JujiaoKang/biomarkers; https://github.com/julyfish711/biomarkers; https://github.com/lenamax2355/biomarkers; https://github.com/Ran485/biomarkers; https://github.com/Shicheng-Guo/biomarkers; https://github.com/smiles2011hyc/biomarkers; https://github.com/K-zhangfengwei/biomarkers_beautfig; https://github.com/Frank-HQZ/Pain_Proteomics,weak topic/path/data-type evidence,Not in Tiers 1-5; weak-candidate evidence only. Retained for completeness and not recommended for regression.,yes
837135,"Relationships between biomarkers, environmental and lifestyle factors and risk of human noncommunicable diseases, all-cause mortality, and cause-specific mortality",Tier 6,weak_candidate,no,family_uk-biobank-gcg,https://github.com/sblg/UK-Biobank-GCG,weak topic/path/data-type evidence,Not in Tiers 1-5; weak-candidate evidence only. Retained for completeness and not recommended for regression.,yes
837784,Polygenic risk score in admixed populations,Tier 6,weak_candidate,no,family_prs-height-admixed-populations,https://github.com/Shicheng-Guo/PRS_Height_Admixed_Populations,weak topic/path/data-type evidence,Not in Tiers 1-5; weak-candidate evidence only. Retained for completeness and not recommended for regression.,yes
839438,Identifying genetic variation contributing to postpartum breast cancer risk,Tier 6,weak_candidate,no,family_epi-prs,https://github.com/ghm17/Epi-PRS; https://github.com/tzhang-nmdp/Epi-PRS,weak topic/path/data-type evidence,Not in Tiers 1-5; weak-candidate evidence only. Retained for completeness and not recommended for regression.,yes
843724,A Study on Risk Factors and Genetic Susceptibility of Skin Diseases and comorbidities or Cancers Based on UK Biobank Data,Tier 6,weak_candidate,no,family_keloids-clustering; family_tds-project; family_ukb-download-and-prep-template,https://github.com/anirudhj05/Keloids_Clustering; https://github.com/N-cizauskas/TDS_Project; https://github.com/lenamax2355/ukb_download_and_prep_template,weak topic/path/data-type evidence,Not in Tiers 1-5; weak-candidate evidence only. Retained for completeness and not recommended for regression.,yes
861217,"Investigating the correlation between lifestyle, biomarkers, genetic factors, and imaging features on adverse prognosis in patients with cancer",Tier 6,weak_candidate,no,family_ukbb-risk,https://github.com/IFF-0303/ukbb_risk,weak topic/path/data-type evidence,Not in Tiers 1-5; weak-candidate evidence only. Retained for completeness and not recommended for regression.,yes
875732,Genetic and Molecular Determinants of Immune Aging and Disease Risk,Tier 6,weak_candidate,no,family_exposome-aging-ukb; family_test-exposome-aging-ukb,https://github.com/rrrrrs1/exposome-aging-ukb; https://github.com/okoropaulc/test_exposome_aging_ukb,weak topic/path/data-type evidence,Not in Tiers 1-5; weak-candidate evidence only. Retained for completeness and not recommended for regression.,yes
876403,Integrated Causal Inference and Predictive Modelling Across All UK!Biobank Data Tiers with External Validation in Israeli and U.S. Cohorts,Tier 6,weak_candidate,no,family_uk-biobank-gcg,https://github.com/sblg/UK-Biobank-GCG,weak topic/path/data-type evidence,Not in Tiers 1-5; weak-candidate evidence only. Retained for completeness and not recommended for regression.,yes
882999,Selections in human genotypic and phenotypic evolution,Tier 6,weak_candidate,no,family_bio-machinelearning,https://github.com/Apostolos00tapsas/bio-machinelearning,weak topic/path/data-type evidence,Not in Tiers 1-5; weak-candidate evidence only. Retained for completeness and not recommended for regression.,yes
898225,Investigating the Phenotypic and Genetic Architecture of Chronic Diseases in the UK Biobank,Tier 6,weak_candidate,no,family_bio-machinelearning,https://github.com/Apostolos00tapsas/bio-machinelearning,weak topic/path/data-type evidence,Not in Tiers 1-5; weak-candidate evidence only. Retained for completeness and not recommended for regression.,yes
898835,Optimizing cross-population proteomics prediction for PrediXcan,Tier 6,weak_candidate,no,family_sophia-cross-sectional,https://github.com/JackW7777/SOPHIA_Cross_Sectional; https://github.com/kkk0-000/SOPHIA_Cross_Sectional; https://github.com/sspl33/SOPHIA_Cross_Sectional; https://github.com/zscu/SOPHIA_Cross_Sectional,weak topic/path/data-type evidence,Not in Tiers 1-5; weak-candidate evidence only. Retained for completeness and not recommended for regression.,yes
899830,"Longitudinal Analysis of Periodontal Disease and Risk of COPD, Asthma, Sleep Apnoea, Pneumonia, and COVID-19",Tier 6,weak_candidate,no,family_longitudinal-data; family_ukbb-asthma,https://github.com/AstraZheng/Longitudinal-data; https://github.com/keerveer/ukbb_asthma; https://github.com/swbiggs4/ukbb_asthma,weak topic/path/data-type evidence,Not in Tiers 1-5; weak-candidate evidence only. Retained for completeness and not recommended for regression.,yes
904780,Characterization of physiological changes with age,Tier 6,weak_candidate,no,family_ukb-bioage-cancer; family_ukb-tools,https://github.com/becomingcc/UKB_bioage_cancer; https://github.com/12sbxu/ukb-tools; https://github.com/magdazeb/ukb-tools,weak topic/path/data-type evidence,Not in Tiers 1-5; weak-candidate evidence only. Retained for completeness and not recommended for regression.,yes
907097,"Integrative Multi-Omics Analysis of Cardiovascular Disease: Insights from Genomics, Proteomics, Metabolomics, and Imaging",Tier 6,weak_candidate,no,family_ukbpheno,https://github.com/BakerMetabolomics/ukbpheno; https://github.com/kkukendrarajah/ukbpheno; https://github.com/magdazeb/ukbpheno; https://github.com/Neri0304/ukbpheno; https://github.com/stefanogg/ukbpheno; https://github.com/Tafelplankje/ukbpheno; https://github.com/yuehuang-gh/ukbpheno,weak topic/path/data-type evidence,Not in Tiers 1-5; weak-candidate evidence only. Retained for completeness and not recommended for regression.,yes
915665,Research on Bayesian High-Dimensional Causal Mediation Joint Analysis Model Based on Metabolomics and Composite Pollutants,Tier 6,weak_candidate,no,family_ukbpheno,https://github.com/BakerMetabolomics/ukbpheno; https://github.com/kkukendrarajah/ukbpheno; https://github.com/magdazeb/ukbpheno; https://github.com/Neri0304/ukbpheno; https://github.com/stefanogg/ukbpheno; https://github.com/Tafelplankje/ukbpheno; https://github.com/yuehuang-gh/ukbpheno,weak topic/path/data-type evidence,Not in Tiers 1-5; weak-candidate evidence only. Retained for completeness and not recommended for regression.,yes
920302,"Integrative Analysis of Inflammatory Disease Risk, Burden, and Therapeutic Opportunities in the UK Biobank",Tier 6,weak_candidate,no,family_ukb-oligo,https://github.com/mariaratnasamy/ukb_oligo,weak topic/path/data-type evidence,Not in Tiers 1-5; weak-candidate evidence only. Retained for completeness and not recommended for regression.,yes
933830,A Multi-Modal AI Foundation Model to Advance Precision Medicine,Tier 6,weak_candidate,no,family_ukb-brain-symptoms-clustering,https://github.com/ajpag/ukb-brain-symptoms-clustering,weak topic/path/data-type evidence,Not in Tiers 1-5; weak-candidate evidence only. Retained for completeness and not recommended for regression.,yes
936468,"Determinants and Consequences of Brain Connectivity Gradient Variation: Role in Cognition, Mood & Mental Wellbeing",Tier 6,weak_candidate,no,family_moodie-geneexpression-cognition,https://github.com/JialingFan1/moodie-geneexpression-cognition,weak topic/path/data-type evidence,Not in Tiers 1-5; weak-candidate evidence only. Retained for completeness and not recommended for regression.,yes
941072,Characterizing Treatment Response in Major Depressive Disorder Using Neuroimaging and EHR Data from UK Biobank,Tier 6,weak_candidate,no,family_ehr; family_ukb-oligo,https://github.com/mjfalaguera/EHR; https://github.com/mariaratnasamy/ukb_oligo,weak topic/path/data-type evidence,Not in Tiers 1-5; weak-candidate evidence only. Retained for completeness and not recommended for regression.,yes
946023,A foundation model for brain-eye connection,Tier 6,weak_candidate,no,family_ukb-brain-symptoms-clustering,https://github.com/ajpag/ukb-brain-symptoms-clustering,weak topic/path/data-type evidence,Not in Tiers 1-5; weak-candidate evidence only. Retained for completeness and not recommended for regression.,yes
948339,Spatial and Temporal Patterns of Chronic Kidney Disease in the UK: Evidence from the UK Biobank,Tier 6,weak_candidate,no,family_mltc-clustering,https://github.com/KremerML/MLTC-clustering,weak topic/path/data-type evidence,Not in Tiers 1-5; weak-candidate evidence only. Retained for completeness and not recommended for regression.,yes
959222,Multi-organ health of cancer patients and survivors,Tier 6,weak_candidate,no,family_master-thesis,https://github.com/nickathans/master-thesis,weak topic/path/data-type evidence,Not in Tiers 1-5; weak-candidate evidence only. Retained for completeness and not recommended for regression.,yes
964172,"Integration of proteomics, metabolomics, genetic predisposition and lifestyle factors underlying the risk and prognosis of pancreatitis",Tier 6,weak_candidate,no,family_ukbpheno,https://github.com/BakerMetabolomics/ukbpheno; https://github.com/kkukendrarajah/ukbpheno; https://github.com/magdazeb/ukbpheno; https://github.com/Neri0304/ukbpheno; https://github.com/stefanogg/ukbpheno; https://github.com/Tafelplankje/ukbpheno; https://github.com/yuehuang-gh/ukbpheno,weak topic/path/data-type evidence,Not in Tiers 1-5; weak-candidate evidence only. Retained for completeness and not recommended for regression.,yes
971434,Cross-Population Investigation of Major Chronic Diseases: Integrating UK Biobank and Chinese Cohorts,Tier 6,weak_candidate,no,family_sophia-cross-sectional,https://github.com/JackW7777/SOPHIA_Cross_Sectional; https://github.com/kkk0-000/SOPHIA_Cross_Sectional; https://github.com/sspl33/SOPHIA_Cross_Sectional; https://github.com/zscu/SOPHIA_Cross_Sectional,weak topic/path/data-type evidence,Not in Tiers 1-5; weak-candidate evidence only. Retained for completeness and not recommended for regression.,yes
986618,"Pan-cancer, pan-omics modelling of cancer aetiology and early detection in UK Biobank: proteins, metabolomics, genetics, imaging, environment and longitudinal EHR",Tier 6,weak_candidate,no,family_ehr,https://github.com/mjfalaguera/EHR,weak topic/path/data-type evidence,Not in Tiers 1-5; weak-candidate evidence only. Retained for completeness and not recommended for regression.,yes
988975,"Multi-omics Dissection of Diabetic Retinopathy: Integrating Genomics, Proteomics, and Metabolomics in UK Biobank",Tier 6,weak_candidate,no,family_ukbpheno,https://github.com/BakerMetabolomics/ukbpheno; https://github.com/kkukendrarajah/ukbpheno; https://github.com/magdazeb/ukbpheno; https://github.com/Neri0304/ukbpheno; https://github.com/stefanogg/ukbpheno; https://github.com/Tafelplankje/ukbpheno; https://github.com/yuehuang-gh/ukbpheno,weak topic/path/data-type evidence,Not in Tiers 1-5; weak-candidate evidence only. Retained for completeness and not recommended for regression.,yes
988999,APOE genotype as an effect modifier of the impact of diet on cognitive health outcomes and all-cause mortality.,Tier 6,weak_candidate,no,family_uk-biobank-gcg,https://github.com/sblg/UK-Biobank-GCG,weak topic/path/data-type evidence,Not in Tiers 1-5; weak-candidate evidence only. Retained for completeness and not recommended for regression.,yes
991284,Integrated analysis of risk factors and biomarkers for major chronic diseases.,Tier 6,weak_candidate,no,family_bnn-for-uncertainty-estimation-of-imaging-biomarkers,https://github.com/suyanzhou626/BNN-for-Uncertainty-Estimation-of-Imaging-Biomarkers,weak topic/path/data-type evidence,Not in Tiers 1-5; weak-candidate evidence only. Retained for completeness and not recommended for regression.,yes
991561,Multimodal Deep Phenotyping of Pre-Illness Profiles for Prediction and Subtyping of Critical Illness Outcomes,Tier 6,weak_candidate,no,family_biobankread; family_data2vec-bert-ukb,https://github.com/yzharold/BiobankRead; https://github.com/alatteaday/data2vec_bert_ukb,weak topic/path/data-type evidence,Not in Tiers 1-5; weak-candidate evidence only. Retained for completeness and not recommended for regression.,yes
1000805,Using big data to investigate the non-coding genome and its role in human disease,Tier 6,weak_candidate,no,family_anyalasagne1_ukbiobank; family_biobank-read; family_biobankread-bash; family_bis620-2022; family_bis687-capstone-group-8; family_biv-volumetric-meshing; family_cancerrisk; family_code-examples; family_cuihuaxia_001; family_data2vec-bert-ukb; family_divergence-pipeline; family_genetic-annotation-aware-dimensionality-reduction-in-uk-biobank; family_genotype-errors; family_iff-0303_001; family_jiangweixia_001; family_jooooooooey_ukb; family_latinos-in-ukbb; family_lizhihao1990_ukbb; family_lld2018_001; family_lronan_ukb; family_margulies_ukb; family_mh-in-ukb; family_moodie-geneexpression-cognition; family_mtswirl; family_nanhui2000_ukb; family_nextgen-exomiser-ukb; family_rick-chen-pku_001; family_rooty29_ukbiobank; family_smiles2011hyc_001; family_sophia-cross-sectional; family_t2dm-ukb-predictions; family_takdrift_001; family_transconnectome_ukb; family_uk-biobank-gcg; family_uk-biobank-study-1; family_ukb-cancer-24h; family_ukb-download-and-prep-template; family_ukb-processing-nf; family_ukbb-1; family_ukbb-asthma; family_ukbb-data-r; family_ukbbmodriskr; family_ukbiobank-ecg; family_ukbiobank-strs; family_ukbiobank-table-conversion; family_xander-y_ukb; family_zczali4403_001; family_zeigar_ukb; family_zhishenppp_ukbb; family_zhishenppp_ukbiobank; family_zoonono_ukb,https://github.com/anyalasagne1/UKBiobank; https://github.com/Dragonriser/biobank-read; https://github.com/IFF-0303/biobank-read; https://github.com/SEONCHOE/biobank-read; https://github.com/lenamax2355/BiobankRead-Bash; https://github.com/os01/BiobankRead-Bash; https://github.com/HankkaMark/bis620.2022; https://github.com/JingnanBai/BIS687-Capstone-group-8; https://github.com/kiwixiao/biv-volumetric-meshing; https://github.com/alexwjung/CancerRisk; https://github.com/gerstung-lab/CancerRisk; https://github.com/miguelmspereira/code-examples; https://github.com/CuihuaXia/001; https://github.com/alatteaday/data2vec_bert_ukb; https://github.com/AdrianHarris96/Divergence_Pipeline; https://github.com/AishaAlsuwaidi/Genetic-annotation-aware-dimensionality-reduction-in-UK-Biobank; https://github.com/sylviah23/genotype-errors; https://github.com/IFF-0303/001; https://github.com/jiangweixia/001; https://github.com/Jooooooooey/ukb; https://github.com/huytrain42/Latinos-in-UKBB; https://github.com/lizhihao1990/ukbb; https://github.com/LLD2018/001; https://github.com/lronan/UKB; https://github.com/margulies/UKB; https://github.com/tongluobing/MH_in_UKB; https://github.com/JialingFan1/moodie-geneexpression-cognition; https://github.com/jessicaway/mtSwirl; https://github.com/Victory-Hugo/mtSwirl; https://github.com/nanhui2000/ukb; https://github.com/martadelfino/nextgen-exomiser-ukb; https://github.com/Rick-Chen-PKU/001; https://github.com/Rooty29/UKBiobank; https://github.com/smiles2011hyc/001; https://github.com/JackW7777/SOPHIA_Cross_Sectional; https://github.com/sspl33/SOPHIA_Cross_Sectional; https://github.com/zscu/SOPHIA_Cross_Sectional; https://github.com/Farida-Ali/T2DM_UKB_predictions; https://github.com/Takdrift/001; https://github.com/Transconnectome/UKB; https://github.com/sblg/UK-Biobank-GCG; https://github.com/xx2383/UK-Biobank-study-1; https://github.com/Owain-S/ukb-cancer-24h; https://github.com/IFF-0303/ukb_download_and_prep_template; https://github.com/Jacob-X/ukb_download_and_prep_template; https://github.com/VyasPillai/ukb_processing-nf; https://github.com/HongyuanWu/ukbb-1; https://github.com/Shicheng-Guo/ukbb-1; https://github.com/keerveer/ukbb_asthma; https://github.com/swbiggs4/ukbb_asthma; https://github.com/12sbxu/ukbb_data_r; https://github.com/rrrrrs1/UKBBModRiskR; https://github.com/suniljmanohar/UKBiobank_ECG; https://github.com/YIGUIz/ukbiobank_strs; https://github.com/audoushka/UKBiobank-Table-Conversion; https://github.com/futurologist/UKBiobank-Table-Conversion; https://github.com/Jiangaoshan/UKBiobank-Table-Conversion; https://github.com/lizhihao1990/UKBiobank-Table-Conversion; https://github.com/Xander-Y/ukb; https://github.com/zczali4403/001; https://github.com/Zeigar/UKB; https://github.com/zhishenPPP/ukbb; https://github.com/zhishenPPP/UKBiobank; https://github.com/zoonono/UKB,weak topic/path/data-type evidence,Not in Tiers 1-5; weak-candidate evidence only. Retained for completeness and not recommended for regression.,yes
1001139,"Development and validation of a risk prediction model for heart failure hospitalization at 1-, 3-, and 5-year horizons using routinely collected data",Tier 6,weak_candidate,no,family_anyalasagne1_ukbiobank; family_biobank-read; family_biobankread-bash; family_bis620-2022; family_bis687-capstone-group-8; family_biv-volumetric-meshing; family_cancerrisk; family_code-examples; family_cuihuaxia_001; family_data2vec-bert-ukb; family_divergence-pipeline; family_genetic-annotation-aware-dimensionality-reduction-in-uk-biobank; family_genotype-errors; family_iff-0303_001; family_jiangweixia_001; family_jooooooooey_ukb; family_latinos-in-ukbb; family_lizhihao1990_ukbb; family_lld2018_001; family_lronan_ukb; family_margulies_ukb; family_mh-in-ukb; family_mtswirl; family_nanhui2000_ukb; family_nextgen-exomiser-ukb; family_rick-chen-pku_001; family_rooty29_ukbiobank; family_smiles2011hyc_001; family_sophia-cross-sectional; family_t2dm-ukb-predictions; family_takdrift_001; family_transconnectome_ukb; family_uk-biobank-gcg; family_uk-biobank-study-1; family_ukb-cancer-24h; family_ukb-download-and-prep-template; family_ukb-processing-nf; family_ukbb-1; family_ukbb-asthma; family_ukbb-data-r; family_ukbbmodriskr; family_ukbiobank-ecg; family_ukbiobank-strs; family_ukbiobank-table-conversion; family_xander-y_ukb; family_zczali4403_001; family_zeigar_ukb; family_zhishenppp_ukbb; family_zhishenppp_ukbiobank; family_zoonono_ukb,https://github.com/anyalasagne1/UKBiobank; https://github.com/Dragonriser/biobank-read; https://github.com/IFF-0303/biobank-read; https://github.com/SEONCHOE/biobank-read; https://github.com/lenamax2355/BiobankRead-Bash; https://github.com/os01/BiobankRead-Bash; https://github.com/HankkaMark/bis620.2022; https://github.com/JingnanBai/BIS687-Capstone-group-8; https://github.com/kiwixiao/biv-volumetric-meshing; https://github.com/alexwjung/CancerRisk; https://github.com/gerstung-lab/CancerRisk; https://github.com/miguelmspereira/code-examples; https://github.com/CuihuaXia/001; https://github.com/alatteaday/data2vec_bert_ukb; https://github.com/AdrianHarris96/Divergence_Pipeline; https://github.com/AishaAlsuwaidi/Genetic-annotation-aware-dimensionality-reduction-in-UK-Biobank; https://github.com/sylviah23/genotype-errors; https://github.com/IFF-0303/001; https://github.com/jiangweixia/001; https://github.com/Jooooooooey/ukb; https://github.com/huytrain42/Latinos-in-UKBB; https://github.com/lizhihao1990/ukbb; https://github.com/LLD2018/001; https://github.com/lronan/UKB; https://github.com/margulies/UKB; https://github.com/tongluobing/MH_in_UKB; https://github.com/jessicaway/mtSwirl; https://github.com/Victory-Hugo/mtSwirl; https://github.com/nanhui2000/ukb; https://github.com/martadelfino/nextgen-exomiser-ukb; https://github.com/Rick-Chen-PKU/001; https://github.com/Rooty29/UKBiobank; https://github.com/smiles2011hyc/001; https://github.com/JackW7777/SOPHIA_Cross_Sectional; https://github.com/sspl33/SOPHIA_Cross_Sectional; https://github.com/zscu/SOPHIA_Cross_Sectional; https://github.com/Farida-Ali/T2DM_UKB_predictions; https://github.com/Takdrift/001; https://github.com/Transconnectome/UKB; https://github.com/sblg/UK-Biobank-GCG; https://github.com/xx2383/UK-Biobank-study-1; https://github.com/Owain-S/ukb-cancer-24h; https://github.com/IFF-0303/ukb_download_and_prep_template; https://github.com/Jacob-X/ukb_download_and_prep_template; https://github.com/VyasPillai/ukb_processing-nf; https://github.com/HongyuanWu/ukbb-1; https://github.com/Shicheng-Guo/ukbb-1; https://github.com/keerveer/ukbb_asthma; https://github.com/swbiggs4/ukbb_asthma; https://github.com/12sbxu/ukbb_data_r; https://github.com/rrrrrs1/UKBBModRiskR; https://github.com/suniljmanohar/UKBiobank_ECG; https://github.com/YIGUIz/ukbiobank_strs; https://github.com/audoushka/UKBiobank-Table-Conversion; https://github.com/futurologist/UKBiobank-Table-Conversion; https://github.com/Jiangaoshan/UKBiobank-Table-Conversion; https://github.com/lizhihao1990/UKBiobank-Table-Conversion; https://github.com/Xander-Y/ukb; https://github.com/zczali4403/001; https://github.com/Zeigar/UKB; https://github.com/zhishenPPP/ukbb; https://github.com/zhishenPPP/UKBiobank; https://github.com/zoonono/UKB,weak topic/path/data-type evidence,Not in Tiers 1-5; weak-candidate evidence only. Retained for completeness and not recommended for regression.,yes
1001461,Characterization of cross-trait genetic and environmental architectures using rare and common variants,Tier 6,weak_candidate,no,family_anyalasagne1_ukbiobank; family_bis620-2022; family_bis687-capstone-group-8; family_biv-volumetric-meshing; family_cancerrisk; family_code-examples; family_cuihuaxia_001; family_data2vec-bert-ukb; family_divergence-pipeline; family_genetic-annotation-aware-dimensionality-reduction-in-uk-biobank; family_genotype-errors; family_iff-0303_001; family_jiangweixia_001; family_jooooooooey_ukb; family_latinos-in-ukbb; family_lizhihao1990_ukbb; family_lld2018_001; family_lronan_ukb; family_margulies_ukb; family_mh-in-ukb; family_mtswirl; family_nanhui2000_ukb; family_nextgen-exomiser-ukb; family_rick-chen-pku_001; family_rooty29_ukbiobank; family_smiles2011hyc_001; family_sophia-cross-sectional; family_t2dm-ukb-predictions; family_takdrift_001; family_transconnectome_ukb; family_uk-biobank-gcg; family_uk-biobank-study-1; family_ukb-cancer-24h; family_ukb-download-and-prep-template; family_ukb-processing-nf; family_ukbb-1; family_ukbb-data-r; family_ukbbmodriskr; family_ukbiobank-ecg; family_ukbiobank-strs; family_ukbiobank-table-conversion; family_xander-y_ukb; family_zczali4403_001; family_zeigar_ukb; family_zhishenppp_ukbb; family_zhishenppp_ukbiobank; family_zoonono_ukb,https://github.com/anyalasagne1/UKBiobank; https://github.com/HankkaMark/bis620.2022; https://github.com/JingnanBai/BIS687-Capstone-group-8; https://github.com/kiwixiao/biv-volumetric-meshing; https://github.com/alexwjung/CancerRisk; https://github.com/gerstung-lab/CancerRisk; https://github.com/miguelmspereira/code-examples; https://github.com/CuihuaXia/001; https://github.com/alatteaday/data2vec_bert_ukb; https://github.com/AdrianHarris96/Divergence_Pipeline; https://github.com/AishaAlsuwaidi/Genetic-annotation-aware-dimensionality-reduction-in-UK-Biobank; https://github.com/sylviah23/genotype-errors; https://github.com/IFF-0303/001; https://github.com/jiangweixia/001; https://github.com/Jooooooooey/ukb; https://github.com/huytrain42/Latinos-in-UKBB; https://github.com/lizhihao1990/ukbb; https://github.com/LLD2018/001; https://github.com/lronan/UKB; https://github.com/margulies/UKB; https://github.com/tongluobing/MH_in_UKB; https://github.com/jessicaway/mtSwirl; https://github.com/Victory-Hugo/mtSwirl; https://github.com/nanhui2000/ukb; https://github.com/martadelfino/nextgen-exomiser-ukb; https://github.com/Rick-Chen-PKU/001; https://github.com/Rooty29/UKBiobank; https://github.com/smiles2011hyc/001; https://github.com/JackW7777/SOPHIA_Cross_Sectional; https://github.com/kkk0-000/SOPHIA_Cross_Sectional; https://github.com/sspl33/SOPHIA_Cross_Sectional; https://github.com/zscu/SOPHIA_Cross_Sectional; https://github.com/Farida-Ali/T2DM_UKB_predictions; https://github.com/Takdrift/001; https://github.com/Transconnectome/UKB; https://github.com/sblg/UK-Biobank-GCG; https://github.com/xx2383/UK-Biobank-study-1; https://github.com/Owain-S/ukb-cancer-24h; https://github.com/IFF-0303/ukb_download_and_prep_template; https://github.com/Jacob-X/ukb_download_and_prep_template; https://github.com/VyasPillai/ukb_processing-nf; https://github.com/HongyuanWu/ukbb-1; https://github.com/Shicheng-Guo/ukbb-1; https://github.com/12sbxu/ukbb_data_r; https://github.com/rrrrrs1/UKBBModRiskR; https://github.com/suniljmanohar/UKBiobank_ECG; https://github.com/YIGUIz/ukbiobank_strs; https://github.com/audoushka/UKBiobank-Table-Conversion; https://github.com/futurologist/UKBiobank-Table-Conversion; https://github.com/Jiangaoshan/UKBiobank-Table-Conversion; https://github.com/lizhihao1990/UKBiobank-Table-Conversion; https://github.com/Xander-Y/ukb; https://github.com/zczali4403/001; https://github.com/Zeigar/UKB; https://github.com/zhishenPPP/ukbb; https://github.com/zhishenPPP/UKBiobank; https://github.com/zoonono/UKB,weak topic/path/data-type evidence,Not in Tiers 1-5; weak-candidate evidence only. Retained for completeness and not recommended for regression.,yes
1002450,Development and External Validation of the DRABackground: HeterozygouGON Risk Score: A Novel 10-Year Cardiovascular Risk Prediction Model for Patients with Heterozygous Familial Hypercholesterolemia,Tier 6,weak_candidate,no,family_anyalasagne1_ukbiobank; family_bis620-2022; family_bis687-capstone-group-8; family_biv-volumetric-meshing; family_cancerrisk; family_code-examples; family_cuihuaxia_001; family_data2vec-bert-ukb; family_divergence-pipeline; family_genetic-annotation-aware-dimensionality-reduction-in-uk-biobank; family_genotype-errors; family_iff-0303_001; family_jiangweixia_001; family_jooooooooey_ukb; family_latinos-in-ukbb; family_lizhihao1990_ukbb; family_lld2018_001; family_lronan_ukb; family_margulies_ukb; family_mh-in-ukb; family_mtswirl; family_nanhui2000_ukb; family_nextgen-exomiser-ukb; family_rick-chen-pku_001; family_rooty29_ukbiobank; family_smiles2011hyc_001; family_t2dm-ukb-predictions; family_takdrift_001; family_transconnectome_ukb; family_uk-biobank-gcg; family_uk-biobank-study-1; family_ukb-cancer-24h; family_ukb-download-and-prep-template; family_ukb-processing-nf; family_ukbb-1; family_ukbb-data-r; family_ukbiobank-ecg; family_ukbiobank-strs; family_ukbiobank-table-conversion; family_xander-y_ukb; family_zczali4403_001; family_zeigar_ukb; family_zhishenppp_ukbb; family_zhishenppp_ukbiobank; family_zoonono_ukb,https://github.com/anyalasagne1/UKBiobank; https://github.com/HankkaMark/bis620.2022; https://github.com/JingnanBai/BIS687-Capstone-group-8; https://github.com/kiwixiao/biv-volumetric-meshing; https://github.com/alexwjung/CancerRisk; https://github.com/gerstung-lab/CancerRisk; https://github.com/miguelmspereira/code-examples; https://github.com/CuihuaXia/001; https://github.com/alatteaday/data2vec_bert_ukb; https://github.com/AdrianHarris96/Divergence_Pipeline; https://github.com/AishaAlsuwaidi/Genetic-annotation-aware-dimensionality-reduction-in-UK-Biobank; https://github.com/sylviah23/genotype-errors; https://github.com/IFF-0303/001; https://github.com/jiangweixia/001; https://github.com/Jooooooooey/ukb; https://github.com/huytrain42/Latinos-in-UKBB; https://github.com/lizhihao1990/ukbb; https://github.com/LLD2018/001; https://github.com/lronan/UKB; https://github.com/margulies/UKB; https://github.com/tongluobing/MH_in_UKB; https://github.com/jessicaway/mtSwirl; https://github.com/Victory-Hugo/mtSwirl; https://github.com/nanhui2000/ukb; https://github.com/martadelfino/nextgen-exomiser-ukb; https://github.com/Rick-Chen-PKU/001; https://github.com/Rooty29/UKBiobank; https://github.com/smiles2011hyc/001; https://github.com/Farida-Ali/T2DM_UKB_predictions; https://github.com/Takdrift/001; https://github.com/Transconnectome/UKB; https://github.com/sblg/UK-Biobank-GCG; https://github.com/xx2383/UK-Biobank-study-1; https://github.com/Owain-S/ukb-cancer-24h; https://github.com/IFF-0303/ukb_download_and_prep_template; https://github.com/Jacob-X/ukb_download_and_prep_template; https://github.com/VyasPillai/ukb_processing-nf; https://github.com/HongyuanWu/ukbb-1; https://github.com/Shicheng-Guo/ukbb-1; https://github.com/12sbxu/ukbb_data_r; https://github.com/suniljmanohar/UKBiobank_ECG; https://github.com/YIGUIz/ukbiobank_strs; https://github.com/audoushka/UKBiobank-Table-Conversion; https://github.com/futurologist/UKBiobank-Table-Conversion; https://github.com/Jiangaoshan/UKBiobank-Table-Conversion; https://github.com/lizhihao1990/UKBiobank-Table-Conversion; https://github.com/Xander-Y/ukb; https://github.com/zczali4403/001; https://github.com/Zeigar/UKB; https://github.com/zhishenPPP/ukbb; https://github.com/zhishenPPP/UKBiobank; https://github.com/zoonono/UKB,weak topic/path/data-type evidence,Not in Tiers 1-5; weak-candidate evidence only. Retained for completeness and not recommended for regression.,yes
1002478,Multimodal Electronic Health Record Modeling for Early Pancreatic Cancer Screening,Tier 6,weak_candidate,no,family_bis620-2022; family_bis687-capstone-group-8; family_code-examples; family_divergence-pipeline; family_genotype-errors; family_mtswirl,https://github.com/HankkaMark/bis620.2022; https://github.com/JingnanBai/BIS687-Capstone-group-8; https://github.com/miguelmspereira/code-examples; https://github.com/AdrianHarris96/Divergence_Pipeline; https://github.com/sylviah23/genotype-errors; https://github.com/jessicaway/mtSwirl; https://github.com/Victory-Hugo/mtSwirl,weak topic/path/data-type evidence,Not in Tiers 1-5; weak-candidate evidence only. Retained for completeness and not recommended for regression.,yes
1004433,Integrated Multi-Omics Profiling in UK Biobank for Risk Stratification and Mechanistic Insights in Chronic Diseases and Cancers,Tier 6,weak_candidate,no,family_anyalasagne1_ukbiobank; family_bis620-2022; family_biv-volumetric-meshing; family_cuihuaxia_001; family_iff-0303_001; family_jiangweixia_001; family_jooooooooey_ukb; family_latinos-in-ukbb; family_lizhihao1990_ukbb; family_lld2018_001; family_lronan_ukb; family_margulies_ukb; family_nanhui2000_ukb; family_nextgen-exomiser-ukb; family_rick-chen-pku_001; family_rooty29_ukbiobank; family_smiles2011hyc_001; family_t2dm-ukb-predictions; family_takdrift_001; family_transconnectome_ukb; family_uk-biobank-study-1; family_ukb-cancer-24h; family_ukb-download-and-prep-template; family_ukbb-1; family_ukbb-data-r; family_ukbiobank-strs; family_ukbiobank-table-conversion; family_xander-y_ukb; family_zczali4403_001; family_zeigar_ukb; family_zhishenppp_ukbb; family_zhishenppp_ukbiobank; family_zoonono_ukb,https://github.com/anyalasagne1/UKBiobank; https://github.com/HankkaMark/bis620.2022; https://github.com/kiwixiao/biv-volumetric-meshing; https://github.com/CuihuaXia/001; https://github.com/IFF-0303/001; https://github.com/jiangweixia/001; https://github.com/Jooooooooey/ukb; https://github.com/huytrain42/Latinos-in-UKBB; https://github.com/lizhihao1990/ukbb; https://github.com/LLD2018/001; https://github.com/lronan/UKB; https://github.com/margulies/UKB; https://github.com/nanhui2000/ukb; https://github.com/martadelfino/nextgen-exomiser-ukb; https://github.com/Rick-Chen-PKU/001; https://github.com/Rooty29/UKBiobank; https://github.com/smiles2011hyc/001; https://github.com/Farida-Ali/T2DM_UKB_predictions; https://github.com/Takdrift/001; https://github.com/Transconnectome/UKB; https://github.com/xx2383/UK-Biobank-study-1; https://github.com/Owain-S/ukb-cancer-24h; https://github.com/IFF-0303/ukb_download_and_prep_template; https://github.com/Jacob-X/ukb_download_and_prep_template; https://github.com/HongyuanWu/ukbb-1; https://github.com/Shicheng-Guo/ukbb-1; https://github.com/12sbxu/ukbb_data_r; https://github.com/YIGUIz/ukbiobank_strs; https://github.com/audoushka/UKBiobank-Table-Conversion; https://github.com/futurologist/UKBiobank-Table-Conversion; https://github.com/Jiangaoshan/UKBiobank-Table-Conversion; https://github.com/lizhihao1990/UKBiobank-Table-Conversion; https://github.com/Xander-Y/ukb; https://github.com/zczali4403/001; https://github.com/Zeigar/UKB; https://github.com/zhishenPPP/ukbb; https://github.com/zhishenPPP/UKBiobank; https://github.com/zoonono/UKB,weak topic/path/data-type evidence,Not in Tiers 1-5; weak-candidate evidence only. Retained for completeness and not recommended for regression.,yes
1006098,Characterizing the multimodal determinants of therapy-related cardiac dysfunction in breast cancer survivors: A UK Biobank-based study,Tier 6,weak_candidate,no,family_cuihuaxia_001; family_iff-0303_001; family_jiangweixia_001; family_jooooooooey_ukb; family_lld2018_001; family_nanhui2000_ukb; family_nextgen-exomiser-ukb; family_rick-chen-pku_001; family_smiles2011hyc_001; family_takdrift_001; family_uk-biobank-study-1; family_ukb-cancer-24h; family_xander-y_ukb; family_zczali4403_001,https://github.com/CuihuaXia/001; https://github.com/IFF-0303/001; https://github.com/jiangweixia/001; https://github.com/Jooooooooey/ukb; https://github.com/LLD2018/001; https://github.com/nanhui2000/ukb; https://github.com/martadelfino/nextgen-exomiser-ukb; https://github.com/Rick-Chen-PKU/001; https://github.com/smiles2011hyc/001; https://github.com/Takdrift/001; https://github.com/xx2383/UK-Biobank-study-1; https://github.com/Owain-S/ukb-cancer-24h; https://github.com/Xander-Y/ukb; https://github.com/zczali4403/001,weak topic/path/data-type evidence,Not in Tiers 1-5; weak-candidate evidence only. Retained for completeness and not recommended for regression.,yes
1006787,Investigating sex differences in aging using plasma proteomics in the UK Biobank,Tier 6,weak_candidate,no,family_gxsex; family_pain-proteomics; family_proteomics-ukbb,https://github.com/harpak-lab/GxSex; https://github.com/Frank-HQZ/Pain_Proteomics; https://github.com/Fmerella/Proteomics_UKBB-,weak topic/path/data-type evidence,Not in Tiers 1-5; weak-candidate evidence only. Retained for completeness and not recommended for regression.,yes
1007072,HLA genotypes as potential cancer risk modifiers in women living with germline pathogenic BRCA1 variants,Tier 6,weak_candidate,no,family_cnv-ukb; family_ukb-processing-nf,https://github.com/GeneticResources/cnv-ukb; https://github.com/VyasPillai/ukb_processing-nf,weak topic/path/data-type evidence,Not in Tiers 1-5; weak-candidate evidence only. Retained for completeness and not recommended for regression.,yes
1009710,Integrated Study of Clinical and Genetic Risk Factors and Pathogenic Mechanisms in Gynecologic Tumors,Tier 6,weak_candidate,no,family_junnh_ukbb; family_ukb-processing-nf,https://github.com/Junnh/UKBB; https://github.com/VyasPillai/ukb_processing-nf,weak topic/path/data-type evidence,Not in Tiers 1-5; weak-candidate evidence only. Retained for completeness and not recommended for regression.,yes
1014015,"Research on the relationship between lifestyle factors (such as diet and exercise) of patients with osteoporosis and the risk of death, as well as the exploration of the underlying mechanisms",Tier 6,weak_candidate,no,family_biobank-read; family_biobankread-bash,https://github.com/Dragonriser/biobank-read; https://github.com/IFF-0303/biobank-read; https://github.com/SEONCHOE/biobank-read; https://github.com/lenamax2355/BiobankRead-Bash; https://github.com/os01/BiobankRead-Bash,weak topic/path/data-type evidence,Not in Tiers 1-5; weak-candidate evidence only. Retained for completeness and not recommended for regression.,yes
1016672,"Pan-cancer multi-omics in UK Biobank to identify shared and cancer-specific signatures for risk, progression and outcomes.",Tier 6,weak_candidate,no,family_multi-outcome,https://github.com/Ikram-c/multi_outcome; https://github.com/mengjiefan/multi_outcome,weak topic/path/data-type evidence,Not in Tiers 1-5; weak-candidate evidence only. Retained for completeness and not recommended for regression.,yes
1022258,Human brain connectomes across the lifespan,Tier 6,weak_candidate,no,family_human-sex-ratio,https://github.com/song88180/Human_sex_ratio,weak topic/path/data-type evidence,Not in Tiers 1-5; weak-candidate evidence only. Retained for completeness and not recommended for regression.,yes
1023980,Characterization of common and rare NEDD4L variants in salt-sensitive hypertension,Tier 6,weak_candidate,no,family_ukb-download-and-prep-template,https://github.com/lenamax2355/ukb_download_and_prep_template,weak topic/path/data-type evidence,Not in Tiers 1-5; weak-candidate evidence only. Retained for completeness and not recommended for regression.,yes
1025229,Integrative Analysis of Proteome Clocks and Genetic Variation,Tier 6,weak_candidate,no,family_ukb-gen-clocks,https://github.com/Euskal-Oxcitas-Biotek/UKB-gen-clocks,weak topic/path/data-type evidence,Not in Tiers 1-5; weak-candidate evidence only. Retained for completeness and not recommended for regression.,yes
1035459,Genomic Inference of Blood Group and Immune-Relevant Antigen Systems,Tier 6,weak_candidate,no,family_bis687-capstone-group-8,https://github.com/JingnanBai/BIS687-Capstone-group-8,weak topic/path/data-type evidence,Not in Tiers 1-5; weak-candidate evidence only. Retained for completeness and not recommended for regression.,yes
1037112,"The Exposome, Genetics, and Aging: A Multi-omics Study of Cardiovascular Disease and Related Chronic Disorders Etiology",Tier 6,weak_candidate,no,family_exposome-aging-ukb; family_test-exposome-aging-ukb,https://github.com/rrrrrs1/exposome-aging-ukb; https://github.com/okoropaulc/test_exposome_aging_ukb,weak topic/path/data-type evidence,Not in Tiers 1-5; weak-candidate evidence only. Retained for completeness and not recommended for regression.,yes
1038754,Exploring Risk and Protective Factors for Ocular Diseases,Tier 6,weak_candidate,no,family_ukb-bmi,https://github.com/mariaratnasamy/ukb_bmi,weak topic/path/data-type evidence,Not in Tiers 1-5; weak-candidate evidence only. Retained for completeness and not recommended for regression.,yes
1039744,Integrating Multi-Omics and Imaging to Unravel Cross-Organ Mechanisms of Cardiovascular Diseases: Insights from UK Biobank for Precision Prevention,Tier 6,weak_candidate,no,family_sophia-cross-sectional,https://github.com/JackW7777/SOPHIA_Cross_Sectional; https://github.com/kkk0-000/SOPHIA_Cross_Sectional; https://github.com/sspl33/SOPHIA_Cross_Sectional; https://github.com/zscu/SOPHIA_Cross_Sectional,weak topic/path/data-type evidence,Not in Tiers 1-5; weak-candidate evidence only. Retained for completeness and not recommended for regression.,yes
1049648,"Integrating Multimodal Data of Lifestyle, Biomarkers, Imaging and Genetics for Predictive Modeling of Cancer Risk and Outcomes.",Tier 6,weak_candidate,no,family_bnn-for-uncertainty-estimation-of-imaging-biomarkers,https://github.com/suyanzhou626/BNN-for-Uncertainty-Estimation-of-Imaging-Biomarkers,weak topic/path/data-type evidence,Not in Tiers 1-5; weak-candidate evidence only. Retained for completeness and not recommended for regression.,yes
1049973,"An Integrated Genomic, Proteomic, and Exposomic Analysis of Aging and Accelerated Aging",Tier 6,weak_candidate,no,family_proteomics-ukbb,https://github.com/Fmerella/Proteomics_UKBB-,weak topic/path/data-type evidence,Not in Tiers 1-5; weak-candidate evidence only. Retained for completeness and not recommended for regression.,yes
1050006,Independent replication of LLM biological-age prediction in UK Biobank hold-out sample,Tier 6,weak_candidate,no,family_code-examples; family_longitudinal-data; family_mtswirl,https://github.com/miguelmspereira/code-examples; https://github.com/AstraZheng/Longitudinal-data; https://github.com/jessicaway/mtSwirl; https://github.com/Victory-Hugo/mtSwirl,weak topic/path/data-type evidence,Not in Tiers 1-5; weak-candidate evidence only. Retained for completeness and not recommended for regression.,yes
1052953,"Prediction, Risk Stratification, and Phenotype Identification of cardiometabolic diseases",Tier 6,weak_candidate,no,family_ukb-atherosclerosis-prediction,https://github.com/OmriGruman/ukb-atherosclerosis-prediction,weak topic/path/data-type evidence,Not in Tiers 1-5; weak-candidate evidence only. Retained for completeness and not recommended for regression.,yes
1054923,Understanding How Protein Activity Patterns in Blood Predict Future Health Events Using UK Biobank Data,Tier 6,weak_candidate,no,family_mltc-clustering; family_predict-cahd-by-ecg-on-uk-biobank,https://github.com/KremerML/MLTC-clustering; https://github.com/IFF-0303/Predict_CAHD_by_ECG_on_UK_Biobank,weak topic/path/data-type evidence,Not in Tiers 1-5; weak-candidate evidence only. Retained for completeness and not recommended for regression.,yes
1055001,Exploration of Brain Aging Using Multi-modal Data,Tier 6,weak_candidate,no,family_exposome-aging-ukb; family_multi-outcome; family_test-exposome-aging-ukb; family_ukb-brain-symptoms-clustering,https://github.com/rrrrrs1/exposome-aging-ukb; https://github.com/Ikram-c/multi_outcome; https://github.com/mengjiefan/multi_outcome; https://github.com/okoropaulc/test_exposome_aging_ukb; https://github.com/ajpag/ukb-brain-symptoms-clustering,weak topic/path/data-type evidence,Not in Tiers 1-5; weak-candidate evidence only. Retained for completeness and not recommended for regression.,yes
1057239,Integrative Multi-Cohort Cancer Risk Prediction Using UK Biobank and Complementary Prospective Cohorts,Tier 6,weak_candidate,no,family_biobankread,https://github.com/yzharold/BiobankRead,weak topic/path/data-type evidence,Not in Tiers 1-5; weak-candidate evidence only. Retained for completeness and not recommended for regression.,yes
1060209,Identification of key pathogenic genes for sepsis-associated encephalopathy based on whole exome sequencing analysis of human peripheral blood,Tier 6,weak_candidate,no,family_ukb-processing-nf,https://github.com/VyasPillai/ukb_processing-nf,weak topic/path/data-type evidence,Not in Tiers 1-5; weak-candidate evidence only. Retained for completeness and not recommended for regression.,yes
1061562,Genome-Wide Association Study (GWAS)-Based Research on Gene-Behavior Associations,Tier 6,weak_candidate,no,family_gwas-phenotype; family_jm-gwas; family_udip-vit; family_ukb-gwaspipeline-subcorticalregions,https://github.com/albbaous/GWAS_phenotype; https://github.com/pebblets/JM-GWAS; https://github.com/Sandyyy123/JM-GWAS; https://github.com/xiechengyong123/JM-GWAS; https://github.com/zerland/JM-GWAS; https://github.com/cind/UDIP-ViT; https://github.com/SkylerZhou/UKB_GWASpipeline_SubcorticalRegions,weak topic/path/data-type evidence,Not in Tiers 1-5; weak-candidate evidence only. Retained for completeness and not recommended for regression.,yes
1061591,AI-based analysis of proteomics data for health status prediction and intervention effect.,Tier 6,weak_candidate,no,family_pain-proteomics; family_proteomics-ukbb,https://github.com/Frank-HQZ/Pain_Proteomics; https://github.com/Fmerella/Proteomics_UKBB-,weak topic/path/data-type evidence,Not in Tiers 1-5; weak-candidate evidence only. Retained for completeness and not recommended for regression.,yes
1064514,Explanatory epidemiological models from genotype to phenotype,Tier 6,weak_candidate,no,family_im; family_main-pipeline-and-images-based-models-pipeline-deep-learning-and-aging-main-pipeline-and-images-based-models-pipeline,https://github.com/laura-riedel/IM; https://github.com/deep-learning-and-aging/main-pipeline-and-images-based-models-pipeline; https://github.com/Deep-Learning-and-Aging/Main-pipeline-and-Images-based-models-pipeline,weak topic/path/data-type evidence,Not in Tiers 1-5; weak-candidate evidence only. Retained for completeness and not recommended for regression.,yes
1065151,Genomic Support for Immunometabolic Target Validation in Autoimmune Drug Discovery,Tier 6,weak_candidate,no,family_uthesis,https://github.com/michaelGuo1204/UThesis,weak topic/path/data-type evidence,Not in Tiers 1-5; weak-candidate evidence only. Retained for completeness and not recommended for regression.,yes
1067138,ACE2 Variants in Health and Disease,Tier 6,weak_candidate,no,family_ukbb-gwas-dev,https://github.com/ashwinas88/UKBB_GWAS_dev; https://github.com/LingTuo/UKBB_GWAS_dev,weak topic/path/data-type evidence,Not in Tiers 1-5; weak-candidate evidence only. Retained for completeness and not recommended for regression.,yes
1069778,Risk factors and development of bone disorders and related complications: a UK Biobank analysis,Tier 6,weak_candidate,no,family_keloids-clustering,https://github.com/anirudhj05/Keloids_Clustering,weak topic/path/data-type evidence,Not in Tiers 1-5; weak-candidate evidence only. Retained for completeness and not recommended for regression.,yes
1073074,Undergraduate training in genome-wide association studies (GWAS) using UK Biobank data,Tier 6,weak_candidate,no,family_gwas-phenotype; family_udip-vit; family_ukb-gwaspipeline-subcorticalregions,https://github.com/albbaous/GWAS_phenotype; https://github.com/cind/UDIP-ViT; https://github.com/SkylerZhou/UKB_GWASpipeline_SubcorticalRegions,weak topic/path/data-type evidence,Not in Tiers 1-5; weak-candidate evidence only. Retained for completeness and not recommended for regression.,yes
1075051,Building AI models to uncover variant-disease-target relationships,Tier 6,weak_candidate,no,family_ptrs-ukb,https://github.com/CuihuaXia/ptrs-ukb; https://github.com/emyanuthomas/ptrs-ukb; https://github.com/hakyimlab/ptrs-ukb,weak topic/path/data-type evidence,Not in Tiers 1-5; weak-candidate evidence only. Retained for completeness and not recommended for regression.,yes
1078394,Development of Whole-Body Segmentation Tools and Imaging Biomarkers,Tier 6,weak_candidate,no,family_gxsex,https://github.com/harpak-lab/GxSex,weak topic/path/data-type evidence,Not in Tiers 1-5; weak-candidate evidence only. Retained for completeness and not recommended for regression.,yes
1079350,Determinants of women's health and cancer outcomes: a multi-omics study in the UK Biobank,Tier 6,weak_candidate,no,family_multi-outcome,https://github.com/Ikram-c/multi_outcome; https://github.com/mengjiefan/multi_outcome,weak topic/path/data-type evidence,Not in Tiers 1-5; weak-candidate evidence only. Retained for completeness and not recommended for regression.,yes
1083657,Multi-Omics Determinants of Risk-Burden Discordance in Atherosclerosis (DISCORD): Analysis of the UK and Estonian Biobanks,Tier 6,weak_candidate,no,family_gogogpcr; family_ukb-oligo,https://github.com/deepgohil/gogoGPCR; https://github.com/petergerlach1/gogoGPCR; https://github.com/mariaratnasamy/ukb_oligo,weak topic/path/data-type evidence,Not in Tiers 1-5; weak-candidate evidence only. Retained for completeness and not recommended for regression.,yes
1083977,AI-Enhanced Digital Biomarkers from Wearables for Monitoring Alzheimer's Disease and Related Dementias,Tier 6,weak_candidate,no,family_ukb-exome,https://github.com/OxWearables/ukb_exome,weak topic/path/data-type evidence,Not in Tiers 1-5; weak-candidate evidence only. Retained for completeness and not recommended for regression.,yes
1084623,Precision Prediction of Alzheimer's Risk in Women: LeveragingFemale-Specific Variables and Machine Learning for Risk Reduction,Tier 6,weak_candidate,no,family_genetic-annotation-aware-dimensionality-reduction-in-uk-biobank; family_tds-project,https://github.com/AishaAlsuwaidi/Genetic-annotation-aware-dimensionality-reduction-in-UK-Biobank; https://github.com/N-cizauskas/TDS_Project,weak topic/path/data-type evidence,Not in Tiers 1-5; weak-candidate evidence only. Retained for completeness and not recommended for regression.,yes
1085301,Understanding Human Ageing and Alzheimer's Disease Using UK Biobank Data,Tier 6,weak_candidate,no,family_human-sex-ratio,https://github.com/song88180/Human_sex_ratio,weak topic/path/data-type evidence,Not in Tiers 1-5; weak-candidate evidence only. Retained for completeness and not recommended for regression.,yes
1088582,Multimodal Deep Learning for Digestive System Phenotyping from Abdominal MRI and Genetic Data,Tier 6,weak_candidate,no,family_ukbphenotyping,https://github.com/hoffman2/ukbPhenotyping,weak topic/path/data-type evidence,Not in Tiers 1-5; weak-candidate evidence only. Retained for completeness and not recommended for regression.,yes
1088962,Scalable interpretation of genetic variants in inborn errors of immunity to accelerate clinical diagnosis and treatment,Tier 6,weak_candidate,no,family_genotype-errors,https://github.com/sylviah23/genotype-errors,weak topic/path/data-type evidence,Not in Tiers 1-5; weak-candidate evidence only. Retained for completeness and not recommended for regression.,yes
1090583,Genetics-Proteomics-Metabolomics-Imaging to Characterize Adipose Mass Redistribution across Age Strata and Clinical Conditions,Tier 6,weak_candidate,no,family_ukbpheno,https://github.com/BakerMetabolomics/ukbpheno; https://github.com/kkukendrarajah/ukbpheno; https://github.com/magdazeb/ukbpheno; https://github.com/Neri0304/ukbpheno; https://github.com/stefanogg/ukbpheno; https://github.com/Tafelplankje/ukbpheno; https://github.com/yuehuang-gh/ukbpheno,weak topic/path/data-type evidence,Not in Tiers 1-5; weak-candidate evidence only. Retained for completeness and not recommended for regression.,yes
1092876,Genetic Basis of Intergenerational Differences in Age of Onset in Familial Women's Cancer.,Tier 6,weak_candidate,no,family_ukb-bioage-cancer; family_ukb-tools,https://github.com/becomingcc/UKB_bioage_cancer; https://github.com/12sbxu/ukb-tools; https://github.com/magdazeb/ukb-tools,weak topic/path/data-type evidence,Not in Tiers 1-5; weak-candidate evidence only. Retained for completeness and not recommended for regression.,yes
1094875,Imaging-Omics Foundation Model of Systemic Health and Disease in UK Biobank,Tier 6,weak_candidate,no,family_ukb-brain-symptoms-clustering,https://github.com/ajpag/ukb-brain-symptoms-clustering,weak topic/path/data-type evidence,Not in Tiers 1-5; weak-candidate evidence only. Retained for completeness and not recommended for regression.,yes
1095867,Validation of pharmacogenomic variants for opioid therapy in advanced cancer patients and evaluation of pre-emptive pharmacogenomics impact in oncology.,Tier 6,weak_candidate,no,family_data2vec-bert-ukb,https://github.com/alatteaday/data2vec_bert_ukb,weak topic/path/data-type evidence,Not in Tiers 1-5; weak-candidate evidence only. Retained for completeness and not recommended for regression.,yes
1097167,Prediction of progression in Parkinson's disease,Tier 6,weak_candidate,no,family_diabetes-prediction; family_ukb-atherosclerosis-prediction; family_ukb-nmr-cvd-prediction,https://github.com/Haileygu99/diabetes_prediction; https://github.com/OmriGruman/ukb-atherosclerosis-prediction; https://github.com/YanLuoCityU/UKB_NMR_CVD_prediction,weak topic/path/data-type evidence,Not in Tiers 1-5; weak-candidate evidence only. Retained for completeness and not recommended for regression.,yes
1098812,"Integrated Study of Risk Prediction, Causal Mechanisms, and Cross-Disease Genetic Associations for Major Complex Chronic Diseases using UK Biobank Multi-Modal Data",Tier 6,weak_candidate,no,family_sophia-cross-sectional,https://github.com/JackW7777/SOPHIA_Cross_Sectional; https://github.com/kkk0-000/SOPHIA_Cross_Sectional; https://github.com/sspl33/SOPHIA_Cross_Sectional; https://github.com/zscu/SOPHIA_Cross_Sectional,weak topic/path/data-type evidence,Not in Tiers 1-5; weak-candidate evidence only. Retained for completeness and not recommended for regression.,yes
1102773,"Mechanisms of Risk and Resilience in Brain and Cognitive Aging Following Trauma, Stress, and Brain Injury",Tier 6,weak_candidate,no,family_ukbiobank-ecg,https://github.com/suniljmanohar/UKBiobank_ECG,weak topic/path/data-type evidence,Not in Tiers 1-5; weak-candidate evidence only. Retained for completeness and not recommended for regression.,yes
1103187,"Multi-Omics Profiling of Metabolic and Cardiovascular Diseases: Integrating Genomics, Metabolomics, Proteomics and Imaging",Tier 6,weak_candidate,no,family_ukbpheno,https://github.com/BakerMetabolomics/ukbpheno; https://github.com/kkukendrarajah/ukbpheno; https://github.com/magdazeb/ukbpheno; https://github.com/Neri0304/ukbpheno; https://github.com/stefanogg/ukbpheno; https://github.com/Tafelplankje/ukbpheno; https://github.com/yuehuang-gh/ukbpheno,weak topic/path/data-type evidence,Not in Tiers 1-5; weak-candidate evidence only. Retained for completeness and not recommended for regression.,yes
1104420,"Identification of Risk Markers, Progression Patterns and Predictive Models for Pregnancy-Related Disorders",Tier 6,weak_candidate,no,family_keloids-clustering,https://github.com/anirudhj05/Keloids_Clustering,weak topic/path/data-type evidence,Not in Tiers 1-5; weak-candidate evidence only. Retained for completeness and not recommended for regression.,yes
1108406,Proteomics-first Foundation Model,Tier 6,weak_candidate,no,family_biomarkers; family_biomarkers-beautfig; family_pain-proteomics; family_proteomics-ukbb; family_ptrs-ukb; family_ukb-brain-symptoms-clustering,https://github.com/Eugene-xyHe/biomarkers; https://github.com/IFF-0303/biomarkers; https://github.com/JujiaoKang/biomarkers; https://github.com/julyfish711/biomarkers; https://github.com/lenamax2355/biomarkers; https://github.com/Ran485/biomarkers; https://github.com/Shicheng-Guo/biomarkers; https://github.com/smiles2011hyc/biomarkers; https://github.com/K-zhangfengwei/biomarkers_beautfig; https://github.com/Frank-HQZ/Pain_Proteomics; https://github.com/Fmerella/Proteomics_UKBB-; https://github.com/CuihuaXia/ptrs-ukb; https://github.com/emyanuthomas/ptrs-ukb; https://github.com/hakyimlab/ptrs-ukb; https://github.com/ajpag/ukb-brain-symptoms-clustering,weak topic/path/data-type evidence,Not in Tiers 1-5; weak-candidate evidence only. Retained for completeness and not recommended for regression.,yes
1109072,dietary pattern modifies the risk of cancer through metabolomic and proteomic signature,Tier 6,weak_candidate,no,family_proteomics-ukbb,https://github.com/Fmerella/Proteomics_UKBB-,weak topic/path/data-type evidence,Not in Tiers 1-5; weak-candidate evidence only. Retained for completeness and not recommended for regression.,yes
1114664,"Exploring Risk Factors, Predictive Models, Pathogenic Mechanisms, and Prognostic Indicators of Otolaryngological Diseases Using UK Biobank Multi-Modal Data.",Tier 6,weak_candidate,no,family_ukb-processing-nf,https://github.com/VyasPillai/ukb_processing-nf,weak topic/path/data-type evidence,Not in Tiers 1-5; weak-candidate evidence only. Retained for completeness and not recommended for regression.,yes
1121952,Interpretable Multimodal AI Models for Disease and Risk Prediction,Tier 6,weak_candidate,no,family_im; family_ukb-atherosclerosis-prediction; family_ukbfrailty,https://github.com/laura-riedel/IM; https://github.com/OmriGruman/ukb-atherosclerosis-prediction; https://github.com/becomingcc/ukbfrailty,weak topic/path/data-type evidence,Not in Tiers 1-5; weak-candidate evidence only. Retained for completeness and not recommended for regression.,yes
1124889,Systematic Analysis of Viral Integration Events in the Human Pan-Genome,Tier 6,weak_candidate,no,family_mltc-clustering,https://github.com/KremerML/MLTC-clustering,weak topic/path/data-type evidence,Not in Tiers 1-5; weak-candidate evidence only. Retained for completeness and not recommended for regression.,yes
1125546,Application of MRI-DKI in the Precise Diagnosis of Optic Nerve Diseases,Tier 6,weak_candidate,no,family_t40-rsfmri; family_ukbbmriutils,https://github.com/Kakashi-sensei/T40_rsfMRI; https://github.com/STALICLA-RnD/UkbbMriUtils,weak topic/path/data-type evidence,Not in Tiers 1-5; weak-candidate evidence only. Retained for completeness and not recommended for regression.,yes
1128609,"Multi-Omics Profiling of Sepsis and Multi-Organ Failure: Integrating Genomics, Metabolomics, Proteomics and Imaging Biomarkers",Tier 6,weak_candidate,no,family_ukbpheno,https://github.com/BakerMetabolomics/ukbpheno; https://github.com/kkukendrarajah/ukbpheno; https://github.com/magdazeb/ukbpheno; https://github.com/Neri0304/ukbpheno; https://github.com/stefanogg/ukbpheno; https://github.com/Tafelplankje/ukbpheno; https://github.com/yuehuang-gh/ukbpheno,weak topic/path/data-type evidence,Not in Tiers 1-5; weak-candidate evidence only. Retained for completeness and not recommended for regression.,yes
1130183,Integrative Analysis of Determinants and Prediction of Diabetic Complications,Tier 6,weak_candidate,no,family_ukb-atherosclerosis-prediction,https://github.com/OmriGruman/ukb-atherosclerosis-prediction,weak topic/path/data-type evidence,Not in Tiers 1-5; weak-candidate evidence only. Retained for completeness and not recommended for regression.,yes
1131176,"Multimodal Cardio-Neuro Modelling: Integrating ECG, Imaging and Structured Data with AI to Predict Major Outcomes",Tier 6,weak_candidate,no,family_predict-cahd-by-ecg-on-uk-biobank; family_ukbiobank-ecg,https://github.com/IFF-0303/Predict_CAHD_by_ECG_on_UK_Biobank; https://github.com/suniljmanohar/UKBiobank_ECG,weak topic/path/data-type evidence,Not in Tiers 1-5; weak-candidate evidence only. Retained for completeness and not recommended for regression.,yes
1138116,Cross-Cohort Validation of Blood-Based Biomarkers Linking Major Depression in UK Biobank to Postpartum Depression Biology,Tier 6,weak_candidate,no,family_sophia-cross-sectional,https://github.com/JackW7777/SOPHIA_Cross_Sectional; https://github.com/kkk0-000/SOPHIA_Cross_Sectional; https://github.com/sspl33/SOPHIA_Cross_Sectional; https://github.com/zscu/SOPHIA_Cross_Sectional,weak topic/path/data-type evidence,Not in Tiers 1-5; weak-candidate evidence only. Retained for completeness and not recommended for regression.,yes
1140390,"Multi-Omics Systems Epidemiology of Cancer and Chronic Disease: Integrating Genomics, Proteomics, Metabolomics, and Imaging Data",Tier 6,weak_candidate,no,family_ukbpheno,https://github.com/BakerMetabolomics/ukbpheno; https://github.com/kkukendrarajah/ukbpheno; https://github.com/magdazeb/ukbpheno; https://github.com/Neri0304/ukbpheno; https://github.com/stefanogg/ukbpheno; https://github.com/Tafelplankje/ukbpheno; https://github.com/yuehuang-gh/ukbpheno,weak topic/path/data-type evidence,Not in Tiers 1-5; weak-candidate evidence only. Retained for completeness and not recommended for regression.,yes
1140414,Longitude Prize on ALS: Leveraging artificial intelligence to discover and validate therapeutic targets for ALS,Tier 6,weak_candidate,no,family_ukb-api,https://github.com/batmanlab/ukb_api; https://github.com/tighu20/ukb_api,weak topic/path/data-type evidence,Not in Tiers 1-5; weak-candidate evidence only. Retained for completeness and not recommended for regression.,yes
1147329,"Multimodal analysis of cardiovascular risk and vascular remodelling using UK Biobank clinical, biochemical and genetic data",Tier 6,weak_candidate,no,family_junnh_ukbb,https://github.com/Junnh/UKBB,weak topic/path/data-type evidence,Not in Tiers 1-5; weak-candidate evidence only. Retained for completeness and not recommended for regression.,yes
1150622,Biological and process determinants of perioperative outcome,Tier 6,weak_candidate,no,family_multi-outcome,https://github.com/Ikram-c/multi_outcome; https://github.com/mengjiefan/multi_outcome,weak topic/path/data-type evidence,Not in Tiers 1-5; weak-candidate evidence only. Retained for completeness and not recommended for regression.,yes
1155585,"Brain Aging, Neurodegeneration, and Multi-Cancer Risk: A Multi-Omics and Imaging Study of Systemic Aging Pathways",Tier 6,weak_candidate,no,family_ukb-brain-symptoms-clustering,https://github.com/ajpag/ukb-brain-symptoms-clustering,weak topic/path/data-type evidence,Not in Tiers 1-5; weak-candidate evidence only. Retained for completeness and not recommended for regression.,yes
1158877,"Multi-omics (metabolomics, proteomics and genomics) analysis of female reproductive endocrine diseases.",Tier 6,weak_candidate,no,family_ukbpheno,https://github.com/BakerMetabolomics/ukbpheno; https://github.com/kkukendrarajah/ukbpheno; https://github.com/magdazeb/ukbpheno; https://github.com/Neri0304/ukbpheno; https://github.com/stefanogg/ukbpheno; https://github.com/Tafelplankje/ukbpheno; https://github.com/yuehuang-gh/ukbpheno,weak topic/path/data-type evidence,Not in Tiers 1-5; weak-candidate evidence only. Retained for completeness and not recommended for regression.,yes
1163821,Multimodal profiling of infectious disease risk and outcomes,Tier 6,weak_candidate,no,family_multi-outcome,https://github.com/Ikram-c/multi_outcome; https://github.com/mengjiefan/multi_outcome,weak topic/path/data-type evidence,Not in Tiers 1-5; weak-candidate evidence only. Retained for completeness and not recommended for regression.,yes
1165149,Semantic and Multimodal Representation Learning from ECG and Cardiac MRI for Improving Diagnostic and Quantitative Tasks,Tier 6,weak_candidate,no,family_ukbiobank-ecg,https://github.com/suniljmanohar/UKBiobank_ECG,weak topic/path/data-type evidence,Not in Tiers 1-5; weak-candidate evidence only. Retained for completeness and not recommended for regression.,yes
1166800,Unravelling the mechanisms underlying pain and pain comorbidity,Tier 6,weak_candidate,no,family_pain-proteomics,https://github.com/Frank-HQZ/Pain_Proteomics,weak topic/path/data-type evidence,Not in Tiers 1-5; weak-candidate evidence only. Retained for completeness and not recommended for regression.,yes
1170090,"Extracellular Mechanisms as a Unifying Link Across Multiple Diseases: Multi-Omics, Genetic, and Clinical Data Integration in UK Biobank for Cross-Disease Target Discovery",Tier 6,weak_candidate,no,family_sophia-cross-sectional,https://github.com/JackW7777/SOPHIA_Cross_Sectional; https://github.com/sspl33/SOPHIA_Cross_Sectional; https://github.com/zscu/SOPHIA_Cross_Sectional,weak topic/path/data-type evidence,Not in Tiers 1-5; weak-candidate evidence only. Retained for completeness and not recommended for regression.,yes
1171089,Immune biomarkers of Heart Failure,Tier 6,weak_candidate,no,family_biomarkers; family_biomarkers-beautfig,https://github.com/Eugene-xyHe/biomarkers; https://github.com/IFF-0303/biomarkers; https://github.com/JujiaoKang/biomarkers; https://github.com/julyfish711/biomarkers; https://github.com/lenamax2355/biomarkers; https://github.com/Ran485/biomarkers; https://github.com/Shicheng-Guo/biomarkers; https://github.com/smiles2011hyc/biomarkers; https://github.com/K-zhangfengwei/biomarkers_beautfig,weak topic/path/data-type evidence,Not in Tiers 1-5; weak-candidate evidence only. Retained for completeness and not recommended for regression.,yes
1175049,Polygenic risk scores for cardiovascular disease,Tier 6,weak_candidate,no,family_ukbfrailty,https://github.com/becomingcc/ukbfrailty,weak topic/path/data-type evidence,Not in Tiers 1-5; weak-candidate evidence only. Retained for completeness and not recommended for regression.,yes
1175700,The gene-environmental interaction in multi-morbidity of respiratory disease,Tier 6,weak_candidate,no,family_genepy-2,https://github.com/parsboy1987/GenePy-2,weak topic/path/data-type evidence,Not in Tiers 1-5; weak-candidate evidence only. Retained for completeness and not recommended for regression.,yes
1179999,Multidimensional Approach of Genotype and Phenotype in Stroke Etiology: the MAGPIE study,Tier 6,weak_candidate,no,family_ukb-gen-clocks,https://github.com/Euskal-Oxcitas-Biotek/UKB-gen-clocks,weak topic/path/data-type evidence,Not in Tiers 1-5; weak-candidate evidence only. Retained for completeness and not recommended for regression.,yes
1183297,A Neanderthal Missense Variant in�FRZB�and Its Functional Consequences on Hip Morphology,Tier 6,weak_candidate,no,family_sas-sample-extraction; family_ukb-api,https://github.com/samarpita-saha293/SAS_sample_extraction; https://github.com/batmanlab/ukb_api; https://github.com/tighu20/ukb_api,weak topic/path/data-type evidence,Not in Tiers 1-5; weak-candidate evidence only. Retained for completeness and not recommended for regression.,yes
1184286,Analysis of cardiovascular disease and other aging-related chronic diseases in the UK Biobank,Tier 6,weak_candidate,no,family_exposome-aging-ukb; family_test-exposome-aging-ukb,https://github.com/rrrrrs1/exposome-aging-ukb; https://github.com/okoropaulc/test_exposome_aging_ukb,weak topic/path/data-type evidence,Not in Tiers 1-5; weak-candidate evidence only. Retained for completeness and not recommended for regression.,yes
1187254,Validation of Electrocardiogram (ECG) Accuracy for Detecting Cardiac Structural Disease Using UK Biobank Cardiac MRI Reference Standards,Tier 6,weak_candidate,no,family_master-thesis,https://github.com/nickathans/master-thesis,weak topic/path/data-type evidence,Not in Tiers 1-5; weak-candidate evidence only. Retained for completeness and not recommended for regression.,yes
1195503,Investigating Multifactorial Risk Factors and Developing a Prediction Model for Venous Thromboembolism Using UK Biobank Data,Tier 6,weak_candidate,no,family_tds-project,https://github.com/N-cizauskas/TDS_Project,weak topic/path/data-type evidence,Not in Tiers 1-5; weak-candidate evidence only. Retained for completeness and not recommended for regression.,yes
1198490,"Pan-cancer landscape of survival outcomes, molecular features and risk factors in early-onset solid tumours",Tier 6,weak_candidate,no,family_uk-biobank-survival; family_ukbb-risk,https://github.com/gerstung-lab/uk_biobank_survival; https://github.com/rrrrrs1/uk_biobank_survival; https://github.com/IFF-0303/ukbb_risk,weak topic/path/data-type evidence,Not in Tiers 1-5; weak-candidate evidence only. Retained for completeness and not recommended for regression.,yes
1215961,Genetic Clustering of Inflammatory and Autoimmune Disorders,Tier 6,weak_candidate,no,family_mltc-clustering; family_ukb-brain-symptoms-clustering,https://github.com/KremerML/MLTC-clustering; https://github.com/ajpag/ukb-brain-symptoms-clustering,weak topic/path/data-type evidence,Not in Tiers 1-5; weak-candidate evidence only. Retained for completeness and not recommended for regression.,yes
1220990,Genetic and phenotyping variables driving cardiovascular disease and cancer: a multi-system integration,Tier 6,weak_candidate,no,family_ukbphenotyping,https://github.com/hoffman2/ukbPhenotyping,weak topic/path/data-type evidence,Not in Tiers 1-5; weak-candidate evidence only. Retained for completeness and not recommended for regression.,yes
1224312,Explainable Multi-Modal Deep Learning for Risk Stratification of Female Hormone-Related Cancers in UK Biobank,Tier 6,weak_candidate,no,family_tds-project,https://github.com/N-cizauskas/TDS_Project,weak topic/path/data-type evidence,Not in Tiers 1-5; weak-candidate evidence only. Retained for completeness and not recommended for regression.,yes
1229825,Construction of a Multidimensional Atlas for Four Major Chronic Diseases Integrating Multi-Omics and Radiomics: Causal Inference and Deep Learning Prediction Models,Tier 6,weak_candidate,no,family_ukbbmodriskr,https://github.com/rrrrrs1/UKBBModRiskR,weak topic/path/data-type evidence,Not in Tiers 1-5; weak-candidate evidence only. Retained for completeness and not recommended for regression.,yes
1240398,"Associations and Underlying Mechanisms of Mental Health, Brain Imaging, and Multi-omics Features in Multimorbidity",Tier 6,weak_candidate,no,family_ukbb-risk,https://github.com/IFF-0303/ukbb_risk,weak topic/path/data-type evidence,Not in Tiers 1-5; weak-candidate evidence only. Retained for completeness and not recommended for regression.,yes
1244343,Unveiling Hypertension Pathogenesis through Metabolomics: Identifying Key Metabolic Pathways and Early Biomarkers,Tier 6,weak_candidate,no,family_ukbpheno,https://github.com/BakerMetabolomics/ukbpheno; https://github.com/kkukendrarajah/ukbpheno; https://github.com/magdazeb/ukbpheno; https://github.com/Neri0304/ukbpheno; https://github.com/stefanogg/ukbpheno; https://github.com/Tafelplankje/ukbpheno; https://github.com/yuehuang-gh/ukbpheno,weak topic/path/data-type evidence,Not in Tiers 1-5; weak-candidate evidence only. Retained for completeness and not recommended for regression.,yes
1245359,To Assess the Risk of Mortality and Cardiorenal Events in the General Population and in People with Diabetes,Tier 6,weak_candidate,no,family_idears-orig; family_mltc-clustering,https://github.com/MikeAllwright23/idears_orig; https://github.com/KremerML/MLTC-clustering,weak topic/path/data-type evidence,Not in Tiers 1-5; weak-candidate evidence only. Retained for completeness and not recommended for regression.,yes
1245371,Identification of Genetic Modifiers and Novel Therapeutic Targets for GBA1-associated Neuronopathic Gaucher Disease,Tier 6,weak_candidate,no,family_sas-sample-extraction,https://github.com/samarpita-saha293/SAS_sample_extraction,weak topic/path/data-type evidence,Not in Tiers 1-5; weak-candidate evidence only. Retained for completeness and not recommended for regression.,yes
1248961,Proteomic risk stratification for bipolar-spectrum features and adverse outcomes in depression in UK Biobank with genetic validation,Tier 6,weak_candidate,no,family_ukbb-risk,https://github.com/IFF-0303/ukbb_risk,weak topic/path/data-type evidence,Not in Tiers 1-5; weak-candidate evidence only. Retained for completeness and not recommended for regression.,yes
1258871,Sleep phenotypes and risk of liver fibrosis and incident liver disease in the UK Biobank,Tier 6,weak_candidate,no,family_fundus-project; family_ukbgwas; family_ukbiobank-knockoffs,https://github.com/joshoch7/fundus_project; https://github.com/lizhihao1990/ukbgwas; https://github.com/LuZhangH/ukbiobank_knockoffs; https://github.com/zren94/ukbiobank_knockoffs,weak topic/path/data-type evidence,Not in Tiers 1-5; weak-candidate evidence only. Retained for completeness and not recommended for regression.,yes
1260524,Characterizing and Validating MRI-Based Imaging Patterns of Healthy Aging Using Multiorgan Data from the UK Biobank,Tier 6,weak_candidate,no,family_t40-rsfmri; family_ukbbmriutils,https://github.com/Kakashi-sensei/T40_rsfMRI; https://github.com/STALICLA-RnD/UkbbMriUtils,weak topic/path/data-type evidence,Not in Tiers 1-5; weak-candidate evidence only. Retained for completeness and not recommended for regression.,yes
1266127,The role of Sleep and circadian factors in suicide: UKBB-based multi-model analysis,Tier 6,weak_candidate,no,family_ehr,https://github.com/mjfalaguera/EHR,weak topic/path/data-type evidence,Not in Tiers 1-5; weak-candidate evidence only. Retained for completeness and not recommended for regression.,yes
1273151,Sex hormones levels in morbidity and mortality in the UK Biobank,Tier 6,weak_candidate,no,family_imds-wes; family_ukbbcov2risk,https://github.com/jjrun-11/IMDs_WES; https://github.com/kennethcywong/ukbbcov2risk,weak topic/path/data-type evidence,Not in Tiers 1-5; weak-candidate evidence only. Retained for completeness and not recommended for regression.,yes
1274399,"Diet, Metabolism, and Tumour Genetics in Cancer Outcomes: A UK Biobank Study",Tier 6,weak_candidate,no,family_multi-outcome,https://github.com/Ikram-c/multi_outcome; https://github.com/mengjiefan/multi_outcome,weak topic/path/data-type evidence,Not in Tiers 1-5; weak-candidate evidence only. Retained for completeness and not recommended for regression.,yes
1312325,"Multi-omics investigation of biological determinants, risk prediction and disease burden of cardiovascular disease in a large prospective cohort",Tier 6,weak_candidate,no,family_ukb-oligo,https://github.com/mariaratnasamy/ukb_oligo,weak topic/path/data-type evidence,Not in Tiers 1-5; weak-candidate evidence only. Retained for completeness and not recommended for regression.,yes
23827,Evaluation of New Semisupervised Estimators for Personalized Psychiatry,Excluded: ambiguous_multi_application,ambiguous,no,family_popmodel-ml-mh,https://github.com/PersonomicsLab/popmodel_ML_MH,repository-linked DOI/PMID to UKB publication/application crosswalk; exact repository-publication-application chain,"Ambiguous attribution from a multi-application family with no confirmed, probable, B-level candidate, or weak-candidate row. Retained as an audit row but deliberately excluded from the six-tier summary.",no
40709,Exploring the effects of genome structural variation on human health and disease,Excluded: ambiguous_multi_application,ambiguous,no,family_shapeit5,https://github.com/odelaneau/shapeit5,repository-linked DOI/PMID to UKB publication/application crosswalk; exact repository-publication-application chain,"Ambiguous attribution from a multi-application family with no confirmed, probable, B-level candidate, or weak-candidate row. Retained as an audit row but deliberately excluded from the six-tier summary.",no
62093,"Integrating Clinical Model, Polygenic Risk Score, and Machine Learning Models in the Prediction of Cardio-Metabolic Disease Using an Ensemble Approach",Excluded: ambiguous_multi_application,ambiguous,no,family_evidence-embracing-nm,https://github.com/saigerutherford/evidence_embracing_nm,supporting identity/topic evidence,"Ambiguous attribution from a multi-application family with no confirmed, probable, B-level candidate, or weak-candidate row. Retained as an audit row but deliberately excluded from the six-tier summary.",no
75525,Multimodal analysis of factors influencing LRRK2 related Parkinson Disease Phenotypes,Excluded: ambiguous_multi_application,ambiguous,no,family_ukb-idears,https://github.com/binfnstats/ukb-IDEARS,supporting identity/topic evidence,"Ambiguous attribution from a multi-application family with no confirmed, probable, B-level candidate, or weak-candidate row. Retained as an audit row but deliberately excluded from the six-tier summary.",no
104811,A Phenome-wide Association and Mendelian Randomization Study for Parkinson's disease,Excluded: ambiguous_multi_application,ambiguous,no,family_genetic-survival-analysis-in-ukb; family_t2dm-ukb-predictions,https://github.com/tenayatherapeutics/Genetic-Survival-Analysis-in-UKB; https://github.com/yochaiedlitz/T2DM_UKB_predictions,repository-linked DOI/PMID to UKB publication/application crosswalk; exact repository-publication-application chain,"Ambiguous attribution from a multi-application family with no confirmed, probable, B-level candidate, or weak-candidate row. Retained as an audit row but deliberately excluded from the six-tier summary.",no
