specification,control_definition,design,intervention_date,sample_start,sample_end,term,estimate,std_error,z,p_value,ci_low,ci_high,n_obs,k_params,df_resid,nw_lag,inference
strict,Strict already-RAP-bound control proxy,actual_full,2024-07,2021-10,2026-04,Intercept,0.07196623,1.20901161,0.05952485,0.95253407,-2.29769652,2.44162899,55,15,40,3,"OLS Newey-West HAC (Bartlett, lag 3; no finite-sample scaling)"
strict,Strict already-RAP-bound control proxy,actual_full,2024-07,2021-10,2026-04,Time,0.17344805,0.03908300,4.43794102,0.00000908,0.09684537,0.25005073,55,15,40,3,"OLS Newey-West HAC (Bartlett, lag 3; no finite-sample scaling)"
strict,Strict already-RAP-bound control proxy,actual_full,2024-07,2021-10,2026-04,ArtificialLevel,-4.66365639,1.57286260,-2.96507553,0.00302609,-7.74646708,-1.58084571,55,15,40,3,"OLS Newey-West HAC (Bartlett, lag 3; no finite-sample scaling)"
strict,Strict already-RAP-bound control proxy,actual_full,2024-07,2021-10,2026-04,ArtificialSlope,0.23133310,0.10003700,2.31247540,0.02075150,0.03526058,0.42740563,55,15,40,3,"OLS Newey-West HAC (Bartlett, lag 3; no finite-sample scaling)"
strict,Strict already-RAP-bound control proxy,actual_full,2024-07,2021-10,2026-04,month_02,-1.26598129,1.25426172,-1.00934381,0.31280978,-3.72433426,1.19237167,55,15,40,3,"OLS Newey-West HAC (Bartlett, lag 3; no finite-sample scaling)"
strict,Strict already-RAP-bound control proxy,actual_full,2024-07,2021-10,2026-04,month_03,0.86803741,1.60764824,0.53994238,0.58923677,-2.28295314,4.01902796,55,15,40,3,"OLS Newey-West HAC (Bartlett, lag 3; no finite-sample scaling)"
strict,Strict already-RAP-bound control proxy,actual_full,2024-07,2021-10,2026-04,month_04,-1.99794388,2.05591592,-0.97180233,0.33114890,-6.02753909,2.03165133,55,15,40,3,"OLS Newey-West HAC (Bartlett, lag 3; no finite-sample scaling)"
strict,Strict already-RAP-bound control proxy,actual_full,2024-07,2021-10,2026-04,month_05,-0.57058621,1.42609014,-0.40010529,0.68907897,-3.36572288,2.22455045,55,15,40,3,"OLS Newey-West HAC (Bartlett, lag 3; no finite-sample scaling)"
strict,Strict already-RAP-bound control proxy,actual_full,2024-07,2021-10,2026-04,month_06,-3.80186754,1.89584120,-2.00537236,0.04492325,-7.51771630,-0.08601878,55,15,40,3,"OLS Newey-West HAC (Bartlett, lag 3; no finite-sample scaling)"
strict,Strict already-RAP-bound control proxy,actual_full,2024-07,2021-10,2026-04,month_07,-1.86723477,1.26535702,-1.47565845,0.14003561,-4.34733452,0.61286498,55,15,40,3,"OLS Newey-West HAC (Bartlett, lag 3; no finite-sample scaling)"
strict,Strict already-RAP-bound control proxy,actual_full,2024-07,2021-10,2026-04,month_08,-2.65634938,1.72096769,-1.54352078,0.12270447,-6.02944604,0.71674729,55,15,40,3,"OLS Newey-West HAC (Bartlett, lag 3; no finite-sample scaling)"
strict,Strict already-RAP-bound control proxy,actual_full,2024-07,2021-10,2026-04,month_09,-2.19546398,1.30011880,-1.68866413,0.09128381,-4.74369684,0.35276887,55,15,40,3,"OLS Newey-West HAC (Bartlett, lag 3; no finite-sample scaling)"
strict,Strict already-RAP-bound control proxy,actual_full,2024-07,2021-10,2026-04,month_10,1.19794388,1.49093919,0.80348272,0.42169578,-1.72429693,4.12018470,55,15,40,3,"OLS Newey-West HAC (Bartlett, lag 3; no finite-sample scaling)"
strict,Strict already-RAP-bound control proxy,actual_full,2024-07,2021-10,2026-04,month_11,-1.86803741,2.43398159,-0.76748214,0.44279491,-6.63864133,2.90256651,55,15,40,3,"OLS Newey-West HAC (Bartlett, lag 3; no finite-sample scaling)"
strict,Strict already-RAP-bound control proxy,actual_full,2024-07,2021-10,2026-04,month_12,-0.73401871,1.50846008,-0.48660135,0.62654087,-3.69060046,2.22256305,55,15,40,3,"OLS Newey-West HAC (Bartlett, lag 3; no finite-sample scaling)"
strict,Strict already-RAP-bound control proxy,placebo_all_pre,2022-10,2021-10,2024-06,Intercept,-2.29111282,0.51474964,-4.45092648,0.00000855,-3.30002211,-1.28220352,33,15,18,3,"OLS Newey-West HAC (Bartlett, lag 3; no finite-sample scaling)"
strict,Strict already-RAP-bound control proxy,placebo_all_pre,2022-10,2021-10,2024-06,Time,0.31795331,0.09619598,3.30526608,0.00094886,0.12940919,0.50649742,33,15,18,3,"OLS Newey-West HAC (Bartlett, lag 3; no finite-sample scaling)"
strict,Strict already-RAP-bound control proxy,placebo_all_pre,2022-10,2021-10,2024-06,ArtificialLevel,1.10173824,0.88856083,1.23991313,0.21500753,-0.63984099,2.84331748,33,15,18,3,"OLS Newey-West HAC (Bartlett, lag 3; no finite-sample scaling)"
strict,Strict already-RAP-bound control proxy,placebo_all_pre,2022-10,2021-10,2024-06,ArtificialSlope,-0.25766871,0.09520908,-2.70634600,0.00680281,-0.44427851,-0.07105892,33,15,18,3,"OLS Newey-West HAC (Bartlett, lag 3; no finite-sample scaling)"
strict,Strict already-RAP-bound control proxy,placebo_all_pre,2022-10,2021-10,2024-06,month_02,0.52049250,0.68747388,0.75710877,0.44898470,-0.82695630,1.86794130,33,15,18,3,"OLS Newey-West HAC (Bartlett, lag 3; no finite-sample scaling)"
strict,Strict already-RAP-bound control proxy,placebo_all_pre,2022-10,2021-10,2024-06,month_03,0.70765167,1.23606068,0.57250560,0.56697949,-1.71502727,3.13033061,33,15,18,3,"OLS Newey-West HAC (Bartlett, lag 3; no finite-sample scaling)"
strict,Strict already-RAP-bound control proxy,placebo_all_pre,2022-10,2021-10,2024-06,month_04,-0.43852249,1.02752882,-0.42677391,0.66954401,-2.45247898,1.57543399,33,15,18,3,"OLS Newey-West HAC (Bartlett, lag 3; no finite-sample scaling)"
strict,Strict already-RAP-bound control proxy,placebo_all_pre,2022-10,2021-10,2024-06,month_05,-0.25136333,1.00560351,-0.24996266,0.80261623,-2.22234621,1.71961955,33,15,18,3,"OLS Newey-West HAC (Bartlett, lag 3; no finite-sample scaling)"
strict,Strict already-RAP-bound control proxy,placebo_all_pre,2022-10,2021-10,2024-06,month_06,-4.39753749,0.43676476,-10.06843482,0.00000000,-5.25359642,-3.54147857,33,15,18,3,"OLS Newey-West HAC (Bartlett, lag 3; no finite-sample scaling)"
strict,Strict already-RAP-bound control proxy,placebo_all_pre,2022-10,2021-10,2024-06,month_07,-2.36954669,0.67956228,-3.48687200,0.00048871,-3.70148877,-1.03760462,33,15,18,3,"OLS Newey-West HAC (Bartlett, lag 3; no finite-sample scaling)"
strict,Strict already-RAP-bound control proxy,placebo_all_pre,2022-10,2021-10,2024-06,month_08,-1.55866564,2.43039767,-0.64132124,0.52131399,-6.32224507,3.20491378,33,15,18,3,"OLS Newey-West HAC (Bartlett, lag 3; no finite-sample scaling)"
strict,Strict already-RAP-bound control proxy,placebo_all_pre,2022-10,2021-10,2024-06,month_09,-1.24778459,1.54079767,-0.80983027,0.41803773,-4.26774803,1.77217885,33,15,18,3,"OLS Newey-West HAC (Bartlett, lag 3; no finite-sample scaling)"
strict,Strict already-RAP-bound control proxy,placebo_all_pre,2022-10,2021-10,2024-06,month_10,1.43852249,0.59247731,2.42797905,0.01518322,0.27726697,2.59977802,33,15,18,3,"OLS Newey-West HAC (Bartlett, lag 3; no finite-sample scaling)"
strict,Strict already-RAP-bound control proxy,placebo_all_pre,2022-10,2021-10,2024-06,month_11,2.29234833,0.94615778,2.42279711,0.01540153,0.43787908,4.14681758,33,15,18,3,"OLS Newey-West HAC (Bartlett, lag 3; no finite-sample scaling)"
strict,Strict already-RAP-bound control proxy,placebo_all_pre,2022-10,2021-10,2024-06,month_12,1.81284083,0.67170966,2.69884586,0.00695804,0.49628990,3.12939176,33,15,18,3,"OLS Newey-West HAC (Bartlett, lag 3; no finite-sample scaling)"
strict,Strict already-RAP-bound control proxy,placebo_all_pre,2022-11,2021-10,2024-06,Intercept,-2.61753935,0.47296554,-5.53431305,0.00000003,-3.54455180,-1.69052689,33,15,18,3,"OLS Newey-West HAC (Bartlett, lag 3; no finite-sample scaling)"
strict,Strict already-RAP-bound control proxy,placebo_all_pre,2022-11,2021-10,2024-06,Time,0.41378370,0.07095322,5.83178175,0.00000001,0.27471539,0.55285201,33,15,18,3,"OLS Newey-West HAC (Bartlett, lag 3; no finite-sample scaling)"
strict,Strict already-RAP-bound control proxy,placebo_all_pre,2022-11,2021-10,2024-06,ArtificialLevel,-0.21154745,0.93058569,-0.22732721,0.82016931,-2.03549541,1.61240050,33,15,18,3,"OLS Newey-West HAC (Bartlett, lag 3; no finite-sample scaling)"
strict,Strict already-RAP-bound control proxy,placebo_all_pre,2022-11,2021-10,2024-06,ArtificialSlope,-0.33403460,0.07126889,-4.68696206,0.00000277,-0.47372163,-0.19434757,33,15,18,3,"OLS Newey-West HAC (Bartlett, lag 3; no finite-sample scaling)"
strict,Strict already-RAP-bound control proxy,placebo_all_pre,2022-11,2021-10,2024-06,month_02,0.47557270,0.66662006,0.71340892,0.47559276,-0.83100262,1.78214802,33,15,18,3,"OLS Newey-West HAC (Bartlett, lag 3; no finite-sample scaling)"
strict,Strict already-RAP-bound control proxy,placebo_all_pre,2022-11,2021-10,2024-06,month_03,0.61781206,1.27299942,0.48531999,0.62744938,-1.87726681,3.11289093,33,15,18,3,"OLS Newey-West HAC (Bartlett, lag 3; no finite-sample scaling)"
strict,Strict already-RAP-bound control proxy,placebo_all_pre,2022-11,2021-10,2024-06,month_04,-0.57328191,1.05310275,-0.54437414,0.58618403,-2.63736329,1.49079948,33,15,18,3,"OLS Newey-West HAC (Bartlett, lag 3; no finite-sample scaling)"
strict,Strict already-RAP-bound control proxy,placebo_all_pre,2022-11,2021-10,2024-06,month_05,-0.43104254,0.93370156,-0.46164916,0.64433293,-2.26109760,1.39901252,33,15,18,3,"OLS Newey-West HAC (Bartlett, lag 3; no finite-sample scaling)"
strict,Strict already-RAP-bound control proxy,placebo_all_pre,2022-11,2021-10,2024-06,month_06,-4.62213651,0.41443476,-11.15286879,0.00000000,-5.43442864,-3.80984438,33,15,18,3,"OLS Newey-West HAC (Bartlett, lag 3; no finite-sample scaling)"
strict,Strict already-RAP-bound control proxy,placebo_all_pre,2022-11,2021-10,2024-06,month_07,-2.64730404,0.48527861,-5.45522507,0.00000005,-3.59845011,-1.69615796,33,15,18,3,"OLS Newey-West HAC (Bartlett, lag 3; no finite-sample scaling)"
strict,Strict already-RAP-bound control proxy,placebo_all_pre,2022-11,2021-10,2024-06,month_08,-1.89407044,2.63348156,-0.71922677,0.47200121,-7.05569429,3.26755341,33,15,18,3,"OLS Newey-West HAC (Bartlett, lag 3; no finite-sample scaling)"
strict,Strict already-RAP-bound control proxy,placebo_all_pre,2022-11,2021-10,2024-06,month_09,-1.64083684,1.22294721,-1.34170700,0.17969102,-4.03781338,0.75613970,33,15,18,3,"OLS Newey-West HAC (Bartlett, lag 3; no finite-sample scaling)"
strict,Strict already-RAP-bound control proxy,placebo_all_pre,2022-11,2021-10,2024-06,month_10,1.61411096,0.60624099,2.66249065,0.00775647,0.42587862,2.80234329,33,15,18,3,"OLS Newey-West HAC (Bartlett, lag 3; no finite-sample scaling)"
strict,Strict already-RAP-bound control proxy,placebo_all_pre,2022-11,2021-10,2024-06,month_11,2.38218794,0.87301503,2.72869063,0.00635863,0.67107847,4.09329740,33,15,18,3,"OLS Newey-West HAC (Bartlett, lag 3; no finite-sample scaling)"
strict,Strict already-RAP-bound control proxy,placebo_all_pre,2022-11,2021-10,2024-06,month_12,1.85776064,0.68429905,2.71483736,0.00663083,0.51653449,3.19898678,33,15,18,3,"OLS Newey-West HAC (Bartlett, lag 3; no finite-sample scaling)"
strict,Strict already-RAP-bound control proxy,placebo_all_pre,2022-12,2021-10,2024-06,Intercept,-2.52050227,0.45740046,-5.51049352,0.00000004,-3.41700717,-1.62399737,33,15,18,3,"OLS Newey-West HAC (Bartlett, lag 3; no finite-sample scaling)"
strict,Strict already-RAP-bound control proxy,placebo_all_pre,2022-12,2021-10,2024-06,Time,0.37286385,0.05129994,7.26831027,0.00000000,0.27231598,0.47341173,33,15,18,3,"OLS Newey-West HAC (Bartlett, lag 3; no finite-sample scaling)"
strict,Strict already-RAP-bound control proxy,placebo_all_pre,2022-12,2021-10,2024-06,ArtificialLevel,0.07368521,0.69649143,0.10579485,0.91574512,-1.29143799,1.43880841,33,15,18,3,"OLS Newey-West HAC (Bartlett, lag 3; no finite-sample scaling)"
strict,Strict already-RAP-bound control proxy,placebo_all_pre,2022-12,2021-10,2024-06,ArtificialSlope,-0.31176693,0.06776059,-4.60100657,0.00000420,-0.44457769,-0.17895617,33,15,18,3,"OLS Newey-West HAC (Bartlett, lag 3; no finite-sample scaling)"
strict,Strict already-RAP-bound control proxy,placebo_all_pre,2022-12,2021-10,2024-06,month_02,0.50164743,0.67094085,0.74767758,0.45465466,-0.81339663,1.81669150,33,15,18,3,"OLS Newey-West HAC (Bartlett, lag 3; no finite-sample scaling)"
strict,Strict already-RAP-bound control proxy,placebo_all_pre,2022-12,2021-10,2024-06,month_03,0.66996153,1.24934387,0.53625070,0.59178529,-1.77875246,3.11867553,33,15,18,3,"OLS Newey-West HAC (Bartlett, lag 3; no finite-sample scaling)"
strict,Strict already-RAP-bound control proxy,placebo_all_pre,2022-12,2021-10,2024-06,month_04,-0.49505770,1.04164527,-0.47526515,0.63459799,-2.53668243,1.54656703,33,15,18,3,"OLS Newey-West HAC (Bartlett, lag 3; no finite-sample scaling)"
strict,Strict already-RAP-bound control proxy,placebo_all_pre,2022-12,2021-10,2024-06,month_05,-0.32674360,0.97046461,-0.33668781,0.73635226,-2.22885423,1.57536703,33,15,18,3,"OLS Newey-West HAC (Bartlett, lag 3; no finite-sample scaling)"
strict,Strict already-RAP-bound control proxy,placebo_all_pre,2022-12,2021-10,2024-06,month_06,-4.49176283,0.39337569,-11.41850630,0.00000000,-5.26277919,-3.72074647,33,15,18,3,"OLS Newey-West HAC (Bartlett, lag 3; no finite-sample scaling)"
strict,Strict already-RAP-bound control proxy,placebo_all_pre,2022-12,2021-10,2024-06,month_07,-2.51811389,0.58841755,-4.27946770,0.00001873,-3.67141228,-1.36481549,33,15,18,3,"OLS Newey-West HAC (Bartlett, lag 3; no finite-sample scaling)"
strict,Strict already-RAP-bound control proxy,placebo_all_pre,2022-12,2021-10,2024-06,month_08,-1.73509427,2.52808258,-0.68632816,0.49250619,-6.69013614,3.21994759,33,15,18,3,"OLS Newey-West HAC (Bartlett, lag 3; no finite-sample scaling)"
strict,Strict already-RAP-bound control proxy,placebo_all_pre,2022-12,2021-10,2024-06,month_09,-1.45207466,1.32166852,-1.09866781,0.27191299,-4.04254496,1.13839563,33,15,18,3,"OLS Newey-West HAC (Bartlett, lag 3; no finite-sample scaling)"
strict,Strict already-RAP-bound control proxy,placebo_all_pre,2022-12,2021-10,2024-06,month_10,1.72746406,0.70554573,2.44840834,0.01434889,0.34459442,3.11033369,33,15,18,3,"OLS Newey-West HAC (Bartlett, lag 3; no finite-sample scaling)"
strict,Strict already-RAP-bound control proxy,placebo_all_pre,2022-12,2021-10,2024-06,month_11,2.45852251,0.96731797,2.54158672,0.01103506,0.56257929,4.35446574,33,15,18,3,"OLS Newey-West HAC (Bartlett, lag 3; no finite-sample scaling)"
strict,Strict already-RAP-bound control proxy,placebo_all_pre,2022-12,2021-10,2024-06,month_12,1.83168590,0.70891775,2.58377774,0.00977247,0.44220711,3.22116469,33,15,18,3,"OLS Newey-West HAC (Bartlett, lag 3; no finite-sample scaling)"
strict,Strict already-RAP-bound control proxy,placebo_all_pre,2023-01,2021-10,2024-06,Intercept,-2.47248797,0.51013764,-4.84670757,0.00000126,-3.47235775,-1.47261819,33,15,18,3,"OLS Newey-West HAC (Bartlett, lag 3; no finite-sample scaling)"
strict,Strict already-RAP-bound control proxy,placebo_all_pre,2023-01,2021-10,2024-06,Time,0.32789247,0.05431184,6.03721860,0.00000000,0.22144126,0.43434368,33,15,18,3,"OLS Newey-West HAC (Bartlett, lag 3; no finite-sample scaling)"
strict,Strict already-RAP-bound control proxy,placebo_all_pre,2023-01,2021-10,2024-06,ArtificialLevel,0.64081907,0.49196529,1.30256968,0.19272172,-0.32343290,1.60507103,33,15,18,3,"OLS Newey-West HAC (Bartlett, lag 3; no finite-sample scaling)"
strict,Strict already-RAP-bound control proxy,placebo_all_pre,2023-01,2021-10,2024-06,ArtificialSlope,-0.30161128,0.06744933,-4.47167193,0.00000776,-0.43381197,-0.16941059,33,15,18,3,"OLS Newey-West HAC (Bartlett, lag 3; no finite-sample scaling)"
strict,Strict already-RAP-bound control proxy,placebo_all_pre,2023-01,2021-10,2024-06,month_02,0.53984838,0.70048362,0.77067952,0.44089691,-0.83309951,1.91279628,33,15,18,3,"OLS Newey-West HAC (Bartlett, lag 3; no finite-sample scaling)"
strict,Strict already-RAP-bound control proxy,placebo_all_pre,2023-01,2021-10,2024-06,month_03,0.74636343,1.22440941,0.60957016,0.54214659,-1.65347900,3.14620587,33,15,18,3,"OLS Newey-West HAC (Bartlett, lag 3; no finite-sample scaling)"
strict,Strict already-RAP-bound control proxy,placebo_all_pre,2023-01,2021-10,2024-06,month_04,-0.38045485,1.05457385,-0.36076644,0.71827406,-2.44741960,1.68650990,33,15,18,3,"OLS Newey-West HAC (Bartlett, lag 3; no finite-sample scaling)"
strict,Strict already-RAP-bound control proxy,placebo_all_pre,2023-01,2021-10,2024-06,month_05,-0.17393980,1.06174941,-0.16382378,0.86986987,-2.25496864,1.90708903,33,15,18,3,"OLS Newey-West HAC (Bartlett, lag 3; no finite-sample scaling)"
strict,Strict already-RAP-bound control proxy,placebo_all_pre,2023-01,2021-10,2024-06,month_06,-4.30075808,0.47213948,-9.10908373,0.00000000,-5.22615147,-3.37536470,33,15,18,3,"OLS Newey-West HAC (Bartlett, lag 3; no finite-sample scaling)"
strict,Strict already-RAP-bound control proxy,placebo_all_pre,2023-01,2021-10,2024-06,month_07,-2.36147477,0.77721918,-3.03836400,0.00237866,-3.88482436,-0.83812518,33,15,18,3,"OLS Newey-West HAC (Bartlett, lag 3; no finite-sample scaling)"
strict,Strict already-RAP-bound control proxy,placebo_all_pre,2023-01,2021-10,2024-06,month_08,-1.53856160,2.40503864,-0.63972427,0.52235187,-6.25243733,3.17531413,33,15,18,3,"OLS Newey-West HAC (Bartlett, lag 3; no finite-sample scaling)"
strict,Strict already-RAP-bound control proxy,placebo_all_pre,2023-01,2021-10,2024-06,month_09,-1.21564843,1.51727497,-0.80120509,0.42301292,-4.18950736,1.75821051,33,15,18,3,"OLS Newey-West HAC (Bartlett, lag 3; no finite-sample scaling)"
strict,Strict already-RAP-bound control proxy,placebo_all_pre,2023-01,2021-10,2024-06,month_10,1.89567249,0.90037537,2.10542463,0.03525436,0.13093675,3.66040822,33,15,18,3,"OLS Newey-West HAC (Bartlett, lag 3; no finite-sample scaling)"
strict,Strict already-RAP-bound control proxy,placebo_all_pre,2023-01,2021-10,2024-06,month_11,2.66831711,0.93928340,2.84080089,0.00450004,0.82732165,4.50931256,33,15,18,3,"OLS Newey-West HAC (Bartlett, lag 3; no finite-sample scaling)"
strict,Strict already-RAP-bound control proxy,placebo_all_pre,2023-01,2021-10,2024-06,month_12,2.10762840,0.66094302,3.18882012,0.00142855,0.81218008,3.40307672,33,15,18,3,"OLS Newey-West HAC (Bartlett, lag 3; no finite-sample scaling)"
strict,Strict already-RAP-bound control proxy,placebo_all_pre,2023-02,2021-10,2024-06,Intercept,-2.15805397,0.40606024,-5.31461529,0.00000011,-2.95393204,-1.36217589,33,15,18,3,"OLS Newey-West HAC (Bartlett, lag 3; no finite-sample scaling)"
strict,Strict already-RAP-bound control proxy,placebo_all_pre,2023-02,2021-10,2024-06,Time,0.31448602,0.04766130,6.59835196,0.00000000,0.22106987,0.40790216,33,15,18,3,"OLS Newey-West HAC (Bartlett, lag 3; no finite-sample scaling)"
strict,Strict already-RAP-bound control proxy,placebo_all_pre,2023-02,2021-10,2024-06,ArtificialLevel,0.79671115,0.55520746,1.43497919,0.15129303,-0.29149547,1.88491777,33,15,18,3,"OLS Newey-West HAC (Bartlett, lag 3; no finite-sample scaling)"
strict,Strict already-RAP-bound control proxy,placebo_all_pre,2023-02,2021-10,2024-06,ArtificialSlope,-0.31585637,0.05688015,-5.55301593,0.00000003,-0.42734146,-0.20437128,33,15,18,3,"OLS Newey-West HAC (Bartlett, lag 3; no finite-sample scaling)"
strict,Strict already-RAP-bound control proxy,placebo_all_pre,2023-02,2021-10,2024-06,month_02,0.19189572,0.69076228,0.27780284,0.78116371,-1.16199835,1.54578979,33,15,18,3,"OLS Newey-West HAC (Bartlett, lag 3; no finite-sample scaling)"
strict,Strict already-RAP-bound control proxy,placebo_all_pre,2023-02,2021-10,2024-06,month_03,0.42131395,0.98530215,0.42759873,0.66894329,-1.50987827,2.35250617,33,15,18,3,"OLS Newey-West HAC (Bartlett, lag 3; no finite-sample scaling)"
strict,Strict already-RAP-bound control proxy,placebo_all_pre,2023-02,2021-10,2024-06,month_04,-0.68260115,0.98571815,-0.69249121,0.48862890,-2.61460872,1.24940641,33,15,18,3,"OLS Newey-West HAC (Bartlett, lag 3; no finite-sample scaling)"
strict,Strict already-RAP-bound control proxy,placebo_all_pre,2023-02,2021-10,2024-06,month_05,-0.45318293,1.01611637,-0.44599510,0.65560078,-2.44477100,1.53840515,33,15,18,3,"OLS Newey-West HAC (Bartlett, lag 3; no finite-sample scaling)"
strict,Strict already-RAP-bound control proxy,placebo_all_pre,2023-02,2021-10,2024-06,month_06,-4.55709803,0.24588990,-18.53308337,0.00000000,-5.03904224,-4.07515382,33,15,18,3,"OLS Newey-West HAC (Bartlett, lag 3; no finite-sample scaling)"
strict,Strict already-RAP-bound control proxy,placebo_all_pre,2023-02,2021-10,2024-06,month_07,-2.66795096,0.72585251,-3.67561029,0.00023728,-4.09062188,-1.24528004,33,15,18,3,"OLS Newey-West HAC (Bartlett, lag 3; no finite-sample scaling)"
strict,Strict already-RAP-bound control proxy,placebo_all_pre,2023-02,2021-10,2024-06,month_08,-1.82450879,2.25304549,-0.80979670,0.41805703,-6.24047795,2.59146037,33,15,18,3,"OLS Newey-West HAC (Bartlett, lag 3; no finite-sample scaling)"
strict,Strict already-RAP-bound control proxy,placebo_all_pre,2023-02,2021-10,2024-06,month_09,-1.48106662,1.55458915,-0.95270614,0.34073898,-4.52806136,1.56592811,33,15,18,3,"OLS Newey-West HAC (Bartlett, lag 3; no finite-sample scaling)"
strict,Strict already-RAP-bound control proxy,placebo_all_pre,2023-02,2021-10,2024-06,month_10,1.62760168,0.84242077,1.93205312,0.05335295,-0.02354303,3.27874640,33,15,18,3,"OLS Newey-West HAC (Bartlett, lag 3; no finite-sample scaling)"
strict,Strict already-RAP-bound control proxy,placebo_all_pre,2023-02,2021-10,2024-06,month_11,2.41840112,0.82262196,2.93986939,0.00328351,0.80606208,4.03074017,33,15,18,3,"OLS Newey-West HAC (Bartlett, lag 3; no finite-sample scaling)"
strict,Strict already-RAP-bound control proxy,placebo_all_pre,2023-02,2021-10,2024-06,month_12,1.87586723,0.62651438,2.99413275,0.00275226,0.64789904,3.10383541,33,15,18,3,"OLS Newey-West HAC (Bartlett, lag 3; no finite-sample scaling)"
strict,Strict already-RAP-bound control proxy,placebo_all_pre,2023-03,2021-10,2024-06,Intercept,-2.12421221,0.37885298,-5.60695653,0.00000002,-2.86676406,-1.38166036,33,15,18,3,"OLS Newey-West HAC (Bartlett, lag 3; no finite-sample scaling)"
strict,Strict already-RAP-bound control proxy,placebo_all_pre,2023-03,2021-10,2024-06,Time,0.30987846,0.04362117,7.10385424,0.00000000,0.22438096,0.39537595,33,15,18,3,"OLS Newey-West HAC (Bartlett, lag 3; no finite-sample scaling)"
strict,Strict already-RAP-bound control proxy,placebo_all_pre,2023-03,2021-10,2024-06,ArtificialLevel,0.80592628,0.74568023,1.08079340,0.27978902,-0.65560698,2.26745954,33,15,18,3,"OLS Newey-West HAC (Bartlett, lag 3; no finite-sample scaling)"
strict,Strict already-RAP-bound control proxy,placebo_all_pre,2023-03,2021-10,2024-06,ArtificialSlope,-0.33778201,0.05246234,-6.43856200,0.00000000,-0.44060820,-0.23495583,33,15,18,3,"OLS Newey-West HAC (Bartlett, lag 3; no finite-sample scaling)"
strict,Strict already-RAP-bound control proxy,placebo_all_pre,2023-03,2021-10,2024-06,month_02,0.46938222,0.65569990,0.71584915,0.47408450,-0.81578959,1.75455402,33,15,18,3,"OLS Newey-West HAC (Bartlett, lag 3; no finite-sample scaling)"
strict,Strict already-RAP-bound control proxy,placebo_all_pre,2023-03,2021-10,2024-06,month_03,0.33678901,0.93537659,0.36005712,0.71880441,-1.49654911,2.17012712,33,15,18,3,"OLS Newey-West HAC (Bartlett, lag 3; no finite-sample scaling)"
strict,Strict already-RAP-bound control proxy,placebo_all_pre,2023-03,2021-10,2024-06,month_04,-0.74790144,1.03469698,-0.72282171,0.46978943,-2.77590752,1.28010464,33,15,18,3,"OLS Newey-West HAC (Bartlett, lag 3; no finite-sample scaling)"
strict,Strict already-RAP-bound control proxy,placebo_all_pre,2023-03,2021-10,2024-06,month_05,-0.49925855,1.02070803,-0.48912964,0.62474992,-2.49984630,1.50132919,33,15,18,3,"OLS Newey-West HAC (Bartlett, lag 3; no finite-sample scaling)"
strict,Strict already-RAP-bound control proxy,placebo_all_pre,2023-03,2021-10,2024-06,month_06,-4.58394900,0.24747503,-18.52287493,0.00000000,-5.06900005,-4.09889794,33,15,18,3,"OLS Newey-West HAC (Bartlett, lag 3; no finite-sample scaling)"
strict,Strict already-RAP-bound control proxy,placebo_all_pre,2023-03,2021-10,2024-06,month_07,-2.75136373,0.76834836,-3.58088061,0.00034244,-4.25732651,-1.24540095,33,15,18,3,"OLS Newey-West HAC (Bartlett, lag 3; no finite-sample scaling)"
strict,Strict already-RAP-bound control proxy,placebo_all_pre,2023-03,2021-10,2024-06,month_08,-1.89235118,2.20085405,-0.85982584,0.38988505,-6.20602512,2.42132275,33,15,18,3,"OLS Newey-West HAC (Bartlett, lag 3; no finite-sample scaling)"
strict,Strict already-RAP-bound control proxy,placebo_all_pre,2023-03,2021-10,2024-06,month_09,-1.53333863,1.59813764,-0.95945342,0.33733037,-4.66568840,1.59901114,33,15,18,3,"OLS Newey-West HAC (Bartlett, lag 3; no finite-sample scaling)"
strict,Strict already-RAP-bound control proxy,placebo_all_pre,2023-03,2021-10,2024-06,month_10,1.59185335,0.86167478,1.84739462,0.06468997,-0.09702922,3.28073592,33,15,18,3,"OLS Newey-West HAC (Bartlett, lag 3; no finite-sample scaling)"
strict,Strict already-RAP-bound control proxy,placebo_all_pre,2023-03,2021-10,2024-06,month_11,2.39456890,0.81652491,2.93263424,0.00336100,0.79418008,3.99495772,33,15,18,3,"OLS Newey-West HAC (Bartlett, lag 3; no finite-sample scaling)"
strict,Strict already-RAP-bound control proxy,placebo_all_pre,2023-03,2021-10,2024-06,month_12,1.86395112,0.62054705,3.00372248,0.00266698,0.64767890,3.08022333,33,15,18,3,"OLS Newey-West HAC (Bartlett, lag 3; no finite-sample scaling)"
strict,Strict already-RAP-bound control proxy,placebo_all_pre,2023-04,2021-10,2024-06,Intercept,-2.46860664,0.47283764,-5.22083355,0.00000018,-3.39536842,-1.54184485,33,15,18,3,"OLS Newey-West HAC (Bartlett, lag 3; no finite-sample scaling)"
strict,Strict already-RAP-bound control proxy,placebo_all_pre,2023-04,2021-10,2024-06,Time,0.35541149,0.04379371,8.11558333,0.00000000,0.26957582,0.44124716,33,15,18,3,"OLS Newey-West HAC (Bartlett, lag 3; no finite-sample scaling)"
strict,Strict already-RAP-bound control proxy,placebo_all_pre,2023-04,2021-10,2024-06,ArtificialLevel,-0.61488755,0.59633058,-1.03111860,0.30248521,-1.78369547,0.55392038,33,15,18,3,"OLS Newey-West HAC (Bartlett, lag 3; no finite-sample scaling)"
strict,Strict already-RAP-bound control proxy,placebo_all_pre,2023-04,2021-10,2024-06,ArtificialSlope,-0.33031219,0.05197128,-6.35566786,0.00000000,-0.43217589,-0.22844848,33,15,18,3,"OLS Newey-West HAC (Bartlett, lag 3; no finite-sample scaling)"
strict,Strict already-RAP-bound control proxy,placebo_all_pre,2023-04,2021-10,2024-06,month_02,0.42135924,0.68168488,0.61811439,0.53649993,-0.91474313,1.75746160,33,15,18,3,"OLS Newey-West HAC (Bartlett, lag 3; no finite-sample scaling)"
strict,Strict already-RAP-bound control proxy,placebo_all_pre,2023-04,2021-10,2024-06,month_03,0.50938514,1.07959326,0.47183060,0.63704771,-1.60661766,2.62538794,33,15,18,3,"OLS Newey-West HAC (Bartlett, lag 3; no finite-sample scaling)"
strict,Strict already-RAP-bound control proxy,placebo_all_pre,2023-04,2021-10,2024-06,month_04,-0.53095977,1.04276845,-0.50918282,0.61062409,-2.57478593,1.51286638,33,15,18,3,"OLS Newey-West HAC (Bartlett, lag 3; no finite-sample scaling)"
strict,Strict already-RAP-bound control proxy,placebo_all_pre,2023-04,2021-10,2024-06,month_05,-0.33282981,0.99963796,-0.33295035,0.73917176,-2.29212020,1.62646059,33,15,18,3,"OLS Newey-West HAC (Bartlett, lag 3; no finite-sample scaling)"
strict,Strict already-RAP-bound control proxy,placebo_all_pre,2023-04,2021-10,2024-06,month_06,-4.46803318,0.35229659,-12.68258994,0.00000000,-5.15853449,-3.77753186,33,15,18,3,"OLS Newey-West HAC (Bartlett, lag 3; no finite-sample scaling)"
strict,Strict already-RAP-bound control proxy,placebo_all_pre,2023-04,2021-10,2024-06,month_07,-2.55965369,0.67153877,-3.81162457,0.00013806,-3.87586968,-1.24343769,33,15,18,3,"OLS Newey-West HAC (Bartlett, lag 3; no finite-sample scaling)"
strict,Strict already-RAP-bound control proxy,placebo_all_pre,2023-04,2021-10,2024-06,month_08,-1.74990909,2.38720811,-0.73303583,0.46353657,-6.42883698,2.92901881,33,15,18,3,"OLS Newey-West HAC (Bartlett, lag 3; no finite-sample scaling)"
strict,Strict already-RAP-bound control proxy,placebo_all_pre,2023-04,2021-10,2024-06,month_09,-1.44016448,1.45844750,-0.98746406,0.32341519,-4.29872158,1.41839261,33,15,18,3,"OLS Newey-West HAC (Bartlett, lag 3; no finite-sample scaling)"
strict,Strict already-RAP-bound control proxy,placebo_all_pre,2023-04,2021-10,2024-06,month_10,1.73592229,0.79522240,2.18293937,0.02904028,0.17728638,3.29455820,33,15,18,3,"OLS Newey-West HAC (Bartlett, lag 3; no finite-sample scaling)"
strict,Strict already-RAP-bound control proxy,placebo_all_pre,2023-04,2021-10,2024-06,month_11,2.49061486,0.86270071,2.88699759,0.00388937,0.79972148,4.18150824,33,15,18,3,"OLS Newey-West HAC (Bartlett, lag 3; no finite-sample scaling)"
strict,Strict already-RAP-bound control proxy,placebo_all_pre,2023-04,2021-10,2024-06,month_12,1.91197410,0.66555835,2.87273700,0.00406933,0.60747973,3.21646846,33,15,18,3,"OLS Newey-West HAC (Bartlett, lag 3; no finite-sample scaling)"
strict,Strict already-RAP-bound control proxy,placebo_all_pre,2023-05,2021-10,2024-06,Intercept,-2.43688517,0.45897509,-5.30940620,0.00000011,-3.33647634,-1.53729400,33,15,18,3,"OLS Newey-West HAC (Bartlett, lag 3; no finite-sample scaling)"
strict,Strict already-RAP-bound control proxy,placebo_all_pre,2023-05,2021-10,2024-06,Time,0.35132898,0.04111304,8.54543950,0.00000000,0.27074743,0.43191054,33,15,18,3,"OLS Newey-West HAC (Bartlett, lag 3; no finite-sample scaling)"
strict,Strict already-RAP-bound control proxy,placebo_all_pre,2023-05,2021-10,2024-06,ArtificialLevel,-0.99290579,0.78121156,-1.27098194,0.20373507,-2.52408045,0.53826887,33,15,18,3,"OLS Newey-West HAC (Bartlett, lag 3; no finite-sample scaling)"
strict,Strict already-RAP-bound control proxy,placebo_all_pre,2023-05,2021-10,2024-06,ArtificialSlope,-0.31328036,0.05312972,-5.89651854,0.00000000,-0.41741461,-0.20914612,33,15,18,3,"OLS Newey-West HAC (Bartlett, lag 3; no finite-sample scaling)"
strict,Strict already-RAP-bound control proxy,placebo_all_pre,2023-05,2021-10,2024-06,month_02,0.41976447,0.67092497,0.62565040,0.53154427,-0.89524846,1.73477740,33,15,18,3,"OLS Newey-West HAC (Bartlett, lag 3; no finite-sample scaling)"
strict,Strict already-RAP-bound control proxy,placebo_all_pre,2023-05,2021-10,2024-06,month_03,0.50619561,1.09617917,0.46178182,0.64423779,-1.64231557,2.65470679,33,15,18,3,"OLS Newey-West HAC (Bartlett, lag 3; no finite-sample scaling)"
strict,Strict already-RAP-bound control proxy,placebo_all_pre,2023-05,2021-10,2024-06,month_04,-0.74070658,1.06938819,-0.69264519,0.48853225,-2.83670744,1.35529427,33,15,18,3,"OLS Newey-West HAC (Bartlett, lag 3; no finite-sample scaling)"
strict,Strict already-RAP-bound control proxy,placebo_all_pre,2023-05,2021-10,2024-06,month_05,-0.32330685,1.05713057,-0.30583436,0.75973077,-2.39528277,1.74866908,33,15,18,3,"OLS Newey-West HAC (Bartlett, lag 3; no finite-sample scaling)"
strict,Strict already-RAP-bound control proxy,placebo_all_pre,2023-05,2021-10,2024-06,month_06,-4.46578226,0.36464735,-12.24685251,0.00000000,-5.18049105,-3.75107346,33,15,18,3,"OLS Newey-West HAC (Bartlett, lag 3; no finite-sample scaling)"
strict,Strict already-RAP-bound control proxy,placebo_all_pre,2023-05,2021-10,2024-06,month_07,-2.52331631,0.67274333,-3.75078608,0.00017628,-3.84189323,-1.20473939,33,15,18,3,"OLS Newey-West HAC (Bartlett, lag 3; no finite-sample scaling)"
strict,Strict already-RAP-bound control proxy,placebo_all_pre,2023-05,2021-10,2024-06,month_08,-1.71800511,2.40053570,-0.71567572,0.47419161,-6.42305507,2.98704486,33,15,18,3,"OLS Newey-West HAC (Bartlett, lag 3; no finite-sample scaling)"
strict,Strict already-RAP-bound control proxy,placebo_all_pre,2023-05,2021-10,2024-06,month_09,-1.41269391,1.45023578,-0.97411326,0.33000030,-4.25515603,1.42976822,33,15,18,3,"OLS Newey-West HAC (Bartlett, lag 3; no finite-sample scaling)"
strict,Strict already-RAP-bound control proxy,placebo_all_pre,2023-05,2021-10,2024-06,month_10,1.74070658,0.79324837,2.19440297,0.02820645,0.18593977,3.29547339,33,15,18,3,"OLS Newey-West HAC (Bartlett, lag 3; no finite-sample scaling)"
strict,Strict already-RAP-bound control proxy,placebo_all_pre,2023-05,2021-10,2024-06,month_11,2.49380439,0.86720238,2.87568905,0.00403147,0.79408772,4.19352105,33,15,18,3,"OLS Newey-West HAC (Bartlett, lag 3; no finite-sample scaling)"
strict,Strict already-RAP-bound control proxy,placebo_all_pre,2023-05,2021-10,2024-06,month_12,1.91356886,0.65955383,2.90130807,0.00371608,0.62084335,3.20629438,33,15,18,3,"OLS Newey-West HAC (Bartlett, lag 3; no finite-sample scaling)"
strict,Strict already-RAP-bound control proxy,placebo_all_pre,2023-06,2021-10,2024-06,Intercept,-2.22501753,0.38930948,-5.71529248,0.00000001,-2.98806411,-1.46197095,33,15,18,3,"OLS Newey-West HAC (Bartlett, lag 3; no finite-sample scaling)"
strict,Strict already-RAP-bound control proxy,placebo_all_pre,2023-06,2021-10,2024-06,Time,0.32325269,0.03268550,9.88978735,0.00000000,0.25918910,0.38731628,33,15,18,3,"OLS Newey-West HAC (Bartlett, lag 3; no finite-sample scaling)"
strict,Strict already-RAP-bound control proxy,placebo_all_pre,2023-06,2021-10,2024-06,ArtificialLevel,-0.57398317,0.62678728,-0.91575433,0.35979576,-1.80248624,0.65451990,33,15,18,3,"OLS Newey-West HAC (Bartlett, lag 3; no finite-sample scaling)"
strict,Strict already-RAP-bound control proxy,placebo_all_pre,2023-06,2021-10,2024-06,ArtificialSlope,-0.32819074,0.05625113,-5.83438444,0.00000001,-0.43844297,-0.21793852,33,15,18,3,"OLS Newey-West HAC (Bartlett, lag 3; no finite-sample scaling)"
strict,Strict already-RAP-bound control proxy,placebo_all_pre,2023-06,2021-10,2024-06,month_02,0.45281089,0.64837679,0.69837616,0.48494198,-0.81800761,1.72362939,33,15,18,3,"OLS Newey-West HAC (Bartlett, lag 3; no finite-sample scaling)"
strict,Strict already-RAP-bound control proxy,placebo_all_pre,2023-06,2021-10,2024-06,month_03,0.57228845,1.11474178,0.51338208,0.60768408,-1.61260543,2.75718234,33,15,18,3,"OLS Newey-West HAC (Bartlett, lag 3; no finite-sample scaling)"
strict,Strict already-RAP-bound control proxy,placebo_all_pre,2023-06,2021-10,2024-06,month_04,-0.64156732,1.01494665,-0.63211926,0.52730895,-2.63086275,1.34772810,33,15,18,3,"OLS Newey-West HAC (Bartlett, lag 3; no finite-sample scaling)"
strict,Strict already-RAP-bound control proxy,placebo_all_pre,2023-06,2021-10,2024-06,month_05,-0.52208976,1.07491283,-0.48570428,0.62717685,-2.62891892,1.58473939,33,15,18,3,"OLS Newey-West HAC (Bartlett, lag 3; no finite-sample scaling)"
strict,Strict already-RAP-bound control proxy,placebo_all_pre,2023-06,2021-10,2024-06,month_06,-4.54461781,0.27632455,-16.44666713,0.00000000,-5.08621392,-4.00302170,33,15,18,3,"OLS Newey-West HAC (Bartlett, lag 3; no finite-sample scaling)"
strict,Strict already-RAP-bound control proxy,placebo_all_pre,2023-06,2021-10,2024-06,month_07,-2.67268583,0.72278689,-3.69775084,0.00021752,-4.08934814,-1.25602353,33,15,18,3,"OLS Newey-West HAC (Bartlett, lag 3; no finite-sample scaling)"
strict,Strict already-RAP-bound control proxy,placebo_all_pre,2023-06,2021-10,2024-06,month_08,-1.83184315,2.27800678,-0.80414298,0.42131441,-6.29673643,2.63305013,33,15,18,3,"OLS Newey-West HAC (Bartlett, lag 3; no finite-sample scaling)"
strict,Strict already-RAP-bound control proxy,placebo_all_pre,2023-06,2021-10,2024-06,month_09,-1.49100047,1.55094106,-0.96135211,0.33637515,-4.53084495,1.54884402,33,15,18,3,"OLS Newey-West HAC (Bartlett, lag 3; no finite-sample scaling)"
strict,Strict already-RAP-bound control proxy,placebo_all_pre,2023-06,2021-10,2024-06,month_10,1.64156732,0.83830876,1.95818939,0.05020779,-0.00151785,3.28465249,33,15,18,3,"OLS Newey-West HAC (Bartlett, lag 3; no finite-sample scaling)"
strict,Strict already-RAP-bound control proxy,placebo_all_pre,2023-06,2021-10,2024-06,month_11,2.42771155,0.83582250,2.90457787,0.00367749,0.78949944,4.06592366,33,15,18,3,"OLS Newey-West HAC (Bartlett, lag 3; no finite-sample scaling)"
strict,Strict already-RAP-bound control proxy,placebo_all_pre,2023-06,2021-10,2024-06,month_12,1.88052244,0.63249239,2.97319379,0.00294718,0.64083736,3.12020752,33,15,18,3,"OLS Newey-West HAC (Bartlett, lag 3; no finite-sample scaling)"
strict,Strict already-RAP-bound control proxy,placebo_all_pre,2023-07,2021-10,2024-06,Intercept,-2.16428085,0.37353562,-5.79404132,0.00000001,-2.89641067,-1.43215102,33,15,18,3,"OLS Newey-West HAC (Bartlett, lag 3; no finite-sample scaling)"
strict,Strict already-RAP-bound control proxy,placebo_all_pre,2023-07,2021-10,2024-06,Time,0.31526926,0.03144195,10.02702670,0.00000000,0.25364304,0.37689548,33,15,18,3,"OLS Newey-West HAC (Bartlett, lag 3; no finite-sample scaling)"
strict,Strict already-RAP-bound control proxy,placebo_all_pre,2023-07,2021-10,2024-06,ArtificialLevel,-0.76175869,0.85392077,-0.89207186,0.37235441,-2.43544340,0.91192602,33,15,18,3,"OLS Newey-West HAC (Bartlett, lag 3; no finite-sample scaling)"
strict,Strict already-RAP-bound control proxy,placebo_all_pre,2023-07,2021-10,2024-06,ArtificialSlope,-0.32208589,0.08825661,-3.64942532,0.00026283,-0.49506884,-0.14910294,33,15,18,3,"OLS Newey-West HAC (Bartlett, lag 3; no finite-sample scaling)"
strict,Strict already-RAP-bound control proxy,placebo_all_pre,2023-07,2021-10,2024-06,month_02,0.45875937,0.64388963,0.71248138,0.47616674,-0.80326430,1.72078304,33,15,18,3,"OLS Newey-West HAC (Bartlett, lag 3; no finite-sample scaling)"
strict,Strict already-RAP-bound control proxy,placebo_all_pre,2023-07,2021-10,2024-06,month_03,0.58418541,1.12762315,0.51806795,0.60441086,-1.62595597,2.79432679,33,15,18,3,"OLS Newey-West HAC (Bartlett, lag 3; no finite-sample scaling)"
strict,Strict already-RAP-bound control proxy,placebo_all_pre,2023-07,2021-10,2024-06,month_04,-0.62372188,1.01097697,-0.61694964,0.53726794,-2.60523675,1.35779299,33,15,18,3,"OLS Newey-West HAC (Bartlett, lag 3; no finite-sample scaling)"
strict,Strict already-RAP-bound control proxy,placebo_all_pre,2023-07,2021-10,2024-06,month_05,-0.49829584,1.08231347,-0.46039882,0.64522998,-2.61963024,1.62303855,33,15,18,3,"OLS Newey-West HAC (Bartlett, lag 3; no finite-sample scaling)"
strict,Strict already-RAP-bound control proxy,placebo_all_pre,2023-07,2021-10,2024-06,month_06,-4.70620314,0.39831969,-11.81514057,0.00000000,-5.48690973,-3.92549654,33,15,18,3,"OLS Newey-West HAC (Bartlett, lag 3; no finite-sample scaling)"
strict,Strict already-RAP-bound control proxy,placebo_all_pre,2023-07,2021-10,2024-06,month_07,-2.68387866,0.73729420,-3.64017332,0.00027245,-4.12897529,-1.23878204,33,15,18,3,"OLS Newey-West HAC (Bartlett, lag 3; no finite-sample scaling)"
strict,Strict already-RAP-bound control proxy,placebo_all_pre,2023-07,2021-10,2024-06,month_08,-1.83810498,2.27759748,-0.80703680,0.41964528,-6.30219603,2.62598608,33,15,18,3,"OLS Newey-West HAC (Bartlett, lag 3; no finite-sample scaling)"
strict,Strict already-RAP-bound control proxy,placebo_all_pre,2023-07,2021-10,2024-06,month_09,-1.49233129,1.57664710,-0.94652208,0.34388237,-4.58255960,1.59789702,33,15,18,3,"OLS Newey-West HAC (Bartlett, lag 3; no finite-sample scaling)"
strict,Strict already-RAP-bound control proxy,placebo_all_pre,2023-07,2021-10,2024-06,month_10,1.62372188,0.85602904,1.89680701,0.05785341,-0.05409504,3.30153880,33,15,18,3,"OLS Newey-West HAC (Bartlett, lag 3; no finite-sample scaling)"
strict,Strict already-RAP-bound control proxy,placebo_all_pre,2023-07,2021-10,2024-06,month_11,2.41581459,0.83657659,2.88773871,0.00388022,0.77612448,4.05550470,33,15,18,3,"OLS Newey-West HAC (Bartlett, lag 3; no finite-sample scaling)"
strict,Strict already-RAP-bound control proxy,placebo_all_pre,2023-07,2021-10,2024-06,month_12,1.87457396,0.62292768,3.00929632,0.00261854,0.65363572,3.09551220,33,15,18,3,"OLS Newey-West HAC (Bartlett, lag 3; no finite-sample scaling)"
strict,Strict already-RAP-bound control proxy,placebo_18_12,2023-04,2021-10,2024-03,Intercept,-2.38091017,0.47638726,-4.99784604,0.00000058,-3.31462919,-1.44719114,30,15,15,3,"OLS Newey-West HAC (Bartlett, lag 3; no finite-sample scaling)"
strict,Strict already-RAP-bound control proxy,placebo_18_12,2023-04,2021-10,2024-03,Time,0.35076832,0.04266882,8.22071709,0.00000000,0.26713743,0.43439921,30,15,15,3,"OLS Newey-West HAC (Bartlett, lag 3; no finite-sample scaling)"
strict,Strict already-RAP-bound control proxy,placebo_18_12,2023-04,2021-10,2024-03,ArtificialLevel,-0.38652482,0.65522397,-0.58991252,0.55524930,-1.67076380,0.89771416,30,15,15,3,"OLS Newey-West HAC (Bartlett, lag 3; no finite-sample scaling)"
strict,Strict already-RAP-bound control proxy,placebo_18_12,2023-04,2021-10,2024-03,ArtificialSlope,-0.36170213,0.08080690,-4.47612906,0.00000760,-0.52008366,-0.20332060,30,15,15,3,"OLS Newey-West HAC (Bartlett, lag 3; no finite-sample scaling)"
strict,Strict already-RAP-bound control proxy,placebo_18_12,2023-04,2021-10,2024-03,month_02,0.43646572,0.66391803,0.65740905,0.51091794,-0.86481362,1.73774507,30,15,15,3,"OLS Newey-West HAC (Bartlett, lag 3; no finite-sample scaling)"
strict,Strict already-RAP-bound control proxy,placebo_18_12,2023-04,2021-10,2024-03,month_03,0.53959811,1.09946969,0.49078034,0.62358182,-1.61536248,2.69455870,30,15,15,3,"OLS Newey-West HAC (Bartlett, lag 3; no finite-sample scaling)"
strict,Strict already-RAP-bound control proxy,placebo_18_12,2023-04,2021-10,2024-03,month_04,-1.63504728,0.88668188,-1.84400666,0.06518217,-3.37294376,0.10284919,30,15,15,3,"OLS Newey-West HAC (Bartlett, lag 3; no finite-sample scaling)"
strict,Strict already-RAP-bound control proxy,placebo_18_12,2023-04,2021-10,2024-03,month_05,0.19503546,1.35592200,0.14383973,0.88562703,-2.46257166,2.85264259,30,15,15,3,"OLS Newey-West HAC (Bartlett, lag 3; no finite-sample scaling)"
strict,Strict already-RAP-bound control proxy,placebo_18_12,2023-04,2021-10,2024-03,month_06,-4.47488180,0.42560660,-10.51412679,0.00000000,-5.30907074,-3.64069285,30,15,15,3,"OLS Newey-West HAC (Bartlett, lag 3; no finite-sample scaling)"
strict,Strict already-RAP-bound control proxy,placebo_18_12,2023-04,2021-10,2024-03,month_07,-2.64479905,0.73764957,-3.58544108,0.00033651,-4.09059220,-1.19900590,30,15,15,3,"OLS Newey-West HAC (Bartlett, lag 3; no finite-sample scaling)"
strict,Strict already-RAP-bound control proxy,placebo_18_12,2023-04,2021-10,2024-03,month_08,-1.81471631,2.37722487,-0.76337596,0.44523921,-6.47407705,2.84464442,30,15,15,3,"OLS Newey-West HAC (Bartlett, lag 3; no finite-sample scaling)"
strict,Strict already-RAP-bound control proxy,placebo_18_12,2023-04,2021-10,2024-03,month_09,-1.48463357,1.46935579,-1.01039761,0.31230483,-4.36457091,1.39530377,30,15,15,3,"OLS Newey-West HAC (Bartlett, lag 3; no finite-sample scaling)"
strict,Strict already-RAP-bound control proxy,placebo_18_12,2023-04,2021-10,2024-03,month_10,1.69060284,0.80606651,2.09734907,0.03596269,0.11071249,3.27049319,30,15,15,3,"OLS Newey-West HAC (Bartlett, lag 3; no finite-sample scaling)"
strict,Strict already-RAP-bound control proxy,placebo_18_12,2023-04,2021-10,2024-03,month_11,2.46040189,0.87854971,2.80052666,0.00510193,0.73844445,4.18235933,30,15,15,3,"OLS Newey-West HAC (Bartlett, lag 3; no finite-sample scaling)"
strict,Strict already-RAP-bound control proxy,placebo_18_12,2023-04,2021-10,2024-03,month_12,1.89686761,0.66020896,2.87313219,0.00406424,0.60285805,3.19087717,30,15,15,3,"OLS Newey-West HAC (Bartlett, lag 3; no finite-sample scaling)"
strict,Strict already-RAP-bound control proxy,placebo_18_12,2023-05,2021-11,2024-04,Intercept,-2.29116897,0.61208705,-3.74320771,0.00018169,-3.49085959,-1.09147835,30,15,15,3,"OLS Newey-West HAC (Bartlett, lag 3; no finite-sample scaling)"
strict,Strict already-RAP-bound control proxy,placebo_18_12,2023-05,2021-11,2024-04,Time,0.35679514,0.05318709,6.70830345,0.00000000,0.25254844,0.46104183,30,15,15,3,"OLS Newey-West HAC (Bartlett, lag 3; no finite-sample scaling)"
strict,Strict already-RAP-bound control proxy,placebo_18_12,2023-05,2021-11,2024-04,ArtificialLevel,-2.05477790,0.98551909,-2.08497017,0.03707201,-3.98639531,-0.12316049,30,15,15,3,"OLS Newey-West HAC (Bartlett, lag 3; no finite-sample scaling)"
strict,Strict already-RAP-bound control proxy,placebo_18_12,2023-05,2021-11,2024-04,ArtificialSlope,-0.13213886,0.10218374,-1.29314958,0.19595933,-0.33241898,0.06814127,30,15,15,3,"OLS Newey-West HAC (Bartlett, lag 3; no finite-sample scaling)"
strict,Strict already-RAP-bound control proxy,placebo_18_12,2023-05,2021-11,2024-04,month_02,0.35391782,0.73319164,0.48270848,0.62930274,-1.08313779,1.79097342,30,15,15,3,"OLS Newey-West HAC (Bartlett, lag 3; no finite-sample scaling)"
strict,Strict already-RAP-bound control proxy,placebo_18_12,2023-05,2021-11,2024-04,month_03,0.37450230,1.10960368,0.33750997,0.73573250,-1.80032091,2.54932551,30,15,15,3,"OLS Newey-West HAC (Bartlett, lag 3; no finite-sample scaling)"
strict,Strict already-RAP-bound control proxy,placebo_18_12,2023-05,2021-11,2024-04,month_04,-0.93824655,0.85800074,-1.09352650,0.27416270,-2.61992800,0.74343491,30,15,15,3,"OLS Newey-West HAC (Bartlett, lag 3; no finite-sample scaling)"
strict,Strict already-RAP-bound control proxy,placebo_18_12,2023-05,2021-11,2024-04,month_05,1.03701630,1.04136983,0.99581942,0.31933789,-1.00406857,3.07810117,30,15,15,3,"OLS Newey-West HAC (Bartlett, lag 3; no finite-sample scaling)"
strict,Strict already-RAP-bound control proxy,placebo_18_12,2023-05,2021-11,2024-04,month_06,-3.75370941,0.53205651,-7.05509528,0.00000000,-4.79654018,-2.71087864,30,15,15,3,"OLS Newey-West HAC (Bartlett, lag 3; no finite-sample scaling)"
strict,Strict already-RAP-bound control proxy,placebo_18_12,2023-05,2021-11,2024-04,month_07,-2.04443511,0.55384424,-3.69135393,0.00022306,-3.12996982,-0.95890040,30,15,15,3,"OLS Newey-West HAC (Bartlett, lag 3; no finite-sample scaling)"
strict,Strict already-RAP-bound control proxy,placebo_18_12,2023-05,2021-11,2024-04,month_08,-1.33516082,2.55897173,-0.52175677,0.60183969,-6.35074541,3.68042377,30,15,15,3,"OLS Newey-West HAC (Bartlett, lag 3; no finite-sample scaling)"
strict,Strict already-RAP-bound control proxy,placebo_18_12,2023-05,2021-11,2024-04,month_09,-1.12588652,1.36528225,-0.82465477,0.40956762,-3.80183974,1.55006669,30,15,15,3,"OLS Newey-West HAC (Bartlett, lag 3; no finite-sample scaling)"
strict,Strict already-RAP-bound control proxy,placebo_18_12,2023-05,2021-11,2024-04,month_10,2.08338777,1.03336721,2.01611561,0.04378789,0.05798804,4.10878750,30,15,15,3,"OLS Newey-West HAC (Bartlett, lag 3; no finite-sample scaling)"
strict,Strict already-RAP-bound control proxy,placebo_18_12,2023-05,2021-11,2024-04,month_11,2.62549770,0.91236148,2.87769459,0.00400593,0.83726919,4.41372620,30,15,15,3,"OLS Newey-West HAC (Bartlett, lag 3; no finite-sample scaling)"
strict,Strict already-RAP-bound control proxy,placebo_18_12,2023-05,2021-11,2024-04,month_12,1.97941552,0.64057026,3.09008336,0.00200100,0.72389780,3.23493323,30,15,15,3,"OLS Newey-West HAC (Bartlett, lag 3; no finite-sample scaling)"
strict,Strict already-RAP-bound control proxy,placebo_18_12,2023-06,2021-12,2024-05,Intercept,-1.19160601,0.45962305,-2.59257237,0.00952611,-2.09246718,-0.29074484,30,15,15,3,"OLS Newey-West HAC (Bartlett, lag 3; no finite-sample scaling)"
strict,Strict already-RAP-bound control proxy,placebo_18_12,2023-06,2021-12,2024-05,Time,0.27721009,0.04932266,5.62033961,0.00000002,0.18053768,0.37388250,30,15,15,3,"OLS Newey-West HAC (Bartlett, lag 3; no finite-sample scaling)"
strict,Strict already-RAP-bound control proxy,placebo_18_12,2023-06,2021-12,2024-05,ArtificialLevel,-0.32372154,0.88545032,-0.36560102,0.71466282,-2.05920417,1.41176110,30,15,15,3,"OLS Newey-West HAC (Bartlett, lag 3; no finite-sample scaling)"
strict,Strict already-RAP-bound control proxy,placebo_18_12,2023-06,2021-12,2024-05,ArtificialSlope,-0.27323628,0.08840727,-3.09065413,0.00199716,-0.44651452,-0.09995804,30,15,15,3,"OLS Newey-West HAC (Bartlett, lag 3; no finite-sample scaling)"
strict,Strict already-RAP-bound control proxy,placebo_18_12,2023-06,2021-12,2024-05,month_02,0.48053534,0.62402292,0.77006040,0.44126407,-0.74254958,1.70362025,30,15,15,3,"OLS Newey-West HAC (Bartlett, lag 3; no finite-sample scaling)"
strict,Strict already-RAP-bound control proxy,placebo_18_12,2023-06,2021-12,2024-05,month_03,0.62773734,1.19511373,0.52525322,0.59940717,-1.71468557,2.97016025,30,15,15,3,"OLS Newey-West HAC (Bartlett, lag 3; no finite-sample scaling)"
strict,Strict already-RAP-bound control proxy,placebo_18_12,2023-06,2021-12,2024-05,month_04,-0.55839399,1.09771296,-0.50868853,0.61097057,-2.70991140,1.59312342,30,15,15,3,"OLS Newey-West HAC (Bartlett, lag 3; no finite-sample scaling)"
strict,Strict already-RAP-bound control proxy,placebo_18_12,2023-06,2021-12,2024-05,month_05,-0.41119199,0.95591990,-0.43015318,0.66708422,-2.28479499,1.46241102,30,15,15,3,"OLS Newey-West HAC (Bartlett, lag 3; no finite-sample scaling)"
strict,Strict already-RAP-bound control proxy,placebo_18_12,2023-06,2021-12,2024-05,month_06,-4.47305431,0.36545801,-12.23958483,0.00000000,-5.18935201,-3.75675661,30,15,15,3,"OLS Newey-West HAC (Bartlett, lag 3; no finite-sample scaling)"
strict,Strict already-RAP-bound control proxy,placebo_18_12,2023-06,2021-12,2024-05,month_07,-2.61364626,0.65401211,-3.99632703,0.00006433,-3.89550999,-1.33178253,30,15,15,3,"OLS Newey-West HAC (Bartlett, lag 3; no finite-sample scaling)"
strict,Strict already-RAP-bound control proxy,placebo_18_12,2023-06,2021-12,2024-05,month_08,-1.75423821,2.35362138,-0.74533577,0.45606876,-6.36733611,2.85885969,30,15,15,3,"OLS Newey-West HAC (Bartlett, lag 3; no finite-sample scaling)"
strict,Strict already-RAP-bound control proxy,placebo_18_12,2023-06,2021-12,2024-05,month_09,-1.39483016,1.49989878,-0.92994952,0.35239722,-4.33463178,1.54497146,30,15,15,3,"OLS Newey-West HAC (Bartlett, lag 3; no finite-sample scaling)"
strict,Strict already-RAP-bound control proxy,placebo_18_12,2023-06,2021-12,2024-05,month_10,1.96457789,1.10912558,1.77128535,0.07651326,-0.20930825,4.13846403,30,15,15,3,"OLS Newey-West HAC (Bartlett, lag 3; no finite-sample scaling)"
strict,Strict already-RAP-bound control proxy,placebo_18_12,2023-06,2021-12,2024-05,month_11,3.32398594,0.74779433,4.44505366,0.00000879,1.85830904,4.78966284,30,15,15,3,"OLS Newey-West HAC (Bartlett, lag 3; no finite-sample scaling)"
strict,Strict already-RAP-bound control proxy,placebo_18_12,2023-06,2021-12,2024-05,month_12,1.85279800,0.58321313,3.17687977,0.00148869,0.70970026,2.99589573,30,15,15,3,"OLS Newey-West HAC (Bartlett, lag 3; no finite-sample scaling)"
strict,Strict already-RAP-bound control proxy,placebo_18_12,2023-07,2022-01,2024-06,Intercept,-1.13618266,0.36400252,-3.12135929,0.00180018,-1.84962760,-0.42273771,30,15,15,3,"OLS Newey-West HAC (Bartlett, lag 3; no finite-sample scaling)"
strict,Strict already-RAP-bound control proxy,placebo_18_12,2023-07,2022-01,2024-06,Time,0.30445518,0.03880804,7.84515718,0.00000000,0.22839142,0.38051894,30,15,15,3,"OLS Newey-West HAC (Bartlett, lag 3; no finite-sample scaling)"
strict,Strict already-RAP-bound control proxy,placebo_18_12,2023-07,2022-01,2024-06,ArtificialLevel,-0.77132325,0.87672489,-0.87977798,0.37897960,-2.48970405,0.94705754,30,15,15,3,"OLS Newey-West HAC (Bartlett, lag 3; no finite-sample scaling)"
strict,Strict already-RAP-bound control proxy,placebo_18_12,2023-07,2022-01,2024-06,ArtificialSlope,-0.29675252,0.08795536,-3.37389932,0.00074111,-0.46914502,-0.12436002,30,15,15,3,"OLS Newey-West HAC (Bartlett, lag 3; no finite-sample scaling)"
strict,Strict already-RAP-bound control proxy,placebo_18_12,2023-07,2022-01,2024-06,month_02,0.46112900,0.63566297,0.72543002,0.46818826,-0.78477042,1.70702842,30,15,15,3,"OLS Newey-West HAC (Bartlett, lag 3; no finite-sample scaling)"
strict,Strict already-RAP-bound control proxy,placebo_18_12,2023-07,2022-01,2024-06,month_03,0.58892466,1.14479597,0.51443635,0.60694695,-1.65487543,2.83272476,30,15,15,3,"OLS Newey-West HAC (Bartlett, lag 3; no finite-sample scaling)"
strict,Strict already-RAP-bound control proxy,placebo_18_12,2023-07,2022-01,2024-06,month_04,-0.61661301,1.02502678,-0.60155795,0.54746843,-2.62566550,1.39243948,30,15,15,3,"OLS Newey-West HAC (Bartlett, lag 3; no finite-sample scaling)"
strict,Strict already-RAP-bound control proxy,placebo_18_12,2023-07,2022-01,2024-06,month_05,-0.48881734,1.05341111,-0.46403283,0.64262422,-2.55350313,1.57586844,30,15,15,3,"OLS Newey-West HAC (Bartlett, lag 3; no finite-sample scaling)"
strict,Strict already-RAP-bound control proxy,placebo_18_12,2023-07,2022-01,2024-06,month_06,-4.69435501,0.37433419,-12.54054584,0.00000000,-5.42805002,-3.96066001,30,15,15,3,"OLS Newey-West HAC (Bartlett, lag 3; no finite-sample scaling)"
strict,Strict already-RAP-bound control proxy,placebo_18_12,2023-07,2022-01,2024-06,month_07,-2.63161783,0.69496445,-3.78669419,0.00015266,-3.99374815,-1.26948751,30,15,15,3,"OLS Newey-West HAC (Bartlett, lag 3; no finite-sample scaling)"
strict,Strict already-RAP-bound control proxy,placebo_18_12,2023-07,2022-01,2024-06,month_08,-1.78769675,2.31864441,-0.77100945,0.44070133,-6.33223979,2.75684630,30,15,15,3,"OLS Newey-West HAC (Bartlett, lag 3; no finite-sample scaling)"
strict,Strict already-RAP-bound control proxy,placebo_18_12,2023-07,2022-01,2024-06,month_09,-1.44377566,1.53623365,-0.93981515,0.34731238,-4.45479361,1.56724229,30,15,15,3,"OLS Newey-West HAC (Bartlett, lag 3; no finite-sample scaling)"
strict,Strict already-RAP-bound control proxy,placebo_18_12,2023-07,2022-01,2024-06,month_10,1.90014542,1.13830488,1.66927636,0.09506262,-0.33093214,4.13122299,30,15,15,3,"OLS Newey-West HAC (Bartlett, lag 3; no finite-sample scaling)"
strict,Strict already-RAP-bound control proxy,placebo_18_12,2023-07,2022-01,2024-06,month_11,3.24406650,0.73268207,4.42765919,0.00000953,1.80800965,4.68012336,30,15,15,3,"OLS Newey-West HAC (Bartlett, lag 3; no finite-sample scaling)"
strict,Strict already-RAP-bound control proxy,placebo_18_12,2023-07,2022-01,2024-06,month_12,1.08798759,0.18409941,5.90978322,0.00000000,0.72715275,1.44882243,30,15,15,3,"OLS Newey-West HAC (Bartlett, lag 3; no finite-sample scaling)"
strict,Strict already-RAP-bound control proxy,actual_18_12,2024-07,2023-01,2025-06,Intercept,2.55754635,0.46826464,5.46175422,0.00000005,1.63974766,3.47534503,30,15,15,3,"OLS Newey-West HAC (Bartlett, lag 3; no finite-sample scaling)"
strict,Strict already-RAP-bound control proxy,actual_18_12,2024-07,2023-01,2025-06,Time,0.03303471,0.06074959,0.54378499,0.58658944,-0.08603448,0.15210391,30,15,15,3,"OLS Newey-West HAC (Bartlett, lag 3; no finite-sample scaling)"
strict,Strict already-RAP-bound control proxy,actual_18_12,2024-07,2023-01,2025-06,ArtificialLevel,-5.27622247,1.83909340,-2.86892578,0.00411868,-8.88084554,-1.67159940,30,15,15,3,"OLS Newey-West HAC (Bartlett, lag 3; no finite-sample scaling)"
strict,Strict already-RAP-bound control proxy,actual_18_12,2024-07,2023-01,2025-06,ArtificialSlope,0.73572228,0.22885679,3.21477156,0.00130548,0.28716298,1.18428158,30,15,15,3,"OLS Newey-West HAC (Bartlett, lag 3; no finite-sample scaling)"
strict,Strict already-RAP-bound control proxy,actual_18_12,2024-07,2023-01,2025-06,month_02,-0.61160881,0.72760676,-0.84057604,0.40058549,-2.03771806,0.81450044,30,15,15,3,"OLS Newey-West HAC (Bartlett, lag 3; no finite-sample scaling)"
strict,Strict already-RAP-bound control proxy,actual_18_12,2024-07,2023-01,2025-06,month_03,0.77678238,1.39230107,0.55791265,0.57690403,-1.95212771,3.50569247,30,15,15,3,"OLS Newey-West HAC (Bartlett, lag 3; no finite-sample scaling)"
strict,Strict already-RAP-bound control proxy,actual_18_12,2024-07,2023-01,2025-06,month_04,1.49850691,0.69495179,2.15627463,0.03106223,0.13640141,2.86061241,30,15,15,3,"OLS Newey-West HAC (Bartlett, lag 3; no finite-sample scaling)"
strict,Strict already-RAP-bound control proxy,actual_18_12,2024-07,2023-01,2025-06,month_05,-0.11310190,0.78769991,-0.14358502,0.88582817,-1.65699372,1.43078992,30,15,15,3,"OLS Newey-West HAC (Bartlett, lag 3; no finite-sample scaling)"
strict,Strict already-RAP-bound control proxy,actual_18_12,2024-07,2023-01,2025-06,month_06,-2.39137738,1.19563603,-2.00008808,0.04549075,-4.73482400,-0.04793076,30,15,15,3,"OLS Newey-West HAC (Bartlett, lag 3; no finite-sample scaling)"
strict,Strict already-RAP-bound control proxy,actual_18_12,2024-07,2023-01,2025-06,month_07,-0.31585169,1.88644733,-0.16743202,0.86703013,-4.01328846,3.38158508,30,15,15,3,"OLS Newey-West HAC (Bartlett, lag 3; no finite-sample scaling)"
strict,Strict already-RAP-bound control proxy,actual_18_12,2024-07,2023-01,2025-06,month_08,1.78325246,0.74605798,2.39023306,0.01683768,0.32097881,3.24552611,30,15,15,3,"OLS Newey-West HAC (Bartlett, lag 3; no finite-sample scaling)"
strict,Strict already-RAP-bound control proxy,actual_18_12,2024-07,2023-01,2025-06,month_09,-1.11764340,1.36437085,-0.81916394,0.41269289,-3.79181027,1.55652347,30,15,15,3,"OLS Newey-West HAC (Bartlett, lag 3; no finite-sample scaling)"
strict,Strict already-RAP-bound control proxy,actual_18_12,2024-07,2023-01,2025-06,month_10,3.98146074,2.17467663,1.83082886,0.06712609,-0.28090546,8.24382695,30,15,15,3,"OLS Newey-West HAC (Bartlett, lag 3; no finite-sample scaling)"
strict,Strict already-RAP-bound control proxy,actual_18_12,2024-07,2023-01,2025-06,month_11,0.58056489,3.04953633,0.19037809,0.84901287,-5.39652631,6.55765609,30,15,15,3,"OLS Newey-West HAC (Bartlett, lag 3; no finite-sample scaling)"
strict,Strict already-RAP-bound control proxy,actual_18_12,2024-07,2023-01,2025-06,month_12,-0.32033097,1.44994999,-0.22092553,0.82515042,-3.16223295,2.52157101,30,15,15,3,"OLS Newey-West HAC (Bartlett, lag 3; no finite-sample scaling)"
broad,Broad sequence control proxy,actual_full,2024-07,2021-10,2026-04,Intercept,-0.38623945,1.22272265,-0.31588476,0.75208998,-2.78277585,2.01029695,55,15,40,3,"OLS Newey-West HAC (Bartlett, lag 3; no finite-sample scaling)"
broad,Broad sequence control proxy,actual_full,2024-07,2021-10,2026-04,Time,0.17866080,0.03946270,4.52733356,0.00000597,0.10131391,0.25600769,55,15,40,3,"OLS Newey-West HAC (Bartlett, lag 3; no finite-sample scaling)"
broad,Broad sequence control proxy,actual_full,2024-07,2021-10,2026-04,ArtificialLevel,-4.54546259,1.61775880,-2.80972823,0.00495833,-7.71626984,-1.37465533,55,15,40,3,"OLS Newey-West HAC (Bartlett, lag 3; no finite-sample scaling)"
broad,Broad sequence control proxy,actual_full,2024-07,2021-10,2026-04,ArtificialSlope,0.16262145,0.09628964,1.68887800,0.09124281,-0.02610624,0.35134914,55,15,40,3,"OLS Newey-West HAC (Bartlett, lag 3; no finite-sample scaling)"
broad,Broad sequence control proxy,actual_full,2024-07,2021-10,2026-04,month_02,-1.44370938,1.60854900,-0.89752278,0.36944002,-4.59646543,1.70904667,55,15,40,3,"OLS Newey-West HAC (Bartlett, lag 3; no finite-sample scaling)"
broad,Broad sequence control proxy,actual_full,2024-07,2021-10,2026-04,month_03,0.51258125,1.44406065,0.35495825,0.72262087,-2.31777762,3.34294011,55,15,40,3,"OLS Newey-West HAC (Bartlett, lag 3; no finite-sample scaling)"
broad,Broad sequence control proxy,actual_full,2024-07,2021-10,2026-04,month_04,-2.33112813,2.10556269,-1.10712834,0.26823844,-6.45803101,1.79577475,55,15,40,3,"OLS Newey-West HAC (Bartlett, lag 3; no finite-sample scaling)"
broad,Broad sequence control proxy,actual_full,2024-07,2021-10,2026-04,month_05,-0.10046846,1.54426365,-0.06505914,0.94812692,-3.12722521,2.92628829,55,15,40,3,"OLS Newey-West HAC (Bartlett, lag 3; no finite-sample scaling)"
broad,Broad sequence control proxy,actual_full,2024-07,2021-10,2026-04,month_06,-3.56978462,1.85632616,-1.92303739,0.05447535,-7.20818390,0.06861466,55,15,40,3,"OLS Newey-West HAC (Bartlett, lag 3; no finite-sample scaling)"
broad,Broad sequence control proxy,actual_full,2024-07,2021-10,2026-04,month_07,-1.40273513,1.39875599,-1.00284477,0.31593576,-4.14429687,1.33882661,55,15,40,3,"OLS Newey-West HAC (Bartlett, lag 3; no finite-sample scaling)"
broad,Broad sequence control proxy,actual_full,2024-07,2021-10,2026-04,month_08,-2.41270665,1.79928279,-1.34092688,0.17994419,-5.93930092,1.11388761,55,15,40,3,"OLS Newey-West HAC (Bartlett, lag 3; no finite-sample scaling)"
broad,Broad sequence control proxy,actual_full,2024-07,2021-10,2026-04,month_09,-2.67267818,1.27196380,-2.10122189,0.03562149,-5.16572722,-0.17962913,55,15,40,3,"OLS Newey-West HAC (Bartlett, lag 3; no finite-sample scaling)"
broad,Broad sequence control proxy,actual_full,2024-07,2021-10,2026-04,month_10,1.73112813,1.52245434,1.13706407,0.25551150,-1.25288237,4.71513864,55,15,40,3,"OLS Newey-West HAC (Bartlett, lag 3; no finite-sample scaling)"
broad,Broad sequence control proxy,actual_full,2024-07,2021-10,2026-04,month_11,-1.31258125,2.35415612,-0.55755913,0.57714547,-5.92672723,3.30156474,55,15,40,3,"OLS Newey-West HAC (Bartlett, lag 3; no finite-sample scaling)"
broad,Broad sequence control proxy,actual_full,2024-07,2021-10,2026-04,month_12,-0.35629062,1.48048637,-0.24065782,0.80982033,-3.25804391,2.54546266,55,15,40,3,"OLS Newey-West HAC (Bartlett, lag 3; no finite-sample scaling)"
broad,Broad sequence control proxy,placebo_all_pre,2022-10,2021-10,2024-06,Intercept,-2.29775903,0.69717581,-3.29581005,0.00098138,-3.66422361,-0.93129445,33,15,18,3,"OLS Newey-West HAC (Bartlett, lag 3; no finite-sample scaling)"
broad,Broad sequence control proxy,placebo_all_pre,2022-10,2021-10,2024-06,Time,0.22473586,0.09484968,2.36938963,0.01781747,0.03883048,0.41064123,33,15,18,3,"OLS Newey-West HAC (Bartlett, lag 3; no finite-sample scaling)"
broad,Broad sequence control proxy,placebo_all_pre,2022-10,2021-10,2024-06,ArtificialLevel,1.88087935,0.82587183,2.27744702,0.02275954,0.26217055,3.49958814,33,15,18,3,"OLS Newey-West HAC (Bartlett, lag 3; no finite-sample scaling)"
broad,Broad sequence control proxy,placebo_all_pre,2022-10,2021-10,2024-06,ArtificialSlope,-0.16564417,0.09762491,-1.69674077,0.08974568,-0.35698900,0.02570066,33,15,18,3,"OLS Newey-West HAC (Bartlett, lag 3; no finite-sample scaling)"
broad,Broad sequence control proxy,placebo_all_pre,2022-10,2021-10,2024-06,month_02,0.55236026,1.06637362,0.51798005,0.60447219,-1.53773204,2.64245256,33,15,18,3,"OLS Newey-West HAC (Bartlett, lag 3; no finite-sample scaling)"
broad,Broad sequence control proxy,placebo_all_pre,2022-10,2021-10,2024-06,month_03,0.77138718,1.15859131,0.66579749,0.50554055,-1.49945178,3.04222615,33,15,18,3,"OLS Newey-West HAC (Bartlett, lag 3; no finite-sample scaling)"
broad,Broad sequence control proxy,placebo_all_pre,2022-10,2021-10,2024-06,month_04,-1.00958589,1.45438811,-0.69416539,0.48757850,-3.86018659,1.84101481,33,15,18,3,"OLS Newey-West HAC (Bartlett, lag 3; no finite-sample scaling)"
broad,Broad sequence control proxy,placebo_all_pre,2022-10,2021-10,2024-06,month_05,0.20944104,1.17605476,0.17808783,0.85865400,-2.09562630,2.51450837,33,15,18,3,"OLS Newey-West HAC (Bartlett, lag 3; no finite-sample scaling)"
broad,Broad sequence control proxy,placebo_all_pre,2022-10,2021-10,2024-06,month_06,-3.90486537,0.66443865,-5.87693894,0.00000000,-5.20716512,-2.60256562,33,15,18,3,"OLS Newey-West HAC (Bartlett, lag 3; no finite-sample scaling)"
broad,Broad sequence control proxy,placebo_all_pre,2022-10,2021-10,2024-06,month_07,-1.76831970,0.95798205,-1.84587978,0.06490966,-3.64596452,0.10932512,33,15,18,3,"OLS Newey-West HAC (Bartlett, lag 3; no finite-sample scaling)"
broad,Broad sequence control proxy,placebo_all_pre,2022-10,2021-10,2024-06,month_08,-0.91023347,2.28889380,-0.39767396,0.69087053,-5.39646531,3.57599837,33,15,18,3,"OLS Newey-West HAC (Bartlett, lag 3; no finite-sample scaling)"
broad,Broad sequence control proxy,placebo_all_pre,2022-10,2021-10,2024-06,month_09,-1.55214724,1.22227847,-1.26988021,0.20412730,-3.94781304,0.84351856,33,15,18,3,"OLS Newey-West HAC (Bartlett, lag 3; no finite-sample scaling)"
broad,Broad sequence control proxy,placebo_all_pre,2022-10,2021-10,2024-06,month_10,1.67625256,0.82171047,2.03995521,0.04135479,0.06570003,3.28680508,33,15,18,3,"OLS Newey-West HAC (Bartlett, lag 3; no finite-sample scaling)"
broad,Broad sequence control proxy,placebo_all_pre,2022-10,2021-10,2024-06,month_11,2.56194615,1.05999339,2.41694541,0.01565136,0.48435911,4.63953319,33,15,18,3,"OLS Newey-West HAC (Bartlett, lag 3; no finite-sample scaling)"
broad,Broad sequence control proxy,placebo_all_pre,2022-10,2021-10,2024-06,month_12,2.11430641,0.64398283,3.28317200,0.00102646,0.85210005,3.37651276,33,15,18,3,"OLS Newey-West HAC (Bartlett, lag 3; no finite-sample scaling)"
broad,Broad sequence control proxy,placebo_all_pre,2022-11,2021-10,2024-06,Intercept,-2.78280349,0.70456085,-3.94969931,0.00007825,-4.16374275,-1.40186423,33,15,18,3,"OLS Newey-West HAC (Bartlett, lag 3; no finite-sample scaling)"
broad,Broad sequence control proxy,placebo_all_pre,2022-11,2021-10,2024-06,Time,0.36087736,0.07652695,4.71569006,0.00000241,0.21088454,0.51087017,33,15,18,3,"OLS Newey-West HAC (Bartlett, lag 3; no finite-sample scaling)"
broad,Broad sequence control proxy,placebo_all_pre,2022-11,2021-10,2024-06,ArtificialLevel,0.28915381,0.97233554,0.29738069,0.76617589,-1.61662385,2.19493147,33,15,18,3,"OLS Newey-West HAC (Bartlett, lag 3; no finite-sample scaling)"
broad,Broad sequence control proxy,placebo_all_pre,2022-11,2021-10,2024-06,ArtificialSlope,-0.27933614,0.07853702,-3.55674488,0.00037548,-0.43326869,-0.12540358,33,15,18,3,"OLS Newey-West HAC (Bartlett, lag 3; no finite-sample scaling)"
broad,Broad sequence control proxy,placebo_all_pre,2022-11,2021-10,2024-06,month_02,0.49201340,1.04627958,0.47025041,0.63817612,-1.55869458,2.54272139,33,15,18,3,"OLS Newey-West HAC (Bartlett, lag 3; no finite-sample scaling)"
broad,Broad sequence control proxy,placebo_all_pre,2022-11,2021-10,2024-06,month_03,0.65069347,1.19151072,0.54610794,0.58499174,-1.68466754,2.98605448,33,15,18,3,"OLS Newey-West HAC (Bartlett, lag 3; no finite-sample scaling)"
broad,Broad sequence control proxy,placebo_all_pre,2022-11,2021-10,2024-06,month_04,-1.19062646,1.50344981,-0.79192963,0.42840171,-4.13738810,1.75613518,33,15,18,3,"OLS Newey-West HAC (Bartlett, lag 3; no finite-sample scaling)"
broad,Broad sequence control proxy,placebo_all_pre,2022-11,2021-10,2024-06,month_05,-0.03194639,1.07522465,-0.02971137,0.97629725,-2.13938671,2.07549392,33,15,18,3,"OLS Newey-West HAC (Bartlett, lag 3; no finite-sample scaling)"
broad,Broad sequence control proxy,placebo_all_pre,2022-11,2021-10,2024-06,month_06,-4.20659966,0.60617256,-6.93960749,0.00000000,-5.39469788,-3.01850143,33,15,18,3,"OLS Newey-West HAC (Bartlett, lag 3; no finite-sample scaling)"
broad,Broad sequence control proxy,placebo_all_pre,2022-11,2021-10,2024-06,month_07,-2.15758922,0.72408964,-2.97972667,0.00288506,-3.57680492,-0.73837352,33,15,18,3,"OLS Newey-West HAC (Bartlett, lag 3; no finite-sample scaling)"
broad,Broad sequence control proxy,placebo_all_pre,2022-11,2021-10,2024-06,month_08,-1.37879850,2.56898685,-0.53670906,0.59146860,-6.41401273,3.65641572,33,15,18,3,"OLS Newey-West HAC (Bartlett, lag 3; no finite-sample scaling)"
broad,Broad sequence control proxy,placebo_all_pre,2022-11,2021-10,2024-06,month_09,-2.10000779,0.82114025,-2.55742889,0.01054491,-3.70944268,-0.49057290,33,15,18,3,"OLS Newey-West HAC (Bartlett, lag 3; no finite-sample scaling)"
broad,Broad sequence control proxy,placebo_all_pre,2022-11,2021-10,2024-06,month_10,2.04678978,0.87591198,2.33675281,0.01945204,0.33000230,3.76357726,33,15,18,3,"OLS Newey-West HAC (Bartlett, lag 3; no finite-sample scaling)"
broad,Broad sequence control proxy,placebo_all_pre,2022-11,2021-10,2024-06,month_11,2.68263986,0.96316478,2.78523458,0.00534890,0.79483689,4.57044284,33,15,18,3,"OLS Newey-West HAC (Bartlett, lag 3; no finite-sample scaling)"
broad,Broad sequence control proxy,placebo_all_pre,2022-11,2021-10,2024-06,month_12,2.17465326,0.66182729,3.28583198,0.00101682,0.87747178,3.47183475,33,15,18,3,"OLS Newey-West HAC (Bartlett, lag 3; no finite-sample scaling)"
broad,Broad sequence control proxy,placebo_all_pre,2022-12,2021-10,2024-06,Intercept,-2.75896235,0.70487628,-3.91410869,0.00009074,-4.14051985,-1.37740485,33,15,18,3,"OLS Newey-West HAC (Bartlett, lag 3; no finite-sample scaling)"
broad,Broad sequence control proxy,placebo_all_pre,2022-12,2021-10,2024-06,Time,0.33808645,0.05898837,5.73140818,0.00000001,0.22246924,0.45370367,33,15,18,3,"OLS Newey-West HAC (Bartlett, lag 3; no finite-sample scaling)"
broad,Broad sequence control proxy,placebo_all_pre,2022-12,2021-10,2024-06,ArtificialLevel,0.45166477,0.80811468,0.55891173,0.57622196,-1.13224000,2.03556955,33,15,18,3,"OLS Newey-West HAC (Bartlett, lag 3; no finite-sample scaling)"
broad,Broad sequence control proxy,placebo_all_pre,2022-12,2021-10,2024-06,ArtificialSlope,-0.27430950,0.07487871,-3.66338458,0.00024890,-0.42107176,-0.12754723,33,15,18,3,"OLS Newey-West HAC (Bartlett, lag 3; no finite-sample scaling)"
broad,Broad sequence control proxy,placebo_all_pre,2022-12,2021-10,2024-06,month_02,0.51145321,1.04724300,0.48838064,0.62528025,-1.54114307,2.56404949,33,15,18,3,"OLS Newey-West HAC (Bartlett, lag 3; no finite-sample scaling)"
broad,Broad sequence control proxy,placebo_all_pre,2022-12,2021-10,2024-06,month_03,0.68957309,1.18512121,0.58185870,0.56066186,-1.63326448,3.01241066,33,15,18,3,"OLS Newey-West HAC (Bartlett, lag 3; no finite-sample scaling)"
broad,Broad sequence control proxy,placebo_all_pre,2022-12,2021-10,2024-06,month_04,-1.13230704,1.49652128,-0.75662608,0.44927391,-4.06548876,1.80087468,33,15,18,3,"OLS Newey-West HAC (Bartlett, lag 3; no finite-sample scaling)"
broad,Broad sequence control proxy,placebo_all_pre,2022-12,2021-10,2024-06,month_05,0.04581284,1.11298797,0.04116203,0.96716673,-2.13564358,2.22726925,33,15,18,3,"OLS Newey-West HAC (Bartlett, lag 3; no finite-sample scaling)"
broad,Broad sequence control proxy,placebo_all_pre,2022-12,2021-10,2024-06,month_06,-4.10940062,0.62096382,-6.61777784,0.00000000,-5.32648971,-2.89231153,33,15,18,3,"OLS Newey-West HAC (Bartlett, lag 3; no finite-sample scaling)"
broad,Broad sequence control proxy,placebo_all_pre,2022-12,2021-10,2024-06,month_07,-2.07808362,0.81663687,-2.54468502,0.01093764,-3.67869189,-0.47747535,33,15,18,3,"OLS Newey-West HAC (Bartlett, lag 3; no finite-sample scaling)"
broad,Broad sequence control proxy,placebo_all_pre,2022-12,2021-10,2024-06,month_08,-1.27901532,2.50034862,-0.51153480,0.60897663,-6.17969861,3.62166797,33,15,18,3,"OLS Newey-West HAC (Bartlett, lag 3; no finite-sample scaling)"
broad,Broad sequence control proxy,placebo_all_pre,2022-12,2021-10,2024-06,month_09,-1.97994703,0.89260843,-2.21815856,0.02654402,-3.72945955,-0.23043451,33,15,18,3,"OLS Newey-West HAC (Bartlett, lag 3; no finite-sample scaling)"
broad,Broad sequence control proxy,placebo_all_pre,2022-12,2021-10,2024-06,month_10,2.13240163,0.96430571,2.21133360,0.02701274,0.24236243,4.02244083,33,15,18,3,"OLS Newey-West HAC (Bartlett, lag 3; no finite-sample scaling)"
broad,Broad sequence control proxy,placebo_all_pre,2022-12,2021-10,2024-06,month_11,2.88575167,1.07114268,2.69408708,0.00705817,0.78631201,4.98519133,33,15,18,3,"OLS Newey-West HAC (Bartlett, lag 3; no finite-sample scaling)"
broad,Broad sequence control proxy,placebo_all_pre,2022-12,2021-10,2024-06,month_12,2.15521346,0.69754646,3.08970598,0.00200355,0.78802240,3.52240451,33,15,18,3,"OLS Newey-West HAC (Bartlett, lag 3; no finite-sample scaling)"
broad,Broad sequence control proxy,placebo_all_pre,2023-01,2021-10,2024-06,Intercept,-2.75446179,0.77113312,-3.57196664,0.00035431,-4.26588271,-1.24304087,33,15,18,3,"OLS Newey-West HAC (Bartlett, lag 3; no finite-sample scaling)"
broad,Broad sequence control proxy,placebo_all_pre,2023-01,2021-10,2024-06,Time,0.30338760,0.05635001,5.38398501,0.00000007,0.19294159,0.41383362,33,15,18,3,"OLS Newey-West HAC (Bartlett, lag 3; no finite-sample scaling)"
broad,Broad sequence control proxy,placebo_all_pre,2023-01,2021-10,2024-06,ArtificialLevel,0.95199731,0.49191871,1.93527366,0.05295672,-0.01216335,1.91615798,33,15,18,3,"OLS Newey-West HAC (Bartlett, lag 3; no finite-sample scaling)"
broad,Broad sequence control proxy,placebo_all_pre,2023-01,2021-10,2024-06,ArtificialSlope,-0.27442095,0.07334773,-3.74136926,0.00018302,-0.41818250,-0.13065939,33,15,18,3,"OLS Newey-West HAC (Bartlett, lag 3; no finite-sample scaling)"
broad,Broad sequence control proxy,placebo_all_pre,2023-01,2021-10,2024-06,month_02,0.54622636,1.07038000,0.51031069,0.60983381,-1.55171844,2.64417117,33,15,18,3,"OLS Newey-West HAC (Bartlett, lag 3; no finite-sample scaling)"
broad,Broad sequence control proxy,placebo_all_pre,2023-01,2021-10,2024-06,month_03,0.75911939,1.18648121,0.63980734,0.52229786,-1.56638378,3.08462256,33,15,18,3,"OLS Newey-West HAC (Bartlett, lag 3; no finite-sample scaling)"
broad,Broad sequence control proxy,placebo_all_pre,2023-01,2021-10,2024-06,month_04,-1.02798758,1.49910583,-0.68573383,0.49288097,-3.96623500,1.91025984,33,15,18,3,"OLS Newey-West HAC (Bartlett, lag 3; no finite-sample scaling)"
broad,Broad sequence control proxy,placebo_all_pre,2023-01,2021-10,2024-06,month_05,0.18490545,1.21196416,0.15256676,0.87873994,-2.19054430,2.56035520,33,15,18,3,"OLS Newey-West HAC (Bartlett, lag 3; no finite-sample scaling)"
broad,Broad sequence control proxy,placebo_all_pre,2023-01,2021-10,2024-06,month_06,-3.93553486,0.71364732,-5.51467757,0.00000003,-5.33428360,-2.53678611,33,15,18,3,"OLS Newey-West HAC (Bartlett, lag 3; no finite-sample scaling)"
broad,Broad sequence control proxy,placebo_all_pre,2023-01,2021-10,2024-06,month_07,-1.94908806,0.99341862,-1.96200073,0.04976240,-3.89618856,-0.00198757,33,15,18,3,"OLS Newey-West HAC (Bartlett, lag 3; no finite-sample scaling)"
broad,Broad sequence control proxy,placebo_all_pre,2023-01,2021-10,2024-06,month_08,-1.11526519,2.40403924,-0.46391306,0.64271004,-5.82718209,3.59665171,33,15,18,3,"OLS Newey-West HAC (Bartlett, lag 3; no finite-sample scaling)"
broad,Broad sequence control proxy,placebo_all_pre,2023-01,2021-10,2024-06,month_09,-1.78144232,1.08483790,-1.64212766,0.10056355,-3.90772460,0.34483996,33,15,18,3,"OLS Newey-West HAC (Bartlett, lag 3; no finite-sample scaling)"
broad,Broad sequence control proxy,placebo_all_pre,2023-01,2021-10,2024-06,month_10,2.28640763,1.14429510,1.99809265,0.04570662,0.04358924,4.52922603,33,15,18,3,"OLS Newey-West HAC (Bartlett, lag 3; no finite-sample scaling)"
broad,Broad sequence control proxy,placebo_all_pre,2023-01,2021-10,2024-06,month_11,3.07449368,1.09094661,2.81818894,0.00482954,0.93623832,5.21274904,33,15,18,3,"OLS Newey-West HAC (Bartlett, lag 3; no finite-sample scaling)"
broad,Broad sequence control proxy,placebo_all_pre,2023-01,2021-10,2024-06,month_12,2.52924639,0.73096040,3.46016883,0.00053984,1.09656401,3.96192877,33,15,18,3,"OLS Newey-West HAC (Bartlett, lag 3; no finite-sample scaling)"
broad,Broad sequence control proxy,placebo_all_pre,2023-02,2021-10,2024-06,Intercept,-2.26242586,0.54469583,-4.15355823,0.00003273,-3.33002968,-1.19482203,33,15,18,3,"OLS Newey-West HAC (Bartlett, lag 3; no finite-sample scaling)"
broad,Broad sequence control proxy,placebo_all_pre,2023-02,2021-10,2024-06,Time,0.28018086,0.05363659,5.22368910,0.00000018,0.17505315,0.38530857,33,15,18,3,"OLS Newey-West HAC (Bartlett, lag 3; no finite-sample scaling)"
broad,Broad sequence control proxy,placebo_all_pre,2023-02,2021-10,2024-06,ArtificialLevel,1.42985383,0.56471923,2.53197296,0.01134227,0.32300413,2.53670352,33,15,18,3,"OLS Newey-West HAC (Bartlett, lag 3; no finite-sample scaling)"
broad,Broad sequence control proxy,placebo_all_pre,2023-02,2021-10,2024-06,ArtificialSlope,-0.29551954,0.06210435,-4.75843583,0.00000195,-0.41724406,-0.17379503,33,15,18,3,"OLS Newey-West HAC (Bartlett, lag 3; no finite-sample scaling)"
broad,Broad sequence control proxy,placebo_all_pre,2023-02,2021-10,2024-06,month_02,0.00837438,0.92030714,0.00909955,0.99273971,-1.79542762,1.81217637,33,15,18,3,"OLS Newey-West HAC (Bartlett, lag 3; no finite-sample scaling)"
broad,Broad sequence control proxy,placebo_all_pre,2023-02,2021-10,2024-06,month_03,0.25853988,0.80607078,0.32074091,0.74840674,-1.32135885,1.83843861,33,15,18,3,"OLS Newey-West HAC (Bartlett, lag 3; no finite-sample scaling)"
broad,Broad sequence control proxy,placebo_all_pre,2023-02,2021-10,2024-06,month_04,-1.49129462,1.30878820,-1.13944687,0.25451681,-4.05651948,1.07393025,33,15,18,3,"OLS Newey-West HAC (Bartlett, lag 3; no finite-sample scaling)"
broad,Broad sequence control proxy,placebo_all_pre,2023-02,2021-10,2024-06,month_05,-0.24112912,1.10755918,-0.21771217,0.82765338,-2.41194512,1.92968688,33,15,18,3,"OLS Newey-West HAC (Bartlett, lag 3; no finite-sample scaling)"
broad,Broad sequence control proxy,placebo_all_pre,2023-02,2021-10,2024-06,month_06,-4.32429695,0.40048872,-10.79754988,0.00000000,-5.10925484,-3.53933906,33,15,18,3,"OLS Newey-West HAC (Bartlett, lag 3; no finite-sample scaling)"
broad,Broad sequence control proxy,placebo_all_pre,2023-02,2021-10,2024-06,month_07,-2.41641510,0.88833607,-2.72015871,0.00652506,-4.15755381,-0.67527640,33,15,18,3,"OLS Newey-West HAC (Bartlett, lag 3; no finite-sample scaling)"
broad,Broad sequence control proxy,placebo_all_pre,2023-02,2021-10,2024-06,month_08,-1.54883619,2.15672067,-0.71814409,0.47266845,-5.77600870,2.67833632,33,15,18,3,"OLS Newey-West HAC (Bartlett, lag 3; no finite-sample scaling)"
broad,Broad sequence control proxy,placebo_all_pre,2023-02,2021-10,2024-06,month_09,-2.18125728,1.03026169,-2.11718761,0.03424393,-4.20057019,-0.16194437,33,15,18,3,"OLS Newey-West HAC (Bartlett, lag 3; no finite-sample scaling)"
broad,Broad sequence control proxy,placebo_all_pre,2023-02,2021-10,2024-06,month_10,1.87835637,1.03110330,1.82169563,0.06850118,-0.14260609,3.89931883,33,15,18,3,"OLS Newey-West HAC (Bartlett, lag 3; no finite-sample scaling)"
broad,Broad sequence control proxy,placebo_all_pre,2023-02,2021-10,2024-06,month_11,2.69668203,0.87384301,3.08600287,0.00202867,0.98394973,4.40941432,33,15,18,3,"OLS Newey-West HAC (Bartlett, lag 3; no finite-sample scaling)"
broad,Broad sequence control proxy,placebo_all_pre,2023-02,2021-10,2024-06,month_12,2.18167435,0.59154801,3.68807657,0.00022596,1.02224025,3.34110844,33,15,18,3,"OLS Newey-West HAC (Bartlett, lag 3; no finite-sample scaling)"
broad,Broad sequence control proxy,placebo_all_pre,2023-03,2021-10,2024-06,Intercept,-2.34618949,0.54820183,-4.27979142,0.00001871,-3.42066508,-1.27171390,33,15,18,3,"OLS Newey-West HAC (Bartlett, lag 3; no finite-sample scaling)"
broad,Broad sequence control proxy,placebo_all_pre,2023-03,2021-10,2024-06,Time,0.29103114,0.04775283,6.09453141,0.00000000,0.19743559,0.38462669,33,15,18,3,"OLS Newey-West HAC (Bartlett, lag 3; no finite-sample scaling)"
broad,Broad sequence control proxy,placebo_all_pre,2023-03,2021-10,2024-06,ArtificialLevel,1.23578011,0.73023285,1.69230967,0.09058694,-0.19547627,2.66703649,33,15,18,3,"OLS Newey-West HAC (Bartlett, lag 3; no finite-sample scaling)"
broad,Broad sequence control proxy,placebo_all_pre,2023-03,2021-10,2024-06,ArtificialSlope,-0.32936130,0.05459186,-6.03315771,0.00000000,-0.43636134,-0.22236125,33,15,18,3,"OLS Newey-West HAC (Bartlett, lag 3; no finite-sample scaling)"
broad,Broad sequence control proxy,placebo_all_pre,2023-03,2021-10,2024-06,month_02,0.48542262,1.00975603,0.48073258,0.63070657,-1.49369920,2.46454445,33,15,18,3,"OLS Newey-West HAC (Bartlett, lag 3; no finite-sample scaling)"
broad,Broad sequence control proxy,placebo_all_pre,2023-03,2021-10,2024-06,month_03,0.22558521,0.83052186,0.27161864,0.78591527,-1.40223763,1.85340805,33,15,18,3,"OLS Newey-West HAC (Bartlett, lag 3; no finite-sample scaling)"
broad,Broad sequence control proxy,placebo_all_pre,2023-03,2021-10,2024-06,month_04,-1.51253840,1.36567677,-1.10753761,0.26806156,-4.18926487,1.16418808,33,15,18,3,"OLS Newey-West HAC (Bartlett, lag 3; no finite-sample scaling)"
broad,Broad sequence control proxy,placebo_all_pre,2023-03,2021-10,2024-06,month_05,-0.25066201,1.10909645,-0.22600560,0.82119707,-2.42449104,1.92316703,33,15,18,3,"OLS Newey-West HAC (Bartlett, lag 3; no finite-sample scaling)"
broad,Broad sequence control proxy,placebo_all_pre,2023-03,2021-10,2024-06,month_06,-4.32211895,0.43749798,-9.87917459,0.00000000,-5.17961499,-3.46462290,33,15,18,3,"OLS Newey-West HAC (Bartlett, lag 3; no finite-sample scaling)"
broad,Broad sequence control proxy,placebo_all_pre,2023-03,2021-10,2024-06,month_07,-2.47844508,0.91678020,-2.70342345,0.00686293,-4.27533427,-0.68155589,33,15,18,3,"OLS Newey-West HAC (Bartlett, lag 3; no finite-sample scaling)"
broad,Broad sequence control proxy,placebo_all_pre,2023-03,2021-10,2024-06,month_08,-1.60479557,2.14499324,-0.74815880,0.45436438,-5.80898233,2.59939118,33,15,18,3,"OLS Newey-West HAC (Bartlett, lag 3; no finite-sample scaling)"
broad,Broad sequence control proxy,placebo_all_pre,2023-03,2021-10,2024-06,month_09,-2.23114607,1.04674216,-2.13151447,0.03304678,-4.28276070,-0.17953143,33,15,18,3,"OLS Newey-West HAC (Bartlett, lag 3; no finite-sample scaling)"
broad,Broad sequence control proxy,placebo_all_pre,2023-03,2021-10,2024-06,month_10,1.87706546,1.03399338,1.81535540,0.06946931,-0.14956156,3.90369248,33,15,18,3,"OLS Newey-West HAC (Bartlett, lag 3; no finite-sample scaling)"
broad,Broad sequence control proxy,placebo_all_pre,2023-03,2021-10,2024-06,month_11,2.69582142,0.87964364,3.06467450,0.00217907,0.97171989,4.41992294,33,15,18,3,"OLS Newey-West HAC (Bartlett, lag 3; no finite-sample scaling)"
broad,Broad sequence control proxy,placebo_all_pre,2023-03,2021-10,2024-06,month_12,2.18124404,0.60097745,3.62949401,0.00028398,1.00332825,3.35915984,33,15,18,3,"OLS Newey-West HAC (Bartlett, lag 3; no finite-sample scaling)"
broad,Broad sequence control proxy,placebo_all_pre,2023-04,2021-10,2024-06,Intercept,-2.62593712,0.63104784,-4.16123302,0.00003165,-3.86279089,-1.38908335,33,15,18,3,"OLS Newey-West HAC (Bartlett, lag 3; no finite-sample scaling)"
broad,Broad sequence control proxy,placebo_all_pre,2023-04,2021-10,2024-06,Time,0.32790646,0.04368192,7.50668677,0.00000000,0.24228990,0.41352301,33,15,18,3,"OLS Newey-West HAC (Bartlett, lag 3; no finite-sample scaling)"
broad,Broad sequence control proxy,placebo_all_pre,2023-04,2021-10,2024-06,ArtificialLevel,0.18999664,0.58125465,0.32687333,0.74376369,-0.94926247,1.32925576,33,15,18,3,"OLS Newey-West HAC (Bartlett, lag 3; no finite-sample scaling)"
broad,Broad sequence control proxy,placebo_all_pre,2023-04,2021-10,2024-06,ArtificialSlope,-0.34088620,0.05550057,-6.14203012,0.00000000,-0.44966733,-0.23210508,33,15,18,3,"OLS Newey-West HAC (Bartlett, lag 3; no finite-sample scaling)"
broad,Broad sequence control proxy,placebo_all_pre,2023-04,2021-10,2024-06,month_02,0.45238894,1.01503092,0.44568982,0.65582132,-1.53707166,2.44184955,33,15,18,3,"OLS Newey-West HAC (Bartlett, lag 3; no finite-sample scaling)"
broad,Broad sequence control proxy,placebo_all_pre,2023-04,2021-10,2024-06,month_03,0.57144456,1.05714432,0.54055491,0.58881440,-1.50055832,2.64344743,33,15,18,3,"OLS Newey-West HAC (Bartlett, lag 3; no finite-sample scaling)"
broad,Broad sequence control proxy,placebo_all_pre,2023-04,2021-10,2024-06,month_04,-1.37283205,1.41782727,-0.96826466,0.33291221,-4.15177350,1.40610941,33,15,18,3,"OLS Newey-West HAC (Bartlett, lag 3; no finite-sample scaling)"
broad,Broad sequence control proxy,placebo_all_pre,2023-04,2021-10,2024-06,month_05,-0.14014770,1.11385052,-0.12582272,0.89987226,-2.32329472,2.04299932,33,15,18,3,"OLS Newey-West HAC (Bartlett, lag 3; no finite-sample scaling)"
broad,Broad sequence control proxy,placebo_all_pre,2023-04,2021-10,2024-06,month_06,-4.24079669,0.51910081,-8.16950504,0.00000000,-5.25823428,-3.22335910,33,15,18,3,"OLS Newey-West HAC (Bartlett, lag 3; no finite-sample scaling)"
broad,Broad sequence control proxy,placebo_all_pre,2023-04,2021-10,2024-06,month_07,-2.37632875,0.88452581,-2.68655670,0.00721927,-4.10999934,-0.64265816,33,15,18,3,"OLS Newey-West HAC (Bartlett, lag 3; no finite-sample scaling)"
broad,Broad sequence control proxy,placebo_all_pre,2023-04,2021-10,2024-06,month_08,-1.53379210,2.27759256,-0.67342690,0.50067574,-5.99787351,2.93028931,33,15,18,3,"OLS Newey-West HAC (Bartlett, lag 3; no finite-sample scaling)"
broad,Broad sequence control proxy,placebo_all_pre,2023-04,2021-10,2024-06,month_09,-2.19125545,0.99855955,-2.19441640,0.02820549,-4.14843218,-0.23407873,33,15,18,3,"OLS Newey-West HAC (Bartlett, lag 3; no finite-sample scaling)"
broad,Broad sequence control proxy,placebo_all_pre,2023-04,2021-10,2024-06,month_10,1.97616650,1.00707458,1.96228417,0.04972941,0.00230033,3.95003267,33,15,18,3,"OLS Newey-West HAC (Bartlett, lag 3; no finite-sample scaling)"
broad,Broad sequence control proxy,placebo_all_pre,2023-04,2021-10,2024-06,month_11,2.76188878,0.91360981,3.02305069,0.00250240,0.97121354,4.55256401,33,15,18,3,"OLS Newey-West HAC (Bartlett, lag 3; no finite-sample scaling)"
broad,Broad sequence control proxy,placebo_all_pre,2023-04,2021-10,2024-06,month_12,2.21427772,0.64729941,3.42079368,0.00062439,0.94557088,3.48298456,33,15,18,3,"OLS Newey-West HAC (Bartlett, lag 3; no finite-sample scaling)"
broad,Broad sequence control proxy,placebo_all_pre,2023-05,2021-10,2024-06,Intercept,-2.76974555,0.70782240,-3.91305155,0.00009114,-4.15707747,-1.38241364,33,15,18,3,"OLS Newey-West HAC (Bartlett, lag 3; no finite-sample scaling)"
broad,Broad sequence control proxy,placebo_all_pre,2023-05,2021-10,2024-06,Time,0.34700940,0.05028661,6.90063210,0.00000000,0.24844764,0.44557115,33,15,18,3,"OLS Newey-West HAC (Bartlett, lag 3; no finite-sample scaling)"
broad,Broad sequence control proxy,placebo_all_pre,2023-05,2021-10,2024-06,ArtificialLevel,-0.71821793,0.91230939,-0.78725260,0.43113401,-2.50634433,1.06990847,33,15,18,3,"OLS Newey-West HAC (Bartlett, lag 3; no finite-sample scaling)"
broad,Broad sequence control proxy,placebo_all_pre,2023-05,2021-10,2024-06,ArtificialSlope,-0.32349603,0.05492579,-5.88969300,0.00000000,-0.43115057,-0.21584148,33,15,18,3,"OLS Newey-West HAC (Bartlett, lag 3; no finite-sample scaling)"
broad,Broad sequence control proxy,placebo_all_pre,2023-05,2021-10,2024-06,month_02,0.42748928,1.01853437,0.41971022,0.67469716,-1.56883809,2.42381665,33,15,18,3,"OLS Newey-West HAC (Bartlett, lag 3; no finite-sample scaling)"
broad,Broad sequence control proxy,placebo_all_pre,2023-05,2021-10,2024-06,month_03,0.52164523,1.07023598,0.48741141,0.62596681,-1.57601730,2.61930776,33,15,18,3,"OLS Newey-West HAC (Bartlett, lag 3; no finite-sample scaling)"
broad,Broad sequence control proxy,placebo_all_pre,2023-05,2021-10,2024-06,month_04,-1.38419883,1.46411860,-0.94541441,0.34444735,-4.25387128,1.48547363,33,15,18,3,"OLS Newey-West HAC (Bartlett, lag 3; no finite-sample scaling)"
broad,Broad sequence control proxy,placebo_all_pre,2023-05,2021-10,2024-06,month_05,-0.05063690,1.17571420,-0.04306906,0.96564648,-2.35503673,2.25376292,33,15,18,3,"OLS Newey-West HAC (Bartlett, lag 3; no finite-sample scaling)"
broad,Broad sequence control proxy,placebo_all_pre,2023-05,2021-10,2024-06,month_06,-4.18198228,0.58269554,-7.17695948,0.00000000,-5.32406554,-3.03989902,33,15,18,3,"OLS Newey-West HAC (Bartlett, lag 3; no finite-sample scaling)"
broad,Broad sequence control proxy,placebo_all_pre,2023-05,2021-10,2024-06,month_07,-2.25279039,0.86853642,-2.59377769,0.00949278,-3.95512177,-0.55045901,33,15,18,3,"OLS Newey-West HAC (Bartlett, lag 3; no finite-sample scaling)"
broad,Broad sequence control proxy,placebo_all_pre,2023-05,2021-10,2024-06,month_08,-1.43805177,2.38593169,-0.60272127,0.54669413,-6.11447788,3.23837434,33,15,18,3,"OLS Newey-West HAC (Bartlett, lag 3; no finite-sample scaling)"
broad,Broad sequence control proxy,placebo_all_pre,2023-05,2021-10,2024-06,month_09,-2.12331315,0.96179913,-2.20764720,0.02726888,-4.00843945,-0.23818686,33,15,18,3,"OLS Newey-West HAC (Bartlett, lag 3; no finite-sample scaling)"
broad,Broad sequence control proxy,placebo_all_pre,2023-05,2021-10,2024-06,month_10,2.05086549,0.99429147,2.06264014,0.03914683,0.10205421,3.99967677,33,15,18,3,"OLS Newey-West HAC (Bartlett, lag 3; no finite-sample scaling)"
broad,Broad sequence control proxy,placebo_all_pre,2023-05,2021-10,2024-06,month_11,2.81168811,0.94597098,2.97227733,0.00295600,0.95758498,4.66579123,33,15,18,3,"OLS Newey-West HAC (Bartlett, lag 3; no finite-sample scaling)"
broad,Broad sequence control proxy,placebo_all_pre,2023-05,2021-10,2024-06,month_12,2.23917739,0.67043905,3.33986719,0.00083818,0.92511685,3.55323792,33,15,18,3,"OLS Newey-West HAC (Bartlett, lag 3; no finite-sample scaling)"
broad,Broad sequence control proxy,placebo_all_pre,2023-06,2021-10,2024-06,Intercept,-2.56396096,0.61673123,-4.15733926,0.00003220,-3.77275418,-1.35516775,33,15,18,3,"OLS Newey-West HAC (Bartlett, lag 3; no finite-sample scaling)"
broad,Broad sequence control proxy,placebo_all_pre,2023-06,2021-10,2024-06,Time,0.31966846,0.03697402,8.64575958,0.00000000,0.24719939,0.39213753,33,15,18,3,"OLS Newey-West HAC (Bartlett, lag 3; no finite-sample scaling)"
broad,Broad sequence control proxy,placebo_all_pre,2023-06,2021-10,2024-06,ArtificialLevel,-0.24859748,0.64188292,-0.38729411,0.69853848,-1.50668800,1.00949305,33,15,18,3,"OLS Newey-West HAC (Bartlett, lag 3; no finite-sample scaling)"
broad,Broad sequence control proxy,placebo_all_pre,2023-06,2021-10,2024-06,ArtificialSlope,-0.34922861,0.05697427,-6.12958444,0.00000000,-0.46089818,-0.23755904,33,15,18,3,"OLS Newey-West HAC (Bartlett, lag 3; no finite-sample scaling)"
broad,Broad sequence control proxy,placebo_all_pre,2023-06,2021-10,2024-06,month_02,0.46340775,0.99668755,0.46494786,0.64196879,-1.49009985,2.41691534,33,15,18,3,"OLS Newey-West HAC (Bartlett, lag 3; no finite-sample scaling)"
broad,Broad sequence control proxy,placebo_all_pre,2023-06,2021-10,2024-06,month_03,0.59348216,1.06700768,0.55621170,0.57806614,-1.49785289,2.68481721,33,15,18,3,"OLS Newey-West HAC (Bartlett, lag 3; no finite-sample scaling)"
broad,Broad sequence control proxy,placebo_all_pre,2023-06,2021-10,2024-06,month_04,-1.27644343,1.43577730,-0.88902606,0.37398907,-4.09056693,1.53768007,33,15,18,3,"OLS Newey-West HAC (Bartlett, lag 3; no finite-sample scaling)"
broad,Broad sequence control proxy,placebo_all_pre,2023-06,2021-10,2024-06,month_05,-0.14636902,1.15113351,-0.12715208,0.89882003,-2.40259070,2.10985266,33,15,18,3,"OLS Newey-West HAC (Bartlett, lag 3; no finite-sample scaling)"
broad,Broad sequence control proxy,placebo_all_pre,2023-06,2021-10,2024-06,month_06,-4.26676212,0.51069465,-8.35482054,0.00000000,-5.26772362,-3.26580061,33,15,18,3,"OLS Newey-West HAC (Bartlett, lag 3; no finite-sample scaling)"
broad,Broad sequence control proxy,placebo_all_pre,2023-06,2021-10,2024-06,month_07,-2.43215288,0.90359507,-2.69164027,0.00711016,-4.20319921,-0.66110654,33,15,18,3,"OLS Newey-West HAC (Bartlett, lag 3; no finite-sample scaling)"
broad,Broad sequence control proxy,placebo_all_pre,2023-06,2021-10,2024-06,month_08,-1.57720703,2.24143403,-0.70365980,0.48164466,-5.97041772,2.81600367,33,15,18,3,"OLS Newey-West HAC (Bartlett, lag 3; no finite-sample scaling)"
broad,Broad sequence control proxy,placebo_all_pre,2023-06,2021-10,2024-06,month_09,-2.22226118,1.02213578,-2.17413500,0.02969500,-4.22564731,-0.21887505,33,15,18,3,"OLS Newey-West HAC (Bartlett, lag 3; no finite-sample scaling)"
broad,Broad sequence control proxy,placebo_all_pre,2023-06,2021-10,2024-06,month_10,1.94311010,1.02209275,1.90110936,0.05728769,-0.06019170,3.94641189,33,15,18,3,"OLS Newey-West HAC (Bartlett, lag 3; no finite-sample scaling)"
broad,Broad sequence control proxy,placebo_all_pre,2023-06,2021-10,2024-06,month_11,2.73985118,0.90416696,3.03024917,0.00244352,0.96768394,4.51201842,33,15,18,3,"OLS Newey-West HAC (Bartlett, lag 3; no finite-sample scaling)"
broad,Broad sequence control proxy,placebo_all_pre,2023-06,2021-10,2024-06,month_12,2.20325892,0.64080850,3.43824858,0.00058549,0.94727426,3.45924358,33,15,18,3,"OLS Newey-West HAC (Bartlett, lag 3; no finite-sample scaling)"
broad,Broad sequence control proxy,placebo_all_pre,2023-07,2021-10,2024-06,Intercept,-2.49914792,0.59270650,-4.21650162,0.00002481,-3.66085266,-1.33744318,33,15,18,3,"OLS Newey-West HAC (Bartlett, lag 3; no finite-sample scaling)"
broad,Broad sequence control proxy,placebo_all_pre,2023-07,2021-10,2024-06,Time,0.31100886,0.03462430,8.98238819,0.00000000,0.24314524,0.37887248,33,15,18,3,"OLS Newey-West HAC (Bartlett, lag 3; no finite-sample scaling)"
broad,Broad sequence control proxy,placebo_all_pre,2023-07,2021-10,2024-06,ArtificialLevel,-0.30777096,0.82925878,-0.37113983,0.71053339,-1.93311817,1.31757624,33,15,18,3,"OLS Newey-West HAC (Bartlett, lag 3; no finite-sample scaling)"
broad,Broad sequence control proxy,placebo_all_pre,2023-07,2021-10,2024-06,ArtificialSlope,-0.36503067,0.08380236,-4.35585173,0.00001326,-0.52928331,-0.20077804,33,15,18,3,"OLS Newey-West HAC (Bartlett, lag 3; no finite-sample scaling)"
broad,Broad sequence control proxy,placebo_all_pre,2023-07,2021-10,2024-06,month_02,0.47733470,0.98726483,0.48349205,0.62874640,-1.45770437,2.41237376,33,15,18,3,"OLS Newey-West HAC (Bartlett, lag 3; no finite-sample scaling)"
broad,Broad sequence control proxy,placebo_all_pre,2023-07,2021-10,2024-06,month_03,0.62133606,1.07665579,0.57709814,0.56387316,-1.48890930,2.73158142,33,15,18,3,"OLS Newey-West HAC (Bartlett, lag 3; no finite-sample scaling)"
broad,Broad sequence control proxy,placebo_all_pre,2023-07,2021-10,2024-06,month_04,-1.23466258,1.45266339,-0.84993026,0.39536386,-4.08188283,1.61255768,33,15,18,3,"OLS Newey-West HAC (Bartlett, lag 3; no finite-sample scaling)"
broad,Broad sequence control proxy,placebo_all_pre,2023-07,2021-10,2024-06,month_05,-0.09066121,1.12785709,-0.08038360,0.93593217,-2.30126112,2.11993869,33,15,18,3,"OLS Newey-West HAC (Bartlett, lag 3; no finite-sample scaling)"
broad,Broad sequence control proxy,placebo_all_pre,2023-07,2021-10,2024-06,month_06,-4.27999318,0.57609289,-7.42934565,0.00000000,-5.40913524,-3.15085113,33,15,18,3,"OLS Newey-West HAC (Bartlett, lag 3; no finite-sample scaling)"
broad,Broad sequence control proxy,placebo_all_pre,2023-07,2021-10,2024-06,month_07,-2.51209952,0.95451313,-2.63181243,0.00849307,-4.38294526,-0.64125379,33,15,18,3,"OLS Newey-West HAC (Bartlett, lag 3; no finite-sample scaling)"
broad,Broad sequence control proxy,placebo_all_pre,2023-07,2021-10,2024-06,month_08,-1.64059305,2.18739857,-0.75002017,0.45324256,-5.92789425,2.64670815,33,15,18,3,"OLS Newey-West HAC (Bartlett, lag 3; no finite-sample scaling)"
broad,Broad sequence control proxy,placebo_all_pre,2023-07,2021-10,2024-06,month_09,-2.26908657,1.06622640,-2.12814706,0.03332489,-4.35889031,-0.17928284,33,15,18,3,"OLS Newey-West HAC (Bartlett, lag 3; no finite-sample scaling)"
broad,Broad sequence control proxy,placebo_all_pre,2023-07,2021-10,2024-06,month_10,1.90132924,1.04221698,1.82431229,0.06810487,-0.14141603,3.94407452,33,15,18,3,"OLS Newey-West HAC (Bartlett, lag 3; no finite-sample scaling)"
broad,Broad sequence control proxy,placebo_all_pre,2023-07,2021-10,2024-06,month_11,2.71199727,0.89126946,3.04284777,0.00234351,0.96510914,4.45888541,33,15,18,3,"OLS Newey-West HAC (Bartlett, lag 3; no finite-sample scaling)"
broad,Broad sequence control proxy,placebo_all_pre,2023-07,2021-10,2024-06,month_12,2.18933197,0.63174008,3.46555813,0.00052913,0.95112141,3.42754253,33,15,18,3,"OLS Newey-West HAC (Bartlett, lag 3; no finite-sample scaling)"
broad,Broad sequence control proxy,placebo_18_12,2023-04,2021-10,2024-03,Intercept,-2.44559148,0.62123044,-3.93668970,0.00008261,-3.66320315,-1.22797982,30,15,15,3,"OLS Newey-West HAC (Bartlett, lag 3; no finite-sample scaling)"
broad,Broad sequence control proxy,placebo_18_12,2023-04,2021-10,2024-03,Time,0.32013267,0.04158578,7.69812790,0.00000000,0.23862454,0.40164080,30,15,15,3,"OLS Newey-West HAC (Bartlett, lag 3; no finite-sample scaling)"
broad,Broad sequence control proxy,placebo_18_12,2023-04,2021-10,2024-03,ArtificialLevel,0.73035648,0.73361364,0.99556011,0.31946392,-0.70752626,2.16823921,30,15,15,3,"OLS Newey-West HAC (Bartlett, lag 3; no finite-sample scaling)"
broad,Broad sequence control proxy,placebo_18_12,2023-04,2021-10,2024-03,ArtificialSlope,-0.42217245,0.09084802,-4.64701866,0.00000337,-0.60023458,-0.24411033,30,15,15,3,"OLS Newey-West HAC (Bartlett, lag 3; no finite-sample scaling)"
broad,Broad sequence control proxy,placebo_18_12,2023-04,2021-10,2024-03,month_02,0.48725815,0.97752478,0.49846117,0.61815903,-1.42869042,2.40320672,30,15,15,3,"OLS Newey-West HAC (Bartlett, lag 3; no finite-sample scaling)"
broad,Broad sequence control proxy,placebo_18_12,2023-04,2021-10,2024-03,month_03,0.64118297,1.08811661,0.58925943,0.55568726,-1.49152558,2.77389151,30,15,15,3,"OLS Newey-West HAC (Bartlett, lag 3; no finite-sample scaling)"
broad,Broad sequence control proxy,placebo_18_12,2023-04,2021-10,2024-03,month_04,-2.76117877,1.41796381,-1.94728437,0.05150065,-5.54038783,0.01803030,30,15,15,3,"OLS Newey-West HAC (Bartlett, lag 3; no finite-sample scaling)"
broad,Broad sequence control proxy,placebo_18_12,2023-04,2021-10,2024-03,month_05,0.12977479,1.64519651,0.07888103,0.93712725,-3.09481036,3.35435995,30,15,15,3,"OLS Newey-West HAC (Bartlett, lag 3; no finite-sample scaling)"
broad,Broad sequence control proxy,placebo_18_12,2023-04,2021-10,2024-03,month_06,-4.47927165,0.68203769,-6.56748408,0.00000000,-5.81606552,-3.14247778,30,15,15,3,"OLS Newey-West HAC (Bartlett, lag 3; no finite-sample scaling)"
broad,Broad sequence control proxy,placebo_18_12,2023-04,2021-10,2024-03,month_07,-2.58831809,1.01609058,-2.54733008,0.01085507,-4.57985562,-0.59678056,30,15,15,3,"OLS Newey-West HAC (Bartlett, lag 3; no finite-sample scaling)"
broad,Broad sequence control proxy,placebo_18_12,2023-04,2021-10,2024-03,month_08,-1.69736453,2.24441691,-0.75626080,0.44949285,-6.09642168,2.70169262,30,15,15,3,"OLS Newey-West HAC (Bartlett, lag 3; no finite-sample scaling)"
broad,Broad sequence control proxy,placebo_18_12,2023-04,2021-10,2024-03,month_09,-2.30641097,1.04519488,-2.20668032,0.02733640,-4.35499294,-0.25782901,30,15,15,3,"OLS Newey-West HAC (Bartlett, lag 3; no finite-sample scaling)"
broad,Broad sequence control proxy,placebo_18_12,2023-04,2021-10,2024-03,month_10,1.87155888,1.03180596,1.81386709,0.06969819,-0.15078081,3.89389857,30,15,15,3,"OLS Newey-West HAC (Bartlett, lag 3; no finite-sample scaling)"
broad,Broad sequence control proxy,placebo_18_12,2023-04,2021-10,2024-03,month_11,2.69215037,0.93878722,2.86768961,0.00413481,0.85212741,4.53217333,30,15,15,3,"OLS Newey-West HAC (Bartlett, lag 3; no finite-sample scaling)"
broad,Broad sequence control proxy,placebo_18_12,2023-04,2021-10,2024-03,month_12,2.17940852,0.65446165,3.33007827,0.00086822,0.89666368,3.46215335,30,15,15,3,"OLS Newey-West HAC (Bartlett, lag 3; no finite-sample scaling)"
broad,Broad sequence control proxy,placebo_18_12,2023-05,2021-11,2024-04,Intercept,-2.61901207,0.86718768,-3.02012139,0.00252673,-4.31869993,-0.91932421,30,15,15,3,"OLS Newey-West HAC (Bartlett, lag 3; no finite-sample scaling)"
broad,Broad sequence control proxy,placebo_18_12,2023-05,2021-11,2024-04,Time,0.35237029,0.06556536,5.37433602,0.00000008,0.22386218,0.48087840,30,15,15,3,"OLS Newey-West HAC (Bartlett, lag 3; no finite-sample scaling)"
broad,Broad sequence control proxy,placebo_18_12,2023-05,2021-11,2024-04,ArtificialLevel,-1.72415080,1.20485424,-1.43100364,0.15242917,-4.08566511,0.63736350,30,15,15,3,"OLS Newey-West HAC (Bartlett, lag 3; no finite-sample scaling)"
broad,Broad sequence control proxy,placebo_18_12,2023-05,2021-11,2024-04,ArtificialSlope,-0.15229563,0.11666456,-1.30541473,0.19175166,-0.38095817,0.07636690,30,15,15,3,"OLS Newey-West HAC (Bartlett, lag 3; no finite-sample scaling)"
broad,Broad sequence control proxy,placebo_18_12,2023-05,2021-11,2024-04,month_02,0.36506159,1.07685472,0.33900728,0.73460424,-1.74557365,2.47569683,30,15,15,3,"OLS Newey-West HAC (Bartlett, lag 3; no finite-sample scaling)"
broad,Broad sequence control proxy,placebo_18_12,2023-05,2021-11,2024-04,month_03,0.39678985,1.06659320,0.37201610,0.70988086,-1.69373282,2.48731252,30,15,15,3,"OLS Newey-West HAC (Bartlett, lag 3; no finite-sample scaling)"
broad,Broad sequence control proxy,placebo_18_12,2023-05,2021-11,2024-04,month_04,-1.57148190,1.34202167,-1.17098102,0.24160641,-4.20184437,1.05888057,30,15,15,3,"OLS Newey-West HAC (Bartlett, lag 3; no finite-sample scaling)"
broad,Broad sequence control proxy,placebo_18_12,2023-05,2021-11,2024-04,month_05,1.25264402,1.29446015,0.96769609,0.33319617,-1.28449787,3.78978591,30,15,15,3,"OLS Newey-West HAC (Bartlett, lag 3; no finite-sample scaling)"
broad,Broad sequence control proxy,placebo_18_12,2023-05,2021-11,2024-04,month_06,-3.52357845,0.71313838,-4.94094632,0.00000078,-4.92132967,-2.12582723,30,15,15,3,"OLS Newey-West HAC (Bartlett, lag 3; no finite-sample scaling)"
broad,Broad sequence control proxy,placebo_18_12,2023-05,2021-11,2024-04,month_07,-1.79980092,0.80067907,-2.24784310,0.02458620,-3.36913190,-0.23046995,30,15,15,3,"OLS Newey-West HAC (Bartlett, lag 3; no finite-sample scaling)"
broad,Broad sequence control proxy,placebo_18_12,2023-05,2021-11,2024-04,month_08,-1.07602339,2.52977441,-0.42534362,0.67058620,-6.03438123,3.88233445,30,15,15,3,"OLS Newey-West HAC (Bartlett, lag 3; no finite-sample scaling)"
broad,Broad sequence control proxy,placebo_18_12,2023-05,2021-11,2024-04,month_09,-1.85224586,0.89631091,-2.06652161,0.03877925,-3.60901524,-0.09547648,30,15,15,3,"OLS Newey-West HAC (Bartlett, lag 3; no finite-sample scaling)"
broad,Broad sequence control proxy,placebo_18_12,2023-05,2021-11,2024-04,month_10,2.37153167,1.22646607,1.93363007,0.05315863,-0.03234182,4.77540516,30,15,15,3,"OLS Newey-West HAC (Bartlett, lag 3; no finite-sample scaling)"
broad,Broad sequence control proxy,placebo_18_12,2023-05,2021-11,2024-04,month_11,2.93654349,0.98313045,2.98693168,0.00281793,1.00960781,4.86347917,30,15,15,3,"OLS Newey-West HAC (Bartlett, lag 3; no finite-sample scaling)"
broad,Broad sequence control proxy,placebo_18_12,2023-05,2021-11,2024-04,month_12,2.30160508,0.64567126,3.56467015,0.00036431,1.03608940,3.56712075,30,15,15,3,"OLS Newey-West HAC (Bartlett, lag 3; no finite-sample scaling)"
broad,Broad sequence control proxy,placebo_18_12,2023-06,2021-12,2024-05,Intercept,-1.53899154,0.64963863,-2.36899635,0.01783643,-2.81228325,-0.26569983,30,15,15,3,"OLS Newey-West HAC (Bartlett, lag 3; no finite-sample scaling)"
broad,Broad sequence control proxy,placebo_18_12,2023-06,2021-12,2024-05,Time,0.27446497,0.05727480,4.79207198,0.00000165,0.16220636,0.38672359,30,15,15,3,"OLS Newey-West HAC (Bartlett, lag 3; no finite-sample scaling)"
broad,Broad sequence control proxy,placebo_18_12,2023-06,2021-12,2024-05,ArtificialLevel,0.06065696,0.93954769,0.06455975,0.94852453,-1.78085652,1.90217044,30,15,15,3,"OLS Newey-West HAC (Bartlett, lag 3; no finite-sample scaling)"
broad,Broad sequence control proxy,placebo_18_12,2023-06,2021-12,2024-05,ArtificialSlope,-0.30683091,0.08959385,-3.42468730,0.00061551,-0.48243485,-0.13122697,30,15,15,3,"OLS Newey-West HAC (Bartlett, lag 3; no finite-sample scaling)"
broad,Broad sequence control proxy,placebo_18_12,2023-06,2021-12,2024-05,month_02,0.49447866,0.97282796,0.50828994,0.61125003,-1.41226414,2.40122146,30,15,15,3,"OLS Newey-West HAC (Bartlett, lag 3; no finite-sample scaling)"
broad,Broad sequence control proxy,placebo_18_12,2023-06,2021-12,2024-05,month_03,0.65562399,1.13048568,0.57994895,0.56194904,-1.56012795,2.87137593,30,15,15,3,"OLS Newey-West HAC (Bartlett, lag 3; no finite-sample scaling)"
broad,Broad sequence control proxy,placebo_18_12,2023-06,2021-12,2024-05,month_04,-1.18323068,1.54720691,-0.76475271,0.44441881,-4.21575623,1.84929486,30,15,15,3,"OLS Newey-West HAC (Bartlett, lag 3; no finite-sample scaling)"
broad,Broad sequence control proxy,placebo_18_12,2023-06,2021-12,2024-05,month_05,-0.02208536,1.00488426,-0.02197801,0.98246550,-1.99165850,1.94748779,30,15,15,3,"OLS Newey-West HAC (Bartlett, lag 3; no finite-sample scaling)"
broad,Broad sequence control proxy,placebo_18_12,2023-06,2021-12,2024-05,month_06,-4.28491664,0.51231119,-8.36389427,0.00000000,-5.28904657,-3.28078670,30,15,15,3,"OLS Newey-West HAC (Bartlett, lag 3; no finite-sample scaling)"
broad,Broad sequence control proxy,placebo_18_12,2023-06,2021-12,2024-05,month_07,-2.40596616,0.83916932,-2.86708070,0.00414277,-4.05073802,-0.76119429,30,15,15,3,"OLS Newey-West HAC (Bartlett, lag 3; no finite-sample scaling)"
broad,Broad sequence control proxy,placebo_18_12,2023-06,2021-12,2024-05,month_08,-1.52701568,2.27946305,-0.66990148,0.50292059,-5.99476326,2.94073191,30,15,15,3,"OLS Newey-West HAC (Bartlett, lag 3; no finite-sample scaling)"
broad,Broad sequence control proxy,placebo_18_12,2023-06,2021-12,2024-05,month_09,-2.14806520,0.96127504,-2.23459999,0.02544362,-4.03216428,-0.26396611,30,15,15,3,"OLS Newey-West HAC (Bartlett, lag 3; no finite-sample scaling)"
broad,Broad sequence control proxy,placebo_18_12,2023-06,2021-12,2024-05,month_10,2.23088528,1.28309826,1.73867065,0.08209271,-0.28398730,4.74575786,30,15,15,3,"OLS Newey-West HAC (Bartlett, lag 3; no finite-sample scaling)"
broad,Broad sequence control proxy,placebo_18_12,2023-06,2021-12,2024-05,month_11,3.60983576,0.66286941,5.44577210,0.00000005,2.31061171,4.90905981,30,15,15,3,"OLS Newey-West HAC (Bartlett, lag 3; no finite-sample scaling)"
broad,Broad sequence control proxy,placebo_18_12,2023-06,2021-12,2024-05,month_12,2.17218801,0.58056401,3.74151339,0.00018292,1.03428255,3.31009346,30,15,15,3,"OLS Newey-West HAC (Bartlett, lag 3; no finite-sample scaling)"
broad,Broad sequence control proxy,placebo_18_12,2023-07,2022-01,2024-06,Intercept,-1.50870972,0.57580941,-2.62015467,0.00878899,-2.63729617,-0.38012327,30,15,15,3,"OLS Newey-West HAC (Bartlett, lag 3; no finite-sample scaling)"
broad,Broad sequence control proxy,placebo_18_12,2023-07,2022-01,2024-06,Time,0.30338979,0.04266310,7.11129195,0.00000000,0.21977011,0.38700948,30,15,15,3,"OLS Newey-West HAC (Bartlett, lag 3; no finite-sample scaling)"
broad,Broad sequence control proxy,placebo_18_12,2023-07,2022-01,2024-06,ArtificialLevel,-0.33319336,0.85813124,-0.38827785,0.69781042,-2.01513058,1.34874387,30,15,15,3,"OLS Newey-West HAC (Bartlett, lag 3; no finite-sample scaling)"
broad,Broad sequence control proxy,placebo_18_12,2023-07,2022-01,2024-06,ArtificialSlope,-0.34378499,0.08271136,-4.15644237,0.00003232,-0.50589926,-0.18167073,30,15,15,3,"OLS Newey-West HAC (Bartlett, lag 3; no finite-sample scaling)"
broad,Broad sequence control proxy,placebo_18_12,2023-07,2022-01,2024-06,month_02,0.47787187,0.98251543,0.48637595,0.62670064,-1.44785837,2.40360212,30,15,15,3,"OLS Newey-West HAC (Bartlett, lag 3; no finite-sample scaling)"
broad,Broad sequence control proxy,placebo_18_12,2023-07,2022-01,2024-06,month_03,0.62241041,1.08580282,0.57322601,0.56649168,-1.50576311,2.75058394,30,15,15,3,"OLS Newey-West HAC (Bartlett, lag 3; no finite-sample scaling)"
broad,Broad sequence control proxy,placebo_18_12,2023-07,2022-01,2024-06,month_04,-1.23305105,1.46725424,-0.84037995,0.40069539,-4.10886936,1.64276727,30,15,15,3,"OLS Newey-West HAC (Bartlett, lag 3; no finite-sample scaling)"
broad,Broad sequence control proxy,placebo_18_12,2023-07,2022-01,2024-06,month_05,-0.08851250,1.10510669,-0.08009408,0.93616243,-2.25452161,2.07749660,30,15,15,3,"OLS Newey-West HAC (Bartlett, lag 3; no finite-sample scaling)"
broad,Broad sequence control proxy,placebo_18_12,2023-07,2022-01,2024-06,month_06,-4.27730730,0.55923734,-7.64846512,0.00000000,-5.37341249,-3.18120211,30,15,15,3,"OLS Newey-West HAC (Bartlett, lag 3; no finite-sample scaling)"
broad,Broad sequence control proxy,placebo_18_12,2023-07,2022-01,2024-06,month_07,-2.46537110,0.91507679,-2.69416854,0.00705645,-4.25892161,-0.67182059,30,15,15,3,"OLS Newey-West HAC (Bartlett, lag 3; no finite-sample scaling)"
broad,Broad sequence control proxy,placebo_18_12,2023-07,2022-01,2024-06,month_08,-1.59686839,2.21702094,-0.72027664,0.47135469,-5.94222943,2.74849265,30,15,15,3,"OLS Newey-West HAC (Bartlett, lag 3; no finite-sample scaling)"
broad,Broad sequence control proxy,placebo_18_12,2023-07,2022-01,2024-06,month_09,-2.22836568,1.03235201,-2.15853280,0.03088643,-4.25177563,-0.20495574,30,15,15,3,"OLS Newey-West HAC (Bartlett, lag 3; no finite-sample scaling)"
broad,Broad sequence control proxy,placebo_18_12,2023-07,2022-01,2024-06,month_10,2.14013702,1.34122018,1.59566420,0.11056379,-0.48865453,4.76892857,30,15,15,3,"OLS Newey-West HAC (Bartlett, lag 3; no finite-sample scaling)"
broad,Broad sequence control proxy,placebo_18_12,2023-07,2022-01,2024-06,month_11,3.50863973,0.65379395,5.36658334,0.00000008,2.22720358,4.79007588,30,15,15,3,"OLS Newey-West HAC (Bartlett, lag 3; no finite-sample scaling)"
broad,Broad sequence control proxy,placebo_18_12,2023-07,2022-01,2024-06,month_12,1.37714243,0.37815066,3.64178249,0.00027076,0.63596715,2.11831772,30,15,15,3,"OLS Newey-West HAC (Bartlett, lag 3; no finite-sample scaling)"
broad,Broad sequence control proxy,actual_18_12,2024-07,2023-01,2025-06,Intercept,1.95626478,0.61715851,3.16979306,0.00152548,0.74663409,3.16589546,30,15,15,3,"OLS Newey-West HAC (Bartlett, lag 3; no finite-sample scaling)"
broad,Broad sequence control proxy,actual_18_12,2024-07,2023-01,2025-06,Time,0.03642139,0.06042010,0.60280264,0.54663999,-0.08200200,0.15484479,30,15,15,3,"OLS Newey-West HAC (Bartlett, lag 3; no finite-sample scaling)"
broad,Broad sequence control proxy,actual_18_12,2024-07,2023-01,2025-06,ArtificialLevel,-5.26507092,1.88280424,-2.79639849,0.00516756,-8.95536723,-1.57477462,30,15,15,3,"OLS Newey-West HAC (Bartlett, lag 3; no finite-sample scaling)"
broad,Broad sequence control proxy,actual_18_12,2024-07,2023-01,2025-06,ArtificialSlope,0.68085106,0.22639483,3.00736137,0.00263526,0.23711720,1.12458493,30,15,15,3,"OLS Newey-West HAC (Bartlett, lag 3; no finite-sample scaling)"
broad,Broad sequence control proxy,actual_18_12,2024-07,2023-01,2025-06,month_02,-0.26337175,0.97439709,-0.27029201,0.78693561,-2.17319006,1.64644656,30,15,15,3,"OLS Newey-West HAC (Bartlett, lag 3; no finite-sample scaling)"
broad,Broad sequence control proxy,actual_18_12,2024-07,2023-01,2025-06,month_03,0.80658983,1.41254962,0.57101699,0.56798812,-1.96200742,3.57518709,30,15,15,3,"OLS Newey-West HAC (Bartlett, lag 3; no finite-sample scaling)"
broad,Broad sequence control proxy,actual_18_12,2024-07,2023-01,2025-06,month_04,1.54321809,0.82147671,1.87859018,0.06030047,-0.06687627,3.15331245,30,15,15,3,"OLS Newey-West HAC (Bartlett, lag 3; no finite-sample scaling)"
broad,Broad sequence control proxy,actual_18_12,2024-07,2023-01,2025-06,month_05,0.61317967,1.02869543,0.59607504,0.55112510,-1.40306337,2.62942271,30,15,15,3,"OLS Newey-West HAC (Bartlett, lag 3; no finite-sample scaling)"
broad,Broad sequence control proxy,actual_18_12,2024-07,2023-01,2025-06,month_06,-1.98352541,1.23006763,-1.61253362,0.10684587,-4.39445797,0.42740714,30,15,15,3,"OLS Newey-West HAC (Bartlett, lag 3; no finite-sample scaling)"
broad,Broad sequence control proxy,actual_18_12,2024-07,2023-01,2025-06,month_07,0.23921395,1.92825490,0.12405722,0.90126997,-3.54016566,4.01859356,30,15,15,3,"OLS Newey-West HAC (Bartlett, lag 3; no finite-sample scaling)"
broad,Broad sequence control proxy,actual_18_12,2024-07,2023-01,2025-06,month_08,2.36236702,0.87618770,2.69618829,0.00701380,0.64503913,4.07969492,30,15,15,3,"OLS Newey-West HAC (Bartlett, lag 3; no finite-sample scaling)"
broad,Broad sequence control proxy,actual_18_12,2024-07,2023-01,2025-06,month_09,-0.51447991,1.46201017,-0.35189899,0.72491401,-3.38001983,2.35106002,30,15,15,3,"OLS Newey-West HAC (Bartlett, lag 3; no finite-sample scaling)"
broad,Broad sequence control proxy,actual_18_12,2024-07,2023-01,2025-06,month_10,4.60867317,2.30658680,1.99804888,0.04571136,0.08776304,9.12958330,30,15,15,3,"OLS Newey-West HAC (Bartlett, lag 3; no finite-sample scaling)"
broad,Broad sequence control proxy,actual_18_12,2024-07,2023-01,2025-06,month_11,1.23182624,2.94342696,0.41850070,0.67558108,-4.53729060,7.00094308,30,15,15,3,"OLS Newey-West HAC (Bartlett, lag 3; no finite-sample scaling)"
broad,Broad sequence control proxy,actual_18_12,2024-07,2023-01,2025-06,month_12,-0.14502069,1.64237855,-0.08829918,0.92963889,-3.36408265,3.07404128,30,15,15,3,"OLS Newey-West HAC (Bartlett, lag 3; no finite-sample scaling)"
