website_page,website_index_on_page,website_start_date,website_start_date_text,website_title,website_institution,website_url,match_status,candidate_app_ids,detail_fetch_status,detail_title,detail_app_id,detail_start_date_text,detail_start_date_iso_guess,detail_status,detail_pi,detail_institution,start_date_matches_listing,error
4,6,2026-04-09,9 April 2026,Hormonal History and Neuroendocrine Signatures of Alzheimer’s Disease in Women: Defining Key Predictors of Risks and Outcomes,"Temple University, United States of America",https://www.ukbiobank.ac.uk/projects/hormonal-history-and-neuroendocrine-signatures-of-alzheimers-disease-in-women-defining-key-predictors-of-risks-and-outcomes/,no_schema27_title_match,,ok,Hormonal History and Neuroendocrine Signatures of Alzheimer’s Disease in Women: Defining Key Predictors of Risks and Outcomes,1045071,9 April 2026,2026-04-09,Current,Dr Tetyana Buzhdygan,"Temple University, United States of America",true,
19,3,2026-03-05,5 March 2026,AI-Enhanced Digital Biomarkers from Wearables for Monitoring Alzheimer’s Disease and Related Dementias,"Massachusetts General Hospital, United States of America",https://www.ukbiobank.ac.uk/projects/ai-enhanced-digital-biomarkers-from-wearables-for-monitoring-alzheimers-disease-and-related-dementias/,no_schema27_title_match,,ok,AI-Enhanced Digital Biomarkers from Wearables for Monitoring Alzheimer’s Disease and Related Dementias,1083977,5 March 2026,2026-03-05,Current,Dr Sudeshna Das,"Massachusetts General Hospital, United States of America",true,
23,6,2026-02-23,23 February 2026,Association of Osteoarthritis With Risk of Parkinson’s Disease and Metabolic Disorders,"Chung-Ang University, Korea (South)",https://www.ukbiobank.ac.uk/projects/association-of-osteoarthritis-with-risk-of-parkinsons-disease-and-metabolic-disorders/,no_schema27_title_match,,ok,Association of Osteoarthritis With Risk of Parkinson’s Disease and Metabolic Disorders,1236423,23 February 2026,2026-02-23,Current,Mr Hyunmin Woo,"Chung-Ang University, Korea (South)",true,
23,10,2026-02-23,23 February 2026,Sjögren’s Syndrome and Risk of Leukoencephalopathy: A Cross-Sectional Analysis of Neuroimaging Markers in the UK Biobank,"Beijing Friendship Hospital, Capital Medical University, China",https://www.ukbiobank.ac.uk/projects/sjogrens-syndrome-and-risk-of-leukoencephalopathy-a-cross-sectional-analysis-of-neuroimaging-markers-in-the-uk-biobank/,no_schema27_title_match,,ok,Sjögren’s Syndrome and Risk of Leukoencephalopathy: A Cross-Sectional Analysis of Neuroimaging Markers in the UK Biobank,1250281,23 February 2026,2026-02-23,Current,Miss Fanxing Meng,"Beijing Friendship Hospital, Capital Medical University, China",true,
27,3,2026-02-17,17 February 2026,Prediction of progression in Parkinson’s disease,"Yale University, United States of America",https://www.ukbiobank.ac.uk/projects/prediction-of-progression-in-parkinsons-disease/,no_schema27_title_match,,ok,Prediction of progression in Parkinson’s disease,1097167,17 February 2026,2026-02-17,Current,Dr Clemens Scherzer,"Yale University, United States of America",true,
28,10,2026-02-13,13 February 2026,A Machine Learning based screening system for Alzheimer’s and dementia,"iHealthScreen Inc, United States of America",https://www.ukbiobank.ac.uk/projects/a-machine-learning-based-screening-system-for-alzheimers-and-dementia/,no_schema27_title_match,,ok,A Machine Learning based screening system for Alzheimer’s and dementia,181105,13 February 2026,2026-02-13,Current,Dr Alauddin Bhuiyan,"iHealthScreen Inc, United States of America",true,
29,10,2026-02-11,11 February 2026,Multi-omics Prediction of Parkinson’s Disease and PD Dementia,"The First Affiliated Hospital of Kunming Medical University., China",https://www.ukbiobank.ac.uk/projects/multi-omics-prediction-of-parkinsons-disease-and-pd-dementia/,no_schema27_title_match,,ok,Multi-omics Prediction of Parkinson’s Disease and PD Dementia,961200,11 February 2026,2026-02-11,Current,Dr Xinglong Yang,"The First Affiliated Hospital of Kunming Medical University., China",true,
31,8,2026-02-06,6 February 2026,Discovery of Peripheral Immune Diagnostic Biomarkers and Therapeutic Targets for Alzheimer’s Disease Based on Multi-Omics and Artificial Intelligence,"Chongqing International Institute for Immunology, China",https://www.ukbiobank.ac.uk/projects/discovery-of-peripheral-immune-diagnostic-biomarkers-and-therapeutic-targets-for-alzheimers-disease-based-on-multi-omics-and-artificial-intelligence/,no_schema27_title_match,,ok,Discovery of Peripheral Immune Diagnostic Biomarkers and Therapeutic Targets for Alzheimer’s Disease Based on Multi-Omics and Artificial Intelligence,1219922,6 February 2026,2026-02-06,Current,Dr Bo Tang,"Chongqing International Institute for Immunology, China",true,
32,8,2026-02-04,4 February 2026,"Investigating the relationship between the ATP7B gene, Wilson’s disease and Steatotic Liver Disease","University of Manchester, Great Britain",https://www.ukbiobank.ac.uk/projects/investigating-the-relationship-between-the-atp7b-gene-wilsons-disease-and-steatotic-liver-disease/,no_schema27_title_match,,ok,"Investigating the relationship between the ATP7B gene, Wilson’s disease and Steatotic Liver Disease",1129230,4 February 2026,2026-02-04,Current,Dr Stephanie Landi,"University of Manchester, Great Britain",true,
35,5,2026-01-26,26 January 2026,"Based on lifestyle / treatment plans / mental health–multi-omics / clinical characters–comorbidity axis, explore the causes and mechanisms of comorbidity","Affiliated Hospital of Nanjing University of Chinese Medicine, China",https://www.ukbiobank.ac.uk/projects/based-on-lifestyle-treatment-plans-mental-health-multi-omics-clinical-characters-comorbidity-axis-explore-the-causes-and-mechanisms-of-comorbidity/,no_schema27_title_match,,ok,"Based on lifestyle / treatment plans / mental health–multi-omics / clinical characters–comorbidity axis, explore the causes and mechanisms of comorbidity",1224279,26 January 2026,2026-01-26,Current,Professor Shijia Liu,"Affiliated Hospital of Nanjing University of Chinese Medicine, China",true,
38,7,2026-01-19,19 January 2026,An explainable deep learning framework for brain age prediction in Alzheimer’s disease,"University of Washington, United States of America",https://www.ukbiobank.ac.uk/projects/an-explainable-deep-learning-framework-for-brain-age-prediction-in-alzheimers-disease/,no_schema27_title_match,,ok,An explainable deep learning framework for brain age prediction in Alzheimer’s disease,826561,19 January 2026,2026-01-19,Current,Dr Tianyi Ren,"University of Washington, United States of America",true,
39,6,2026-01-16,16 January 2026,Understanding Human Ageing and Alzheimer’s Disease Using UK Biobank Data,"University of Rostock, Germany",https://www.ukbiobank.ac.uk/projects/understanding-human-ageing-and-alzheimers-disease-using-uk-biobank-data/,no_schema27_title_match,,ok,Understanding Human Ageing and Alzheimer’s Disease Using UK Biobank Data,1085301,16 January 2026,2026-01-16,Current,Dr Axel Kowald,"University of Rostock, Germany",true,
40,4,2026-01-15,15 January 2026,Precision Prediction of Alzheimer’s Risk in Women: LeveragingFemale-Specific Variables and Machine Learning for Risk Reduction,"Centre for Addiction and Mental Health, Canada",https://www.ukbiobank.ac.uk/projects/precision-prediction-of-alzheimers-risk-in-women-leveragingfemale-specific-variables-and-machine-learning-for-risk-reduction/,no_schema27_title_match,,ok,Precision Prediction of Alzheimer’s Risk in Women: LeveragingFemale-Specific Variables and Machine Learning for Risk Reduction,1084623,15 January 2026,2026-01-15,Current,Professor Liisa Galea,"Centre for Addiction and Mental Health, Canada",true,
42,6,2026-01-13,13 January 2026,Female-specific plasma proteomic trajectories and causal inflammatory pathways in multi-modal prediction of Alzheimer’s disease risk (PhD project),"University College London, Great Britain",https://www.ukbiobank.ac.uk/projects/female-specific-plasma-proteomic-trajectories-and-causal-inflammatory-pathways-in-multi-modal-prediction-of-alzheimers-disease-risk-phd-project/,no_schema27_title_match,,ok,Female-specific plasma proteomic trajectories and causal inflammatory pathways in multi-modal prediction of Alzheimer’s disease risk (PhD project),1029266,13 January 2026,2026-01-13,Current,Dr Huiliang Li,"University College London, Great Britain",true,
42,7,2026-01-13,13 January 2026,Stratified risk analysis of development and progression of Barrett’s oesophagus – a cohort study across UK Biobank,"University of Manchester, Great Britain",https://www.ukbiobank.ac.uk/projects/stratified-risk-analysis-of-development-and-progression-of-barretts-oesophagus-a-cohort-study-across-uk-biobank/,no_schema27_title_match,,ok,Stratified risk analysis of development and progression of Barrett’s oesophagus – a cohort study across UK Biobank,1089028,13 January 2026,2026-01-13,Current,Dr Champika Swarna Sri Saman kumara Gamakaranage,"University of Manchester, Great Britain",true,
46,8,2026-01-04,4 January 2026,"Exploring Genetic and Clinical Factors in Neurodegenerative and Functional Neurological Diseases: A Study of Alzheimer’s Disease, Parkinson’s Disease, Epilepsy, and Related Disorders Using UK Biobank","Southern Medical University, China",https://www.ukbiobank.ac.uk/projects/exploring-genetic-and-clinical-factors-in-neurodegenerative-and-functional-neurological-diseases-a-study-of-alzheimers-disease-parkinsons-disease-epilepsy-and-related-disorders-using-uk-bioban/,no_schema27_title_match,,ok,"Exploring Genetic and Clinical Factors in Neurodegenerative and Functional Neurological Diseases: A Study of Alzheimer’s Disease, Parkinson’s Disease, Epilepsy, and Related Disorders Using UK Biobank",1162548,4 January 2026,2026-01-04,Current,Dr Simin Yang,"Southern Medical University, China",true,
47,5,2026-01-03,3 January 2026,Sex-Specific Mechanisms Underlying Alzheimer’s Disease: Integrative Multi-Omics Analysis Using UK Biobank Data,"Renmin Hospital of Wuhan University, China",https://www.ukbiobank.ac.uk/projects/sex-specific-mechanisms-underlying-alzheimers-disease-integrative-multi-omics-analysis-using-uk-biobank-data/,no_schema27_title_match,,ok,Sex-Specific Mechanisms Underlying Alzheimer’s Disease: Integrative Multi-Omics Analysis Using UK Biobank Data,1134784,3 January 2026,2026-01-03,Current,Dr Jing Xiong,"Renmin Hospital of Wuhan University, China",true,
50,5,2025-12-23,23 December 2025,Construction of a Alzheimer’s Disease Risk Prediction Model for Type 2 Diabetes Patients Based on Plasma Proteomics,"Zhujiang Hospital of the Southern Medical University, China",https://www.ukbiobank.ac.uk/projects/construction-of-a-alzheimers-disease-risk-prediction-model-for-type-2-diabetes-patients-based-on-plasma-proteomics/,no_schema27_title_match,,ok,Construction of a Alzheimer’s Disease Risk Prediction Model for Type 2 Diabetes Patients Based on Plasma Proteomics,1127911,23 December 2025,2025-12-23,Current,Mr Jiashan Tu,"Zhujiang Hospital of the Southern Medical University, China",true,
53,1,2025-12-15,15 December 2025,"Integrating Neuroimaging and Genomic Data to Uncover Genetic Proxies and Predict Cognitive Decline, Differential Diagnosis, and Prognosis in Dementia and Alzheimer’s Disease.","Mohamed bin Zayed University of Artificial Intelligence, United Arab Emirates",https://www.ukbiobank.ac.uk/projects/integrating-neuroimaging-and-genomic-data-to-uncover-genetic-proxies-and-predict-cognitive-decline-differential-diagnosis-and-prognosis-in-dementia-and-alzheimers-disease/,no_schema27_title_match,,ok,"Integrating Neuroimaging and Genomic Data to Uncover Genetic Proxies and Predict Cognitive Decline, Differential Diagnosis, and Prognosis in Dementia and Alzheimer’s Disease.",1099482,15 December 2025,2025-12-15,Current,Ms Salma Hassan,"Mohamed bin Zayed University of Artificial Intelligence, United Arab Emirates",true,
57,1,2025-12-04,4 December 2025,Genetic and Molecular Evidence Linking Cellular Senescence to Alzheimer’s Disease: A Multi-Omics Mendelian Randomization Study,"Xuanwu Hospital, Capital Medical University, China",https://www.ukbiobank.ac.uk/projects/genetic-and-molecular-evidence-linking-cellular-senescence-to-alzheimers-disease-a-multi-omics-mendelian-randomization-study/,no_schema27_title_match,,ok,Genetic and Molecular Evidence Linking Cellular Senescence to Alzheimer’s Disease: A Multi-Omics Mendelian Randomization Study,1090239,4 December 2025,2025-12-04,Current,Dr Yang Liu,"Xuanwu Hospital, Capital Medical University, China",true,
58,3,2025-11-28,28 November 2025,All women are born (un)equal: examining the relationship between menopause and women’s health and labour market outcomes.,"University of Essex, Great Britain",https://www.ukbiobank.ac.uk/projects/all-women-are-born-unequal-examining-the-relationship-between-menopause-and-womens-health-and-labour-market-outcomes/,no_schema27_title_match,,ok,All women are born (un)equal: examining the relationship between menopause and women’s health and labour market outcomes.,240770,28 November 2025,2025-11-28,Current,Professor Emilia Del Bono,"University of Essex, Great Britain",true,
59,3,2025-11-28,28 November 2025,Genetic Basis of Intergenerational Differences in Age of Onset in Familial Women’s Cancer.,"Tel Aviv University, Israel",https://www.ukbiobank.ac.uk/projects/genetic-basis-of-intergenerational-differences-in-age-of-onset-in-familial-womens-cancer/,no_schema27_title_match,,ok,Genetic Basis of Intergenerational Differences in Age of Onset in Familial Women’s Cancer.,1092876,28 November 2025,2025-11-28,Current,Ms Noa Hananel,"Tel Aviv University, Israel",true,
60,1,2025-11-28,28 November 2025,Neuroscience Self-Supervised Learning for Discovery of Gene-Brain Mechanisms in Alzheimer’s Disease,"Singapore University of Technology and Design, Singapore",https://www.ukbiobank.ac.uk/projects/neuroscience-self-supervised-learning-for-discovery-of-gene-brain-mechanisms-in-alzheimers-disease/,no_schema27_title_match,,ok,Neuroscience Self-Supervised Learning for Discovery of Gene-Brain Mechanisms in Alzheimer’s Disease,1067795,28 November 2025,2025-11-28,Current,Mr Sean Chen Jiale,"Singapore University of Technology and Design, Singapore",true,
60,3,2025-11-28,28 November 2025,Developing digital sleep-wake biomarkers for early detection of Alzheimer’s disease and related dementias,"Sun Yat-Sen University, China",https://www.ukbiobank.ac.uk/projects/developing-digital-sleep-wake-biomarkers-for-early-detection-of-alzheimers-disease-and-related-dementias/,no_schema27_title_match,,ok,Developing digital sleep-wake biomarkers for early detection of Alzheimer’s disease and related dementias,1007404,28 November 2025,2025-11-28,Current,Professor Jing Liao,"Sun Yat-Sen University, China",true,
60,8,2025-11-26,26 November 2025,Vascular and lifestyle determinants of dementia in Parkinson’s disease: A UK and Single-Center Chinese Cohort Comparison.,"Xuzhou Medical University, China",https://www.ukbiobank.ac.uk/projects/vascular-and-lifestyle-determinants-of-dementia-in-parkinsons-disease-a-uk-and-single-center-chinese-cohort-comparison/,no_schema27_title_match,,ok,Vascular and lifestyle determinants of dementia in Parkinson’s disease: A UK and Single-Center Chinese Cohort Comparison.,1043373,26 November 2025,2025-11-26,Current,Miss Shalom Agunbiade,"Xuzhou Medical University, China",true,
70,6,2025-11-10,10 November 2025,Identifying variation in the sequence of longevity associated PTM’s and its correlation with health status.,"Bar Ilan University, Israel",https://www.ukbiobank.ac.uk/projects/identifying-variation-in-the-sequence-of-longevity-associated-ptms-and-its-correlation-with-health-status/,no_schema27_title_match,,ok,Identifying variation in the sequence of longevity associated PTM’s and its correlation with health status.,983006,10 November 2025,2025-11-10,Current,Professor Haim Yosef Cohen,"Bar Ilan University, Israel",true,
76,5,2025-10-30,30 October 2025,Determinants of women’s health and cancer outcomes: a multi-omics study in the UK Biobank,"Obstetrics and Gynecology Hospital of Fudan University, China",https://www.ukbiobank.ac.uk/projects/determinants-of-womens-health-and-cancer-outcomes-a-multi-omics-study-in-the-uk-biobank/,no_schema27_title_match,,ok,Determinants of women’s health and cancer outcomes: a multi-omics study in the UK Biobank,1079350,30 October 2025,2025-10-30,Current,Dr Xin Wu,"Obstetrics and Gynecology Hospital of Fudan University, China",true,
83,3,2025-10-12,12 October 2025,A Two-Stage Polygenic Risk Score and Mendelian Randomization Study to Decipher the Shared Genetic Architecture between Cerebrovascular Disease and Alzheimer’s Dementia.,"Wenzhou People's Hospital, China",https://www.ukbiobank.ac.uk/projects/a-two-stage-polygenic-risk-score-and-mendelian-randomization-study-to-decipher-the-shared-genetic-architecture-between-cerebrovascular-disease-and-alzheimers-dementia/,no_schema27_title_match,,ok,A Two-Stage Polygenic Risk Score and Mendelian Randomization Study to Decipher the Shared Genetic Architecture between Cerebrovascular Disease and Alzheimer’s Dementia.,1024568,12 October 2025,2025-10-12,Current,Ms Zheng Tu,"Wenzhou People's Hospital, China",true,
88,8,2025-09-28,28 September 2025,DIAGNOSIS AND STAGE CLASSIFICATION OF PARKINSON’S DISEASE USING ARTIFICIAL INTELLIGENCE APPLIED TO RR TIME SERIES AND HEART RATE VARIABILITY,"Catholic University of Maule, Chile",https://www.ukbiobank.ac.uk/projects/diagnosis-and-stage-classification-of-parkinsons-disease-using-artificial-intelligence-applied-to-rr-time-series-and-heart-rate-variability/,no_schema27_title_match,,ok,DIAGNOSIS AND STAGE CLASSIFICATION OF PARKINSON’S DISEASE USING ARTIFICIAL INTELLIGENCE APPLIED TO RR TIME SERIES AND HEART RATE VARIABILITY,660262,28 September 2025,2025-09-28,Current,Dr Antonio Roberto Zamuner,"Catholic University of Maule, Chile",true,
92,1,2025-09-26,26 September 2025,UK Biobank Parkinson’s Disease Sleep Disorders Study: Epidemiological Characteristics and Multifactorial Associations – A Retrospective Database Analysis,"Huazhong University of Science and Technology, China",https://www.ukbiobank.ac.uk/projects/uk-biobank-parkinsons-disease-sleep-disorders-study-epidemiological-characteristics-and-multifactorial-associations-a-retrospective-database-analysis/,no_schema27_title_match,,ok,UK Biobank Parkinson’s Disease Sleep Disorders Study: Epidemiological Characteristics and Multifactorial Associations – A Retrospective Database Analysis,993920,26 September 2025,2025-09-26,Current,Dr Hanshu Liu,"Huazhong University of Science and Technology, China",true,
95,2,2025-09-19,19 September 2025,AI-based Detection of Early Signs of Alzheimer’s Disease Using Retinal Fundus Images,"Fundação Escola Tecnica Liberato Salzano Vieira da Cunha, Brazil",https://www.ukbiobank.ac.uk/projects/ai-based-detection-of-early-signs-of-alzheimers-disease-using-retinal-fundus-images/,no_schema27_title_match,,ok,AI-based Detection of Early Signs of Alzheimer’s Disease Using Retinal Fundus Images,915007,19 September 2025,2025-09-19,Current,Mrs Kamily Eduarda da Silva,"Fundação Escola Tecnica Liberato Salzano Vieira da Cunha, Brazil",true,
96,1,2025-09-18,18 September 2025,"A Multimodal Data-Driven Study on the Clinical and Mechanistic Associations Between Life’s Essential 9 with Sarcopenia, Frailty, and Age-Related Cardiovascular Diseases","Fuwai Hospital Chinese Academy of Medical Sciences, China",https://www.ukbiobank.ac.uk/projects/a-multimodal-data-driven-study-on-the-clinical-and-mechanistic-associations-between-lifes-essential-9-with-sarcopenia-frailty-and-age-related-cardiovascular-diseases/,no_schema27_title_match,,ok,"A Multimodal Data-Driven Study on the Clinical and Mechanistic Associations Between Life’s Essential 9 with Sarcopenia, Frailty, and Age-Related Cardiovascular Diseases",862905,18 September 2025,2025-09-18,Current,Dr Xiaoyao Li,"Fuwai Hospital Chinese Academy of Medical Sciences, China",true,
115,2,2025-08-05,5 August 2025,Causal Effect of Poor Oral Health on Dementia and Alzheimer’s Disease: An Instrumental Variable Approach.,"Princeton Pharmatech LLC, United States of America",https://www.ukbiobank.ac.uk/projects/causal-effect-of-poor-oral-health-on-dementia-and-alzheimers-disease-an-instrumental-variable-approach/,no_schema27_title_match,,ok,Causal Effect of Poor Oral Health on Dementia and Alzheimer’s Disease: An Instrumental Variable Approach.,918963,5 August 2025,2025-08-05,Current,Dr Hyun Ja Lim,"Princeton Pharmatech LLC, United States of America",true,
115,6,2025-08-04,4 August 2025,A lifecourse approach to women’s health: utilising pregnancy as an opportunity to prevent ill health,"University College London, Great Britain",https://www.ukbiobank.ac.uk/projects/a-lifecourse-approach-to-womens-health-utilising-pregnancy-as-an-opportunity-to-prevent-ill-health/,no_schema27_title_match,,ok,A lifecourse approach to women’s health: utilising pregnancy as an opportunity to prevent ill health,708764,4 August 2025,2025-08-04,Current,Dr Julia Zollner,"University College London, Great Britain",true,
118,10,2025-07-29,29 July 2025,The Impact of Gait Disturbance on Neuroimaging and Plasma Biomarkers of Alzheimer’s Disease,"Johns Hopkins University, United States of America",https://www.ukbiobank.ac.uk/projects/the-impact-of-gait-disturbance-on-neuroimaging-and-plasma-biomarkers-of-alzheimers-disease/,no_schema27_title_match,,ok,The Impact of Gait Disturbance on Neuroimaging and Plasma Biomarkers of Alzheimer’s Disease,760913,29 July 2025,2025-07-29,Current,Dr Matthew E Peters,"Johns Hopkins University, United States of America",true,
119,6,2025-07-29,29 July 2025,Biological correlates of brain aging in healthy adults and adults at risk for Alzheimer’s disease and related dementias,"George Mason Research Foundation, United States of America",https://www.ukbiobank.ac.uk/projects/biological-correlates-of-brain-aging-in-healthy-adults-and-adults-at-risk-for-alzheimers-disease-and-related-dementias/,no_schema27_title_match,,ok,Biological correlates of brain aging in healthy adults and adults at risk for Alzheimer’s disease and related dementias,343478,29 July 2025,2025-07-29,Current,Dr Mohammad Fili,"George Mason Research Foundation, United States of America",true,
124,1,2025-07-23,23 July 2025,The Genetics and Biochemistry of Women’s Reproductive Conditions,"University of Otago, New Zealand",https://www.ukbiobank.ac.uk/projects/the-genetics-and-biochemistry-of-womens-reproductive-conditions/,no_schema27_title_match,,ok,The Genetics and Biochemistry of Women’s Reproductive Conditions,796208,23 July 2025,2025-07-23,Current,Dr Emma Mary Wade,"University of Otago, New Zealand",true,
125,1,2025-07-23,23 July 2025,Integrating Multi-omics and Longitudinal Data Reveals Potential Molecular Linkages Between m6A Modification and Alzheimer’s Disease,"Harbin Medical University, China",https://www.ukbiobank.ac.uk/projects/integrating-multi-omics-and-longitudinal-data-reveals-potential-molecular-linkages-between-m6a-modification-and-alzheimers-disease/,no_schema27_title_match,,ok,Integrating Multi-omics and Longitudinal Data Reveals Potential Molecular Linkages Between m6A Modification and Alzheimer’s Disease,826245,23 July 2025,2025-07-23,Current,Dr Dayong Wang,"Harbin Medical University, China",true,
126,4,2025-07-22,22 July 2025,Predicting the conversion of mild cognitive impairment to Alzheimer’s disease using feature engineering and deep learning on structural magnetic resonance images,"Universidade Federal de São Carlos, Brazil",https://www.ukbiobank.ac.uk/projects/predicting-the-conversion-of-mild-cognitive-impairment-to-alzheimers-disease-using-feature-engineering-and-deep-learning-on-structural-magnetic-resonance-images/,no_schema27_title_match,,ok,Predicting the conversion of mild cognitive impairment to Alzheimer’s disease using feature engineering and deep learning on structural magnetic resonance images,270849,22 July 2025,2025-07-22,Current,Dr Ricardo José Ferarri,"Universidade Federal de São Carlos, Brazil",true,
131,8,2025-07-09,9 July 2025,Decoding Cardio-Renal Crosstalk in Coronary Artery Disease Using UK Biobank’s Multi-Organ Imaging and Multi-Omics Data,"Tianjin University of Traditional Chinese Medicine, China",https://www.ukbiobank.ac.uk/projects/decoding-cardio-renal-crosstalk-in-coronary-artery-disease-using-uk-biobanks-multi-organ-imaging-and-multi-omics-data/,no_schema27_title_match,,ok,Decoding Cardio-Renal Crosstalk in Coronary Artery Disease Using UK Biobank’s Multi-Organ Imaging and Multi-Omics Data,778385,9 July 2025,2025-07-09,Current,Dr Boxuan Feng,"Tianjin University of Traditional Chinese Medicine, China",true,
132,2,2025-07-04,4 July 2025,"Disentangling the role of insulin resistance in diabetes, cardiometabolic disease and cancer to find new therapeutic targets","University of California, San Diego, United States of America",https://www.ukbiobank.ac.uk/projects/disentangling-the-role-of-insulin-resistance-in-diabetes-cardiometabolic-disease-and-cancer-to-find-new-therapeutic-targets-2/,ambiguous_duplicate_title,51436|193976,ok,"Disentangling the role of insulin resistance in diabetes, cardiometabolic disease and cancer to find new therapeutic targets",193976,4 July 2025,2025-07-04,Current,Dr Amit Majithia,"University of California, San Diego, United States of America",true,
133,5,2025-07-03,3 July 2025,Identifying Causal Biomarkers for Alzheimer’s Disease Using the Invariance Principle,"Princeton University, United States of America",https://www.ukbiobank.ac.uk/projects/identifying-causal-biomarkers-for-alzheimers-disease-using-the-invariance-principle/,no_schema27_title_match,,ok,Identifying Causal Biomarkers for Alzheimer’s Disease Using the Invariance Principle,542100,3 July 2025,2025-07-03,Closed,Ms Jiawei Ge,"Princeton University, United States of America",true,
134,7,2025-07-03,3 July 2025,Organ-specific Proteomic Scores for Early Detection of Parkinson’s and Alzheimer’s Diseases,"Kyoto University, Japan",https://www.ukbiobank.ac.uk/projects/organ-specific-proteomic-scores-for-early-detection-of-parkinsons-and-alzheimers-diseases/,no_schema27_title_match,,ok,Organ-specific Proteomic Scores for Early Detection of Parkinson’s and Alzheimer’s Diseases,765513,3 July 2025,2025-07-03,Current,Dr Kazuto Tsukita,"Kyoto University, Japan",true,
138,4,2025-06-26,26 June 2025,TimeLeap: causal rejuvenation of medical data to pre-Alzheimer’s state,"VIB-UAntwerp Center for Molecular Neurology, Belgium",https://www.ukbiobank.ac.uk/projects/timeleap-causal-rejuvenation-of-medical-data-to-pre-alzheimers-state/,no_schema27_title_match,,ok,TimeLeap: causal rejuvenation of medical data to pre-Alzheimer’s state,555638,26 June 2025,2025-06-26,Current,Mr Lunkyadi Sucipto,"VIB-UAntwerp Center for Molecular Neurology, Belgium",true,
142,3,2025-06-24,24 June 2025,Identifying Mechanisms for Alzheimer’s Disease and Related Dementias after Myocardial Infarction,"University of Michigan, United States of America",https://www.ukbiobank.ac.uk/projects/identifying-mechanisms-for-alzheimers-disease-and-related-dementias-after-myocardial-infarction/,no_schema27_title_match,,ok,Identifying Mechanisms for Alzheimer’s Disease and Related Dementias after Myocardial Infarction,792571,24 June 2025,2025-06-24,Current,Dr Rachael Torres Whitney,"University of Michigan, United States of America",true,
147,1,2025-06-12,12 June 2025,Hereditary kidney cancer patient management and the patient’s family registry establishment,"Yonsei University, Korea (South)",https://www.ukbiobank.ac.uk/projects/hereditary-kidney-cancer-patient-management-and-the-patients-family-registry-establishment/,no_schema27_title_match,,ok,Hereditary kidney cancer patient management and the patient’s family registry establishment,145826,12 June 2025,2025-06-12,Current,Professor Jin-Ha Yoon,"Yonsei University, Korea (South)",true,
149,6,2025-06-06,6 June 2025,"Analyze genetic variants to predict drug response and tailor medical treatment to an individual’s genetic profile, and, identify frequencies of pharmacogenomic alleles across biogeographic groups.","Stanford University, United States of America",https://www.ukbiobank.ac.uk/projects/analyze-genetic-variants-to-predict-drug-response-and-tailor-medical-treatment-to-an-individuals-genetic-profile-and-identify-frequencies-of-pharmacogenomic-alleles-across-biogeographic-groups/,no_schema27_title_match,,ok,"Analyze genetic variants to predict drug response and tailor medical treatment to an individual’s genetic profile, and, identify frequencies of pharmacogenomic alleles across biogeographic groups.",703474,6 June 2025,2025-06-06,Current,Professor Teri E. Klein,"Stanford University, United States of America",true,
156,7,2025-05-23,23 May 2025,Application of Artificial Intelligence (AI) in the Diagnosis and Prognosis of Alzheimer’s Disease,"International University, Vietnam National University of Ho Chi Minh City, Viet Nam",https://www.ukbiobank.ac.uk/projects/application-of-artificial-intelligence-ai-in-the-diagnosis-and-prognosis-of-alzheimers-disease/,no_schema27_title_match,,ok,Application of Artificial Intelligence (AI) in the Diagnosis and Prognosis of Alzheimer’s Disease,749021,23 May 2025,2025-05-23,Current,Dr Ha Thi Thanh Huong,"International University, Vietnam National University of Ho Chi Minh City, Viet Nam",true,
158,1,2025-05-21,21 May 2025,AI-Driven Multimodal Biomarkers for Early Diagnosis of Alzheimer’s Disease,"University of New England, Australia",https://www.ukbiobank.ac.uk/projects/ai-driven-multimodal-biomarkers-for-early-diagnosis-of-alzheimers-disease/,no_schema27_title_match,,ok,AI-Driven Multimodal Biomarkers for Early Diagnosis of Alzheimer’s Disease,740106,21 May 2025,2025-05-21,Current,Dr Farshid Hajati,"University of New England, Australia",true,
158,3,2025-05-20,20 May 2025,IMPACT (Immune Markers of Progression of Alzheimer’s for Clinical Translation): An AI enabled approach,"University of Southampton, Great Britain",https://www.ukbiobank.ac.uk/projects/impact-immune-markers-of-progression-of-alzheimers-for-clinical-translation-an-ai-enabled-approach/,no_schema27_title_match,,ok,IMPACT (Immune Markers of Progression of Alzheimer’s for Clinical Translation): An AI enabled approach,264576,20 May 2025,2025-05-20,Current,Dr Daniel Dotun Adenisimi,"University of Southampton, Great Britain",true,
158,9,2025-05-17,17 May 2025,Exploring Parkinson’s Disease Biomarkers Through UK Biobank Proteomics,"Verge Genomics, United States of America",https://www.ukbiobank.ac.uk/projects/exploring-parkinsons-disease-biomarkers-through-uk-biobank-proteomics/,no_schema27_title_match,,ok,Exploring Parkinson’s Disease Biomarkers Through UK Biobank Proteomics,181095,17 May 2025,2025-05-17,Current,Dr Sebastian Guelfi,"Verge Genomics, United States of America",true,
159,3,2025-05-16,16 May 2025,"Implications of nuclear, extra-nuclear genetics and environmental factors in Parkinson’s disease","University of Lubeck, Germany",https://www.ukbiobank.ac.uk/projects/implications-of-nuclear-extra-nuclear-genetics-and-environmental-factors-in-parkinsons-disease/,no_schema27_title_match,,ok,"Implications of nuclear, extra-nuclear genetics and environmental factors in Parkinson’s disease",532783,16 May 2025,2025-05-16,Current,Dr Joanne Trinh,"University of Lubeck, Germany",true,
159,8,2025-05-15,15 May 2025,"Understanding the Link Between Infection Susceptibility, Alzheimer’s Disease, and Dementia Risk","National Institute on Aging, United States of America",https://www.ukbiobank.ac.uk/projects/understanding-the-link-between-infection-susceptibility-alzheimers-disease-and-dementia-risk/,no_schema27_title_match,,ok,"Understanding the Link Between Infection Susceptibility, Alzheimer’s Disease, and Dementia Risk",218128,15 May 2025,2025-05-15,Current,Dr Keenan Walker,"National Institute on Aging, United States of America",true,
162,3,2025-05-08,8 May 2025,"Exploring the Glymphatic System, Cognitive Decline, Sleep, and Biomarkers in Alzheimer’s Disease: An In-Depth Analysis Using UK Biobank Data","University of Brasilia, Brazil",https://www.ukbiobank.ac.uk/projects/exploring-the-glymphatic-system-cognitive-decline-sleep-and-biomarkers-in-alzheimers-disease-an-in-depth-analysis-using-uk-biobank-data/,no_schema27_title_match,,ok,"Exploring the Glymphatic System, Cognitive Decline, Sleep, and Biomarkers in Alzheimer’s Disease: An In-Depth Analysis Using UK Biobank Data",638467,8 May 2025,2025-05-08,Current,Mr Raphael Lopes Olegario,"University of Brasilia, Brazil",true,
164,2,2025-04-30,30 April 2025,Vascular and Inflammatory Dysfunction in Aging and Alzheimer’s disease.,"NYU Grossman School of Medicine, United States of America",https://www.ukbiobank.ac.uk/projects/vascular-and-inflammatory-dysfunction-in-aging-and-alzheimers-disease/,no_schema27_title_match,,ok,Vascular and Inflammatory Dysfunction in Aging and Alzheimer’s disease.,176768,30 April 2025,2025-04-30,Current,Professor Ricardo Miguel Osorio,"NYU Grossman School of Medicine, United States of America",true,
164,4,2025-04-30,30 April 2025,Polygenic contributions to differential cognitive trajectories in Alzheimer’s disease and related dementias,"University of Pennsylvania, United States of America",https://www.ukbiobank.ac.uk/projects/polygenic-contributions-to-differential-cognitive-trajectories-in-alzheimers-disease-and-related-dementias/,no_schema27_title_match,,ok,Polygenic contributions to differential cognitive trajectories in Alzheimer’s disease and related dementias,362584,30 April 2025,2025-04-30,Current,Dr Corey McMillan,"University of Pennsylvania, United States of America",true,
173,2,2025-04-17,17 April 2025,Investigating the Multi-omics Perturbations Associated with Complex Environmental Toxicants and their Contribution to Alzheimer’s Disease and Related Dementias in the UK Biobank,"Emory University, United States of America",https://www.ukbiobank.ac.uk/projects/investigating-the-multi-omics-perturbations-associated-with-complex-environmental-toxicants-and-their-contribution-to-alzheimers-disease-and-related-dementias-in-the-uk-biobank/,no_schema27_title_match,,ok,Investigating the Multi-omics Perturbations Associated with Complex Environmental Toxicants and their Contribution to Alzheimer’s Disease and Related Dementias in the UK Biobank,716712,17 April 2025,2025-04-17,Current,Dr Anke Huels,"Emory University, United States of America",true,
179,9,2025-04-03,3 April 2025,Uncovering Novel Biomarkers for Alzheimer’s Disease Diagnosis through Multi-omics Data Mining with Large-scale Models and Knowledge Graphs,"Guangdong Medical University - GMU, China",https://www.ukbiobank.ac.uk/projects/uncovering-novel-biomarkers-for-alzheimers-disease-diagnosis-through-multi-omics-data-mining-with-large-scale-models-and-knowledge-graphs/,no_schema27_title_match,,ok,Uncovering Novel Biomarkers for Alzheimer’s Disease Diagnosis through Multi-omics Data Mining with Large-scale Models and Knowledge Graphs,645405,3 April 2025,2025-04-03,Current,Professor Jincheng Zeng,"Guangdong Medical University - GMU, China",true,
187,9,2025-03-20,20 March 2025,Multi-Omics Insights into Cardiovascular Disease and Multimorbidity: Leveraging UK Biobank’s Integrated Data Resources,"People's Hospital of Xinjiang Uygur Autonomous Region, China",https://www.ukbiobank.ac.uk/projects/multi-omics-insights-into-cardiovascular-disease-and-multimorbidity-leveraging-uk-biobanks-integrated-data-resources/,no_schema27_title_match,,ok,Multi-Omics Insights into Cardiovascular Disease and Multimorbidity: Leveraging UK Biobank’s Integrated Data Resources,674129,20 March 2025,2025-03-20,Current,Dr Peng Chao,"People's Hospital of Xinjiang Uygur Autonomous Region, China",true,
193,7,2025-02-26,26 February 2025,Sleep Disturbance and Cognitive Function in Alzheimer’s Disease: The Shared Genetic Basis,"University of North Carolina at Chapel Hill, United States of America",https://www.ukbiobank.ac.uk/projects/sleep-disturbance-and-cognitive-function-in-alzheimers-disease-the-shared-genetic-basis/,no_schema27_title_match,,ok,Sleep Disturbance and Cognitive Function in Alzheimer’s Disease: The Shared Genetic Basis,371824,26 February 2025,2025-02-26,Current,Dr Rose Mary Xavier,"University of North Carolina at Chapel Hill, United States of America",true,
195,5,2025-02-19,19 February 2025,Multifactorial Influences on Women’s Health and related diseases.,"Jilin University, China",https://www.ukbiobank.ac.uk/projects/multifactorial-influences-on-womens-health-and-related-diseases/,no_schema27_title_match,,ok,Multifactorial Influences on Women’s Health and related diseases.,629227,19 February 2025,2025-02-19,Current,Mr Ding jiacheng,"Jilin University, China",true,
195,8,2025-02-18,18 February 2025,"Combining genetic profiles, multi-omic data, and empirical observations via epidemiology is crucial for deepening our understanding of cancer’s pathogenesis.","Guangdong Provincial People's Hospital, China",https://www.ukbiobank.ac.uk/projects/combining-genetic-profiles-multi-omic-data-and-empirical-observations-via-epidemiology-is-crucial-for-deepening-our-understanding-of-cancers-pathogenesis/,no_schema27_title_match,,ok,"Combining genetic profiles, multi-omic data, and empirical observations via epidemiology is crucial for deepening our understanding of cancer’s pathogenesis.",570157,18 February 2025,2025-02-18,Current,Dr De-Huan Xie,"Guangdong Provincial People's Hospital, China",true,
197,7,2025-02-13,13 February 2025,"Replication of candidate genes, discovery of novel risk factors, and creation of prediction models for Parkinson’s disease and other dementias using multi-omic datasets.","Northwestern University, United States of America",https://www.ukbiobank.ac.uk/projects/replication-of-candidate-genes-discovery-of-novel-risk-factors-and-creation-of-prediction-models-for-parkinsons-disease-and-other-dementias-using-multi-omic-datasets/,no_schema27_title_match,,ok,"Replication of candidate genes, discovery of novel risk factors, and creation of prediction models for Parkinson’s disease and other dementias using multi-omic datasets.",415060,13 February 2025,2025-02-13,Current,Professor Dimitri Krainc,"Northwestern University, United States of America",true,
198,8,2025-02-05,5 February 2025,Early detection of Alzheimer’s disease using deep learning,"University of Derby, Great Britain",https://www.ukbiobank.ac.uk/projects/early-detection-of-alzheimers-disease-using-deep-learning/,no_schema27_title_match,,ok,Early detection of Alzheimer’s disease using deep learning,106867,5 February 2025,2025-02-05,Current,Dr Aaisha Makkar,"University of Derby, Great Britain",true,
198,9,2025-02-05,5 February 2025,Genome-Wide Association between Alzheimer’s disease and various types of Cancers,"Peking University Third Hospital, China",https://www.ukbiobank.ac.uk/projects/genome-wide-association-between-alzheimers-disease-and-various-types-of-cancers/,no_schema27_title_match,,ok,Genome-Wide Association between Alzheimer’s disease and various types of Cancers,129069,5 February 2025,2025-02-05,Current,Miss Yunxiao Duan,"Peking University Third Hospital, China",true,
202,9,2025-02-04,4 February 2025,Cross-Disease Biomarker Analysis of Alzheimer’s Disease for Identifying Shared Pathological Pathways and Optimal Timing for Diagnostic Assessments,"Cytocell Ltd, Great Britain",https://www.ukbiobank.ac.uk/projects/cross-disease-biomarker-analysis-of-alzheimers-disease-for-identifying-shared-pathological-pathways-and-optimal-timing-for-diagnostic-assessments/,no_schema27_title_match,,ok,Cross-Disease Biomarker Analysis of Alzheimer’s Disease for Identifying Shared Pathological Pathways and Optimal Timing for Diagnostic Assessments,469501,4 February 2025,2025-02-04,Current,Dr Adam Stephens,"Cytocell Ltd, Great Britain",true,
209,6,2025-01-09,9 January 2025,"Life course violence exposures, infectious diseases, and Alzheimer’s disease and related dementias in the UK Biobank: Causal mediation analyses","London School of Hygiene and Tropical Medicine, Great Britain",https://www.ukbiobank.ac.uk/projects/life-course-violence-exposures-infectious-diseases-and-alzheimers-disease-and-related-dementias-in-the-uk-biobank-causal-mediation-analyses/,no_schema27_title_match,,ok,"Life course violence exposures, infectious diseases, and Alzheimer’s disease and related dementias in the UK Biobank: Causal mediation analyses",521978,9 January 2025,2025-01-09,Current,Ms Marie-Celine Schulte,"London School of Hygiene and Tropical Medicine, Great Britain",true,
209,7,2025-01-09,9 January 2025,"Integrating Genetic Markers, Early-Life Adversities, Inflammation, and Lipids to Identify Prodromal Signatures of Neurodegeneration and Alzheimer’s Disease","Budapest University of Technology and Economics, Hungary",https://www.ukbiobank.ac.uk/projects/integrating-genetic-markers-early-life-adversities-inflammation-and-lipids-to-identify-prodromal-signatures-of-neurodegeneration-and-alzheimers-disease/,no_schema27_title_match,,ok,"Integrating Genetic Markers, Early-Life Adversities, Inflammation, and Lipids to Identify Prodromal Signatures of Neurodegeneration and Alzheimer’s Disease",523056,9 January 2025,2025-01-09,Current,Dr Peter Antal,"Budapest University of Technology and Economics, Hungary",true,
210,7,2025-01-09,9 January 2025,"Early Alzheimer’s Forecasting from Multimodal Data via Deep Transfer Learning, Evaluated on a Large-Scale Prospective Cohort from the UK Biobank","University of Massachusetts Amherst, United States of America",https://www.ukbiobank.ac.uk/projects/early-alzheimers-forecasting-from-multimodal-data-via-deep-transfer-learning-evaluated-on-a-large-scale-prospective-cohort-from-the-uk-biobank/,no_schema27_title_match,,ok,"Early Alzheimer’s Forecasting from Multimodal Data via Deep Transfer Learning, Evaluated on a Large-Scale Prospective Cohort from the UK Biobank",206665,9 January 2025,2025-01-09,Current,Dr Joyita Dutta,"University of Massachusetts Amherst, United States of America",true,
217,1,2024-12-17,17 December 2024,The role of rare coding variants in Systemic Lupus Erythematosus and Sjögen’s Disease risk and phenotypes,"National Human Genome Research Institute, United States of America",https://www.ukbiobank.ac.uk/projects/the-role-of-rare-coding-variants-in-systemic-lupus-erythematosus-and-sjogens-disease-risk-and-phenotypes/,no_schema27_title_match,,ok,The role of rare coding variants in Systemic Lupus Erythematosus and Sjögen’s Disease risk and phenotypes,117723,17 December 2024,2024-12-17,Current,Dr Richard Fordjour Oppong,"National Human Genome Research Institute, United States of America",true,
224,2,2024-12-04,4 December 2024,Integrating omics data and imaging data to identify risk factors and predict disease risk for Alzheimer’s disease,"Tianjin University, China",https://www.ukbiobank.ac.uk/projects/integrating-omics-data-and-imaging-data-to-identify-risk-factors-and-predict-disease-risk-for-alzheimers-disease/,no_schema27_title_match,,ok,Integrating omics data and imaging data to identify risk factors and predict disease risk for Alzheimer’s disease,191001,4 December 2024,2024-12-04,Current,Dr Xiaoxuan Xia,"Tianjin University, China",true,
229,6,2024-11-25,25 November 2024,"Integrating genetics, omics data, and epidemiological data to enhance comprehensively the etiology of female reproductive disease and postmenopausal women’s noncommunicable diseases(NCDs)","West China Second University Hospital, Sichuan University, China",https://www.ukbiobank.ac.uk/projects/integrating-genetics-omics-data-and-epidemiological-data-to-enhance-comprehensively-the-etiology-of-female-reproductive-disease-and-postmenopausal-womens-noncommunicable-diseasesncds/,no_schema27_title_match,,ok,"Integrating genetics, omics data, and epidemiological data to enhance comprehensively the etiology of female reproductive disease and postmenopausal women’s noncommunicable diseases(NCDs)",506790,25 November 2024,2024-11-25,Current,Dr Kunyan Zhou,"West China Second University Hospital, Sichuan University, China",true,
232,3,2024-11-12,12 November 2024,The impact of lung diseases on the progression of neurodegenerative diseases such as Alzheimer’s disease and Parkinson’s disease,"Tongji University, China",https://www.ukbiobank.ac.uk/projects/the-impact-of-lung-diseases-on-the-progression-of-neurodegenerative-diseases-such-as-alzheimers-disease-and-parkinsons-disease/,no_schema27_title_match,,ok,The impact of lung diseases on the progression of neurodegenerative diseases such as Alzheimer’s disease and Parkinson’s disease,491957,12 November 2024,2024-11-12,Current,Mr Bo Cheng,"Tongji University, China",true,
233,9,2024-11-11,11 November 2024,Examine the Genetic and Environmental Contributions to Women’s Health and Female Reproductive System Diseases by Integrating Population-Based Studies and Multi-Omics Analyses,"Fujian Medical University, China",https://www.ukbiobank.ac.uk/projects/examine-the-genetic-and-environmental-contributions-to-womens-health-and-female-reproductive-system-diseases-by-integrating-population-based-studies-and-multi-omics-analyses/,no_schema27_title_match,,ok,Examine the Genetic and Environmental Contributions to Women’s Health and Female Reproductive System Diseases by Integrating Population-Based Studies and Multi-Omics Analyses,312092,11 November 2024,2024-11-11,Current,Dr Huan Yi,"Fujian Medical University, China",true,
234,9,2024-11-11,11 November 2024,Life’s Essential 8 and risk of cancer incidence and mortality,"Second Hospital of Jilin University, China",https://www.ukbiobank.ac.uk/projects/lifes-essential-8-and-risk-of-cancer-incidence-and-mortality/,no_schema27_title_match,,ok,Life’s Essential 8 and risk of cancer incidence and mortality,430579,11 November 2024,2024-11-11,Current,Dr Yan Zhang,"Second Hospital of Jilin University, China",true,
235,8,2024-11-07,7 November 2024,Life’s Essential 8 and cancer risk in the UK Biobank study,"Albert Einstein College of Medicine, United States of America",https://www.ukbiobank.ac.uk/projects/lifes-essential-8-and-cancer-risk-in-the-uk-biobank-study/,no_schema27_title_match,,ok,Life’s Essential 8 and cancer risk in the UK Biobank study,476430,7 November 2024,2024-11-07,Current,Dr Thomas Rohan,"Albert Einstein College of Medicine, United States of America",true,
240,1,2024-11-01,1 November 2024,Machine learning of retinal markers in Parkinson’s disease.,"University of Melbourne, Australia",https://www.ukbiobank.ac.uk/projects/machine-learning-of-retinal-markers-in-parkinsons-disease/,no_schema27_title_match,,ok,Machine learning of retinal markers in Parkinson’s disease.,423966,1 November 2024,2024-11-01,Current,Ms Patrycja Solak,"University of Melbourne, Australia",true,
240,5,2024-10-31,31 October 2024,"Kernel machine survival models for association, interaction and prediction analyses of Alzheimer’s disease","Michigan State University, United States of America",https://www.ukbiobank.ac.uk/projects/kernel-machine-survival-models-for-association-interaction-and-prediction-analyses-of-alzheimers-disease/,no_schema27_title_match,,ok,"Kernel machine survival models for association, interaction and prediction analyses of Alzheimer’s disease",199674,31 October 2024,2024-10-31,Current,Dr Chenxi Li,"Michigan State University, United States of America",true,
253,3,2024-10-15,15 October 2024,Pathway analysis and Prediction of Cardiovascular Disease,"Capital Medical University, China",https://www.ukbiobank.ac.uk/projects/pathway-analysis-and-prediction-of-cardiovascular-disease-2/,ambiguous_duplicate_title,68808|446734,ok,Pathway analysis and Prediction of Cardiovascular Disease,446734,15 October 2024,2024-10-15,Current,Professor Jie Du,"Capital Medical University, China",true,
257,2,2024-10-07,7 October 2024,Development of novel clinical outcomes for disease-modifying clinical trials in Parkinson’s disease,"University College London, Great Britain",https://www.ukbiobank.ac.uk/projects/development-of-novel-clinical-outcomes-for-disease-modifying-clinical-trials-in-parkinsons-disease/,no_schema27_title_match,,ok,Development of novel clinical outcomes for disease-modifying clinical trials in Parkinson’s disease,371161,7 October 2024,2024-10-07,Current,Dr Cristina Gonzalez-Robles,"University College London, Great Britain",true,
260,5,2024-10-03,3 October 2024,"Deciphering Inflammaging: Unraveling the Interplay of Inflammation, Aging, and Neurodegeneration in Parkinson’s Disease.","Fudan University, China",https://www.ukbiobank.ac.uk/projects/deciphering-inflammaging-unraveling-the-interplay-of-inflammation-aging-and-neurodegeneration-in-parkinsons-disease/,no_schema27_title_match,,ok,"Deciphering Inflammaging: Unraveling the Interplay of Inflammation, Aging, and Neurodegeneration in Parkinson’s Disease.",200895,3 October 2024,2024-10-03,Current,Miss Yuchen Yan,"Fudan University, China",true,
260,10,2024-10-03,3 October 2024,Investigation into improved-performance of retinal-vasculature biomarkers in early-detection of Alzheimier’s through high-resolution adaptive-optics fundus imaging.,"Cambridge Vision Technology LLC, Great Britain",https://www.ukbiobank.ac.uk/projects/investigation-into-improved-performance-of-retinal-vasculature-biomarkers-in-early-detection-of-alzheimiers-through-high-resolution-adaptive-optics-fundus-imaging/,no_schema27_title_match,,ok,Investigation into improved-performance of retinal-vasculature biomarkers in early-detection of Alzheimier’s through high-resolution adaptive-optics fundus imaging.,149401,3 October 2024,2024-10-03,Current,Mr Andrew Kadis,"Cambridge Vision Technology LLC, Great Britain",true,
262,9,2024-05-15,15 May 2024,Assessing novel risk factors using multimodal data to enable the prediction of developing Parkinson’s disease,"University of Sheffield, Great Britain",https://www.ukbiobank.ac.uk/projects/assessing-novel-risk-factors-using-multimodal-data-to-enable-the-prediction-of-developing-parkinsons-disease/,no_schema27_title_match,,ok,Assessing novel risk factors using multimodal data to enable the prediction of developing Parkinson’s disease,171229,15 May 2024,2024-05-15,Current,Dr Thomas Payne,"University of Sheffield, Great Britain",true,
270,6,2024-04-10,10 April 2024,Towards a FemTech Digital Twin for Improving Women’s Health,"Inselspital, Universitatsspital Bern, Switzerland",https://www.ukbiobank.ac.uk/projects/towards-a-femtech-digital-twin-for-improving-womens-health/,no_schema27_title_match,,ok,Towards a FemTech Digital Twin for Improving Women’s Health,129200,10 April 2024,2024-04-10,Current,Professor Lia Bally,"Inselspital, Universitatsspital Bern, Switzerland",true,
270,8,2024-04-10,10 April 2024,Innate Immune system in Alzheimer’s disease (AD) risk : The role of TDP43 in microglia,"University of Strasbourg, France",https://www.ukbiobank.ac.uk/projects/innate-immune-system-in-alzheimers-disease-ad-risk-the-role-of-tdp43-in-microglia/,no_schema27_title_match,,ok,Innate Immune system in Alzheimer’s disease (AD) risk : The role of TDP43 in microglia,135872,10 April 2024,2024-04-10,Current,Dr Salim Megat,"University of Strasbourg, France",true,
273,1,2024-04-03,3 April 2024,Parkinson’s disease risk and phenoconversion: a polygenic risk score approach,"Johns Hopkins University, United States of America",https://www.ukbiobank.ac.uk/projects/parkinsons-disease-risk-and-phenoconversion-a-polygenic-risk-score-approach/,no_schema27_title_match,,ok,Parkinson’s disease risk and phenoconversion: a polygenic risk score approach,103122,3 April 2024,2024-04-03,Current,Dr Kathryn Fitzgerald,"Johns Hopkins University, United States of America",true,
274,2,2024-03-26,26 March 2024,Chronotype’s Impact on Diurnal Patterns of Sedentary and Physical Activity and Mortality in Non-Exercisers: A Prospective Study,"Pusan National University Hospital, Korea (South)",https://www.ukbiobank.ac.uk/projects/chronotypes-impact-on-diurnal-patterns-of-sedentary-and-physical-activity-and-mortality-in-non-exercisers-a-prospective-study/,no_schema27_title_match,,ok,Chronotype’s Impact on Diurnal Patterns of Sedentary and Physical Activity and Mortality in Non-Exercisers: A Prospective Study,161289,26 March 2024,2024-03-26,Current,Dr Jong-Hwan Park,"Pusan National University Hospital, Korea (South)",true,
276,2,2024-03-21,21 March 2024,Innovative Exploration: Integrating Heart Rate Variability into Predictive Artificial Intelligence Models for Alzheimer’s Risk,"University of the Witwatersrand, Johannesburg, South Africa",https://www.ukbiobank.ac.uk/projects/innovative-exploration-integrating-heart-rate-variability-into-predictive-artificial-intelligence-models-for-alzheimers-risk/,no_schema27_title_match,,ok,Innovative Exploration: Integrating Heart Rate Variability into Predictive Artificial Intelligence Models for Alzheimer’s Risk,146098,21 March 2024,2024-03-21,Current,Dr Michelle Leal,"University of the Witwatersrand, Johannesburg, South Africa",true,
276,5,2024-03-20,20 March 2024,Inflammation and Brain Structure in Alzheimer’s disease and Other Neurodegenerative Disease,"The Second Affiliated Hospital of Wannan Medical College, China",https://www.ukbiobank.ac.uk/projects/inflammation-and-brain-structure-in-alzheimers-disease-and-other-neurodegenerative-disease/,no_schema27_title_match,,ok,Inflammation and Brain Structure in Alzheimer’s disease and Other Neurodegenerative Disease,127971,20 March 2024,2024-03-20,Current,Dr Wencai Ding,"The Second Affiliated Hospital of Wannan Medical College, China",true,
276,9,2024-03-20,20 March 2024,Quantifying risk of APOE4 allele on Alzheimer’s disease and diabetes in Indian populations,"Centre for Brain Research, India",https://www.ukbiobank.ac.uk/projects/quantifying-risk-of-apoe4-allele-on-alzheimers-disease-and-diabetes-in-indian-populations/,no_schema27_title_match,,ok,Quantifying risk of APOE4 allele on Alzheimer’s disease and diabetes in Indian populations,150429,20 March 2024,2024-03-20,Current,Dr Shweta Ramdas,"Centre for Brain Research, India",true,
279,6,2024-03-13,13 March 2024,Multimodal Analysis of Genetic and Neuroimaging Data for Parkinson’s disease or Atypical Parkinsonism.,"Second Affiliated Hospital of Zhejiang University, China",https://www.ukbiobank.ac.uk/projects/multimodal-analysis-of-genetic-and-neuroimaging-data-for-parkinsons-disease-or-atypical-parkinsonism/,no_schema27_title_match,,ok,Multimodal Analysis of Genetic and Neuroimaging Data for Parkinson’s disease or Atypical Parkinsonism.,151172,13 March 2024,2024-03-13,Current,Professor Wei Luo,"Second Affiliated Hospital of Zhejiang University, China",true,
281,3,2024-03-01,1 March 2024,Predicting early-stage outcomes in Parkinson’s Disease and dementia using physical activity and balance-related data,"Imperial College London, Great Britain",https://www.ukbiobank.ac.uk/projects/predicting-early-stage-outcomes-in-parkinsons-disease-and-dementia-using-physical-activity-and-balance-related-data/,no_schema27_title_match,,ok,Predicting early-stage outcomes in Parkinson’s Disease and dementia using physical activity and balance-related data,142478,1 March 2024,2024-03-01,Current,Dr Toby Jack Ellmers,"Imperial College London, Great Britain",true,
284,4,2024-02-27,27 February 2024,Novel whole-genome cross-ancestry analysis methods for Alzheimer’s risk prediction,"Parabon NanoLabs, Inc., United States of America",https://www.ukbiobank.ac.uk/projects/novel-whole-genome-cross-ancestry-analysis-methods-for-alzheimers-risk-prediction/,no_schema27_title_match,,ok,Novel whole-genome cross-ancestry analysis methods for Alzheimer’s risk prediction,166560,27 February 2024,2024-02-27,Current,Dr Janet Cady,"Parabon NanoLabs, Inc., United States of America",true,
285,4,2024-02-09,9 February 2024,Sex-specific molecular profiling to understand pathology and identify causal genes and drug targets for Alzheimer’s disease (AD).,"Washington University in St. Louis, United States of America",https://www.ukbiobank.ac.uk/projects/sex-specific-molecular-profiling-to-understand-pathology-and-identify-causal-genes-and-drug-targets-for-alzheimers-disease-ad/,no_schema27_title_match,,ok,Sex-specific molecular profiling to understand pathology and identify causal genes and drug targets for Alzheimer’s disease (AD).,109871,9 February 2024,2024-02-09,Current,Professor Yun Sung,"Washington University in St. Louis, United States of America",true,
287,8,2024-01-26,26 January 2024,Prediction of Parkinson’s disease and Atypical Parkinsonism: a longitudinal study from the UK Biobank,"Magna Graecia University of Catanzaro, Italy",https://www.ukbiobank.ac.uk/projects/prediction-of-parkinsons-disease-and-atypical-parkinsonism-a-longitudinal-study-from-the-uk-biobank/,no_schema27_title_match,,ok,Prediction of Parkinson’s disease and Atypical Parkinsonism: a longitudinal study from the UK Biobank,147093,26 January 2024,2024-01-26,Current,Dr Andrea Quattrone,"Magna Graecia University of Catanzaro, Italy",true,
296,7,2023-12-05,5 December 2023,Extracting various degrees of association between different data types using traditional and deep machine learning methodologies to aid diagnoses of mental health disorders,"University College London, Great Britain",https://www.ukbiobank.ac.uk/projects/extracting-various-degrees-of-association-between-different-data-types-using-traditional-and-deep-machine-learning-methodologies-to-aid-diagnoses-of-mental-health-disorders/,no_schema27_title_match,,ok,Extracting various degrees of association between different data types using traditional and deep machine learning methodologies to aid diagnoses of mental health disorders,135151,5 December 2023,2023-12-05,Current,Ms Najiba Toron,"University College London, Great Britain",true,
300,7,2023-11-22,22 November 2023,Based on multimodal data to explore the associations between life’s eight essentials and hydration status and cardiometabolic multimorbidity and other age-related diseases in older adults,"Shanghai Jiao Tong University School of Medicine., China",https://www.ukbiobank.ac.uk/projects/based-on-multimodal-data-to-explore-the-associations-between-lifes-eight-essentials-and-hydration-status-and-cardiometabolic-multimorbidity-and-other-age-related-diseases-in-older-adults/,no_schema27_title_match,,ok,Based on multimodal data to explore the associations between life’s eight essentials and hydration status and cardiometabolic multimorbidity and other age-related diseases in older adults,98698,22 November 2023,2023-11-22,Current,Dr Yinqiao Dong,"Shanghai Jiao Tong University School of Medicine., China",true,
301,1,2023-11-21,21 November 2023,Assessing the impact of sex-specific life events on women’s brain health,"University of Oxford, Great Britain",https://www.ukbiobank.ac.uk/projects/assessing-the-impact-of-sex-specific-life-events-on-womens-brain-health/,no_schema27_title_match,,ok,Assessing the impact of sex-specific life events on women’s brain health,103758,21 November 2023,2023-11-21,Current,Professor Daniel Bulte,"University of Oxford, Great Britain",true,
309,2,2023-10-18,18 October 2023,"Mediation Effects of Sexually Transmitted Infections on Neurodegeneration, Dementia, and Alzheimer’s Disease among Adult Survivors of Childhood Sexual Violence: Evidence from the UK Biobank","Charite - Universitatsmedizin Berlin, Germany",https://www.ukbiobank.ac.uk/projects/mediation-effects-of-sexually-transmitted-infections-on-neurodegeneration-dementia-and-alzheimers-disease-among-adult-survivors-of-childhood-sexual-violence-evidence-from-the-uk-biobank/,no_schema27_title_match,,ok,"Mediation Effects of Sexually Transmitted Infections on Neurodegeneration, Dementia, and Alzheimer’s Disease among Adult Survivors of Childhood Sexual Violence: Evidence from the UK Biobank",128626,18 October 2023,2023-10-18,Current,Professor Christine Marcelle Heim,"Charite - Universitatsmedizin Berlin, Germany",true,
312,1,2023-10-04,4 October 2023,Investigation of imaging markers for Parkinson’s disease,"Capital Medical University, China",https://www.ukbiobank.ac.uk/projects/investigation-of-imaging-markers-for-parkinsons-disease/,no_schema27_title_match,,ok,Investigation of imaging markers for Parkinson’s disease,103903,4 October 2023,2023-10-04,Current,Professor Tao Wu,"Capital Medical University, China",true,
313,2,2023-09-27,27 September 2023,Determine genetic factors that modulate the Alzheimer’s disease risk effects of APOE-!4,"Hong Kong University of Science and Technology, Hong Kong",https://www.ukbiobank.ac.uk/projects/determine-genetic-factors-that-modulate-the-alzheimers-disease-risk-effects-of-apoe-4/,no_schema27_title_match,,ok,Determine genetic factors that modulate the Alzheimer’s disease risk effects of APOE-!4,95743,27 September 2023,2023-09-27,Current,Professor Amy Fu,"Hong Kong University of Science and Technology, Hong Kong",true,
319,7,2023-08-31,31 August 2023,"Roles of gene-environment interaction in development of Alzheimer’s disease: implications in prediction, prevention, and pathogenesis","University of Health and Rehabilitation Sciences, China",https://www.ukbiobank.ac.uk/projects/roles-of-gene-environment-interaction-in-development-of-alzheimers-disease-implications-in-prediction-prevention-and-pathogenesis/,no_schema27_title_match,,ok,"Roles of gene-environment interaction in development of Alzheimer’s disease: implications in prediction, prevention, and pathogenesis",108930,31 August 2023,2023-08-31,Current,Dr Wei Xu,"University of Health and Rehabilitation Sciences, China",true,
319,9,2023-08-29,29 August 2023,Imaging biomarker of normal aging process and development of early predictive biomarkers of cognitive impairment and Alzheimer’s Disease,"Emory University, United States of America",https://www.ukbiobank.ac.uk/projects/imaging-biomarker-of-normal-aging-process-and-development-of-early-predictive-biomarkers-of-cognitive-impairment-and-alzheimers-disease/,no_schema27_title_match,,ok,Imaging biomarker of normal aging process and development of early predictive biomarkers of cognitive impairment and Alzheimer’s Disease,108171,29 August 2023,2023-08-29,Current,Dr Deqiang Qiu,"Emory University, United States of America",true,
326,4,2023-07-19,19 July 2023,Clinical and molecular heterogeneity of Kennedy’s disease,"University College London, Great Britain",https://www.ukbiobank.ac.uk/projects/clinical-and-molecular-heterogeneity-of-kennedys-disease/,no_schema27_title_match,,ok,Clinical and molecular heterogeneity of Kennedy’s disease,92363,19 July 2023,2023-07-19,Current,Dr Matteo Zanovello,"University College London, Great Britain",true,
327,3,2023-07-12,12 July 2023,Progression Subphenotyping and Risk Gene Module Identification for Alzheimer’s Disease,"Weill Cornell Medical College, United States of America",https://www.ukbiobank.ac.uk/projects/progression-subphenotyping-and-risk-gene-module-identification-for-alzheimers-disease/,no_schema27_title_match,,ok,Progression Subphenotyping and Risk Gene Module Identification for Alzheimer’s Disease,98304,12 July 2023,2023-07-12,Current,Dr Chang Su,"Weill Cornell Medical College, United States of America",true,
328,6,2023-07-06,6 July 2023,Characterizing Alzheimer’s Disease and Dementia in South Korean Cohorts by Distillating Knowledge from Large-scale Data,"Pohang University of Science and Technology, Korea (South)",https://www.ukbiobank.ac.uk/projects/characterizing-alzheimers-disease-and-dementia-in-south-korean-cohorts-by-distillating-knowledge-from-large-scale-data/,no_schema27_title_match,,ok,Characterizing Alzheimer’s Disease and Dementia in South Korean Cohorts by Distillating Knowledge from Large-scale Data,96217,6 July 2023,2023-07-06,Current,Professor Won Hwa Kim,"Pohang University of Science and Technology, Korea (South)",true,
329,9,2023-07-03,3 July 2023,"A data-driven approach to identify clusters of Alzheimer’s and vascular dementia patients using electronic health records, brain imaging, frailty index, and polygenic risk score","Dalhousie University, Canada",https://www.ukbiobank.ac.uk/projects/a-data-driven-approach-to-identify-clusters-of-alzheimers-and-vascular-dementia-patients-using-electronic-health-records-brain-imaging-frailty-index-and-polygenic-risk-score/,no_schema27_title_match,,ok,"A data-driven approach to identify clusters of Alzheimer’s and vascular dementia patients using electronic health records, brain imaging, frailty index, and polygenic risk score",98554,3 July 2023,2023-07-03,Current,Mr Jack Quach,"Dalhousie University, Canada",true,
331,3,2023-06-30,30 June 2023,"Effects of diet’s macronutrient distribution on physical activity levels, glycaemic control, body composition and energy expenditure","University of Birmingham, Great Britain",https://www.ukbiobank.ac.uk/projects/effects-of-diets-macronutrient-distribution-on-physical-activity-levels-glycaemic-control-body-composition-and-energy-expenditure/,no_schema27_title_match,,ok,"Effects of diet’s macronutrient distribution on physical activity levels, glycaemic control, body composition and energy expenditure",100940,30 June 2023,2023-06-30,Current,Dr Gareth Wallis,"University of Birmingham, Great Britain",true,
331,4,2023-06-30,30 June 2023,Association between consumption of ultra-processed foods and Parkinson’s disease,"Tokushima University, Japan",https://www.ukbiobank.ac.uk/projects/association-between-consumption-of-ultra-processed-foods-and-parkinsons-disease/,no_schema27_title_match,,ok,Association between consumption of ultra-processed foods and Parkinson’s disease,101148,30 June 2023,2023-06-30,Current,Dr Shotaro Haji,"Tokushima University, Japan",true,
332,5,2023-06-23,23 June 2023,A Phenome-wide Association and Mendelian Randomization Study for Parkinson’s disease,"First Affiliated Hospital of Zhengzhou University, China",https://www.ukbiobank.ac.uk/projects/a-phenome-wide-association-and-mendelian-randomization-study-for-parkinsons-disease/,no_schema27_title_match,,ok,A Phenome-wide Association and Mendelian Randomization Study for Parkinson’s disease,104811,23 June 2023,2023-06-23,Current,Dr Changhe Shi,"First Affiliated Hospital of Zhengzhou University, China",true,
336,5,2023-06-05,5 June 2023,Prediction of progression of Alzheimer’s disease (AD) in early stage using quantitative susceptibility mapping (QSM) image in UK Biobank brain imaging,"Fujifilm Corporation, Japan",https://www.ukbiobank.ac.uk/projects/prediction-of-progression-of-alzheimers-disease-ad-in-early-stage-using-quantitative-susceptibility-mapping-qsm-image-in-uk-biobank-brain-imaging/,no_schema27_title_match,,ok,Prediction of progression of Alzheimer’s disease (AD) in early stage using quantitative susceptibility mapping (QSM) image in UK Biobank brain imaging,94742,5 June 2023,2023-06-05,Closed,Dr Caihua Wang,"Fujifilm Corporation, Japan",true,
340,2,2023-05-26,26 May 2023,Association between exposure to air pollution and acceleration of cognitive decline in adults with Parkinson’s Disease,"University of Pennsylvania, United States of America",https://www.ukbiobank.ac.uk/projects/association-between-exposure-to-air-pollution-and-acceleration-of-cognitive-decline-in-adults-with-parkinsons-disease/,no_schema27_title_match,,ok,Association between exposure to air pollution and acceleration of cognitive decline in adults with Parkinson’s Disease,93173,26 May 2023,2023-05-26,Current,Dr Jianghong Liu,"University of Pennsylvania, United States of America",true,
342,10,2023-05-09,9 May 2023,Mining retinal color fundus photographs for Alzheimer’s disease biomarker discovery,"Arizona State University, United States of America",https://www.ukbiobank.ac.uk/projects/mining-retinal-color-fundus-photographs-for-alzheimers-disease-biomarker-discovery/,no_schema27_title_match,,ok,Mining retinal color fundus photographs for Alzheimer’s disease biomarker discovery,91706,9 May 2023,2023-05-09,Current,Professor Yalin Wang,"Arizona State University, United States of America",true,
343,5,2023-05-04,4 May 2023,Association between neurotropic Herpes viruses and early signs of Alzheimer’s disease: impact of susceptibility factors,"University of Bordeaux, France",https://www.ukbiobank.ac.uk/projects/association-between-neurotropic-herpes-viruses-and-early-signs-of-alzheimers-disease-impact-of-susceptibility-factors/,no_schema27_title_match,,ok,Association between neurotropic Herpes viruses and early signs of Alzheimer’s disease: impact of susceptibility factors,99119,4 May 2023,2023-05-04,Current,Dr Catherine Helmer,"University of Bordeaux, France",true,
344,4,2023-05-03,3 May 2023,Studying common genetic risk burden for epilepsy in Parkinson’s disease patients of European and Latin American origin,"Universidad del Desarrollo, Chile",https://www.ukbiobank.ac.uk/projects/studying-common-genetic-risk-burden-for-epilepsy-in-parkinsons-disease-patients-of-european-and-latin-american-origin/,no_schema27_title_match,,ok,Studying common genetic risk burden for epilepsy in Parkinson’s disease patients of European and Latin American origin,81646,3 May 2023,2023-05-03,Current,Dr Eduardo Perez-Palma,"Universidad del Desarrollo, Chile",true,
352,5,2023-03-22,22 March 2023,Automated actigraphy analysis for identification of prodromal Parkinson’s disease or related disorders,"Icahn School of Medicine at Mount Sinai, United States of America",https://www.ukbiobank.ac.uk/projects/automated-actigraphy-analysis-for-identification-of-prodromal-parkinsons-disease-or-related-disorders/,no_schema27_title_match,,ok,Automated actigraphy analysis for identification of prodromal Parkinson’s disease or related disorders,97043,22 March 2023,2023-03-22,Current,Dr Emmanuel During,"Icahn School of Medicine at Mount Sinai, United States of America",true,
353,7,2023-03-20,20 March 2023,Investigating causal pathways between chronic exposure to air pollution and Alzheimer’s disease in the UK Biobank using a data-driven causal graph approach,"University of Hong Kong, Hong Kong",https://www.ukbiobank.ac.uk/projects/investigating-causal-pathways-between-chronic-exposure-to-air-pollution-and-alzheimers-disease-in-the-uk-biobank-using-a-data-driven-causal-graph-approach/,no_schema27_title_match,,ok,Investigating causal pathways between chronic exposure to air pollution and Alzheimer’s disease in the UK Biobank using a data-driven causal graph approach,95432,20 March 2023,2023-03-20,Current,Professor Victor On-Kwok Li,"University of Hong Kong, Hong Kong",true,
356,10,2023-03-02,2 March 2023,The new mechanism and early warning system of subjective cognitive decline transforming into Alzheimer’s disease,"Nanjing Drum Tower Hospital, China",https://www.ukbiobank.ac.uk/projects/the-new-mechanism-and-early-warning-system-of-subjective-cognitive-decline-transforming-into-alzheimers-disease/,no_schema27_title_match,,ok,The new mechanism and early warning system of subjective cognitive decline transforming into Alzheimer’s disease,94828,2 March 2023,2023-03-02,Current,Professor Yun Xu,"Nanjing Drum Tower Hospital, China",true,
364,3,2023-01-26,26 January 2023,"The impact of education on obesity, examined through the United Kingdom’s 1972 British Raising of School Leaving Age.","University of Notre Dame, United States of America",https://www.ukbiobank.ac.uk/projects/the-impact-of-education-on-obesity-examined-through-the-united-kingdoms-1972-british-raising-of-school-leaving-age/,no_schema27_title_match,,ok,"The impact of education on obesity, examined through the United Kingdom’s 1972 British Raising of School Leaving Age.",96991,26 January 2023,2023-01-26,Current,Mr Anoop Sunkara,"University of Notre Dame, United States of America",true,
366,7,2023-01-16,16 January 2023,"Effects of glucose-lowering drugs on cardiac arrhythmia, it’s drivers and related outcomes","Nanjing Drum Tower Hospital, China",https://www.ukbiobank.ac.uk/projects/effects-of-glucose-lowering-drugs-on-cardiac-arrhythmia-its-drivers-and-related-outcomes/,no_schema27_title_match,,ok,"Effects of glucose-lowering drugs on cardiac arrhythmia, it’s drivers and related outcomes",91907,16 January 2023,2023-01-16,Current,Professor Xinlin Zhang,"Nanjing Drum Tower Hospital, China",true,
368,1,2023-01-11,11 January 2023,Machine-learning-based study for mobility measures as preliminary predictor for Alzheimer’s disease risks and cognitive impairments,"University of Zurich, Switzerland",https://www.ukbiobank.ac.uk/projects/machine-learning-based-study-for-mobility-measures-as-preliminary-predictor-for-alzheimers-disease-risks-and-cognitive-impairments/,no_schema27_title_match,,ok,Machine-learning-based study for mobility measures as preliminary predictor for Alzheimer’s disease risks and cognitive impairments,96841,11 January 2023,2023-01-11,Current,Miss Camille Elleaume,"University of Zurich, Switzerland",true,
370,5,2022-12-20,20 December 2022,Identification of cost-effective biomarkers for Alzheimer’s disease,"University of Manchester, Great Britain",https://www.ukbiobank.ac.uk/projects/identification-of-cost-effective-biomarkers-for-alzheimers-disease/,no_schema27_title_match,,ok,Identification of cost-effective biomarkers for Alzheimer’s disease,95105,20 December 2022,2022-12-20,Current,Dr Fumie Costen,"University of Manchester, Great Britain",true,
371,4,2022-12-16,16 December 2022,Defining a signature of prodromal Parkinson’s disease in the UK Biobank cohort,"University of Oxford, Great Britain",https://www.ukbiobank.ac.uk/projects/defining-a-signature-of-prodromal-parkinsons-disease-in-the-uk-biobank-cohort/,no_schema27_title_match,,ok,Defining a signature of prodromal Parkinson’s disease in the UK Biobank cohort,95506,16 December 2022,2022-12-16,Current,Professor Michele Tao-Ming Hu,"University of Oxford, Great Britain",true,
372,2,2022-12-14,14 December 2022,"The Genetics of Alzheimer’s Disease: Investigating the Role of the Mitochondrial Genomic Variants and Family History in AD, and Replicating Previously Reported Genetic Variants","Brigham Young University, United States of America",https://www.ukbiobank.ac.uk/projects/the-genetics-of-alzheimers-disease-investigating-the-role-of-the-mitochondrial-genomic-variants-and-family-history-in-ad-and-replicating-previously-reported-genetic-variants/,no_schema27_title_match,,ok,"The Genetics of Alzheimer’s Disease: Investigating the Role of the Mitochondrial Genomic Variants and Family History in AD, and Replicating Previously Reported Genetic Variants",88656,14 December 2022,2022-12-14,Current,Dr Perry Ridge,"Brigham Young University, United States of America",true,
374,4,2022-12-06,6 December 2022,A phenome-wide association and Mendelian Randomisation study of polygenic risk for Alzheimer’s traits in UK Biobank,"Fudan University, China",https://www.ukbiobank.ac.uk/projects/a-phenome-wide-association-and-mendelian-randomisation-study-of-polygenic-risk-for-alzheimers-traits-in-uk-biobank/,no_schema27_title_match,,ok,A phenome-wide association and Mendelian Randomisation study of polygenic risk for Alzheimer’s traits in UK Biobank,84254,6 December 2022,2022-12-06,Closed,Professor Jintai Yu,"Fudan University, China",true,
378,5,2022-11-16,16 November 2022,"Using statistical genetics and artificial intelligence to predict risk, resilience and age-of-onset in Alzheimer’s disease","Massachusetts General Hospital, United States of America",https://www.ukbiobank.ac.uk/projects/using-statistical-genetics-and-artificial-intelligence-to-predict-risk-resilience-and-age-of-onset-in-alzheimers-disease/,no_schema27_title_match,,ok,"Using statistical genetics and artificial intelligence to predict risk, resilience and age-of-onset in Alzheimer’s disease",81874,16 November 2022,2022-11-16,Current,Dr Dmitry Prokopenko,"Massachusetts General Hospital, United States of America",true,
378,7,2022-11-16,16 November 2022,Sex-specific genome-wide association study of hypertensive hyperuricemic individuals developing cardiovascular events or Alzheimer’s disease,"University of L'Aquila, Italy",https://www.ukbiobank.ac.uk/projects/sex-specific-genome-wide-association-study-of-hypertensive-hyperuricemic-individuals-developing-cardiovascular-events-or-alzheimers-disease/,no_schema27_title_match,,ok,Sex-specific genome-wide association study of hypertensive hyperuricemic individuals developing cardiovascular events or Alzheimer’s disease,93593,16 November 2022,2022-11-16,Current,Professor Rita Del Pinto,"University of L'Aquila, Italy",true,
379,7,2022-11-11,11 November 2022,"Risk factors, mechanisms, presentation and prognosis in stroke and Alzheimer’s disease","NCRC-ND, China",https://www.ukbiobank.ac.uk/projects/risk-factors-mechanisms-presentation-and-prognosis-in-stroke-and-alzheimers-disease/,no_schema27_title_match,,ok,"Risk factors, mechanisms, presentation and prognosis in stroke and Alzheimer’s disease",90640,11 November 2022,2022-11-11,Current,Dr Haiqiang Qin,"NCRC-ND, China",true,
385,3,2022-10-17,17 October 2022,Correlation of periodontitis with morbidity and mortality in Alzheimer’s disease and its molecular mechanisms,"Sichuan University, China",https://www.ukbiobank.ac.uk/projects/correlation-of-periodontitis-with-morbidity-and-mortality-in-alzheimers-disease-and-its-molecular-mechanisms/,no_schema27_title_match,,ok,Correlation of periodontitis with morbidity and mortality in Alzheimer’s disease and its molecular mechanisms,91625,17 October 2022,2022-10-17,Current,Dr Hao Xu,"Sichuan University, China",true,
386,8,2022-09-29,29 September 2022,Estimating inequalities in unmet clinical need in patients living with Alzheimer’s disease,"Lane Clark & Peacock LLP, Great Britain",https://www.ukbiobank.ac.uk/projects/estimating-inequalities-in-unmet-clinical-need-in-patients-living-with-alzheimers-disease/,no_schema27_title_match,,ok,Estimating inequalities in unmet clinical need in patients living with Alzheimer’s disease,90906,29 September 2022,2022-09-29,Closed,Dr Benjamin David Bray,"Lane Clark & Peacock LLP, Great Britain",true,
392,4,2022-09-14,14 September 2022,Developing holistic prediction models of Alzheimer’s disease dementia.,"Third Military Medical University (TMMU), China",https://www.ukbiobank.ac.uk/projects/developing-holistic-prediction-models-of-alzheimers-disease-dementia/,no_schema27_title_match,,ok,Developing holistic prediction models of Alzheimer’s disease dementia.,89790,14 September 2022,2022-09-14,Current,Professor Yan-Jiang Wang,"Third Military Medical University (TMMU), China",true,
402,2,2022-08-09,9 August 2022,Leveraging population-based human data to uncover mechanisms connecting Alzheimer’s disease and common infections and facilitate vaccines repurposing for AD prevention,"Duke University, United States of America",https://www.ukbiobank.ac.uk/projects/leveraging-population-based-human-data-to-uncover-mechanisms-connecting-alzheimers-diseaseand-common-infections-and-facilitate-vaccines-repurposing-for-ad-prevention/,no_schema27_title_match,,ok,Leveraging population-based human data to uncover mechanisms connecting Alzheimer’s disease and common infections and facilitate vaccines repurposing for AD prevention,82705,9 August 2022,2022-08-09,Current,Professor Svetlana Ukraintseva,"Duke University, United States of America",true,
402,4,2022-08-09,9 August 2022,Multi-omics approaches to the investigation of human traits associated with rare pediatric diseases by the Children’s Rare Disease Cohorts initiative (CRDC),"Boston Children's Hospital, United States of America",https://www.ukbiobank.ac.uk/projects/multi-omics-approaches-to-the-investigation-of-human-traits-associated-with-rare-pediatric-diseases-by-the-childrens-rare-disease-cohorts-initiative-crdc/,no_schema27_title_match,,ok,Multi-omics approaches to the investigation of human traits associated with rare pediatric diseases by the Children’s Rare Disease Cohorts initiative (CRDC),83216,9 August 2022,2022-08-09,Closed,Dr Shira Rockowitz,"Boston Children's Hospital, United States of America",true,
405,5,2022-07-14,14 July 2022,Genetic architecture and environmental risk factors of women’s reproductive disorders and their adverse health implications,"Central South University, China",https://www.ukbiobank.ac.uk/projects/genetic-architecture-and-environmental-risk-factors-of-womens-reproductive-disorders-and-their-adverse-health-implications/,no_schema27_title_match,,ok,Genetic architecture and environmental risk factors of women’s reproductive disorders and their adverse health implications,89166,14 July 2022,2022-07-14,Current,Professor Jinchen Li,"Central South University, China",true,
411,10,2022-06-07,7 June 2022,Elucidating the Genetic Landscape of Frontotemporal Dementia (FTD) and Parkinson’s Disease (PD),"German Center for Neurodegenerative Diseases DZNE, Germany",https://www.ukbiobank.ac.uk/projects/elucidating-the-genetic-landscape-of-frontotemporal-dementia-ftd-and-parkinsons-disease-pd/,no_schema27_title_match,,ok,Elucidating the Genetic Landscape of Frontotemporal Dementia (FTD) and Parkinson’s Disease (PD),82590,7 June 2022,2022-06-07,Closed,Dr Vikas Bansal,"German Center for Neurodegenerative Diseases DZNE, Germany",true,
420,5,2022-04-26,26 April 2022,Effect of Schizophrenia-Related SNP’s on Telomere Length,"Technological University Dublin, Ireland",https://www.ukbiobank.ac.uk/projects/effect-of-schizophrenia-related-snps-on-telomere-length/,no_schema27_title_match,,ok,Effect of Schizophrenia-Related SNP’s on Telomere Length,79727,26 April 2022,2022-04-26,Closed,Dr Eugene Hickey,"Technological University Dublin, Ireland",true,
422,10,2022-04-20,20 April 2022,A UK Biobank longitudinal study of clonal haematopoiesis and risk of Alzheimer’s Disease,"Ankara University, Turkiye",https://www.ukbiobank.ac.uk/projects/a-uk-biobank-longitudinal-study-of-clonal-haematopoiesis-and-risk-of-alzheimers-disease/,no_schema27_title_match,,ok,A UK Biobank longitudinal study of clonal haematopoiesis and risk of Alzheimer’s Disease,81793,20 April 2022,2022-04-20,Closed,Dr Burcu Cevik,"Ankara University, Turkiye",true,
424,3,2022-04-12,12 April 2022,Rare variant contribution to human Parkinson’s disease,"Southern Medical University, China",https://www.ukbiobank.ac.uk/projects/rare-variant-contribution-to-human-parkinsons-disease/,no_schema27_title_match,,ok,Rare variant contribution to human Parkinson’s disease,81596,12 April 2022,2022-04-12,Current,Professor laixin Xia,"Southern Medical University, China",true,
425,8,2022-03-31,31 March 2022,Identification of precision therapeutics for Alzheimer’s disease prevention and treatment,"University of Arizona, United States of America",https://www.ukbiobank.ac.uk/projects/identification-of-precision-therapeutics-for-alzheimers-disease-prevention-and-treatment/,no_schema27_title_match,,ok,Identification of precision therapeutics for Alzheimer’s disease prevention and treatment,72504,31 March 2022,2022-03-31,Current,Dr Francesca Vitali,"University of Arizona, United States of America",true,
427,2,2022-03-25,25 March 2022,Estimating the diagnostic and monitoring value of body composition analysis for health risks associated with Type 2 Diabetes and Alzheimer’s Disease,"PMX Inc, United States of America",https://www.ukbiobank.ac.uk/projects/estimating-the-diagnostic-and-monitoring-value-of-body-composition-analysis-for-health-risks-associated-with-type-2-diabetes-and-alzheimers-disease/,no_schema27_title_match,,ok,Estimating the diagnostic and monitoring value of body composition analysis for health risks associated with Type 2 Diabetes and Alzheimer’s Disease,82143,25 March 2022,2022-03-25,Current,Mr Rohith Haridas,"PMX Inc, United States of America",true,
428,10,2022-03-18,18 March 2022,Polygenic risk scores and causal contributions between cardiovascular disease and Alzheimer’s disease,"Case Western Reserve University, United States of America",https://www.ukbiobank.ac.uk/projects/polygenic-risk-scores-and-causal-contributions-between-cardiovascular-disease-and-alzheimers-disease/,no_schema27_title_match,,ok,Polygenic risk scores and causal contributions between cardiovascular disease and Alzheimer’s disease,81097,18 March 2022,2022-03-18,Current,Professor Xiaofeng Zhu,"Case Western Reserve University, United States of America",true,
429,4,2022-03-18,18 March 2022,"What is the role of sarcopenia, sarcopenia indices, and sarcopenia risk factors in Alzheimer’s disease and cardiometabolic multimorbidity?","University of Liverpool, Great Britain",https://www.ukbiobank.ac.uk/projects/what-is-the-role-of-sarcopenia-sarcopenia-indices-and-sarcopenia-risk-factors-in-alzheimers-disease-and-cardiometabolic-multimorbidity/,no_schema27_title_match,,ok,"What is the role of sarcopenia, sarcopenia indices, and sarcopenia risk factors in Alzheimer’s disease and cardiometabolic multimorbidity?",83409,18 March 2022,2022-03-18,Closed,Dr Masoud Isanejad,"University of Liverpool, Great Britain",true,
436,4,2022-02-16,16 February 2022,Development and validation of Alzheimer’s Disease polygenic risk score in non-Caucasian populations,"Cytox Ltd, Great Britain",https://www.ukbiobank.ac.uk/projects/development-and-validation-of-alzheimers-disease-polygenic-risk-score-in-non-caucasian-populations/,no_schema27_title_match,,ok,Development and validation of Alzheimer’s Disease polygenic risk score in non-Caucasian populations,79599,16 February 2022,2022-02-16,Current,Dr Qian Gao,"Cytox Ltd, Great Britain",true,
436,5,2022-02-16,16 February 2022,Developing a transethnic polygenic risk score for Alzheimer’s disease,"Children's Hospital of Philadelphia, United States of America",https://www.ukbiobank.ac.uk/projects/developing-a-transethnic-polygenic-risk-score-for-alzheimers-disease/,no_schema27_title_match,,ok,Developing a transethnic polygenic risk score for Alzheimer’s disease,80371,16 February 2022,2022-02-16,Closed,Dr Joseph Glessner,"Children's Hospital of Philadelphia, United States of America",true,
437,2,2022-02-15,15 February 2022,Deep Learning-Based Analysis of Retinal OCT Scans for Detection of Alzheimer’s Disease,"Isik University, Turkiye",https://www.ukbiobank.ac.uk/projects/deep-learning-based-analysis-of-retinal-oct-scans-for-detection-of-alzheimers-disease/,no_schema27_title_match,,ok,Deep Learning-Based Analysis of Retinal OCT Scans for Detection of Alzheimer’s Disease,82266,15 February 2022,2022-02-15,Current,Mrs Yasemin Turkan,"Isik University, Turkiye",true,
443,4,2022-01-10,10 January 2022,Replication of candidate genes associated with Parkinon’s disease and cutaneous malignant melanoma using whole-exome sequencing data.,"Northwestern University, United States of America",https://www.ukbiobank.ac.uk/projects/replication-of-candidate-genes-associated-with-parkinons-disease-and-cutaneous-malignant-melanoma-using-whole-exome-sequencing-data/,no_schema27_title_match,,ok,Replication of candidate genes associated with Parkinon’s disease and cutaneous malignant melanoma using whole-exome sequencing data.,78210,10 January 2022,2022-01-10,Closed,Dr Bernabe Ignacio Bustos,"Northwestern University, United States of America",true,
454,8,2021-10-07,7 October 2021,Pathway analysis and Prediction of Cardiovascular Disease,"Capital Medical University, China",https://www.ukbiobank.ac.uk/projects/pathway-analysis-and-prediction-of-cardiovascular-disease/,ambiguous_duplicate_title,68808|446734,ok,Pathway analysis and Prediction of Cardiovascular Disease,68808,7 October 2021,2021-10-07,Closed,Professor Jie Du,"Capital Medical University, China",true,
463,1,2021-07-07,7 July 2021,Mobile Application for Alzheimer’s disease Diagnosis Using Deep-Learning.,"Ajou University, Korea (South)",https://www.ukbiobank.ac.uk/projects/mobile-application-for-alzheimers-disease-diagnosis-using-deep-learning/,no_schema27_title_match,,ok,Mobile Application for Alzheimer’s disease Diagnosis Using Deep-Learning.,73548,7 July 2021,2021-07-07,Current,Mr Doyoung Kim,"Ajou University, Korea (South)",true,
463,10,2021-06-28,28 June 2021,"Identification of genetic variants associated with resilience to schizophrenia, bipolar disorder, major depressive disorder, Alzheimer’s disease, and suicide","SUNY Upstate Medical University, United States of America",https://www.ukbiobank.ac.uk/projects/identification-of-genetic-variants-associated-with-resilience-to-schizophrenia-bipolar-disorder-major-depressive-disorder-alzheimers-disease-and-suicide/,no_schema27_title_match,,ok,"Identification of genetic variants associated with resilience to schizophrenia, bipolar disorder, major depressive disorder, Alzheimer’s disease, and suicide",60050,28 June 2021,2021-06-28,Closed,Professor Stephen J. Glatt,"SUNY Upstate Medical University, United States of America",true,
465,9,2021-06-16,16 June 2021,Comparison of computational and statistical methods for identifying genetic risk factors for cognitive decline in Parkinson’s Disease,"Fraunhofer Institute, Germany",https://www.ukbiobank.ac.uk/projects/comparison-of-computational-and-statistical-methods-for-identifying-genetic-risk-factors-for-cognitive-decline-in-parkinsons-disease/,no_schema27_title_match,,ok,Comparison of computational and statistical methods for identifying genetic risk factors for cognitive decline in Parkinson’s Disease,67829,16 June 2021,2021-06-16,Closed,Professor Holger Fröhlich,"Fraunhofer Institute, Germany",true,
471,10,2021-04-28,28 April 2021,"Genetics of Aging, Health, and Longevity: Focus on Regulatory Mechanisms and Functional Variants Connecting Aging and Alzheimer’s Disease","Duke University, United States of America",https://www.ukbiobank.ac.uk/projects/genetics-of-aging-health-and-longevity-focus-on-regulatory-mechanisms-and-functional-variantsconnecting-aging-and-alzheimers-disease/,no_schema27_title_match,,ok,"Genetics of Aging, Health, and Longevity: Focus on Regulatory Mechanisms and Functional Variants Connecting Aging and Alzheimer’s Disease",65537,28 April 2021,2021-04-28,Closed,Professor Svetlana Ukraintseva,"Duke University, United States of America",true,
472,6,2021-04-27,27 April 2021,Modeling the combined effect of the genome and environmental risk factors on complex traits to understand an individual’s trajectory of health outcomes.,"National Institute of Biomedical Genomics, India",https://www.ukbiobank.ac.uk/projects/modeling-the-combined-effect-of-the-genome-and-environmental-risk-factors-on-complex-traits-to-understand-an-individuals-trajectory-of-health-outcomes/,no_schema27_title_match,,ok,Modeling the combined effect of the genome and environmental risk factors on complex traits to understand an individual’s trajectory of health outcomes.,69955,27 April 2021,2021-04-27,Current,Dr Samsiddhi Bhattacharjee,"National Institute of Biomedical Genomics, India",true,
473,2,2021-04-26,26 April 2021,"Cardiovascular Risk Factors, Drug Treatments, and their Effects on Alzheimer’s Disease and Related Dementias in the United Kingdom Biobank","Columbia University, United States of America",https://www.ukbiobank.ac.uk/projects/cardiovascular-risk-factors-drug-treatments-and-their-effects-on-alzheimers-disease-and-related-dementias-in-the-united-kingdom-biobank/,no_schema27_title_match,,ok,"Cardiovascular Risk Factors, Drug Treatments, and their Effects on Alzheimer’s Disease and Related Dementias in the United Kingdom Biobank",67926,26 April 2021,2021-04-26,Current,Mr Neal Jawadekar,"Columbia University, United States of America",true,
477,6,2021-03-22,22 March 2021,Effect of genetic status on motor and non-motor symptoms and neuroimaging in Parkinson’s Disease and other neurodegenerative diseases,"Singapore General Hospital, Singapore",https://www.ukbiobank.ac.uk/projects/effect-of-genetic-status-on-motor-and-non-motor-symptoms-and-neuroimaging-in-parkinsons-disease-and-other-neurodegenerative-diseases/,no_schema27_title_match,,ok,Effect of genetic status on motor and non-motor symptoms and neuroimaging in Parkinson’s Disease and other neurodegenerative diseases,68542,22 March 2021,2021-03-22,Current,Dr Ling Ling Chan,"Singapore General Hospital, Singapore",true,
485,2,2021-02-22,22 February 2021,Predicting APOE genotype based on the demographics and longitudinal cognitive changes: a basis to predict brain amyloid status for the screening of preclinical Alzheimer’s disease.,"University of Tokyo, Japan",https://www.ukbiobank.ac.uk/projects/predicting-apoe-genotype-based-on-the-demographics-and-longitudinal-cognitive-changes-a-basis-to-predict-brain-amyloid-status-for-the-screening-of-preclinical-alzheimers-disease/,no_schema27_title_match,,ok,Predicting APOE genotype based on the demographics and longitudinal cognitive changes: a basis to predict brain amyloid status for the screening of preclinical Alzheimer’s disease.,65996,22 February 2021,2021-02-22,Closed,Dr Kenichiro Sato,"University of Tokyo, Japan",true,
487,6,2021-02-08,8 February 2021,Female-specific reproductive factors and the development of Alzheimer’s disease,"Shandong University, China",https://www.ukbiobank.ac.uk/projects/female-specific-reproductive-factors-and-the-development-of-alzheimers-disease/,no_schema27_title_match,,ok,Female-specific reproductive factors and the development of Alzheimer’s disease,68369,8 February 2021,2021-02-08,Closed,Professor Dongshan Zhu,"Shandong University, China",true,
488,3,2021-02-02,2 February 2021,Does the amount or intensity of exercise modulate metformin’s effect on all-cause mortality in type 2 diabetic patients?,"Apollo Health Ventures, Germany",https://www.ukbiobank.ac.uk/projects/does-the-amount-or-intensity-of-exercise-modulate-metformins-effect-on-all-cause-mortality-in-type-2-diabetic-patients/,no_schema27_title_match,,ok,Does the amount or intensity of exercise modulate metformin’s effect on all-cause mortality in type 2 diabetic patients?,65186,2 February 2021,2021-02-02,Current,Mr Kevin Dong,"Apollo Health Ventures, Germany",true,
488,4,2021-02-02,2 February 2021,"The habitual dietary intake of people with Crohn’s disease, case-control study","University of Manchester, Great Britain",https://www.ukbiobank.ac.uk/projects/the-habitual-dietary-intake-of-people-with-crohns-disease-case-control-study/,no_schema27_title_match,,ok,"The habitual dietary intake of people with Crohn’s disease, case-control study",68535,2 February 2021,2021-02-02,Closed,Miss Hanan Bukhari,"University of Manchester, Great Britain",true,
488,9,2021-02-01,1 February 2021,Evaluating Germline and Somatic Variants in Parkinson’s Disease Brains,"Nanyang Technological University, Singapore",https://www.ukbiobank.ac.uk/projects/evaluating-germline-and-somatic-variants-in-parkinsons-disease-brains/,no_schema27_title_match,,ok,Evaluating Germline and Somatic Variants in Parkinson’s Disease Brains,67704,1 February 2021,2021-02-01,Closed,Dr Jia Nee Foo,"Nanyang Technological University, Singapore",true,
494,3,2021-01-12,12 January 2021,Characterizing the genetic and biological heterogeneity of Alzheimer’s disease risk,"University of California, San Diego, United States of America",https://www.ukbiobank.ac.uk/projects/characterizing-the-genetic-and-biological-heterogeneity-of-alzheimers-disease-risk/,no_schema27_title_match,,ok,Characterizing the genetic and biological heterogeneity of Alzheimer’s disease risk,63648,12 January 2021,2021-01-12,Closed,Dr Jeremy Elman,"University of California, San Diego, United States of America",true,
496,5,2021-01-11,11 January 2021,Alzheimer’s Disease Genetics Consortium Multi-ethnic Alzheimer disease Genetics Analysis,"University of Miami, United States of America",https://www.ukbiobank.ac.uk/projects/alzheimers-disease-genetics-consortium-multi-ethnic-alzheimer-disease-genetics-analysis/,no_schema27_title_match,,ok,Alzheimer’s Disease Genetics Consortium Multi-ethnic Alzheimer disease Genetics Analysis,64211,11 January 2021,2021-01-11,Current,Dr Farid Rajabli,"University of Miami, United States of America",true,
496,7,2021-01-11,11 January 2021,High-resolution multi-omics maps of Parkinson’s disease,"King's College London, Great Britain",https://www.ukbiobank.ac.uk/projects/high-resolution-multi-omics-maps-of-parkinsons-disease/,no_schema27_title_match,,ok,High-resolution multi-omics maps of Parkinson’s disease,64488,11 January 2021,2021-01-11,Closed,Mr Simon Lam,"King's College London, Great Britain",true,
496,10,2021-01-11,11 January 2021,Combining genetic information with population imaging to improve diagnostic markers for Alzheimer’s Disease,"University College London, Great Britain",https://www.ukbiobank.ac.uk/projects/combining-genetic-information-with-population-imaging-to-improve-diagnostic-markers-for-alzheimers-disease/,no_schema27_title_match,,ok,Combining genetic information with population imaging to improve diagnostic markers for Alzheimer’s Disease,65299,11 January 2021,2021-01-11,Current,Dr Andre Altmann,"University College London, Great Britain",true,
499,2,2020-11-25,25 November 2020,Dissecting Genetic and Non-Genetic Heterogeneity in Predisposition to Alzheimer’s Disease and Vascular Traits in Pleiotropic Context,"Duke University, United States of America",https://www.ukbiobank.ac.uk/projects/dissecting-genetic-and-non-genetic-heterogeneity-in-predisposition-to-alzheimers-disease-and-vascular-traits-in-pleiotropic-context/,no_schema27_title_match,,ok,Dissecting Genetic and Non-Genetic Heterogeneity in Predisposition to Alzheimer’s Disease and Vascular Traits in Pleiotropic Context,62778,25 November 2020,2020-11-25,Current,Professor Alexander Kulminski,"Duke University, United States of America",true,
500,10,2020-11-18,18 November 2020,Explainable machine learning for studying genomic association of Alzheimer’s,"University of Washington, United States of America",https://www.ukbiobank.ac.uk/projects/explainable-machine-learning-for-studying-genomic-association-of-alzheimers/,no_schema27_title_match,,ok,Explainable machine learning for studying genomic association of Alzheimer’s,65707,18 November 2020,2020-11-18,Closed,Miss Wei Qiu,"University of Washington, United States of America",true,
506,1,2020-09-29,29 September 2020,Quantifying tissue-specific effects on Parkinson’s disease by Machine Learning,"University of Auckland, New Zealand",https://www.ukbiobank.ac.uk/projects/quantifying-tissue-specific-effects-on-parkinsons-disease-by-machine-learning/,no_schema27_title_match,,ok,Quantifying tissue-specific effects on Parkinson’s disease by Machine Learning,61507,29 September 2020,2020-09-29,Closed,Mr Daniel Ho,"University of Auckland, New Zealand",true,
509,7,2020-09-01,1 September 2020,Cerebral small vessel disease and Alzheimer’s disease susceptibility: a genome-wide interaction study,"Sunnybrook Research Institute, Canada",https://www.ukbiobank.ac.uk/projects/cerebral-small-vessel-disease-and-alzheimers-disease-susceptibility-a-genome-wide-interaction-study/,no_schema27_title_match,,ok,Cerebral small vessel disease and Alzheimer’s disease susceptibility: a genome-wide interaction study,56197,1 September 2020,2020-09-01,Current,Dr Walter Swardfager,"Sunnybrook Research Institute, Canada",true,
513,5,2020-08-13,13 August 2020,Does homozygous Christchurch mutation in apoE3 delay onset of Alzheimer’s disease,"Fermata Pharma, Inc, United States of America",https://www.ukbiobank.ac.uk/projects/does-homozygous-christchurch-mutation-in-apoe3-delay-onset-of-alzheimers-disease/,no_schema27_title_match,,ok,Does homozygous Christchurch mutation in apoE3 delay onset of Alzheimer’s disease,57245,13 August 2020,2020-08-13,Current,Dr Steven Lehrer,"Fermata Pharma, Inc, United States of America",true,
514,7,2020-08-04,4 August 2020,Deep-learning based prediction of Alzheimer’s disease using genomics and neuroimaging,"Simon Fraser University, Canada",https://www.ukbiobank.ac.uk/projects/deep-learning-based-prediction-of-alzheimers-disease-using-genomics-and-neuroimaging/,no_schema27_title_match,,ok,Deep-learning based prediction of Alzheimer’s disease using genomics and neuroimaging,56236,4 August 2020,2020-08-04,Current,Professor Mirza Faisal Beg,"Simon Fraser University, Canada",true,
514,8,2020-08-03,3 August 2020,Personalized genetic profiles of risk and resilience in Alzheimer’s and vascular diseases,"Duke University, United States of America",https://www.ukbiobank.ac.uk/projects/personalized-genetic-profiles-of-risk-and-resilience-in-alzheimers-and-vascular-diseases/,no_schema27_title_match,,ok,Personalized genetic profiles of risk and resilience in Alzheimer’s and vascular diseases,60447,3 August 2020,2020-08-03,Closed,Professor Alexander Kulminski,"Duke University, United States of America",true,
515,4,2020-07-28,28 July 2020,Polygenic analysis for Alzheimer’s disease,"The University of Osaka, Japan",https://www.ukbiobank.ac.uk/projects/polygenic-analysis-for-alzheimers-disease/,no_schema27_title_match,,ok,Polygenic analysis for Alzheimer’s disease,61467,28 July 2020,2020-07-28,Closed,Dr Masataka Kikuchi,"The University of Osaka, Japan",true,
522,5,2020-06-17,17 June 2020,Alzheimer’s Disease Model: A Hybrid Quantitative Systems Pharmacology (QSP) & AI-Driven Evidence Platform for R&D,"Holmusk Europe Limited, Great Britain",https://www.ukbiobank.ac.uk/projects/alzheimers-disease-model-a-hybrid-quantitative-systems-pharmacology-qsp-ai-driven-evidence-platform-for-rd/,no_schema27_title_match,,ok,Alzheimer’s Disease Model: A Hybrid Quantitative Systems Pharmacology (QSP) & AI-Driven Evidence Platform for R&D,58339,17 June 2020,2020-06-17,Closed,Dr Alexander Knight,"Holmusk Europe Limited, Great Britain",true,
525,6,2020-06-09,9 June 2020,The relationship between IBS and it’s psychosocial and socioeconomic risk factors,"University of Manchester, Great Britain",https://www.ukbiobank.ac.uk/projects/the-relationship-between-ibs-and-its-psychosocial-and-socioeconomic-risk-factors/,no_schema27_title_match,,ok,The relationship between IBS and it’s psychosocial and socioeconomic risk factors,58665,9 June 2020,2020-06-09,Closed,Professor Rebecca Elliott,"University of Manchester, Great Britain",true,
531,2,2020-04-30,30 April 2020,Supporting the discovery and evaluation of drug targets and biomarkers for therapeutic areas that are in scope of Boehringer Ingelheim’s R&D through analyses of UK Biobank data,"Boehringer Ingelheim Pharma GmbH & Co KG, Germany",https://www.ukbiobank.ac.uk/projects/supporting-the-discovery-and-evaluation-of-drug-targets-and-biomarkers-for-therapeutic-areas-that-are-in-scope-of-boehringer-ingelheims-rd-through-analyses-of-uk-biobank-data/,no_schema27_title_match,,ok,Supporting the discovery and evaluation of drug targets and biomarkers for therapeutic areas that are in scope of Boehringer Ingelheim’s R&D through analyses of UK Biobank data,57952,30 April 2020,2020-04-30,Current,Dr Jan Kriegl,"Boehringer Ingelheim Pharma GmbH & Co KG, Germany",true,
531,6,2020-04-30,30 April 2020,Uncover the genetic and phenotypic background for the disease network influencing women’s life course health,"Fujian Medical University, China",https://www.ukbiobank.ac.uk/projects/uncover-the-genetic-and-phenotypic-background-for-the-disease-network-influencing-womens-life-course-health/,no_schema27_title_match,,ok,Uncover the genetic and phenotypic background for the disease network influencing women’s life course health,61083,30 April 2020,2020-04-30,Current,Dr Haomin Yang,"Fujian Medical University, China",true,
534,4,2020-04-06,6 April 2020,Genetic regulation of traits and disorders affecting women’s reproductive health,"University of Queensland, Australia",https://www.ukbiobank.ac.uk/projects/genetic-regulation-of-traits-and-disorders-affecting-womens-reproductive-health/,no_schema27_title_match,,ok,Genetic regulation of traits and disorders affecting women’s reproductive health,54861,6 April 2020,2020-04-06,Current,Dr Sally Mortlock,"University of Queensland, Australia",true,
534,10,2020-04-02,2 April 2020,"Age-related hearing loss, brain health and genetic risk for Alzheimer’s","University of California, San Diego, United States of America",https://www.ukbiobank.ac.uk/projects/age-related-hearing-loss-brain-health-and-genetic-risk-for-alzheimers/,no_schema27_title_match,,ok,"Age-related hearing loss, brain health and genetic risk for Alzheimer’s",60021,2 April 2020,2020-04-02,Current,Dr Judy Pa,"University of California, San Diego, United States of America",true,
535,4,2020-04-01,1 April 2020,Understanding Alzheimer’s Disease in the Context of the Aging,"Duke University, United States of America",https://www.ukbiobank.ac.uk/projects/understanding-alzheimers-disease-in-the-context-of-the-aging/,no_schema27_title_match,,ok,Understanding Alzheimer’s Disease in the Context of the Aging,55337,1 April 2020,2020-04-01,Closed,Professor Svetlana Ukraintseva,"Duke University, United States of America",true,
542,9,2020-03-04,4 March 2020,Polygenic effects of Alzheimer’s Disease associated genetic risk factors in the early life,"Icahn School of Medicine at Mount Sinai, United States of America",https://www.ukbiobank.ac.uk/projects/polygenic-effects-of-alzheimers-disease-associated-genetic-risk-factors-in-the-early-life/,no_schema27_title_match,,ok,Polygenic effects of Alzheimer’s Disease associated genetic risk factors in the early life,33463,4 March 2020,2020-03-04,Closed,Professor Jun Zhu,"Icahn School of Medicine at Mount Sinai, United States of America",true,
545,5,2020-02-26,26 February 2020,"The development of an Alzheimer’s disease (AD) clinical trial simulator, parameter estimation from international patient cohorts and standardising epidemiological measurement platforms for cohort stud","Imperial College London, Great Britain",https://www.ukbiobank.ac.uk/projects/the-development-of-an-alzheimers-disease-ad-clinical-trial-simulator-parameter-estimation-from-international-patient-cohorts-and-standardising-epidemiological-measurement-platforms-for-cohort-stu/,no_schema27_title_match,,ok,"The development of an Alzheimer’s disease (AD) clinical trial simulator, parameter estimation from international patient cohorts and standardising epidemiological measurement platforms for cohort stud",53558,26 February 2020,2020-02-26,Closed,Professor Roy Anderson,"Imperial College London, Great Britain",true,
546,3,2020-02-17,17 February 2020,Study circadian clock disruption in Alzheimer’s disease (AD) and other dementias of aging,"University of Texas (UT Health), United States of America",https://www.ukbiobank.ac.uk/projects/study-circadian-clock-disruption-in-alzheimers-disease-ad-and-other-dementias-of-aging/,no_schema27_title_match,,ok,Study circadian clock disruption in Alzheimer’s disease (AD) and other dementias of aging,50488,17 February 2020,2020-02-17,Current,Dr Xiaoqian Jiang,"University of Texas (UT Health), United States of America",true,
550,6,2020-01-30,30 January 2020,The Cardiometabolic Consequences of Non-Alcoholic Fatty Liver Disease in Crohn’s Disease,"Washington University in St. Louis, United States of America",https://www.ukbiobank.ac.uk/projects/the-cardiometabolic-consequences-of-non-alcoholic-fatty-liver-disease-in-crohns-disease/,no_schema27_title_match,,ok,The Cardiometabolic Consequences of Non-Alcoholic Fatty Liver Disease in Crohn’s Disease,43487,30 January 2020,2020-01-30,Closed,Dr Parakkal Deepak,"Washington University in St. Louis, United States of America",true,
552,7,2020-01-15,15 January 2020,Data-driven identification of a drug’s disease-modifying potential outside its main indication area,"University of Zurich, Switzerland",https://www.ukbiobank.ac.uk/projects/data-driven-identification-of-a-drugs-disease-modifying-potential-outside-its-main-indication-area/,no_schema27_title_match,,ok,Data-driven identification of a drug’s disease-modifying potential outside its main indication area,54717,15 January 2020,2020-01-15,Closed,Professor Michael Krauthammer,"University of Zurich, Switzerland",true,
559,5,2019-11-25,25 November 2019,Examining factors mediating the causal relationship between intelligence and Alzheimer’s disease,"University of Bristol, Great Britain",https://www.ukbiobank.ac.uk/projects/examining-factors-mediating-the-causal-relationship-between-intelligence-and-alzheimers-disease/,no_schema27_title_match,,ok,Examining factors mediating the causal relationship between intelligence and Alzheimer’s disease,48970,25 November 2019,2019-11-25,Closed,Miss Roxanna Korologou-Linden,"University of Bristol, Great Britain",true,
560,3,2019-11-20,20 November 2019,"Investigating genetic basis for causal role of adiposity with type2 diabetes, non-alcoholic fatty liver diseases, and Alzheimer’s disease","Centre for Brain Research, India",https://www.ukbiobank.ac.uk/projects/investigating-genetic-basis-for-causal-role-of-adiposity-with-type2-diabetes-non-alcoholic-fatty-liver-diseases-and-alzheimers-disease/,no_schema27_title_match,,ok,"Investigating genetic basis for causal role of adiposity with type2 diabetes, non-alcoholic fatty liver diseases, and Alzheimer’s disease",55652,20 November 2019,2019-11-20,Current,Dr Bratati Kahali,"Centre for Brain Research, India",true,
567,4,2019-09-30,30 September 2019,Machine learning for Alzheimer’s disease,"Boston University (US), United States of America",https://www.ukbiobank.ac.uk/projects/machine-learning-for-alzheimers-disease/,no_schema27_title_match,,ok,Machine learning for Alzheimer’s disease,47504,30 September 2019,2019-09-30,Current,Dr Vijaya B Kolachalama,"Boston University (US), United States of America",true,
567,5,2019-09-30,30 September 2019,Understand Alzheimer’s disease characterized by brain imaging phenotype,"Indiana University School of Medicine, United States of America",https://www.ukbiobank.ac.uk/projects/understand-alzheimers-disease-characterized-by-brain-imaging-phenotype/,no_schema27_title_match,,ok,Understand Alzheimer’s disease characterized by brain imaging phenotype,48134,30 September 2019,2019-09-30,Current,Dr Jingwen Yan,"Indiana University School of Medicine, United States of America",true,
570,10,2019-08-30,30 August 2019,Genetic association analysis for brain imaging phenotypes in Alzheimer’s Disease,"Hanyang University, Korea (South)",https://www.ukbiobank.ac.uk/projects/genetic-association-analysis-for-brain-imaging-phenotypes-in-alzheimers-disease/,no_schema27_title_match,,ok,Genetic association analysis for brain imaging phenotypes in Alzheimer’s Disease,47349,30 August 2019,2019-08-30,Closed,Professor Jong-Min Lee,"Hanyang University, Korea (South)",true,
571,7,2019-08-30,30 August 2019,Genomic analysis to discover genetic risk factors for dystonia and Parkinson’s disease,"Massachusetts General Hospital, United States of America",https://www.ukbiobank.ac.uk/projects/genomic-analysis-to-discover-genetic-risk-factors-for-dystonia-and-parkinsons-disease/,no_schema27_title_match,,ok,Genomic analysis to discover genetic risk factors for dystonia and Parkinson’s disease,51811,30 August 2019,2019-08-30,Closed,Dr Laurie Ozelius,"Massachusetts General Hospital, United States of America",true,
571,10,2019-08-30,30 August 2019,"Statistical models of the shape, distribution and quantity of the tissues (adipose, muscle, bone) and it’s relations to the outer shape of the body and body composition.","Inria, France",https://www.ukbiobank.ac.uk/projects/statistical-models-of-the-shape-distribution-and-quantity-of-the-tissues-adipose-muscle-bone-and-its-relations-to-the-outer-shape-of-the-body-and-body-composition/,no_schema27_title_match,,ok,"Statistical models of the shape, distribution and quantity of the tissues (adipose, muscle, bone) and it’s relations to the outer shape of the body and body composition.",51951,30 August 2019,2019-08-30,Closed,Dr Sergi Pujades,"Inria, France",true,
577,9,2019-07-03,3 July 2019,Cerebral correlates of the APOE and other genetic risk factors for Alzheimer’s disease in healthy middle-aged individuals,"Barcelonabeta Brain Research Center, Spain",https://www.ukbiobank.ac.uk/projects/cerebral-correlates-of-the-apoe-and-other-genetic-risk-factors-for-alzheimers-disease-in-healthy-middle-aged-individuals/,no_schema27_title_match,,ok,Cerebral correlates of the APOE and other genetic risk factors for Alzheimer’s disease in healthy middle-aged individuals,31085,3 July 2019,2019-07-03,Closed,Dr Juan Domingo Gispert,"Barcelonabeta Brain Research Center, Spain",true,
578,6,2019-06-20,20 June 2019,Predicting Alzheimer’s disease risk with polygenic and non-genetic risk factors.,"Nanyang Technological University, Singapore",https://www.ukbiobank.ac.uk/projects/predicting-alzheimers-disease-risk-with-polygenic-and-non-genetic-risk-factors/,no_schema27_title_match,,ok,Predicting Alzheimer’s disease risk with polygenic and non-genetic risk factors.,47832,20 June 2019,2019-06-20,Closed,Dr Chin Hong Tan,"Nanyang Technological University, Singapore",true,
583,7,2019-05-29,29 May 2019,"Disentangling the role of insulin resistance in diabetes, cardiometabolic disease and cancer to find new therapeutic targets","University of California, San Diego, United States of America",https://www.ukbiobank.ac.uk/projects/disentangling-the-role-of-insulin-resistance-in-diabetes-cardiometabolic-disease-and-cancer-to-find-new-therapeutic-targets/,ambiguous_duplicate_title,51436|193976,ok,"Disentangling the role of insulin resistance in diabetes, cardiometabolic disease and cancer to find new therapeutic targets",51436,29 May 2019,2019-05-29,Closed,Dr Amit Majithia,"University of California, San Diego, United States of America",true,
585,5,2019-05-14,14 May 2019,Effect of diet and diet-gene interactions on cognitive function and risk of dementia and Alzheimer’s disease.,"University of Leeds, Great Britain",https://www.ukbiobank.ac.uk/projects/effect-of-diet-and-diet-gene-interactions-on-cognitive-function-and-risk-of-dementia-and-alzheimers-disease/,no_schema27_title_match,,ok,Effect of diet and diet-gene interactions on cognitive function and risk of dementia and Alzheimer’s disease.,48684,14 May 2019,2019-05-14,Closed,Ms Huifeng Zhang,"University of Leeds, Great Britain",true,
588,6,2019-04-18,18 April 2019,"The association between occupational physical activity and the risk of gastroesophageal reflux disease (GORD), Barrett’s oesophagus and oesophageal adenocarcinoma – a cohort study in Biobank.","University of East Anglia, Great Britain",https://www.ukbiobank.ac.uk/projects/the-association-between-occupational-physical-activity-and-the-risk-of-gastroesophageal-reflux-disease-gord-barretts-oesophagus-and-oesophageal-adenocarcinoma-a-cohort-study-in-biobank/,no_schema27_title_match,,ok,"The association between occupational physical activity and the risk of gastroesophageal reflux disease (GORD), Barrett’s oesophagus and oesophageal adenocarcinoma – a cohort study in Biobank.",46864,18 April 2019,2019-04-18,Closed,Mr Stephen Lam,"University of East Anglia, Great Britain",true,
589,1,2019-04-18,18 April 2019,Refining an algorithm to identify individuals at the prediagnostic phase of Parkinson’s disease,"University College London, Great Britain",https://www.ukbiobank.ac.uk/projects/refining-an-algorithm-to-identify-individuals-at-the-prediagnostic-phase-of-parkinsons-disease/,no_schema27_title_match,,ok,Refining an algorithm to identify individuals at the prediagnostic phase of Parkinson’s disease,14872,18 April 2019,2019-04-18,Closed,Dr Anette Schrag,"University College London, Great Britain",true,
589,10,2019-04-11,11 April 2019,Novel whole-genome analysis methods for Alzheimer’s risk prediction,"Parabon NanoLabs, Inc., United States of America",https://www.ukbiobank.ac.uk/projects/novel-whole-genome-analysis-methods-for-alzheimers-risk-prediction/,no_schema27_title_match,,ok,Novel whole-genome analysis methods for Alzheimer’s risk prediction,46198,11 April 2019,2019-04-11,Closed,Dr Janet Cady,"Parabon NanoLabs, Inc., United States of America",true,
594,3,2019-03-13,13 March 2019,Neural correlates of Parkinson’s disease dementia,"University College London, Great Britain",https://www.ukbiobank.ac.uk/projects/neural-correlates-of-parkinsons-disease-dementia/,no_schema27_title_match,,ok,Neural correlates of Parkinson’s disease dementia,45258,13 March 2019,2019-03-13,Closed,Dr Angeliki Zarkali,"University College London, Great Britain",true,
596,7,2019-02-22,22 February 2019,Multiscale regulation of motor activity and the risk for Alzheimer’s disease,"Brigham and Womens Hospital, United States of America",https://www.ukbiobank.ac.uk/projects/multiscale-regulation-of-motor-activity-and-the-risk-for-alzheimers-disease/,no_schema27_title_match,,ok,Multiscale regulation of motor activity and the risk for Alzheimer’s disease,33883,22 February 2019,2019-02-22,Current,Dr Kun Hu,"Brigham and Womens Hospital, United States of America",true,
601,8,2019-01-23,23 January 2019,"The association of non-cancer chronic pain to cognitive decline, cognitive impairment, and conversion to Alzheimer’s Disease and related dementias (ADRD)","West Virginia University, United States of America",https://www.ukbiobank.ac.uk/projects/the-association-of-non-cancer-chronic-pain-to-cognitive-decline-cognitive-impairment-and-conversion-to-alzheimers-disease-and-related-dementias-adrd/,no_schema27_title_match,,ok,"The association of non-cancer chronic pain to cognitive decline, cognitive impairment, and conversion to Alzheimer’s Disease and related dementias (ADRD)",44889,23 January 2019,2019-01-23,Closed,Dr Usha Sambamoorthi,"West Virginia University, United States of America",true,
605,3,2018-12-18,18 December 2018,The inverse link between incidence rates of cancer and Alzheimer’s disease: comparing spurious and causal explanations to illuminate the causes of Alzheimer’s disease.,"University of California, San Francisco, United States of America",https://www.ukbiobank.ac.uk/projects/the-inverse-link-between-incidence-rates-of-cancer-and-alzheimers-disease-comparing-spurious-and-causal-explanations-to-illuminate-the-causes-of-alzheimers-disease/,no_schema27_title_match,,ok,The inverse link between incidence rates of cancer and Alzheimer’s disease: comparing spurious and causal explanations to illuminate the causes of Alzheimer’s disease.,34507,18 December 2018,2018-12-18,Closed,Professor M. Maria Glymour,"University of California, San Francisco, United States of America",true,
623,2,2018-07-24,24 July 2018,Thyroid Dysfunction and Women’s Cancer Risk,"INSERM, France",https://www.ukbiobank.ac.uk/projects/thyroid-dysfunction-and-womens-cancer-risk/,no_schema27_title_match,,ok,Thyroid Dysfunction and Women’s Cancer Risk,35032,24 July 2018,2018-07-24,Closed,Dr Neige Journy,"INSERM, France",true,
631,1,2018-04-24,24 April 2018,Genetic determinants of Paget’s disease,"University of Edinburgh, Great Britain",https://www.ukbiobank.ac.uk/projects/genetic-determinants-of-pagets-disease/,no_schema27_title_match,,ok,Genetic determinants of Paget’s disease,4816,24 April 2018,2018-04-24,Closed,Professor Stuart H Ralston,"University of Edinburgh, Great Britain",true,
646,2,2017-04-01,1 April 2017,Impacts of huntingtin CAG repeats and modifiers of neurodegeneration in Huntington’s disease on human phenotypes,"Massachusetts General Hospital, United States of America",https://www.ukbiobank.ac.uk/projects/impacts-of-huntingtin-cag-repeats-and-modifiers-of-neurodegeneration-in-huntingtons-disease-on-human-phenotypes/,no_schema27_title_match,,ok,Impacts of huntingtin CAG repeats and modifiers of neurodegeneration in Huntington’s disease on human phenotypes,18288,1 April 2017,2017-04-01,Current,Jong-Min Lee,"Massachusetts General Hospital, United States of America",true,
648,2,2017-02-27,27 February 2017,Further defining the genetic architecture of Alzheimer’s disease,"Cardiff University, Great Britain",https://www.ukbiobank.ac.uk/projects/further-defining-the-genetic-architecture-of-alzheimers-disease/,no_schema27_title_match,,ok,Further defining the genetic architecture of Alzheimer’s disease,15175,27 February 2017,2017-02-27,Closed,Professor Julie Williams,"Cardiff University, Great Britain",true,
654,8,2016-11-01,1 November 2016,Genetics of Barrett’s esophagus and Esophageal adenocarcinoma,"University of Birmingham, Great Britain",https://www.ukbiobank.ac.uk/projects/genetics-of-barretts-esophagus-and-esophageal-adenocarcinoma/,no_schema27_title_match,,ok,Genetics of Barrett’s esophagus and Esophageal adenocarcinoma,35182,1 November 2016,2016-11-01,Current,Dr Claire Palles,"University of Birmingham, Great Britain",true,
669,10,2016-01-01,1 January 2016,"Discovering the genetic determinants of clinically measured blood pressure in over 1,000,000 subjects from the UK Biobank, the VA Million Veteran’s Project (MVP), and the eMERGE network.","Vanderbilt University Medical Center, United States of America",https://www.ukbiobank.ac.uk/projects/discovering-the-genetic-determinants-of-clinically-measured-blood-pressure-in-over-1000000-subjects-from-the-uk-biobank-the-va-million-veterans-project-mvp-and-the-emerge-network/,no_schema27_title_match,,ok,"Discovering the genetic determinants of clinically measured blood pressure in over 1,000,000 subjects from the UK Biobank, the VA Million Veteran’s Project (MVP), and the eMERGE network.",12598,1 January 2016,2016-01-01,Current,Professor Todd Edwards,"Vanderbilt University Medical Center, United States of America",true,
674,8,2015-10-01,1 October 2015,Comprehensive study of mosaic loss of chromosome Y in aging males and predisposition to cancer as well as Alzheimer’s disease using the UK Biobank cohort.,"Uppsala University, Sweden",https://www.ukbiobank.ac.uk/projects/comprehensive-study-of-mosaic-loss-of-chromosome-y-in-aging-males-and-predisposition-to-cancer-as-well-as-alzheimers-disease-using-the-uk-biobank-cohort/,no_schema27_title_match,,ok,Comprehensive study of mosaic loss of chromosome Y in aging males and predisposition to cancer as well as Alzheimer’s disease using the UK Biobank cohort.,13135,1 October 2015,2015-10-01,Current,Professor Jan Dumanski,"Uppsala University, Sweden",true,
