app_id,project_start_date,start_cohort,project_cohort,project_cohort_post_rap,followup_eligible_12m,pub12_fractional,anypub12,followup_eligible_18m,pub18_fractional,anypub18,followup_eligible_24m,pub24_fractional,anypub24
132,2012-08-31,2012H2,pre_rap_project_start,0,1,0.000000,0,1,0.000000,0,1,0.000000,0
166,2012-09-30,2012H2,pre_rap_project_start,0,1,0.000000,0,1,0.000000,0,1,3.500000,1
178,2012-10-01,2012H2,pre_rap_project_start,0,1,0.000000,0,1,0.000000,0,1,0.000000,0
236,2015-07-01,2015H2,pre_rap_project_start,0,1,0.000000,0,1,0.000000,0,1,1.000000,1
262,2013-12-01,2013H2,pre_rap_project_start,0,1,0.000000,0,1,0.000000,0,1,0.000000,0
270,2012-06-01,2012H1,pre_rap_project_start,0,1,0.000000,0,1,0.000000,0,1,1.000000,1
289,2012-07-01,2012H2,pre_rap_project_start,0,1,0.000000,0,1,1.000000,1,1,1.000000,1
291,2012-09-01,2012H2,pre_rap_project_start,0,1,0.000000,0,1,0.000000,0,1,0.000000,0
338,2013-04-15,2013H1,pre_rap_project_start,0,1,0.000000,0,1,0.000000,0,1,0.000000,0
408,2013-12-01,2013H2,pre_rap_project_start,0,1,0.000000,0,1,0.000000,0,1,0.000000,0
412,2012-10-01,2012H2,pre_rap_project_start,0,1,0.000000,0,1,0.000000,0,1,0.000000,0
431,2013-06-30,2013H1,pre_rap_project_start,0,1,0.000000,0,1,0.000000,0,1,0.000000,0
522,2013-07-01,2013H2,pre_rap_project_start,0,1,0.000000,0,1,0.000000,0,1,0.000000,0
648,2012-11-01,2012H2,pre_rap_project_start,0,1,0.000000,0,1,0.000000,0,1,0.000000,0
669,2013-01-01,2013H1,pre_rap_project_start,0,1,0.000000,0,1,0.000000,0,1,0.000000,0
676,2016-04-01,2016H1,pre_rap_project_start,0,1,0.000000,0,1,0.000000,0,1,0.000000,0
742,2016-04-01,2016H1,pre_rap_project_start,0,1,0.000000,0,1,0.000000,0,1,0.000000,0
761,2012-09-19,2012H2,pre_rap_project_start,0,1,0.000000,0,1,1.000000,1,1,1.000000,1
774,2012-11-05,2012H2,pre_rap_project_start,0,1,0.000000,0,1,2.000000,1,1,4.000000,1
788,2013-02-01,2013H1,pre_rap_project_start,0,1,0.000000,0,1,0.000000,0,1,0.000000,0
828,2015-07-13,2015H2,pre_rap_project_start,0,1,0.000000,0,1,0.000000,0,1,0.000000,0
837,2015-02-01,2015H1,pre_rap_project_start,0,1,0.000000,0,1,0.000000,0,1,0.000000,0
871,2015-05-31,2015H1,pre_rap_project_start,0,1,2.000000,1,1,2.000000,1,1,2.000000,1
885,2014-11-01,2014H2,pre_rap_project_start,0,1,0.000000,0,1,0.000000,0,1,0.000000,0
1100,2014-07-01,2014H2,pre_rap_project_start,0,1,0.000000,0,1,0.000000,0,1,0.000000,0
1144,2012-11-05,2012H2,pre_rap_project_start,0,1,0.000000,0,1,0.000000,0,1,1.000000,1
1159,2013-01-01,2013H1,pre_rap_project_start,0,1,0.000000,0,1,1.000000,1,1,1.000000,1
1163,2013-09-18,2013H2,pre_rap_project_start,0,1,0.000000,0,1,0.000000,0,1,0.000000,0
1251,2015-07-01,2015H2,pre_rap_project_start,0,1,0.000000,0,1,0.000000,0,1,0.000000,0
1331,2014-07-01,2014H2,pre_rap_project_start,0,1,0.000000,0,1,0.000000,0,1,0.000000,0
1383,2012-12-01,2012H2,pre_rap_project_start,0,1,0.000000,0,1,0.000000,0,1,1.000000,1
1417,2013-06-01,2013H1,pre_rap_project_start,0,1,0.000000,0,1,0.000000,0,1,0.000000,0
1602,2014-01-01,2014H1,pre_rap_project_start,0,1,0.000000,0,1,0.000000,0,1,0.000000,0
1618,2018-05-14,2018H1,pre_rap_project_start,0,1,0.000000,0,1,0.000000,0,1,0.000000,0
1781,2014-03-03,2014H1,pre_rap_project_start,0,1,0.000000,0,1,0.000000,0,1,0.000000,0
1969,2017-03-01,2017H1,pre_rap_project_start,0,1,0.000000,0,1,0.000000,0,1,0.000000,0
1995,2013-03-25,2013H1,pre_rap_project_start,0,1,0.000000,0,1,0.000000,0,1,0.000000,0
2112,2013-03-04,2013H1,pre_rap_project_start,0,1,0.000000,0,1,0.000000,0,1,0.000000,0
2482,2013-10-01,2013H2,pre_rap_project_start,0,1,0.000000,0,1,1.000000,1,1,1.000000,1
2495,2015-02-23,2015H1,pre_rap_project_start,0,1,2.000000,1,1,2.000000,1,1,2.000000,1
2532,2017-03-01,2017H1,pre_rap_project_start,0,1,0.000000,0,1,0.000000,0,1,2.000000,1
2964,2015-09-01,2015H2,pre_rap_project_start,0,1,0.000000,0,1,1.000000,1,1,2.000000,1
3028,2017-04-03,2017H1,pre_rap_project_start,0,1,0.000000,0,1,0.000000,0,1,0.000000,0
3037,2013-07-01,2013H2,pre_rap_project_start,0,1,0.000000,0,1,0.000000,0,1,0.000000,0
3071,2015-10-01,2015H2,pre_rap_project_start,0,1,0.000000,0,1,0.000000,0,1,0.000000,0
3139,2013-09-16,2013H2,pre_rap_project_start,0,1,0.000000,0,1,0.000000,0,1,0.000000,0
3173,2017-03-01,2017H1,pre_rap_project_start,0,1,0.000000,0,1,0.000000,0,1,0.000000,0
3224,2014-07-01,2014H2,pre_rap_project_start,0,1,0.000000,0,1,0.000000,0,1,0.000000,0
3248,2013-06-30,2013H1,pre_rap_project_start,0,1,0.000000,0,1,0.000000,0,1,1.000000,1
3282,2013-06-30,2013H1,pre_rap_project_start,0,1,0.000000,0,1,0.000000,0,1,0.000000,0
3398,2014-01-01,2014H1,pre_rap_project_start,0,1,0.000000,0,1,0.000000,0,1,0.000000,0
3474,2014-07-01,2014H2,pre_rap_project_start,0,1,0.000000,0,1,1.000000,1,1,2.000000,1
3501,2015-10-01,2015H2,pre_rap_project_start,0,1,0.500000,1,1,0.500000,1,1,0.500000,1
3572,2013-07-01,2013H2,pre_rap_project_start,0,1,0.000000,0,1,1.000000,1,1,2.000000,1
3593,2014-09-08,2014H2,pre_rap_project_start,0,1,0.000000,0,1,0.500000,1,1,0.500000,1
3913,2016-01-01,2016H1,pre_rap_project_start,0,1,0.000000,0,1,0.000000,0,1,0.000000,0
3932,2013-07-11,2013H2,pre_rap_project_start,0,1,0.000000,0,1,0.000000,0,1,0.000000,0
3966,2013-09-01,2013H2,pre_rap_project_start,0,1,0.000000,0,1,0.000000,0,1,0.000000,0
4047,2014-06-03,2014H1,pre_rap_project_start,0,1,0.000000,0,1,0.000000,0,1,0.000000,0
4236,2018-05-29,2018H1,pre_rap_project_start,0,1,0.000000,0,1,0.000000,0,1,0.000000,0
4364,2014-01-20,2014H1,pre_rap_project_start,0,1,0.000000,0,1,0.000000,0,1,0.000000,0
4372,2014-03-01,2014H1,pre_rap_project_start,0,1,0.000000,0,1,0.000000,0,1,0.000000,0
4408,2015-06-01,2015H1,pre_rap_project_start,0,1,0.000000,0,1,0.000000,0,1,0.000000,0
4477,2016-06-01,2016H1,pre_rap_project_start,0,1,0.000000,0,1,0.000000,0,1,0.000000,0
4483,2014-05-07,2014H1,pre_rap_project_start,0,1,0.000000,0,1,0.000000,0,1,0.000000,0
4580,2015-07-01,2015H2,pre_rap_project_start,0,1,0.000000,0,1,0.000000,0,1,0.000000,0
4669,2013-12-01,2013H2,pre_rap_project_start,0,1,0.000000,0,1,0.000000,0,1,0.000000,0
4800,2015-07-13,2015H2,pre_rap_project_start,0,1,0.000000,0,1,0.000000,0,1,0.000000,0
4816,2018-04-24,2018H1,pre_rap_project_start,0,1,0.000000,0,1,0.000000,0,1,0.000000,0
4844,2014-09-27,2014H2,pre_rap_project_start,0,1,0.000000,0,1,0.000000,0,1,1.000000,1
4892,2015-01-12,2015H1,pre_rap_project_start,0,1,0.000000,0,1,0.000000,0,1,0.000000,0
4939,2015-05-01,2015H1,pre_rap_project_start,0,1,0.000000,0,1,0.000000,0,1,0.000000,0
5122,2013-10-01,2013H2,pre_rap_project_start,0,1,0.000000,0,1,0.000000,0,1,1.000000,1
5167,2018-07-05,2018H2,pre_rap_project_start,0,1,0.000000,0,1,0.000000,0,1,0.000000,0
5179,2014-01-06,2014H1,pre_rap_project_start,0,1,0.000000,0,1,0.000000,0,1,0.000000,0
5180,2014-07-01,2014H2,pre_rap_project_start,0,1,0.000000,0,1,0.000000,0,1,1.000000,1
5216,2015-12-14,2015H2,pre_rap_project_start,0,1,0.000000,0,1,0.000000,0,1,0.000000,0
5237,2015-02-27,2015H1,pre_rap_project_start,0,1,0.000000,0,1,0.000000,0,1,0.000000,0
5339,2014-09-01,2014H2,pre_rap_project_start,0,1,0.000000,0,1,0.000000,0,1,0.000000,0
5445,2016-02-01,2016H1,pre_rap_project_start,0,1,0.000000,0,1,0.000000,0,1,0.000000,0
5608,2013-12-01,2013H2,pre_rap_project_start,0,1,0.000000,0,1,0.000000,0,1,1.000000,1
5791,2014-09-01,2014H2,pre_rap_project_start,0,1,0.000000,0,1,0.000000,0,1,0.000000,0
5855,2015-08-31,2015H2,pre_rap_project_start,0,1,0.000000,0,1,0.000000,0,1,0.000000,0
5864,2014-09-01,2014H2,pre_rap_project_start,0,1,0.000000,0,1,0.000000,0,1,0.000000,0
5974,2015-05-02,2015H1,pre_rap_project_start,0,1,0.000000,0,1,0.000000,0,1,0.000000,0
6077,2015-04-01,2015H1,pre_rap_project_start,0,1,0.000000,0,1,0.000000,0,1,0.000000,0
6326,2014-08-01,2014H2,pre_rap_project_start,0,1,0.000000,0,1,0.000000,0,1,0.000000,0
6342,2016-06-01,2016H1,pre_rap_project_start,0,1,0.000000,0,1,0.000000,0,1,0.000000,0
6507,2015-07-01,2015H2,pre_rap_project_start,0,1,0.000000,0,1,1.000000,1,1,1.000000,1
6553,2014-10-01,2014H2,pre_rap_project_start,0,1,0.000000,0,1,0.000000,0,1,0.500000,1
6569,2014-07-01,2014H2,pre_rap_project_start,0,1,0.000000,0,1,0.000000,0,1,0.000000,0
6684,2015-08-01,2015H2,pre_rap_project_start,0,1,0.000000,0,1,0.000000,0,1,0.000000,0
6728,2015-05-01,2015H1,pre_rap_project_start,0,1,0.000000,0,1,0.000000,0,1,0.000000,0
6763,2014-03-01,2014H1,pre_rap_project_start,0,1,0.000000,0,1,1.000000,1,1,1.000000,1
6818,2015-03-15,2015H1,pre_rap_project_start,0,1,1.000000,1,1,1.000000,1,1,2.000000,1
6989,2014-07-01,2014H2,pre_rap_project_start,0,1,0.000000,0,1,0.000000,0,1,0.000000,0
7036,2014-04-01,2014H1,pre_rap_project_start,0,1,0.000000,0,1,0.000000,0,1,0.000000,0
7089,2015-01-01,2015H1,pre_rap_project_start,0,1,0.000000,0,1,0.000000,0,1,1.000000,1
7140,2014-09-01,2014H2,pre_rap_project_start,0,1,0.000000,0,1,0.000000,0,1,0.000000,0
7155,2014-06-01,2014H1,pre_rap_project_start,0,1,2.000000,1,1,3.500000,1,1,5.500000,1
7206,2015-10-01,2015H2,pre_rap_project_start,0,1,0.000000,0,1,0.000000,0,1,0.000000,0
7439,2013-09-01,2013H2,pre_rap_project_start,0,1,0.000000,0,1,0.000000,0,1,0.000000,0
7441,2015-10-01,2015H2,pre_rap_project_start,0,1,0.000000,0,1,0.000000,0,1,0.000000,0
7487,2014-07-15,2014H2,pre_rap_project_start,0,1,0.000000,0,1,0.000000,0,1,0.000000,0
7661,2015-01-01,2015H1,pre_rap_project_start,0,1,0.000000,0,1,0.000000,0,1,1.000000,1
7898,2015-12-01,2015H2,pre_rap_project_start,0,1,1.000000,1,1,1.000000,1,1,1.000000,1
7908,2014-12-01,2014H2,pre_rap_project_start,0,1,0.000000,0,1,0.000000,0,1,0.000000,0
7996,2015-01-01,2015H1,pre_rap_project_start,0,1,0.000000,0,1,0.000000,0,1,0.000000,0
8009,2015-09-01,2015H2,pre_rap_project_start,0,1,0.000000,0,1,0.000000,0,1,0.000000,0
8107,2015-10-01,2015H2,pre_rap_project_start,0,1,1.000000,1,1,1.000000,1,1,2.000000,1
8256,2015-01-01,2015H1,pre_rap_project_start,0,1,0.000000,0,1,0.000000,0,1,0.000000,0
8260,2015-09-01,2015H2,pre_rap_project_start,0,1,0.000000,0,1,0.000000,0,1,0.000000,0
8294,2015-10-01,2015H2,pre_rap_project_start,0,1,0.000000,0,1,0.000000,0,1,0.000000,0
8304,2014-12-15,2014H2,pre_rap_project_start,0,1,0.000000,0,1,1.000000,1,1,1.500000,1
8343,2017-05-01,2017H1,pre_rap_project_start,0,1,0.000000,0,1,0.000000,0,1,0.000000,0
8370,2015-10-01,2015H2,pre_rap_project_start,0,1,0.000000,0,1,0.000000,0,1,0.000000,0
8389,2015-04-01,2015H1,pre_rap_project_start,0,1,0.000000,0,1,0.000000,0,1,0.000000,0
8447,2014-09-01,2014H2,pre_rap_project_start,0,1,0.000000,0,1,1.000000,1,1,1.000000,1
8508,2016-01-04,2016H1,pre_rap_project_start,0,1,0.000000,0,1,0.000000,0,1,0.000000,0
8614,2016-11-01,2016H2,pre_rap_project_start,0,1,0.000000,0,1,0.000000,0,1,0.000000,0
8764,2015-07-01,2015H2,pre_rap_project_start,0,1,0.000000,0,1,0.000000,0,1,0.000000,0
8786,2015-02-02,2015H1,pre_rap_project_start,0,1,0.000000,0,1,0.000000,0,1,0.000000,0
8835,2014-12-15,2014H2,pre_rap_project_start,0,1,0.000000,0,1,0.000000,0,1,0.000000,0
8874,2015-04-01,2015H1,pre_rap_project_start,0,1,0.000000,0,1,1.000000,1,1,1.000000,1
9055,2015-01-05,2015H1,pre_rap_project_start,0,1,0.000000,0,1,1.500000,1,1,2.500000,1
9072,2015-01-05,2015H1,pre_rap_project_start,0,1,0.000000,0,1,1.500000,1,1,2.500000,1
9119,2014-09-30,2014H2,pre_rap_project_start,0,1,0.000000,0,1,0.000000,0,1,0.000000,0
9126,2014-10-13,2014H2,pre_rap_project_start,0,1,0.000000,0,1,0.000000,0,1,0.000000,0
9142,2015-04-01,2015H1,pre_rap_project_start,0,1,0.000000,0,1,0.000000,0,1,0.000000,0
9161,2015-04-30,2015H1,pre_rap_project_start,0,1,0.000000,0,1,0.000000,0,1,1.000000,1
9174,2016-04-15,2016H1,pre_rap_project_start,0,1,0.000000,0,1,0.000000,0,1,0.000000,0
9188,2017-02-01,2017H1,pre_rap_project_start,0,1,0.000000,0,1,0.000000,0,1,0.000000,0
9310,2016-06-01,2016H1,pre_rap_project_start,0,1,0.000000,0,1,0.000000,0,1,1.000000,1
9462,2016-01-02,2016H1,pre_rap_project_start,0,1,0.000000,0,1,0.000000,0,1,0.000000,0
9502,2016-04-01,2016H1,pre_rap_project_start,0,1,0.000000,0,1,0.000000,0,1,0.000000,0
9616,2016-01-01,2016H1,pre_rap_project_start,0,1,0.000000,0,1,0.000000,0,1,0.000000,0
9628,2015-04-01,2015H1,pre_rap_project_start,0,1,0.000000,0,1,0.000000,0,1,1.000000,1
9637,2015-04-01,2015H1,pre_rap_project_start,0,1,0.000000,0,1,0.000000,0,1,0.000000,0
9659,2015-05-01,2015H1,pre_rap_project_start,0,1,0.000000,0,1,0.000000,0,1,0.000000,0
9797,2014-12-01,2014H2,pre_rap_project_start,0,1,0.000000,0,1,2.000000,1,1,2.000000,1
9807,2016-01-01,2016H1,pre_rap_project_start,0,1,0.000000,0,1,0.000000,0,1,0.000000,0
9905,2014-12-01,2014H2,pre_rap_project_start,0,1,0.000000,0,1,0.000000,0,1,0.000000,0
9914,2015-11-01,2015H2,pre_rap_project_start,0,1,0.000000,0,1,2.000000,1,1,2.000000,1
9922,2015-02-01,2015H1,pre_rap_project_start,0,1,0.000000,0,1,0.000000,0,1,1.000000,1
9946,2014-12-31,2014H2,pre_rap_project_start,0,1,0.000000,0,1,0.000000,0,1,0.000000,0
9979,2015-09-01,2015H2,pre_rap_project_start,0,1,0.000000,0,1,0.000000,0,1,0.000000,0
10026,2014-12-01,2014H2,pre_rap_project_start,0,1,0.000000,0,1,0.000000,0,1,0.000000,0
10035,2017-03-16,2017H1,pre_rap_project_start,0,1,1.500000,1,1,1.500000,1,1,2.000000,1
10061,2014-12-15,2014H2,pre_rap_project_start,0,1,0.000000,0,1,0.000000,0,1,0.000000,0
10074,2015-10-01,2015H2,pre_rap_project_start,0,1,0.000000,0,1,0.000000,0,1,0.000000,0
10088,2017-03-01,2017H1,pre_rap_project_start,0,1,0.000000,0,1,0.000000,0,1,0.000000,0
10163,2015-04-01,2015H1,pre_rap_project_start,0,1,0.000000,0,1,0.000000,0,1,0.000000,0
10171,2016-06-01,2016H1,pre_rap_project_start,0,1,0.000000,0,1,0.000000,0,1,0.500000,1
10205,2015-10-01,2015H2,pre_rap_project_start,0,1,0.000000,0,1,0.000000,0,1,0.000000,0
10214,2015-09-01,2015H2,pre_rap_project_start,0,1,0.000000,0,1,0.000000,0,1,0.000000,0
10279,2015-04-01,2015H1,pre_rap_project_start,0,1,1.000000,1,1,5.000000,1,1,11.500000,1
10438,2015-05-01,2015H1,pre_rap_project_start,0,1,0.000000,0,1,2.500000,1,1,2.500000,1
10536,2016-01-01,2016H1,pre_rap_project_start,0,1,0.000000,0,1,0.000000,0,1,0.000000,0
10570,2014-12-06,2014H2,pre_rap_project_start,0,1,0.000000,0,1,0.000000,0,1,0.000000,0
10589,2015-10-01,2015H2,pre_rap_project_start,0,1,0.000000,0,1,0.000000,0,1,0.000000,0
10625,2015-04-01,2015H1,pre_rap_project_start,0,1,0.000000,0,1,0.000000,0,1,1.000000,1
10639,2017-03-29,2017H1,pre_rap_project_start,0,1,0.000000,0,1,0.000000,0,1,0.000000,0
10775,2016-01-01,2016H1,pre_rap_project_start,0,1,0.000000,0,1,0.000000,0,1,0.000000,0
10813,2015-11-02,2015H2,pre_rap_project_start,0,1,0.000000,0,1,0.000000,0,1,1.000000,1
10948,2014-12-01,2014H2,pre_rap_project_start,0,1,0.000000,0,1,0.000000,0,1,0.000000,0
10953,2015-09-01,2015H2,pre_rap_project_start,0,1,0.000000,0,1,0.000000,0,1,0.000000,0
10995,2015-10-01,2015H2,pre_rap_project_start,0,1,0.000000,0,1,0.000000,0,1,1.000000,1
11036,2017-07-01,2017H2,pre_rap_project_start,0,1,0.000000,0,1,0.000000,0,1,0.000000,0
11058,2015-05-11,2015H1,pre_rap_project_start,0,1,0.000000,0,1,0.000000,0,1,0.000000,0
11091,2015-04-01,2015H1,pre_rap_project_start,0,1,0.000000,0,1,0.000000,0,1,0.000000,0
11138,2015-08-01,2015H2,pre_rap_project_start,0,1,0.000000,0,1,1.000000,1,1,1.000000,1
11140,2015-04-15,2015H1,pre_rap_project_start,0,1,0.000000,0,1,0.000000,0,1,0.000000,0
11193,2015-10-05,2015H2,pre_rap_project_start,0,1,0.000000,0,1,0.000000,0,1,0.000000,0
11223,2016-05-02,2016H1,pre_rap_project_start,0,1,0.000000,0,1,0.000000,0,1,0.000000,0
11332,2015-02-01,2015H1,pre_rap_project_start,0,1,0.000000,0,1,0.000000,0,1,0.000000,0
11350,2019-01-17,2019H1,pre_rap_project_start,0,1,0.500000,1,1,0.500000,1,1,1.000000,1
11425,2015-06-01,2015H1,pre_rap_project_start,0,1,2.000000,1,1,2.000000,1,1,3.000000,1
11516,2015-04-01,2015H1,pre_rap_project_start,0,1,0.000000,0,1,0.000000,0,1,0.000000,0
11537,2016-03-07,2016H1,pre_rap_project_start,0,1,0.000000,0,1,0.000000,0,1,0.000000,0
11559,2016-04-30,2016H1,pre_rap_project_start,0,1,0.000000,0,1,0.000000,0,1,0.000000,0
11571,2017-04-12,2017H1,pre_rap_project_start,0,1,0.000000,0,1,0.000000,0,1,0.000000,0
11603,2016-11-01,2016H2,pre_rap_project_start,0,1,0.000000,0,1,0.000000,0,1,0.000000,0
11626,2015-09-01,2015H2,pre_rap_project_start,0,1,0.000000,0,1,0.000000,0,1,0.000000,0
11707,2015-04-01,2015H1,pre_rap_project_start,0,1,0.000000,0,1,0.000000,0,1,0.000000,0
11730,2015-01-27,2015H1,pre_rap_project_start,0,1,0.000000,0,1,0.000000,0,1,0.000000,0
11795,2015-09-01,2015H2,pre_rap_project_start,0,1,0.000000,0,1,0.000000,0,1,0.000000,0
11805,2015-05-30,2015H1,pre_rap_project_start,0,1,0.000000,0,1,0.000000,0,1,0.000000,0
11833,2016-05-01,2016H1,pre_rap_project_start,0,1,0.000000,0,1,0.000000,0,1,0.000000,0
11867,2016-08-08,2016H2,pre_rap_project_start,0,1,0.000000,0,1,0.000000,0,1,0.000000,0
11898,2015-07-31,2015H2,pre_rap_project_start,0,1,0.000000,0,1,0.000000,0,1,0.000000,0
11983,2015-08-03,2015H2,pre_rap_project_start,0,1,0.000000,0,1,0.000000,0,1,0.000000,0
12006,2015-08-27,2015H2,pre_rap_project_start,0,1,0.000000,0,1,0.000000,0,1,0.000000,0
12010,2015-04-13,2015H1,pre_rap_project_start,0,1,0.000000,0,1,0.000000,0,1,0.000000,0
12052,2015-10-01,2015H2,pre_rap_project_start,0,1,0.000000,0,1,0.000000,0,1,0.000000,0
12113,2015-08-01,2015H2,pre_rap_project_start,0,1,0.000000,0,1,0.000000,0,1,0.000000,0
12184,2015-03-23,2015H1,pre_rap_project_start,0,1,1.000000,1,1,1.000000,1,1,1.000000,1
12243,2015-09-01,2015H2,pre_rap_project_start,0,1,0.000000,0,1,0.000000,0,1,0.000000,0
12291,2015-09-30,2015H2,pre_rap_project_start,0,1,0.000000,0,1,0.000000,0,1,0.000000,0
12408,2015-06-01,2015H1,pre_rap_project_start,0,1,0.000000,0,1,0.000000,0,1,0.000000,0
12505,2015-08-30,2015H2,pre_rap_project_start,0,1,0.000000,0,1,0.000000,0,1,2.000000,1
12514,2015-08-28,2015H2,pre_rap_project_start,0,1,0.000000,0,1,1.000000,1,1,1.000000,1
12579,2016-03-01,2016H1,pre_rap_project_start,0,1,0.000000,0,1,0.000000,0,1,1.000000,1
12598,2016-01-01,2016H1,pre_rap_project_start,0,1,0.000000,0,1,0.000000,0,1,0.000000,0
12611,2015-06-01,2015H1,pre_rap_project_start,0,1,0.000000,0,1,0.000000,0,1,0.000000,0
12653,2016-01-01,2016H1,pre_rap_project_start,0,1,0.000000,0,1,0.000000,0,1,0.000000,0
12703,2015-10-01,2015H2,pre_rap_project_start,0,1,0.000000,0,1,0.000000,0,1,1.000000,1
12788,2016-04-01,2016H1,pre_rap_project_start,0,1,0.000000,0,1,0.000000,0,1,0.000000,0
12871,2015-06-08,2015H1,pre_rap_project_start,0,1,0.000000,0,1,0.000000,0,1,0.000000,0
12885,2015-05-11,2015H1,pre_rap_project_start,0,1,0.000000,0,1,0.000000,0,1,0.000000,0
13017,2015-07-04,2015H2,pre_rap_project_start,0,1,0.000000,0,1,0.000000,0,1,0.000000,0
13055,2015-07-03,2015H2,pre_rap_project_start,0,1,0.000000,0,1,0.000000,0,1,0.000000,0
13126,2016-06-13,2016H1,pre_rap_project_start,0,1,0.000000,0,1,0.000000,0,1,0.000000,0
13135,2015-10-01,2015H2,pre_rap_project_start,0,1,0.000000,0,1,0.000000,0,1,0.000000,0
13161,2016-11-01,2016H2,pre_rap_project_start,0,1,0.000000,0,1,0.000000,0,1,0.000000,0
13310,2018-11-26,2018H2,pre_rap_project_start,0,1,1.000000,1,1,1.500000,1,1,2.500000,1
13352,2015-09-01,2015H2,pre_rap_project_start,0,1,0.000000,0,1,0.000000,0,1,0.000000,0
13375,2015-09-01,2015H2,pre_rap_project_start,0,1,0.000000,0,1,0.000000,0,1,0.000000,0
13399,2017-04-13,2017H1,pre_rap_project_start,0,1,0.000000,0,1,0.000000,0,1,0.000000,0
13427,2016-01-01,2016H1,pre_rap_project_start,0,1,0.000000,0,1,0.000000,0,1,0.000000,0
13436,2015-09-30,2015H2,pre_rap_project_start,0,1,0.000000,0,1,0.000000,0,1,0.000000,0
13462,2015-09-01,2015H2,pre_rap_project_start,0,1,0.000000,0,1,0.000000,0,1,0.000000,0
13489,2012-09-24,2012H2,pre_rap_project_start,0,1,0.000000,0,1,0.000000,0,1,0.500000,1
13539,2015-07-01,2015H2,pre_rap_project_start,0,1,0.000000,0,1,0.000000,0,1,0.000000,0
13556,2015-07-13,2015H2,pre_rap_project_start,0,1,0.000000,0,1,0.000000,0,1,0.000000,0
13685,2015-08-24,2015H2,pre_rap_project_start,0,1,0.000000,0,1,0.000000,0,1,0.000000,0
13721,2015-10-01,2015H2,pre_rap_project_start,0,1,0.000000,0,1,0.000000,0,1,0.000000,0
13745,2013-06-01,2013H1,pre_rap_project_start,0,1,0.000000,0,1,0.000000,0,1,0.000000,0
13784,2015-07-01,2015H2,pre_rap_project_start,0,1,1.000000,1,1,1.000000,1,1,1.000000,1
13797,2015-04-27,2015H1,pre_rap_project_start,0,1,0.000000,0,1,0.000000,0,1,0.000000,0
13869,2015-10-01,2015H2,pre_rap_project_start,0,1,0.000000,0,1,0.000000,0,1,0.000000,0
13933,2015-09-01,2015H2,pre_rap_project_start,0,1,0.000000,0,1,0.000000,0,1,1.000000,1
14048,2015-07-01,2015H2,pre_rap_project_start,0,1,0.000000,0,1,0.000000,0,1,0.000000,0
14053,2016-07-11,2016H2,pre_rap_project_start,0,1,0.000000,0,1,0.000000,0,1,0.000000,0
14069,2015-09-01,2015H2,pre_rap_project_start,0,1,0.000000,0,1,0.000000,0,1,1.000000,1
14095,2015-08-31,2015H2,pre_rap_project_start,0,1,0.000000,0,1,0.000000,0,1,0.000000,0
14105,2015-07-20,2015H2,pre_rap_project_start,0,1,0.000000,0,1,2.000000,1,1,3.000000,1
14146,2015-11-01,2015H2,pre_rap_project_start,0,1,0.000000,0,1,0.000000,0,1,0.000000,0
14151,2015-11-01,2015H2,pre_rap_project_start,0,1,1.000000,1,1,1.000000,1,1,1.000000,1
14167,2015-05-29,2015H1,pre_rap_project_start,0,1,0.000000,0,1,0.000000,0,1,0.000000,0
14179,2015-09-01,2015H2,pre_rap_project_start,0,1,0.000000,0,1,0.000000,0,1,0.000000,0
14237,2018-09-10,2018H2,pre_rap_project_start,0,1,0.000000,0,1,1.000000,1,1,1.000000,1
14259,2020-06-24,2020H1,pre_rap_project_start,0,1,0.000000,0,1,0.000000,0,1,0.000000,0
14292,2016-01-01,2016H1,pre_rap_project_start,0,1,0.500000,1,1,0.500000,1,1,0.500000,1
14302,2015-10-01,2015H2,pre_rap_project_start,0,1,0.000000,0,1,0.000000,0,1,0.000000,0
14421,2015-09-01,2015H2,pre_rap_project_start,0,1,1.000000,1,1,1.000000,1,1,1.000000,1
14466,2015-10-01,2015H2,pre_rap_project_start,0,1,0.000000,0,1,0.000000,0,1,0.000000,0
14568,2015-10-01,2015H2,pre_rap_project_start,0,1,0.000000,0,1,0.000000,0,1,0.000000,0
14575,2015-12-01,2015H2,pre_rap_project_start,0,1,0.000000,0,1,0.000000,0,1,1.000000,1
14631,2015-10-01,2015H2,pre_rap_project_start,0,1,0.000000,0,1,0.000000,0,1,2.000000,1
14649,2015-10-01,2015H2,pre_rap_project_start,0,1,0.000000,0,1,0.000000,0,1,0.000000,0
14654,2015-10-01,2015H2,pre_rap_project_start,0,1,0.000000,0,1,0.000000,0,1,0.000000,0
14762,2015-10-01,2015H2,pre_rap_project_start,0,1,0.000000,0,1,0.000000,0,1,0.000000,0
14770,2015-10-01,2015H2,pre_rap_project_start,0,1,0.000000,0,1,0.000000,0,1,0.000000,0
14789,2015-12-01,2015H2,pre_rap_project_start,0,1,0.000000,0,1,0.000000,0,1,0.000000,0
14791,2015-09-22,2015H2,pre_rap_project_start,0,1,0.000000,0,1,1.000000,1,1,1.000000,1
14801,2015-12-01,2015H2,pre_rap_project_start,0,1,0.000000,0,1,1.000000,1,1,1.000000,1
14817,2016-07-01,2016H2,pre_rap_project_start,0,1,0.000000,0,1,0.000000,0,1,0.000000,0
14829,2015-10-20,2015H2,pre_rap_project_start,0,1,0.000000,0,1,0.000000,0,1,0.000000,0
14840,2015-12-01,2015H2,pre_rap_project_start,0,1,0.000000,0,1,0.000000,0,1,0.000000,0
14864,2016-04-18,2016H1,pre_rap_project_start,0,1,0.000000,0,1,0.000000,0,1,0.000000,0
14872,2019-04-18,2019H1,pre_rap_project_start,0,1,0.000000,0,1,1.000000,1,1,1.000000,1
14935,2016-08-09,2016H2,pre_rap_project_start,0,1,0.000000,0,1,1.000000,1,1,2.000000,1
14990,2016-06-30,2016H1,pre_rap_project_start,0,1,0.000000,0,1,0.000000,0,1,0.000000,0
15008,2014-03-31,2014H1,pre_rap_project_start,0,1,0.000000,0,1,0.000000,0,1,0.000000,0
15031,2015-09-18,2015H2,pre_rap_project_start,0,1,0.000000,0,1,0.000000,0,1,1.000000,1
15096,2015-11-30,2015H2,pre_rap_project_start,0,1,0.000000,0,1,0.000000,0,1,0.000000,0
15110,2015-12-14,2015H2,pre_rap_project_start,0,1,0.000000,0,1,0.000000,0,1,0.000000,0
15147,2016-08-01,2016H2,pre_rap_project_start,0,1,0.000000,0,1,0.000000,0,1,0.000000,0
15152,2016-01-01,2016H1,pre_rap_project_start,0,1,0.000000,0,1,0.000000,0,1,1.000000,1
15168,2016-06-01,2016H1,pre_rap_project_start,0,1,0.000000,0,1,0.000000,0,1,0.000000,0
15175,2017-02-27,2017H1,pre_rap_project_start,0,1,0.000000,0,1,0.000000,0,1,0.000000,0
15181,2015-10-01,2015H2,pre_rap_project_start,0,1,0.000000,0,1,0.000000,0,1,0.000000,0
15255,2016-05-01,2016H1,pre_rap_project_start,0,1,0.000000,0,1,1.000000,1,1,2.000000,1
15272,2015-11-03,2015H2,pre_rap_project_start,0,1,0.000000,0,1,0.000000,0,1,0.000000,0
15293,2015-08-15,2015H2,pre_rap_project_start,0,1,0.000000,0,1,0.000000,0,1,0.000000,0
15326,2015-10-03,2015H2,pre_rap_project_start,0,1,0.000000,0,1,0.000000,0,1,1.000000,1
15357,2015-10-01,2015H2,pre_rap_project_start,0,1,0.000000,0,1,0.000000,0,1,0.000000,0
15374,2015-10-19,2015H2,pre_rap_project_start,0,1,0.000000,0,1,0.000000,0,1,0.000000,0
15390,2015-12-01,2015H2,pre_rap_project_start,0,1,0.000000,0,1,0.000000,0,1,0.000000,0
15422,2016-04-25,2016H1,pre_rap_project_start,0,1,0.000000,0,1,0.000000,0,1,0.000000,0
15479,2016-02-01,2016H1,pre_rap_project_start,0,1,0.000000,0,1,0.000000,0,1,1.000000,1
15595,2016-04-01,2016H1,pre_rap_project_start,0,1,0.000000,0,1,0.000000,0,1,0.000000,0
15666,2015-10-20,2015H2,pre_rap_project_start,0,1,0.000000,0,1,0.000000,0,1,0.000000,0
15678,2015-12-01,2015H2,pre_rap_project_start,0,1,0.000000,0,1,0.000000,0,1,0.000000,0
15697,2017-06-01,2017H1,pre_rap_project_start,0,1,0.000000,0,1,0.000000,0,1,0.000000,0
15700,2016-07-18,2016H2,pre_rap_project_start,0,1,0.000000,0,1,0.000000,0,1,0.000000,0
15716,2013-03-01,2013H1,pre_rap_project_start,0,1,0.000000,0,1,0.000000,0,1,0.000000,0
15825,2016-01-01,2016H1,pre_rap_project_start,0,1,0.000000,0,1,0.000000,0,1,0.000000,0
15856,2016-03-11,2016H1,pre_rap_project_start,0,1,0.000000,0,1,0.000000,0,1,0.000000,0
15860,2016-01-01,2016H1,pre_rap_project_start,0,1,0.000000,0,1,0.000000,0,1,0.000000,0
15915,2016-11-01,2016H2,pre_rap_project_start,0,1,0.000000,0,1,0.000000,0,1,0.000000,0
16009,2016-02-01,2016H1,pre_rap_project_start,0,1,0.000000,0,1,0.000000,0,1,0.000000,0
16013,2016-02-01,2016H1,pre_rap_project_start,0,1,0.000000,0,1,0.000000,0,1,0.000000,0
16032,2016-02-01,2016H1,pre_rap_project_start,0,1,0.000000,0,1,0.000000,0,1,0.000000,0
16066,2016-03-01,2016H1,pre_rap_project_start,0,1,0.000000,0,1,0.000000,0,1,0.000000,0
16084,2016-03-01,2016H1,pre_rap_project_start,0,1,0.000000,0,1,0.000000,0,1,0.000000,0
16097,2016-01-01,2016H1,pre_rap_project_start,0,1,0.000000,0,1,0.000000,0,1,0.000000,0
16124,2018-07-17,2018H2,pre_rap_project_start,0,1,0.000000,0,1,0.000000,0,1,0.500000,1
16153,2017-01-02,2017H1,pre_rap_project_start,0,1,0.000000,0,1,0.000000,0,1,1.000000,1
16218,2016-07-15,2016H2,pre_rap_project_start,0,1,0.000000,0,1,0.000000,0,1,0.000000,0
16239,2016-07-01,2016H2,pre_rap_project_start,0,1,0.000000,0,1,0.000000,0,1,0.000000,0
16256,2019-10-02,2019H2,pre_rap_project_start,0,1,0.000000,0,1,0.000000,0,1,0.000000,0
16273,2016-03-01,2016H1,pre_rap_project_start,0,1,0.000000,0,1,0.000000,0,1,0.000000,0
16315,2018-04-06,2018H1,pre_rap_project_start,0,1,0.000000,0,1,0.000000,0,1,0.000000,0
16389,2015-12-01,2015H2,pre_rap_project_start,0,1,0.000000,0,1,0.000000,0,1,0.333333,1
16391,2016-04-01,2016H1,pre_rap_project_start,0,1,0.000000,0,1,0.000000,0,1,0.000000,0
16406,2016-02-15,2016H1,pre_rap_project_start,0,1,0.000000,0,1,2.000000,1,1,2.000000,1
16434,2015-11-17,2015H2,pre_rap_project_start,0,1,0.000000,0,1,0.000000,0,1,0.000000,0
16447,2021-05-19,2021H1,pre_rap_project_start,0,1,0.000000,0,1,0.000000,0,1,1.000000,1
16549,2016-03-01,2016H1,pre_rap_project_start,0,1,0.000000,0,1,0.000000,0,1,2.000000,1
16577,2015-10-01,2015H2,pre_rap_project_start,0,1,0.000000,0,1,0.000000,0,1,0.000000,0
16583,2016-03-01,2016H1,pre_rap_project_start,0,1,0.000000,0,1,0.000000,0,1,0.000000,0
16651,2016-01-12,2016H1,pre_rap_project_start,0,1,0.000000,0,1,1.000000,1,1,1.000000,1
16698,2015-10-15,2015H2,pre_rap_project_start,0,1,0.000000,0,1,0.000000,0,1,0.000000,0
16729,2016-03-01,2016H1,pre_rap_project_start,0,1,0.000000,0,1,0.000000,0,1,1.000000,1
16740,2016-07-01,2016H2,pre_rap_project_start,0,1,0.000000,0,1,0.000000,0,1,0.000000,0
16803,2016-01-11,2016H1,pre_rap_project_start,0,1,0.000000,0,1,0.000000,0,1,0.000000,0
16944,2016-02-01,2016H1,pre_rap_project_start,0,1,0.000000,0,1,0.000000,0,1,1.000000,1
16971,2016-04-18,2016H1,pre_rap_project_start,0,1,0.000000,0,1,0.000000,0,1,0.000000,0
17044,2016-09-01,2016H2,pre_rap_project_start,0,1,0.000000,0,1,0.000000,0,1,0.000000,0
17085,2016-01-01,2016H1,pre_rap_project_start,0,1,0.000000,0,1,0.000000,0,1,0.333333,1
17139,2016-06-01,2016H1,pre_rap_project_start,0,1,0.000000,0,1,0.000000,0,1,0.000000,0
17295,2016-08-01,2016H2,pre_rap_project_start,0,1,0.000000,0,1,0.000000,0,1,0.000000,0
17333,2017-04-01,2017H1,pre_rap_project_start,0,1,0.000000,0,1,0.000000,0,1,0.000000,0
17346,2016-06-01,2016H1,pre_rap_project_start,0,1,0.000000,0,1,0.000000,0,1,0.000000,0
17351,2016-05-02,2016H1,pre_rap_project_start,0,1,0.000000,0,1,0.000000,0,1,0.000000,0
17367,2016-05-01,2016H1,pre_rap_project_start,0,1,0.000000,0,1,0.000000,0,1,0.000000,0
17379,2017-01-15,2017H1,pre_rap_project_start,0,1,0.000000,0,1,0.000000,0,1,0.000000,0
17380,2016-05-23,2016H1,pre_rap_project_start,0,1,0.000000,0,1,0.000000,0,1,1.000000,1
17435,2016-04-04,2016H1,pre_rap_project_start,0,1,0.000000,0,1,0.000000,0,1,0.000000,0
17488,2016-11-01,2016H2,pre_rap_project_start,0,1,0.000000,0,1,1.000000,1,1,3.000000,1
17517,2014-08-01,2014H2,pre_rap_project_start,0,1,0.000000,0,1,0.000000,0,1,0.000000,0
17615,2016-07-01,2016H2,pre_rap_project_start,0,1,0.000000,0,1,0.000000,0,1,1.000000,1
17643,2016-03-01,2016H1,pre_rap_project_start,0,1,0.000000,0,1,0.000000,0,1,1.000000,1
17658,2016-06-13,2016H1,pre_rap_project_start,0,1,0.000000,0,1,0.000000,0,1,0.000000,0
17670,2016-04-18,2016H1,pre_rap_project_start,0,1,1.000000,1,1,1.000000,1,1,1.000000,1
17689,2016-02-01,2016H1,pre_rap_project_start,0,1,0.000000,0,1,0.000000,0,1,0.000000,0
17708,2016-02-09,2016H1,pre_rap_project_start,0,1,0.000000,0,1,0.000000,0,1,0.000000,0
17712,2016-08-15,2016H2,pre_rap_project_start,0,1,0.000000,0,1,0.000000,0,1,0.000000,0
17720,2016-08-01,2016H2,pre_rap_project_start,0,1,0.000000,0,1,0.000000,0,1,0.000000,0
17731,2017-01-24,2017H1,pre_rap_project_start,0,1,0.000000,0,1,0.000000,0,1,0.000000,0
17749,2018-10-10,2018H2,pre_rap_project_start,0,1,0.000000,0,1,0.000000,0,1,0.000000,0
17765,2016-07-25,2016H2,pre_rap_project_start,0,1,0.000000,0,1,2.000000,1,1,2.000000,1
17806,2016-03-01,2016H1,pre_rap_project_start,0,1,0.000000,0,1,1.000000,1,1,1.000000,1
17810,2016-05-09,2016H1,pre_rap_project_start,0,1,0.000000,0,1,0.000000,0,1,0.000000,0
17823,2016-07-01,2016H2,pre_rap_project_start,0,1,0.000000,0,1,0.000000,0,1,0.000000,0
17847,2016-02-05,2016H1,pre_rap_project_start,0,1,0.000000,0,1,0.000000,0,1,0.000000,0
17881,2018-07-09,2018H2,pre_rap_project_start,0,1,0.000000,0,1,1.000000,1,1,1.000000,1
17909,2016-04-15,2016H1,pre_rap_project_start,0,1,0.000000,0,1,0.000000,0,1,0.000000,0
17984,2016-03-01,2016H1,pre_rap_project_start,0,1,0.000000,0,1,0.000000,0,1,0.000000,0
18046,2016-05-01,2016H1,pre_rap_project_start,0,1,0.000000,0,1,0.000000,0,1,1.000000,1
18051,2016-07-10,2016H2,pre_rap_project_start,0,1,0.000000,0,1,0.000000,0,1,0.000000,0
18079,2016-04-01,2016H1,pre_rap_project_start,0,1,0.000000,0,1,0.000000,0,1,0.000000,0
18120,2017-11-17,2017H2,pre_rap_project_start,0,1,0.000000,0,1,0.000000,0,1,0.000000,0
18177,2017-05-15,2017H1,pre_rap_project_start,0,1,1.000000,1,1,1.000000,1,1,1.000000,1
18219,2016-05-02,2016H1,pre_rap_project_start,0,1,0.000000,0,1,0.000000,0,1,0.000000,0
18274,2019-02-04,2019H1,pre_rap_project_start,0,1,0.000000,0,1,1.000000,1,1,1.000000,1
18288,2017-04-01,2017H1,pre_rap_project_start,0,1,0.000000,0,1,0.000000,0,1,0.000000,0
18359,2018-04-06,2018H1,pre_rap_project_start,0,1,0.000000,0,1,0.000000,0,1,0.000000,0
18448,2017-01-15,2017H1,pre_rap_project_start,0,1,0.000000,0,1,0.000000,0,1,0.000000,0
18453,2019-05-07,2019H1,pre_rap_project_start,0,1,0.000000,0,1,0.000000,0,1,0.000000,0
18532,2016-08-01,2016H2,pre_rap_project_start,0,1,0.000000,0,1,0.000000,0,1,0.000000,0
18545,2016-04-01,2016H1,pre_rap_project_start,0,1,0.000000,0,1,0.000000,0,1,2.000000,1
18584,2016-05-27,2016H1,pre_rap_project_start,0,1,0.000000,0,1,0.000000,0,1,0.000000,0
18597,2015-09-01,2015H2,pre_rap_project_start,0,1,0.000000,0,1,0.000000,0,1,0.000000,0
18623,2016-06-01,2016H1,pre_rap_project_start,0,1,0.000000,0,1,0.000000,0,1,0.000000,0
18773,2016-05-01,2016H1,pre_rap_project_start,0,1,0.000000,0,1,0.000000,0,1,0.000000,0
18794,2015-11-01,2015H2,pre_rap_project_start,0,1,0.000000,0,1,0.000000,0,1,0.000000,0
18815,2016-09-01,2016H2,pre_rap_project_start,0,1,0.000000,0,1,0.000000,0,1,1.000000,1
18870,2017-01-09,2017H1,pre_rap_project_start,0,1,0.000000,0,1,0.000000,0,1,0.000000,0
19039,2017-01-11,2017H1,pre_rap_project_start,0,1,0.000000,0,1,0.000000,0,1,0.000000,0
19056,2016-11-01,2016H2,pre_rap_project_start,0,1,0.000000,0,1,0.000000,0,1,0.000000,0
19060,2016-08-01,2016H2,pre_rap_project_start,0,1,0.000000,0,1,0.000000,0,1,1.000000,1
19115,2018-11-30,2018H2,pre_rap_project_start,0,1,0.000000,0,1,0.000000,0,1,0.000000,0
19127,2016-05-08,2016H1,pre_rap_project_start,0,1,0.000000,0,1,0.000000,0,1,0.000000,0
19136,2016-05-01,2016H1,pre_rap_project_start,0,1,0.000000,0,1,0.000000,0,1,0.000000,0
19170,2020-06-16,2020H1,pre_rap_project_start,0,1,0.000000,0,1,0.000000,0,1,0.000000,0
19189,2016-01-01,2016H1,pre_rap_project_start,0,1,0.000000,0,1,0.000000,0,1,0.000000,0
19266,2016-07-01,2016H2,pre_rap_project_start,0,1,0.000000,0,1,0.000000,0,1,1.000000,1
19278,2016-10-21,2016H2,pre_rap_project_start,0,1,0.000000,0,1,0.000000,0,1,0.000000,0
19307,2016-06-13,2016H1,pre_rap_project_start,0,1,0.000000,0,1,1.000000,1,1,1.000000,1
19348,2016-05-11,2016H1,pre_rap_project_start,0,1,0.000000,0,1,0.000000,0,1,0.000000,0
19416,2017-01-10,2017H1,pre_rap_project_start,0,1,0.000000,0,1,0.000000,0,1,0.000000,0
19444,2016-10-03,2016H2,pre_rap_project_start,0,1,0.000000,0,1,0.000000,0,1,0.000000,0
19519,2019-02-21,2019H1,pre_rap_project_start,0,1,0.000000,0,1,0.000000,0,1,0.000000,0
19526,2016-04-30,2016H1,pre_rap_project_start,0,1,0.000000,0,1,0.000000,0,1,0.000000,0
19542,2016-10-01,2016H2,pre_rap_project_start,0,1,0.000000,0,1,0.000000,0,1,1.000000,1
19588,2016-12-01,2016H2,pre_rap_project_start,0,1,0.000000,0,1,0.000000,0,1,0.000000,0
19655,2017-08-03,2017H2,pre_rap_project_start,0,1,0.000000,0,1,0.000000,0,1,1.000000,1
19664,2016-05-02,2016H1,pre_rap_project_start,0,1,0.000000,0,1,0.000000,0,1,1.000000,1
19705,2017-03-01,2017H1,pre_rap_project_start,0,1,0.000000,0,1,0.000000,0,1,0.000000,0
19746,2016-08-01,2016H2,pre_rap_project_start,0,1,0.000000,0,1,0.000000,0,1,0.000000,0
19798,2018-02-22,2018H1,pre_rap_project_start,0,1,0.000000,0,1,0.000000,0,1,0.000000,0
19808,2016-06-01,2016H1,pre_rap_project_start,0,1,0.000000,0,1,0.000000,0,1,0.000000,0
19923,2017-11-01,2017H2,pre_rap_project_start,0,1,0.000000,0,1,0.000000,0,1,0.000000,0
19934,2016-05-01,2016H1,pre_rap_project_start,0,1,0.000000,0,1,0.000000,0,1,0.000000,0
19947,2016-05-02,2016H1,pre_rap_project_start,0,1,0.000000,0,1,0.000000,0,1,0.000000,0
19968,2016-06-20,2016H1,pre_rap_project_start,0,1,0.000000,0,1,0.000000,0,1,0.000000,0
20106,2017-07-01,2017H2,pre_rap_project_start,0,1,0.000000,0,1,0.000000,0,1,0.000000,0
20152,2017-02-01,2017H1,pre_rap_project_start,0,1,0.000000,0,1,0.000000,0,1,0.000000,0
20168,2017-01-02,2017H1,pre_rap_project_start,0,1,0.000000,0,1,0.000000,0,1,0.000000,0
20175,2016-10-01,2016H2,pre_rap_project_start,0,1,0.000000,0,1,1.000000,1,1,1.500000,1
20201,2016-11-04,2016H2,pre_rap_project_start,0,1,0.000000,0,1,0.000000,0,1,0.000000,0
20217,2016-07-01,2016H2,pre_rap_project_start,0,1,0.000000,0,1,0.000000,0,1,0.000000,0
20272,2016-09-01,2016H2,pre_rap_project_start,0,1,0.000000,0,1,0.000000,0,1,0.000000,0
20342,2017-02-10,2017H1,pre_rap_project_start,0,1,0.000000,0,1,0.000000,0,1,0.000000,0
20361,2016-06-13,2016H1,pre_rap_project_start,0,1,0.000000,0,1,0.000000,0,1,0.000000,0
20405,2016-12-02,2016H2,pre_rap_project_start,0,1,0.000000,0,1,0.000000,0,1,0.000000,0
20480,2016-03-07,2016H1,pre_rap_project_start,0,1,1.000000,1,1,1.000000,1,1,1.000000,1
20524,2019-03-12,2019H1,pre_rap_project_start,0,1,0.000000,0,1,0.000000,0,1,0.000000,0
20576,2016-06-01,2016H1,pre_rap_project_start,0,1,0.000000,0,1,0.000000,0,1,0.000000,0
20609,2017-05-01,2017H1,pre_rap_project_start,0,1,0.000000,0,1,0.000000,0,1,0.000000,0
20613,2016-06-30,2016H1,pre_rap_project_start,0,1,0.000000,0,1,0.000000,0,1,0.000000,0
20650,2017-11-01,2017H2,pre_rap_project_start,0,1,0.000000,0,1,0.000000,0,1,0.000000,0
20666,2017-02-01,2017H1,pre_rap_project_start,0,1,0.000000,0,1,0.000000,0,1,0.000000,0
20684,2016-11-01,2016H2,pre_rap_project_start,0,1,0.000000,0,1,1.000000,1,1,3.250000,1
20737,2016-10-01,2016H2,pre_rap_project_start,0,1,0.000000,0,1,0.000000,0,1,0.000000,0
20802,2016-05-24,2016H1,pre_rap_project_start,0,1,0.000000,0,1,2.000000,1,1,3.000000,1
20887,2017-01-02,2017H1,pre_rap_project_start,0,1,0.000000,0,1,0.000000,0,1,0.000000,0
20904,2018-06-12,2018H1,pre_rap_project_start,0,1,0.000000,0,1,0.500000,1,1,0.500000,1
20915,2017-02-01,2017H1,pre_rap_project_start,0,1,0.000000,0,1,0.000000,0,1,0.000000,0
21024,2017-04-01,2017H1,pre_rap_project_start,0,1,0.000000,0,1,0.000000,0,1,0.000000,0
21082,2016-07-04,2016H2,pre_rap_project_start,0,1,0.000000,0,1,0.000000,0,1,0.000000,0
21133,2016-12-01,2016H2,pre_rap_project_start,0,1,0.000000,0,1,0.000000,0,1,0.000000,0
21146,2016-09-30,2016H2,pre_rap_project_start,0,1,0.000000,0,1,0.000000,0,1,0.000000,0
21237,2017-01-15,2017H1,pre_rap_project_start,0,1,0.000000,0,1,0.000000,0,1,1.000000,1
21259,2016-08-15,2016H2,pre_rap_project_start,0,1,0.000000,0,1,0.000000,0,1,0.000000,0
21394,2016-12-01,2016H2,pre_rap_project_start,0,1,0.000000,0,1,0.000000,0,1,0.833333,1
21413,2016-07-21,2016H2,pre_rap_project_start,0,1,0.000000,0,1,0.000000,0,1,0.000000,0
21432,2018-11-23,2018H2,pre_rap_project_start,0,1,0.000000,0,1,0.000000,0,1,0.000000,0
21497,2016-10-01,2016H2,pre_rap_project_start,0,1,0.000000,0,1,0.000000,0,1,0.000000,0
21506,2016-01-04,2016H1,pre_rap_project_start,0,1,0.000000,0,1,0.000000,0,1,0.000000,0
21552,2016-08-01,2016H2,pre_rap_project_start,0,1,0.000000,0,1,0.000000,0,1,0.000000,0
21677,2018-03-27,2018H1,pre_rap_project_start,0,1,0.000000,0,1,0.000000,0,1,0.000000,0
21727,2016-12-12,2016H2,pre_rap_project_start,0,1,0.000000,0,1,0.000000,0,1,0.000000,0
21743,2016-10-01,2016H2,pre_rap_project_start,0,1,0.000000,0,1,0.000000,0,1,0.000000,0
21770,2018-05-11,2018H1,pre_rap_project_start,0,1,0.000000,0,1,0.000000,0,1,0.000000,0
21829,2017-06-01,2017H1,pre_rap_project_start,0,1,0.000000,0,1,0.000000,0,1,0.000000,0
21886,2016-07-20,2016H2,pre_rap_project_start,0,1,0.000000,0,1,0.000000,0,1,1.000000,1
21893,2016-09-12,2016H2,pre_rap_project_start,0,1,0.000000,0,1,0.000000,0,1,0.000000,0
21942,2019-04-02,2019H1,pre_rap_project_start,0,1,0.000000,0,1,0.000000,0,1,0.000000,0
21988,2015-06-01,2015H1,pre_rap_project_start,0,1,0.000000,0,1,0.000000,0,1,0.000000,0
22016,2016-09-01,2016H2,pre_rap_project_start,0,1,0.000000,0,1,0.000000,0,1,0.000000,0
22102,2016-10-01,2016H2,pre_rap_project_start,0,1,0.000000,0,1,0.000000,0,1,0.000000,0
22125,2016-10-01,2016H2,pre_rap_project_start,0,1,0.000000,0,1,1.000000,1,1,3.000000,1
22207,2016-11-24,2016H2,pre_rap_project_start,0,1,0.000000,0,1,0.000000,0,1,0.000000,0
22224,2016-11-01,2016H2,pre_rap_project_start,0,1,0.000000,0,1,0.000000,0,1,1.000000,1
22276,2017-01-01,2017H1,pre_rap_project_start,0,1,0.000000,0,1,0.000000,0,1,0.000000,0
22282,2016-04-30,2016H1,pre_rap_project_start,0,1,0.000000,0,1,0.000000,0,1,0.000000,0
22295,2019-01-08,2019H1,pre_rap_project_start,0,1,0.000000,0,1,0.000000,0,1,0.000000,0
22419,2017-01-01,2017H1,pre_rap_project_start,0,1,0.000000,0,1,0.000000,0,1,0.000000,0
22457,2020-10-26,2020H2,pre_rap_project_start,0,1,0.000000,0,1,0.000000,0,1,0.000000,0
22474,2017-06-01,2017H1,pre_rap_project_start,0,1,0.000000,0,1,0.000000,0,1,0.000000,0
22501,2016-03-31,2016H1,pre_rap_project_start,0,1,0.000000,0,1,0.000000,0,1,0.000000,0
22529,2016-09-15,2016H2,pre_rap_project_start,0,1,0.000000,0,1,0.000000,0,1,0.000000,0
22572,2018-06-25,2018H1,pre_rap_project_start,0,1,0.000000,0,1,0.500000,1,1,0.500000,1
22593,2017-06-01,2017H1,pre_rap_project_start,0,1,0.000000,0,1,0.000000,0,1,0.000000,0
22627,2016-09-15,2016H2,pre_rap_project_start,0,1,0.000000,0,1,1.000000,1,1,1.000000,1
22691,2016-10-01,2016H2,pre_rap_project_start,0,1,0.000000,0,1,0.000000,0,1,0.000000,0
22783,2016-11-01,2016H2,pre_rap_project_start,0,1,0.000000,0,1,0.000000,0,1,1.000000,1
22875,2018-02-22,2018H1,pre_rap_project_start,0,1,0.000000,0,1,0.000000,0,1,0.000000,0
22881,2016-10-01,2016H2,pre_rap_project_start,0,1,0.000000,0,1,0.000000,0,1,0.000000,0
23005,2016-10-15,2016H2,pre_rap_project_start,0,1,0.000000,0,1,0.000000,0,1,0.000000,0
23033,2016-11-16,2016H2,pre_rap_project_start,0,1,0.000000,0,1,0.000000,0,1,0.000000,0
23046,2015-01-02,2015H1,pre_rap_project_start,0,1,0.000000,0,1,0.000000,0,1,0.000000,0
23079,2016-06-01,2016H1,pre_rap_project_start,0,1,0.000000,0,1,0.000000,0,1,0.000000,0
23112,2019-02-22,2019H1,pre_rap_project_start,0,1,0.000000,0,1,0.000000,0,1,0.000000,0
23183,2016-11-01,2016H2,pre_rap_project_start,0,1,0.000000,0,1,0.000000,0,1,0.000000,0
23203,2017-03-01,2017H1,pre_rap_project_start,0,1,0.000000,0,1,0.000000,0,1,0.000000,0
23261,2016-11-01,2016H2,pre_rap_project_start,0,1,0.000000,0,1,0.000000,0,1,0.000000,0
23359,2016-11-01,2016H2,pre_rap_project_start,0,1,0.000000,0,1,0.000000,0,1,1.000000,1
23424,2017-07-14,2017H2,pre_rap_project_start,0,1,1.000000,1,1,2.000000,1,1,3.000000,1
23448,2018-03-20,2018H1,pre_rap_project_start,0,1,0.000000,0,1,0.000000,0,1,0.000000,0
23476,2017-09-01,2017H2,pre_rap_project_start,0,1,1.000000,1,1,2.000000,1,1,2.000000,1
23482,2016-11-01,2016H2,pre_rap_project_start,0,1,0.000000,0,1,0.000000,0,1,0.000000,0
23509,2016-11-28,2016H2,pre_rap_project_start,0,1,0.000000,0,1,0.000000,0,1,0.000000,0
23652,2017-07-03,2017H2,pre_rap_project_start,0,1,0.000000,0,1,0.000000,0,1,0.000000,0
23668,2019-07-29,2019H2,pre_rap_project_start,0,1,0.000000,0,1,0.000000,0,1,1.000000,1
23739,2017-07-01,2017H2,pre_rap_project_start,0,1,0.000000,0,1,0.000000,0,1,0.000000,0
23773,2016-10-17,2016H2,pre_rap_project_start,0,1,0.000000,0,1,1.000000,1,1,2.000000,1
23787,2016-06-01,2016H1,pre_rap_project_start,0,1,0.000000,0,1,0.000000,0,1,0.000000,0
23804,2016-09-01,2016H2,pre_rap_project_start,0,1,0.000000,0,1,0.000000,0,1,0.000000,0
23827,2016-10-01,2016H2,pre_rap_project_start,0,1,0.000000,0,1,0.000000,0,1,0.000000,0
23889,2016-11-28,2016H2,pre_rap_project_start,0,1,0.000000,0,1,0.000000,0,1,0.000000,0
23929,2017-02-27,2017H1,pre_rap_project_start,0,1,0.000000,0,1,0.000000,0,1,0.000000,0
23938,2017-01-01,2017H1,pre_rap_project_start,0,1,0.000000,0,1,0.000000,0,1,0.000000,0
23940,2017-02-01,2017H1,pre_rap_project_start,0,1,0.000000,0,1,0.000000,0,1,0.000000,0
24058,2018-11-08,2018H2,pre_rap_project_start,0,1,0.000000,0,1,0.000000,0,1,0.000000,0
24062,2017-01-24,2017H1,pre_rap_project_start,0,1,0.000000,0,1,0.000000,0,1,0.000000,0
24089,2017-01-09,2017H1,pre_rap_project_start,0,1,0.000000,0,1,0.000000,0,1,0.000000,0
24091,2016-12-15,2016H2,pre_rap_project_start,0,1,0.000000,0,1,0.000000,0,1,0.000000,0
24117,2016-11-01,2016H2,pre_rap_project_start,0,1,0.000000,0,1,0.000000,0,1,0.000000,0
24129,2016-06-01,2016H1,pre_rap_project_start,0,1,0.000000,0,1,0.000000,0,1,0.000000,0
24234,2016-03-01,2016H1,pre_rap_project_start,0,1,0.000000,0,1,0.000000,0,1,0.000000,0
24247,2016-12-15,2016H2,pre_rap_project_start,0,1,0.000000,0,1,0.000000,0,1,0.000000,0
24268,2016-04-09,2016H1,pre_rap_project_start,0,1,0.000000,0,1,0.000000,0,1,1.000000,1
24281,2016-04-14,2016H1,pre_rap_project_start,0,1,0.000000,0,1,0.000000,0,1,0.000000,0
24299,2017-01-01,2017H1,pre_rap_project_start,0,1,0.000000,0,1,0.000000,0,1,0.000000,0
24321,2016-12-15,2016H2,pre_rap_project_start,0,1,0.000000,0,1,0.000000,0,1,0.000000,0
24456,2017-02-01,2017H1,pre_rap_project_start,0,1,0.000000,0,1,0.000000,0,1,0.000000,0
24460,2016-04-01,2016H1,pre_rap_project_start,0,1,0.000000,0,1,0.000000,0,1,0.000000,0
24487,2017-03-01,2017H1,pre_rap_project_start,0,1,0.000000,0,1,0.000000,0,1,0.000000,0
24494,2018-06-29,2018H1,pre_rap_project_start,0,1,0.000000,0,1,0.000000,0,1,0.500000,1
24537,2017-04-01,2017H1,pre_rap_project_start,0,1,0.000000,0,1,0.000000,0,1,0.000000,0
24559,2017-06-01,2017H1,pre_rap_project_start,0,1,0.000000,0,1,0.000000,0,1,0.000000,0
24603,2018-07-17,2018H2,pre_rap_project_start,0,1,0.000000,0,1,0.000000,0,1,0.000000,0
24619,2016-08-01,2016H2,pre_rap_project_start,0,1,0.000000,0,1,0.000000,0,1,0.000000,0
24626,2017-09-30,2017H2,pre_rap_project_start,0,1,0.000000,0,1,0.000000,0,1,0.000000,0
24635,2017-03-01,2017H1,pre_rap_project_start,0,1,0.000000,0,1,0.000000,0,1,0.000000,0
24642,2016-12-07,2016H2,pre_rap_project_start,0,1,0.000000,0,1,0.000000,0,1,0.000000,0
24661,2017-04-15,2017H1,pre_rap_project_start,0,1,0.000000,0,1,0.000000,0,1,0.000000,0
24711,2017-05-01,2017H1,pre_rap_project_start,0,1,0.000000,0,1,2.000000,1,1,5.000000,1
24776,2017-07-24,2017H2,pre_rap_project_start,0,1,0.000000,0,1,0.000000,0,1,0.000000,0
24795,2017-01-15,2017H1,pre_rap_project_start,0,1,0.000000,0,1,0.000000,0,1,0.500000,1
24898,2016-12-01,2016H2,pre_rap_project_start,0,1,0.000000,0,1,0.000000,0,1,0.000000,0
24954,2018-03-13,2018H1,pre_rap_project_start,0,1,0.000000,0,1,0.000000,0,1,0.000000,0
24983,2017-02-16,2017H1,pre_rap_project_start,0,1,0.000000,0,1,0.500000,1,1,2.500000,1
25026,2016-12-19,2016H2,pre_rap_project_start,0,1,0.000000,0,1,0.000000,0,1,0.000000,0
25057,2017-04-20,2017H1,pre_rap_project_start,0,1,0.000000,0,1,0.000000,0,1,0.000000,0
25163,2017-02-05,2017H1,pre_rap_project_start,0,1,0.000000,0,1,0.000000,0,1,1.000000,1
25205,2017-06-01,2017H1,pre_rap_project_start,0,1,1.000000,1,1,1.000000,1,1,1.000000,1
25214,2017-06-01,2017H1,pre_rap_project_start,0,1,0.000000,0,1,0.000000,0,1,0.000000,0
25251,2017-01-09,2017H1,pre_rap_project_start,0,1,0.000000,0,1,0.000000,0,1,1.000000,1
25298,2017-04-01,2017H1,pre_rap_project_start,0,1,0.000000,0,1,0.000000,0,1,0.000000,0
25308,2017-05-01,2017H1,pre_rap_project_start,0,1,0.000000,0,1,0.000000,0,1,0.000000,0
25331,2017-04-18,2017H1,pre_rap_project_start,0,1,1.000000,1,1,4.833333,1,1,9.166667,1
25417,2017-04-01,2017H1,pre_rap_project_start,0,1,0.000000,0,1,0.000000,0,1,0.000000,0
25440,2017-03-01,2017H1,pre_rap_project_start,0,1,0.000000,0,1,0.000000,0,1,0.000000,0
25472,2017-03-01,2017H1,pre_rap_project_start,0,1,0.000000,0,1,0.000000,0,1,2.000000,1
25515,2017-05-01,2017H1,pre_rap_project_start,0,1,0.000000,0,1,0.000000,0,1,0.000000,0
25570,2017-05-01,2017H1,pre_rap_project_start,0,1,0.000000,0,1,0.000000,0,1,0.000000,0
25589,2017-03-01,2017H1,pre_rap_project_start,0,1,0.000000,0,1,0.000000,0,1,1.000000,1
25602,2018-05-14,2018H1,pre_rap_project_start,0,1,0.000000,0,1,0.000000,0,1,0.000000,0
25641,2017-01-01,2017H1,pre_rap_project_start,0,1,0.000000,0,1,0.000000,0,1,0.000000,0
25673,2017-02-01,2017H1,pre_rap_project_start,0,1,0.000000,0,1,0.000000,0,1,0.000000,0
25687,2017-02-20,2017H1,pre_rap_project_start,0,1,0.000000,0,1,0.000000,0,1,0.000000,0
25694,2017-01-02,2017H1,pre_rap_project_start,0,1,0.000000,0,1,0.000000,0,1,0.000000,0
25706,2017-09-04,2017H2,pre_rap_project_start,0,1,0.000000,0,1,0.000000,0,1,0.000000,0
25747,2017-03-01,2017H1,pre_rap_project_start,0,1,0.000000,0,1,0.000000,0,1,0.000000,0
25752,2018-06-25,2018H1,pre_rap_project_start,0,1,0.000000,0,1,0.000000,0,1,0.000000,0
25813,2018-03-21,2018H1,pre_rap_project_start,0,1,0.000000,0,1,0.000000,0,1,2.000000,1
25897,2015-02-02,2015H1,pre_rap_project_start,0,1,0.000000,0,1,0.000000,0,1,0.000000,0
25930,2019-04-01,2019H1,pre_rap_project_start,0,1,0.000000,0,1,0.000000,0,1,0.000000,0
25953,2017-04-01,2017H1,pre_rap_project_start,0,1,0.000000,0,1,0.000000,0,1,0.000000,0
25995,2016-09-15,2016H2,pre_rap_project_start,0,1,0.000000,0,1,0.000000,0,1,0.000000,0
26002,2017-01-01,2017H1,pre_rap_project_start,0,1,0.000000,0,1,0.000000,0,1,0.000000,0
26041,2017-01-03,2017H1,pre_rap_project_start,0,1,0.000000,0,1,0.000000,0,1,0.000000,0
26104,2020-09-18,2020H2,pre_rap_project_start,0,1,0.000000,0,1,0.000000,0,1,0.000000,0
26189,2019-06-18,2019H1,pre_rap_project_start,0,1,0.000000,0,1,0.000000,0,1,0.000000,0
26209,2017-05-15,2017H1,pre_rap_project_start,0,1,1.500000,1,1,2.500000,1,1,2.500000,1
26284,2017-06-01,2017H1,pre_rap_project_start,0,1,0.000000,0,1,0.000000,0,1,1.000000,1
26307,2016-11-23,2016H2,pre_rap_project_start,0,1,0.000000,0,1,0.000000,0,1,1.000000,1
26492,2016-08-15,2016H2,pre_rap_project_start,0,1,0.000000,0,1,0.000000,0,1,0.000000,0
26503,2017-07-19,2017H2,pre_rap_project_start,0,1,0.000000,0,1,0.000000,0,1,0.000000,0
26590,2017-04-01,2017H1,pre_rap_project_start,0,1,0.000000,0,1,0.000000,0,1,0.000000,0
26629,2017-06-01,2017H1,pre_rap_project_start,0,1,0.000000,0,1,1.000000,1,1,3.000000,1
26638,2017-06-30,2017H1,pre_rap_project_start,0,1,0.000000,0,1,0.000000,0,1,0.000000,0
26664,2017-04-01,2017H1,pre_rap_project_start,0,1,0.000000,0,1,0.000000,0,1,0.000000,0
26746,2018-10-01,2018H2,pre_rap_project_start,0,1,0.000000,0,1,0.000000,0,1,0.000000,0
26751,2018-09-25,2018H2,pre_rap_project_start,0,1,0.000000,0,1,0.000000,0,1,0.000000,0
26808,2018-11-26,2018H2,pre_rap_project_start,0,1,0.000000,0,1,0.000000,0,1,0.000000,0
26865,2017-04-01,2017H1,pre_rap_project_start,0,1,0.000000,0,1,0.000000,0,1,1.000000,1
26877,2019-06-18,2019H1,pre_rap_project_start,0,1,0.000000,0,1,0.000000,0,1,0.000000,0
26883,2017-04-03,2017H1,pre_rap_project_start,0,1,0.000000,0,1,0.000000,0,1,0.000000,0
26947,2017-03-01,2017H1,pre_rap_project_start,0,1,0.000000,0,1,0.000000,0,1,0.000000,0
26952,2017-04-01,2017H1,pre_rap_project_start,0,1,0.000000,0,1,0.000000,0,1,0.000000,0
26981,2017-04-01,2017H1,pre_rap_project_start,0,1,0.000000,0,1,0.000000,0,1,0.000000,0
26999,2018-10-17,2018H2,pre_rap_project_start,0,1,1.000000,1,1,1.000000,1,1,1.000000,1
27034,2017-09-15,2017H2,pre_rap_project_start,0,1,0.000000,0,1,0.000000,0,1,0.000000,0
27047,2017-06-27,2017H1,pre_rap_project_start,0,1,0.000000,0,1,0.000000,0,1,0.000000,0
27081,2017-04-01,2017H1,pre_rap_project_start,0,1,0.000000,0,1,0.000000,0,1,0.000000,0
27121,2017-06-15,2017H1,pre_rap_project_start,0,1,0.000000,0,1,0.000000,0,1,0.000000,0
27197,2018-02-21,2018H1,pre_rap_project_start,0,1,0.000000,0,1,0.000000,0,1,0.000000,0
27236,2018-09-10,2018H2,pre_rap_project_start,0,1,0.000000,0,1,0.000000,0,1,1.000000,1
27291,2017-05-31,2017H1,pre_rap_project_start,0,1,0.000000,0,1,0.000000,0,1,0.000000,0
27317,2017-04-01,2017H1,pre_rap_project_start,0,1,0.000000,0,1,0.000000,0,1,0.000000,0
27386,2018-07-17,2018H2,pre_rap_project_start,0,1,0.000000,0,1,0.000000,0,1,0.000000,0
27412,2017-04-21,2017H1,pre_rap_project_start,0,1,0.000000,0,1,0.000000,0,1,0.000000,0
27449,2017-04-01,2017H1,pre_rap_project_start,0,1,0.000000,0,1,0.000000,0,1,0.000000,0
27477,2017-08-01,2017H2,pre_rap_project_start,0,1,0.000000,0,1,0.000000,0,1,0.000000,0
27483,2018-02-23,2018H1,pre_rap_project_start,0,1,0.000000,0,1,0.000000,0,1,0.000000,0
27505,2017-07-01,2017H2,pre_rap_project_start,0,1,0.000000,0,1,0.000000,0,1,0.000000,0
27546,2017-03-01,2017H1,pre_rap_project_start,0,1,0.000000,0,1,0.000000,0,1,0.500000,1
27567,2018-06-25,2018H1,pre_rap_project_start,0,1,0.000000,0,1,0.000000,0,1,1.000000,1
27607,2014-07-01,2014H2,pre_rap_project_start,0,1,0.000000,0,1,0.000000,0,1,0.000000,0
27800,2017-05-30,2017H1,pre_rap_project_start,0,1,0.000000,0,1,0.000000,0,1,0.000000,0
27837,2017-08-14,2017H2,pre_rap_project_start,0,1,0.000000,0,1,0.000000,0,1,0.000000,0
27844,2018-07-20,2018H2,pre_rap_project_start,0,1,0.000000,0,1,0.000000,0,1,0.000000,0
27871,2018-03-27,2018H1,pre_rap_project_start,0,1,0.000000,0,1,0.000000,0,1,0.000000,0
27892,2017-05-27,2017H1,pre_rap_project_start,0,1,0.000000,0,1,0.000000,0,1,0.000000,0
27960,2017-05-31,2017H1,pre_rap_project_start,0,1,0.000000,0,1,0.000000,0,1,0.000000,0
28072,2017-05-01,2017H1,pre_rap_project_start,0,1,0.000000,0,1,0.000000,0,1,0.000000,0
28126,2017-07-03,2017H2,pre_rap_project_start,0,1,0.000000,0,1,1.000000,1,1,2.000000,1
28142,2017-05-01,2017H1,pre_rap_project_start,0,1,0.000000,0,1,0.000000,0,1,0.000000,0
28174,2017-05-01,2017H1,pre_rap_project_start,0,1,0.000000,0,1,0.000000,0,1,0.000000,0
28190,2019-09-25,2019H2,pre_rap_project_start,0,1,0.000000,0,1,0.000000,0,1,0.000000,0
28212,2018-10-04,2018H2,pre_rap_project_start,0,1,0.000000,0,1,0.000000,0,1,0.000000,0
28231,2017-06-30,2017H1,pre_rap_project_start,0,1,0.000000,0,1,0.000000,0,1,0.000000,0
28368,2017-07-01,2017H2,pre_rap_project_start,0,1,0.000000,0,1,0.000000,0,1,0.000000,0
28404,2017-04-18,2017H1,pre_rap_project_start,0,1,0.000000,0,1,0.000000,0,1,0.000000,0
28489,2018-10-23,2018H2,pre_rap_project_start,0,1,0.000000,0,1,0.000000,0,1,0.000000,0
28502,2017-09-04,2017H2,pre_rap_project_start,0,1,0.000000,0,1,0.000000,0,1,0.000000,0
28525,2017-07-01,2017H2,pre_rap_project_start,0,1,0.000000,0,1,0.000000,0,1,0.000000,0
28541,2017-06-30,2017H1,pre_rap_project_start,0,1,0.000000,0,1,0.000000,0,1,0.000000,0
28659,2017-11-01,2017H2,pre_rap_project_start,0,1,0.000000,0,1,0.000000,0,1,0.000000,0
28709,2017-06-01,2017H1,pre_rap_project_start,0,1,0.000000,0,1,0.000000,0,1,0.000000,0
28721,2018-07-17,2018H2,pre_rap_project_start,0,1,0.000000,0,1,0.000000,0,1,0.000000,0
28732,2018-04-24,2018H1,pre_rap_project_start,0,1,0.000000,0,1,0.000000,0,1,0.000000,0
28784,2017-07-01,2017H2,pre_rap_project_start,0,1,0.000000,0,1,0.000000,0,1,0.000000,0
28807,2017-05-01,2017H1,pre_rap_project_start,0,1,0.000000,0,1,0.000000,0,1,0.000000,0
28811,2014-12-01,2014H2,pre_rap_project_start,0,1,0.000000,0,1,0.000000,0,1,0.000000,0
28905,2018-05-14,2018H1,pre_rap_project_start,0,1,0.000000,0,1,0.000000,0,1,0.000000,0
28946,2017-08-15,2017H2,pre_rap_project_start,0,1,0.000000,0,1,0.000000,0,1,0.000000,0
28967,2017-04-07,2017H1,pre_rap_project_start,0,1,0.000000,0,1,0.000000,0,1,0.000000,0
28979,2018-02-22,2018H1,pre_rap_project_start,0,1,0.000000,0,1,0.000000,0,1,0.000000,0
28998,2018-03-15,2018H1,pre_rap_project_start,0,1,0.000000,0,1,0.000000,0,1,0.000000,0
29009,2017-07-15,2017H2,pre_rap_project_start,0,1,0.000000,0,1,0.000000,0,1,1.000000,1
29050,2018-03-27,2018H1,pre_rap_project_start,0,1,0.000000,0,1,0.000000,0,1,0.000000,0
29148,2018-10-01,2018H2,pre_rap_project_start,0,1,0.000000,0,1,0.000000,0,1,0.000000,0
29169,2018-02-22,2018H1,pre_rap_project_start,0,1,0.000000,0,1,0.000000,0,1,0.000000,0
29195,2018-09-03,2018H2,pre_rap_project_start,0,1,0.000000,0,1,0.000000,0,1,0.000000,0
29202,2017-07-01,2017H2,pre_rap_project_start,0,1,0.000000,0,1,0.000000,0,1,2.000000,1
29239,2018-04-27,2018H1,pre_rap_project_start,0,1,0.000000,0,1,0.000000,0,1,0.000000,0
29256,2017-07-01,2017H2,pre_rap_project_start,0,1,0.000000,0,1,0.000000,0,1,2.000000,1
29273,2018-05-02,2018H1,pre_rap_project_start,0,1,0.000000,0,1,0.000000,0,1,0.000000,0
29294,2017-07-31,2017H2,pre_rap_project_start,0,1,0.000000,0,1,1.000000,1,1,1.000000,1
29447,2018-09-03,2018H2,pre_rap_project_start,0,1,0.000000,0,1,0.000000,0,1,0.000000,0
29565,2018-06-25,2018H1,pre_rap_project_start,0,1,0.000000,0,1,0.000000,0,1,0.000000,0
29717,2018-04-06,2018H1,pre_rap_project_start,0,1,0.000000,0,1,0.000000,0,1,0.000000,0
29738,2021-03-15,2021H1,pre_rap_project_start,0,1,0.000000,0,1,0.000000,0,1,0.000000,0
29755,2017-03-14,2017H1,pre_rap_project_start,0,1,0.000000,0,1,0.000000,0,1,0.000000,0
29772,2018-12-19,2018H2,pre_rap_project_start,0,1,0.000000,0,1,0.000000,0,1,0.000000,0
29819,2018-07-17,2018H2,pre_rap_project_start,0,1,0.000000,0,1,0.000000,0,1,0.000000,0
29890,2018-03-21,2018H1,pre_rap_project_start,0,1,0.000000,0,1,0.000000,0,1,0.000000,0
29900,2017-08-01,2017H2,pre_rap_project_start,0,1,0.000000,0,1,0.000000,0,1,0.000000,0
29916,2018-10-26,2018H2,pre_rap_project_start,0,1,0.000000,0,1,0.000000,0,1,0.000000,0
29963,2017-08-01,2017H2,pre_rap_project_start,0,1,0.000000,0,1,0.000000,0,1,0.000000,0
29985,2018-03-15,2018H1,pre_rap_project_start,0,1,0.000000,0,1,0.000000,0,1,0.000000,0
30036,2018-03-20,2018H1,pre_rap_project_start,0,1,0.000000,0,1,0.000000,0,1,0.000000,0
30043,2018-04-06,2018H1,pre_rap_project_start,0,1,0.000000,0,1,0.000000,0,1,0.000000,0
30091,2018-04-06,2018H1,pre_rap_project_start,0,1,0.000000,0,1,0.000000,0,1,0.000000,0
30140,2020-02-26,2020H1,pre_rap_project_start,0,1,0.000000,0,1,0.000000,0,1,0.000000,0
30172,2018-04-06,2018H1,pre_rap_project_start,0,1,0.000000,0,1,0.000000,0,1,0.000000,0
30186,2017-06-01,2017H1,pre_rap_project_start,0,1,0.000000,0,1,0.000000,0,1,0.000000,0
30223,2018-07-27,2018H2,pre_rap_project_start,0,1,0.000000,0,1,0.000000,0,1,0.000000,0
30247,2017-08-01,2017H2,pre_rap_project_start,0,1,0.000000,0,1,0.000000,0,1,0.000000,0
30252,2017-09-15,2017H2,pre_rap_project_start,0,1,0.000000,0,1,0.000000,0,1,0.000000,0
30281,2017-07-01,2017H2,pre_rap_project_start,0,1,0.000000,0,1,0.000000,0,1,0.000000,0
30350,2019-09-16,2019H2,pre_rap_project_start,0,1,0.000000,0,1,0.000000,0,1,0.000000,0
30397,2018-02-21,2018H1,pre_rap_project_start,0,1,0.000000,0,1,0.000000,0,1,0.000000,0
30418,2018-08-06,2018H2,pre_rap_project_start,0,1,0.000000,0,1,0.000000,0,1,0.000000,0
30439,2017-09-09,2017H2,pre_rap_project_start,0,1,0.000000,0,1,0.000000,0,1,0.000000,0
30473,2016-02-29,2016H1,pre_rap_project_start,0,1,0.000000,0,1,0.000000,0,1,0.000000,0
30494,2018-08-06,2018H2,pre_rap_project_start,0,1,0.000000,0,1,0.000000,0,1,0.000000,0
30528,2019-11-28,2019H2,pre_rap_project_start,0,1,0.000000,0,1,0.000000,0,1,0.000000,0
30537,2017-09-01,2017H2,pre_rap_project_start,0,1,0.000000,0,1,0.000000,0,1,0.000000,0
30544,2018-03-27,2018H1,pre_rap_project_start,0,1,0.000000,0,1,0.000000,0,1,0.000000,0
30585,2021-12-08,2021H2,pre_rap_project_start,0,1,0.000000,0,1,0.000000,0,1,0.000000,0
30592,2017-10-01,2017H2,pre_rap_project_start,0,1,0.000000,0,1,0.000000,0,1,0.000000,0
30603,2017-09-01,2017H2,pre_rap_project_start,0,1,0.000000,0,1,0.000000,0,1,0.000000,0
30619,2018-03-15,2018H1,pre_rap_project_start,0,1,0.000000,0,1,0.000000,0,1,0.000000,0
30688,2017-07-03,2017H2,pre_rap_project_start,0,1,0.000000,0,1,0.000000,0,1,0.000000,0
30707,2021-08-10,2021H2,pre_rap_project_start,0,1,0.000000,0,1,0.000000,0,1,0.000000,0
30730,2018-03-15,2018H1,pre_rap_project_start,0,1,0.000000,0,1,0.000000,0,1,0.000000,0
30769,2018-12-12,2018H2,pre_rap_project_start,0,1,0.000000,0,1,0.000000,0,1,0.000000,0
30782,2018-09-03,2018H2,pre_rap_project_start,0,1,0.000000,0,1,0.000000,0,1,0.000000,0
30805,2018-07-20,2018H2,pre_rap_project_start,0,1,0.000000,0,1,0.000000,0,1,0.000000,0
30833,2018-10-16,2018H2,pre_rap_project_start,0,1,1.000000,1,1,1.000000,1,1,2.000000,1
30846,2019-03-13,2019H1,pre_rap_project_start,0,1,0.000000,0,1,0.000000,0,1,0.000000,0
30931,2018-07-17,2018H2,pre_rap_project_start,0,1,0.000000,0,1,0.000000,0,1,0.000000,0
31028,2018-03-15,2018H1,pre_rap_project_start,0,1,0.000000,0,1,0.000000,0,1,0.000000,0
31037,2017-08-01,2017H2,pre_rap_project_start,0,1,0.000000,0,1,0.000000,0,1,0.500000,1
31063,2017-10-01,2017H2,pre_rap_project_start,0,1,0.000000,0,1,1.500000,1,1,2.000000,1
31085,2019-07-03,2019H2,pre_rap_project_start,0,1,0.000000,0,1,0.000000,0,1,0.000000,0
31102,2018-06-06,2018H1,pre_rap_project_start,0,1,0.000000,0,1,0.000000,0,1,0.000000,0
31187,2017-10-02,2017H2,pre_rap_project_start,0,1,0.000000,0,1,0.000000,0,1,0.000000,0
31211,2019-11-28,2019H2,pre_rap_project_start,0,1,0.000000,0,1,0.000000,0,1,0.000000,0
31224,2018-02-02,2018H1,pre_rap_project_start,0,1,0.000000,0,1,0.000000,0,1,0.000000,0
31269,2018-03-21,2018H1,pre_rap_project_start,0,1,0.000000,0,1,0.000000,0,1,0.000000,0
31282,2017-07-01,2017H2,pre_rap_project_start,0,1,0.000000,0,1,0.000000,0,1,0.000000,0
31295,2018-11-02,2018H2,pre_rap_project_start,0,1,0.000000,0,1,0.000000,0,1,0.000000,0
31314,2018-03-27,2018H1,pre_rap_project_start,0,1,1.000000,1,1,1.000000,1,1,1.000000,1
31403,2017-04-01,2017H1,pre_rap_project_start,0,1,0.000000,0,1,0.000000,0,1,0.000000,0
31435,2018-03-27,2018H1,pre_rap_project_start,0,1,0.000000,0,1,0.000000,0,1,0.000000,0
31461,2018-06-29,2018H1,pre_rap_project_start,0,1,0.000000,0,1,0.000000,0,1,0.000000,0
31538,2014-12-15,2014H2,pre_rap_project_start,0,1,0.000000,0,1,0.000000,0,1,0.000000,0
31615,2018-11-26,2018H2,pre_rap_project_start,0,1,0.000000,0,1,0.000000,0,1,0.000000,0
31636,2018-05-21,2018H1,pre_rap_project_start,0,1,0.000000,0,1,0.000000,0,1,0.000000,0
31823,2018-06-25,2018H1,pre_rap_project_start,0,1,0.000000,0,1,0.000000,0,1,0.000000,0
31852,2015-03-02,2015H1,pre_rap_project_start,0,1,0.000000,0,1,0.000000,0,1,0.000000,0
31984,2018-02-22,2018H1,pre_rap_project_start,0,1,0.000000,0,1,0.000000,0,1,0.000000,0
32011,2018-05-02,2018H1,pre_rap_project_start,0,1,0.000000,0,1,1.000000,1,1,1.000000,1
32048,2019-01-25,2019H1,pre_rap_project_start,0,1,1.000000,1,1,1.000000,1,1,1.000000,1
32133,2019-01-28,2019H1,pre_rap_project_start,0,1,0.000000,0,1,0.000000,0,1,1.000000,1
32179,2018-02-22,2018H1,pre_rap_project_start,0,1,0.000000,0,1,0.000000,0,1,0.000000,0
32198,2016-07-22,2016H2,pre_rap_project_start,0,1,0.000000,0,1,0.000000,0,1,0.000000,0
32263,2017-09-01,2017H2,pre_rap_project_start,0,1,0.000000,0,1,0.000000,0,1,0.000000,0
32285,2018-10-10,2018H2,pre_rap_project_start,0,1,0.000000,0,1,0.000000,0,1,0.000000,0
32292,2018-07-02,2018H2,pre_rap_project_start,0,1,0.000000,0,1,0.000000,0,1,0.000000,0
32339,2018-12-10,2018H2,pre_rap_project_start,0,1,0.000000,0,1,0.000000,0,1,0.000000,0
32341,2015-09-01,2015H2,pre_rap_project_start,0,1,0.000000,0,1,0.000000,0,1,0.000000,0
32360,2018-09-03,2018H2,pre_rap_project_start,0,1,1.000000,1,1,1.000000,1,1,1.000000,1
32466,2018-03-20,2018H1,pre_rap_project_start,0,1,0.000000,0,1,0.000000,0,1,0.000000,0
32497,2018-04-03,2018H1,pre_rap_project_start,0,1,0.000000,0,1,0.000000,0,1,0.000000,0
32506,2018-03-15,2018H1,pre_rap_project_start,0,1,1.000000,1,1,1.000000,1,1,1.000000,1
32568,2015-12-01,2015H2,pre_rap_project_start,0,1,0.000000,0,1,1.000000,1,1,1.000000,1
32575,2018-11-22,2018H2,pre_rap_project_start,0,1,0.000000,0,1,0.000000,0,1,0.000000,0
32677,2016-05-01,2016H1,pre_rap_project_start,0,1,0.000000,0,1,0.000000,0,1,0.000000,0
32683,2018-10-26,2018H2,pre_rap_project_start,0,1,0.000000,0,1,0.000000,0,1,0.000000,0
32696,2018-06-25,2018H1,pre_rap_project_start,0,1,0.000000,0,1,0.000000,0,1,0.000000,0
32743,2018-04-27,2018H1,pre_rap_project_start,0,1,0.000000,0,1,0.000000,0,1,0.000000,0
32770,2018-07-27,2018H2,pre_rap_project_start,0,1,0.000000,0,1,0.000000,0,1,0.000000,0
32961,2018-06-12,2018H1,pre_rap_project_start,0,1,0.000000,0,1,0.000000,0,1,0.000000,0
32974,2019-01-09,2019H1,pre_rap_project_start,0,1,0.000000,0,1,0.000000,0,1,0.000000,0
32990,2017-10-10,2017H2,pre_rap_project_start,0,1,0.000000,0,1,0.000000,0,1,0.000000,0
33002,2018-06-29,2018H1,pre_rap_project_start,0,1,0.000000,0,1,0.000000,0,1,0.000000,0
33018,2019-03-26,2019H1,pre_rap_project_start,0,1,0.000000,0,1,0.000000,0,1,0.500000,1
33073,2018-03-27,2018H1,pre_rap_project_start,0,1,0.000000,0,1,0.000000,0,1,0.000000,0
33087,2018-09-03,2018H2,pre_rap_project_start,0,1,0.000000,0,1,0.000000,0,1,0.000000,0
33127,2018-04-23,2018H1,pre_rap_project_start,0,1,0.000000,0,1,0.500000,1,1,0.500000,1
33162,2018-06-25,2018H1,pre_rap_project_start,0,1,0.000000,0,1,0.000000,0,1,0.000000,0
33170,2018-09-03,2018H2,pre_rap_project_start,0,1,0.000000,0,1,0.000000,0,1,0.000000,0
33221,2018-06-25,2018H1,pre_rap_project_start,0,1,0.000000,0,1,0.000000,0,1,0.000000,0
33266,2018-07-04,2018H2,pre_rap_project_start,0,1,1.000000,1,1,2.000000,1,1,2.000000,1
33278,2019-02-22,2019H1,pre_rap_project_start,0,1,0.000000,0,1,0.000000,0,1,0.000000,0
33297,2018-07-02,2018H2,pre_rap_project_start,0,1,0.000000,0,1,0.500000,1,1,1.500000,1
33307,2018-10-10,2018H2,pre_rap_project_start,0,1,0.000000,0,1,0.000000,0,1,1.000000,1
33395,2018-02-22,2018H1,pre_rap_project_start,0,1,0.000000,0,1,0.000000,0,1,0.000000,0
33400,2018-11-23,2018H2,pre_rap_project_start,0,1,0.000000,0,1,0.000000,0,1,0.000000,0
33463,2020-03-04,2020H1,pre_rap_project_start,0,1,0.000000,0,1,0.000000,0,1,0.000000,0
33492,2018-09-27,2018H2,pre_rap_project_start,0,1,0.000000,0,1,0.000000,0,1,0.000000,0
33503,2018-04-24,2018H1,pre_rap_project_start,0,1,0.000000,0,1,0.000000,0,1,0.000000,0
33519,2018-07-17,2018H2,pre_rap_project_start,0,1,0.000000,0,1,0.000000,0,1,0.000000,0
33542,2018-07-03,2018H2,pre_rap_project_start,0,1,0.000000,0,1,0.000000,0,1,0.000000,0
33557,2019-04-26,2019H1,pre_rap_project_start,0,1,0.000000,0,1,0.000000,0,1,0.000000,0
33561,2018-11-05,2018H2,pre_rap_project_start,0,1,0.000000,0,1,0.000000,0,1,0.000000,0
33601,2018-02-22,2018H1,pre_rap_project_start,0,1,0.000000,0,1,0.000000,0,1,1.500000,1
33672,2017-06-15,2017H1,pre_rap_project_start,0,1,0.000000,0,1,0.000000,0,1,0.000000,0
33693,2018-08-06,2018H2,pre_rap_project_start,0,1,0.000000,0,1,0.000000,0,1,0.000000,0
33722,2018-09-25,2018H2,pre_rap_project_start,0,1,0.000000,0,1,0.000000,0,1,0.000000,0
33751,2019-05-30,2019H1,pre_rap_project_start,0,1,0.000000,0,1,0.000000,0,1,0.000000,0
33883,2019-02-22,2019H1,pre_rap_project_start,0,1,0.000000,0,1,0.000000,0,1,0.000000,0
33896,2019-03-25,2019H1,pre_rap_project_start,0,1,0.000000,0,1,0.000000,0,1,0.000000,0
33906,2018-09-03,2018H2,pre_rap_project_start,0,1,0.000000,0,1,0.000000,0,1,0.000000,0
33923,2018-04-06,2018H1,pre_rap_project_start,0,1,0.000000,0,1,0.000000,0,1,1.000000,1
33934,2018-08-06,2018H2,pre_rap_project_start,0,1,1.000000,1,1,1.000000,1,1,1.000000,1
33952,2019-01-28,2019H1,pre_rap_project_start,0,1,0.000000,0,1,0.000000,0,1,0.000000,0
33975,2018-07-17,2018H2,pre_rap_project_start,0,1,0.000000,0,1,0.000000,0,1,0.000000,0
33999,2018-06-25,2018H1,pre_rap_project_start,0,1,0.000000,0,1,0.000000,0,1,0.000000,0
34008,2018-06-25,2018H1,pre_rap_project_start,0,1,0.000000,0,1,0.000000,0,1,0.000000,0
34031,2018-04-06,2018H1,pre_rap_project_start,0,1,0.000000,0,1,0.000000,0,1,1.000000,1
34077,2018-10-24,2018H2,pre_rap_project_start,0,1,0.000000,0,1,1.000000,1,1,2.000000,1
34096,2018-06-12,2018H1,pre_rap_project_start,0,1,0.000000,0,1,0.000000,0,1,0.000000,0
34175,2019-02-04,2019H1,pre_rap_project_start,0,1,0.000000,0,1,0.000000,0,1,0.000000,0
34201,2019-05-08,2019H1,pre_rap_project_start,0,1,0.000000,0,1,0.000000,0,1,0.000000,0
34217,2018-09-03,2018H2,pre_rap_project_start,0,1,0.000000,0,1,0.000000,0,1,0.000000,0
34229,2018-02-22,2018H1,pre_rap_project_start,0,1,0.000000,0,1,0.000000,0,1,0.000000,0
34303,2018-07-02,2018H2,pre_rap_project_start,0,1,0.000000,0,1,0.000000,0,1,0.000000,0
34374,2017-02-01,2017H1,pre_rap_project_start,0,1,0.000000,0,1,4.000000,1,1,6.000000,1
34390,2019-01-09,2019H1,pre_rap_project_start,0,1,0.000000,0,1,0.000000,0,1,0.000000,0
34405,2018-09-14,2018H2,pre_rap_project_start,0,1,0.000000,0,1,0.000000,0,1,0.000000,0
34479,2018-06-12,2018H1,pre_rap_project_start,0,1,0.000000,0,1,0.000000,0,1,0.000000,0
34507,2018-12-18,2018H2,pre_rap_project_start,0,1,1.000000,1,1,1.000000,1,1,1.000000,1
34530,2018-09-11,2018H2,pre_rap_project_start,0,1,0.000000,0,1,0.000000,0,1,0.000000,0
34553,2018-06-25,2018H1,pre_rap_project_start,0,1,1.000000,1,1,1.000000,1,1,2.000000,1
34613,2018-04-06,2018H1,pre_rap_project_start,0,1,0.000000,0,1,0.000000,0,1,0.000000,0
34684,2018-07-18,2018H2,pre_rap_project_start,0,1,0.000000,0,1,0.000000,0,1,0.000000,0
34697,2018-05-18,2018H1,pre_rap_project_start,0,1,0.000000,0,1,0.000000,0,1,0.000000,0
34716,2018-09-14,2018H2,pre_rap_project_start,0,1,0.000000,0,1,0.000000,0,1,0.000000,0
34728,2018-05-30,2018H1,pre_rap_project_start,0,1,0.000000,0,1,0.000000,0,1,0.000000,0
34744,2019-03-26,2019H1,pre_rap_project_start,0,1,0.000000,0,1,0.000000,0,1,0.000000,0
34763,2018-08-23,2018H2,pre_rap_project_start,0,1,0.000000,0,1,0.000000,0,1,0.000000,0
34802,2018-09-03,2018H2,pre_rap_project_start,0,1,0.000000,0,1,0.000000,0,1,0.000000,0
34894,2018-08-06,2018H2,pre_rap_project_start,0,1,0.000000,0,1,0.000000,0,1,0.000000,0
34904,2019-02-04,2019H1,pre_rap_project_start,0,1,0.000000,0,1,0.000000,0,1,0.000000,0
34989,2017-07-01,2017H2,pre_rap_project_start,0,1,0.000000,0,1,0.000000,0,1,0.000000,0
34991,2018-05-18,2018H1,pre_rap_project_start,0,1,0.000000,0,1,0.000000,0,1,0.000000,0
35032,2018-07-24,2018H2,pre_rap_project_start,0,1,0.000000,0,1,0.000000,0,1,0.000000,0
35066,2019-03-25,2019H1,pre_rap_project_start,0,1,0.000000,0,1,0.000000,0,1,0.000000,0
35107,2020-01-31,2020H1,pre_rap_project_start,0,1,0.000000,0,1,0.000000,0,1,0.000000,0
35124,2018-08-31,2018H2,pre_rap_project_start,0,1,0.000000,0,1,1.000000,1,1,1.000000,1
35148,2018-09-10,2018H2,pre_rap_project_start,0,1,0.000000,0,1,1.000000,1,1,1.000000,1
35182,2016-11-01,2016H2,pre_rap_project_start,0,1,0.000000,0,1,0.000000,0,1,0.000000,0
35256,2019-11-20,2019H2,pre_rap_project_start,0,1,0.000000,0,1,0.000000,0,1,0.000000,0
35273,2018-07-31,2018H2,pre_rap_project_start,0,1,0.000000,0,1,0.000000,0,1,1.000000,1
35327,2019-03-26,2019H1,pre_rap_project_start,0,1,0.000000,0,1,0.000000,0,1,0.000000,0
35452,2018-04-24,2018H1,pre_rap_project_start,0,1,0.000000,0,1,0.000000,0,1,0.000000,0
35468,2019-02-12,2019H1,pre_rap_project_start,0,1,0.000000,0,1,0.000000,0,1,0.000000,0
35520,2018-06-13,2018H1,pre_rap_project_start,0,1,0.000000,0,1,1.000000,1,1,1.000000,1
35577,2018-12-19,2018H2,pre_rap_project_start,0,1,0.000000,0,1,0.000000,0,1,0.000000,0
35605,2018-04-24,2018H1,pre_rap_project_start,0,1,0.000000,0,1,0.000000,0,1,0.000000,0
35667,2018-07-05,2018H2,pre_rap_project_start,0,1,0.000000,0,1,0.000000,0,1,0.000000,0
35698,2019-06-14,2019H1,pre_rap_project_start,0,1,0.000000,0,1,0.000000,0,1,0.000000,0
35826,2018-07-05,2018H2,pre_rap_project_start,0,1,0.000000,0,1,0.000000,0,1,0.000000,0
35835,2019-01-08,2019H1,pre_rap_project_start,0,1,0.000000,0,1,0.000000,0,1,0.000000,0
35900,2018-11-02,2018H2,pre_rap_project_start,0,1,0.000000,0,1,0.000000,0,1,0.000000,0
35916,2018-09-25,2018H2,pre_rap_project_start,0,1,0.000000,0,1,0.000000,0,1,0.000000,0
35944,2018-12-10,2018H2,pre_rap_project_start,0,1,0.000000,0,1,0.000000,0,1,0.000000,0
35959,2018-07-17,2018H2,pre_rap_project_start,0,1,0.000000,0,1,0.000000,0,1,0.000000,0
36046,2018-11-26,2018H2,pre_rap_project_start,0,1,0.000000,0,1,0.000000,0,1,0.000000,0
36080,2019-02-21,2019H1,pre_rap_project_start,0,1,0.000000,0,1,0.000000,0,1,0.000000,0
36183,2019-02-04,2019H1,pre_rap_project_start,0,1,0.000000,0,1,0.000000,0,1,0.000000,0
36226,2019-12-23,2019H2,pre_rap_project_start,0,1,0.000000,0,1,0.000000,0,1,0.000000,0
36328,2018-12-10,2018H2,pre_rap_project_start,0,1,0.000000,0,1,0.000000,0,1,0.000000,0
36371,2018-11-15,2018H2,pre_rap_project_start,0,1,0.000000,0,1,0.000000,0,1,4.000000,1
36385,2017-07-01,2017H2,pre_rap_project_start,0,1,0.000000,0,1,0.000000,0,1,0.000000,0
36424,2018-07-27,2018H2,pre_rap_project_start,0,1,0.000000,0,1,0.000000,0,1,0.000000,0
36509,2016-08-01,2016H2,pre_rap_project_start,0,1,0.000000,0,1,0.000000,0,1,1.000000,1
36610,2019-06-18,2019H1,pre_rap_project_start,0,1,0.000000,0,1,0.000000,0,1,1.000000,1
36623,2018-05-10,2018H1,pre_rap_project_start,0,1,0.000000,0,1,0.000000,0,1,0.000000,0
36647,2020-05-19,2020H1,pre_rap_project_start,0,1,0.000000,0,1,0.000000,0,1,0.000000,0
36681,2018-10-29,2018H2,pre_rap_project_start,0,1,0.000000,0,1,0.000000,0,1,0.000000,0
36741,2018-07-18,2018H2,pre_rap_project_start,0,1,0.000000,0,1,0.000000,0,1,0.000000,0
36756,2018-07-17,2018H2,pre_rap_project_start,0,1,0.000000,0,1,0.000000,0,1,0.000000,0
36827,2018-05-21,2018H1,pre_rap_project_start,0,1,0.000000,0,1,0.000000,0,1,0.000000,0
36940,2018-07-23,2018H2,pre_rap_project_start,0,1,0.000000,0,1,0.000000,0,1,0.000000,0
36993,2019-12-23,2019H2,pre_rap_project_start,0,1,0.000000,0,1,0.000000,0,1,0.000000,0
37072,2018-09-03,2018H2,pre_rap_project_start,0,1,0.000000,0,1,0.000000,0,1,0.000000,0
37103,2018-10-24,2018H2,pre_rap_project_start,0,1,0.000000,0,1,0.000000,0,1,0.000000,0
37126,2020-03-29,2020H1,pre_rap_project_start,0,1,0.000000,0,1,0.000000,0,1,0.000000,0
37142,2019-01-09,2019H1,pre_rap_project_start,0,1,0.000000,0,1,0.000000,0,1,1.000000,1
37212,2019-10-25,2019H2,pre_rap_project_start,0,1,0.000000,0,1,0.000000,0,1,0.000000,0
37277,2015-09-01,2015H2,pre_rap_project_start,0,1,0.000000,0,1,0.000000,0,1,0.000000,0
37334,2018-11-26,2018H2,pre_rap_project_start,0,1,0.000000,0,1,0.000000,0,1,0.000000,0
37368,2018-06-12,2018H1,pre_rap_project_start,0,1,0.000000,0,1,0.000000,0,1,0.000000,0
37375,2019-05-30,2019H1,pre_rap_project_start,0,1,0.000000,0,1,0.000000,0,1,0.000000,0
37462,2018-12-07,2018H2,pre_rap_project_start,0,1,0.000000,0,1,0.000000,0,1,0.000000,0
37489,2018-08-31,2018H2,pre_rap_project_start,0,1,0.000000,0,1,0.000000,0,1,0.000000,0
37491,2019-02-04,2019H1,pre_rap_project_start,0,1,0.000000,0,1,0.000000,0,1,0.000000,0
37502,2016-04-15,2016H1,pre_rap_project_start,0,1,0.000000,0,1,0.000000,0,1,0.000000,0
37539,2020-03-29,2020H1,pre_rap_project_start,0,1,0.000000,0,1,0.000000,0,1,0.000000,0
37671,2019-05-02,2019H1,pre_rap_project_start,0,1,0.000000,0,1,0.000000,0,1,0.000000,0
37685,2019-06-18,2019H1,pre_rap_project_start,0,1,0.000000,0,1,0.000000,0,1,0.000000,0
37721,2019-02-04,2019H1,pre_rap_project_start,0,1,0.000000,0,1,0.000000,0,1,0.000000,0
37745,2018-10-17,2018H2,pre_rap_project_start,0,1,0.000000,0,1,0.000000,0,1,0.000000,0
37784,2018-04-13,2018H1,pre_rap_project_start,0,1,0.000000,0,1,0.000000,0,1,0.000000,0
37797,2018-02-21,2018H1,pre_rap_project_start,0,1,0.000000,0,1,0.000000,0,1,0.000000,0
40038,2018-11-14,2018H2,pre_rap_project_start,0,1,0.000000,0,1,0.000000,0,1,0.000000,0
40040,2019-06-18,2019H1,pre_rap_project_start,0,1,0.000000,0,1,0.000000,0,1,0.000000,0
40055,2018-09-03,2018H2,pre_rap_project_start,0,1,0.000000,0,1,0.000000,0,1,0.000000,0
40086,2018-06-25,2018H1,pre_rap_project_start,0,1,0.000000,0,1,0.000000,0,1,1.000000,1
40103,2018-07-17,2018H2,pre_rap_project_start,0,1,0.000000,0,1,0.000000,0,1,0.000000,0
40119,2018-09-06,2018H2,pre_rap_project_start,0,1,0.000000,0,1,0.000000,0,1,0.500000,1
40135,2018-07-04,2018H2,pre_rap_project_start,0,1,0.000000,0,1,0.000000,0,1,0.000000,0
40157,2019-02-22,2019H1,pre_rap_project_start,0,1,0.000000,0,1,0.000000,0,1,0.000000,0
40161,2018-09-05,2018H2,pre_rap_project_start,0,1,0.000000,0,1,0.000000,0,1,0.000000,0
40174,2019-09-18,2019H2,pre_rap_project_start,0,1,0.000000,0,1,0.000000,0,1,0.000000,0
40212,2020-08-19,2020H2,pre_rap_project_start,0,1,0.000000,0,1,0.000000,0,1,1.000000,1
40220,2018-08-06,2018H2,pre_rap_project_start,0,1,0.000000,0,1,0.000000,0,1,0.000000,0
40249,2018-11-02,2018H2,pre_rap_project_start,0,1,0.000000,0,1,0.000000,0,1,0.000000,0
40254,2019-01-28,2019H1,pre_rap_project_start,0,1,0.000000,0,1,0.000000,0,1,0.000000,0
40265,2019-04-11,2019H1,pre_rap_project_start,0,1,0.000000,0,1,0.000000,0,1,0.000000,0
40310,2018-11-21,2018H2,pre_rap_project_start,0,1,0.000000,0,1,0.000000,0,1,0.000000,0
40323,2018-05-24,2018H1,pre_rap_project_start,0,1,0.000000,0,1,0.000000,0,1,0.000000,0
40347,2019-03-25,2019H1,pre_rap_project_start,0,1,0.000000,0,1,0.000000,0,1,0.000000,0
40375,2019-01-25,2019H1,pre_rap_project_start,0,1,0.000000,0,1,2.000000,1,1,2.000000,1
40399,2020-08-04,2020H2,pre_rap_project_start,0,1,0.000000,0,1,0.000000,0,1,0.000000,0
40404,2018-08-23,2018H2,pre_rap_project_start,0,1,0.000000,0,1,0.000000,0,1,0.000000,0
40415,2018-10-26,2018H2,pre_rap_project_start,0,1,0.000000,0,1,0.000000,0,1,0.000000,0
40427,2018-06-25,2018H1,pre_rap_project_start,0,1,0.000000,0,1,0.000000,0,1,1.000000,1
40436,2018-07-24,2018H2,pre_rap_project_start,0,1,0.000000,0,1,0.000000,0,1,1.000000,1
40458,2018-08-23,2018H2,pre_rap_project_start,0,1,0.000000,0,1,0.000000,0,1,0.000000,0
40462,2020-01-15,2020H1,pre_rap_project_start,0,1,0.000000,0,1,0.000000,0,1,0.000000,0
40502,2018-08-01,2018H2,pre_rap_project_start,0,1,0.000000,0,1,0.000000,0,1,0.000000,0
40518,2021-07-29,2021H2,pre_rap_project_start,0,1,0.000000,0,1,0.000000,0,1,0.000000,0
40525,2018-06-25,2018H1,pre_rap_project_start,0,1,0.000000,0,1,0.000000,0,1,0.000000,0
40556,2018-09-28,2018H2,pre_rap_project_start,0,1,0.000000,0,1,0.000000,0,1,0.000000,0
40560,2018-10-10,2018H2,pre_rap_project_start,0,1,0.000000,0,1,0.000000,0,1,0.000000,0
40573,2019-01-08,2019H1,pre_rap_project_start,0,1,0.000000,0,1,0.000000,0,1,0.000000,0
40616,2019-02-04,2019H1,pre_rap_project_start,0,1,0.000000,0,1,0.000000,0,1,0.000000,0
40628,2018-08-07,2018H2,pre_rap_project_start,0,1,0.000000,0,1,0.000000,0,1,0.000000,0
40644,2018-10-15,2018H2,pre_rap_project_start,0,1,1.000000,1,1,1.000000,1,1,2.000000,1
40663,2018-12-10,2018H2,pre_rap_project_start,0,1,0.000000,0,1,0.000000,0,1,0.000000,0
40685,2018-11-15,2018H2,pre_rap_project_start,0,1,0.000000,0,1,1.000000,1,1,2.000000,1
40692,2018-08-06,2018H2,pre_rap_project_start,0,1,0.000000,0,1,0.000000,0,1,0.000000,0
40709,2018-08-23,2018H2,pre_rap_project_start,0,1,0.000000,0,1,0.000000,0,1,0.000000,0
40713,2019-01-09,2019H1,pre_rap_project_start,0,1,0.000000,0,1,0.000000,0,1,0.000000,0
40721,2018-12-07,2018H2,pre_rap_project_start,0,1,0.000000,0,1,0.000000,0,1,0.000000,0
40732,2018-12-18,2018H2,pre_rap_project_start,0,1,0.000000,0,1,0.000000,0,1,0.000000,0
40807,2018-09-27,2018H2,pre_rap_project_start,0,1,0.000000,0,1,0.000000,0,1,0.000000,0
40824,2018-09-12,2018H2,pre_rap_project_start,0,1,0.000000,0,1,0.000000,0,1,0.000000,0
40830,2018-08-31,2018H2,pre_rap_project_start,0,1,0.000000,0,1,0.000000,0,1,0.000000,0
40876,2020-02-12,2020H1,pre_rap_project_start,0,1,0.000000,0,1,0.000000,0,1,0.000000,0
40882,2019-08-30,2019H2,pre_rap_project_start,0,1,0.000000,0,1,0.000000,0,1,0.000000,0
40922,2018-10-10,2018H2,pre_rap_project_start,0,1,0.000000,0,1,0.000000,0,1,0.000000,0
40933,2018-09-10,2018H2,pre_rap_project_start,0,1,0.000000,0,1,0.000000,0,1,1.000000,1
40946,2018-10-24,2018H2,pre_rap_project_start,0,1,0.000000,0,1,0.000000,0,1,0.000000,0
40951,2018-09-24,2018H2,pre_rap_project_start,0,1,0.000000,0,1,0.000000,0,1,0.000000,0
40967,2018-07-30,2018H2,pre_rap_project_start,0,1,0.000000,0,1,0.000000,0,1,0.000000,0
40980,2018-10-10,2018H2,pre_rap_project_start,0,1,0.000000,0,1,0.000000,0,1,0.000000,0
41002,2019-05-14,2019H1,pre_rap_project_start,0,1,0.000000,0,1,0.000000,0,1,0.000000,0
41018,2018-10-16,2018H2,pre_rap_project_start,0,1,0.000000,0,1,0.000000,0,1,0.000000,0
41025,2019-02-12,2019H1,pre_rap_project_start,0,1,0.000000,0,1,0.000000,0,1,0.000000,0
41039,2018-08-31,2018H2,pre_rap_project_start,0,1,0.000000,0,1,0.000000,0,1,0.000000,0
41041,2018-06-25,2018H1,pre_rap_project_start,0,1,0.000000,0,1,0.000000,0,1,0.000000,0
41056,2019-01-08,2019H1,pre_rap_project_start,0,1,0.000000,0,1,0.000000,0,1,0.000000,0
41060,2019-12-06,2019H2,pre_rap_project_start,0,1,0.000000,0,1,0.000000,0,1,0.000000,0
41115,2019-01-25,2019H1,pre_rap_project_start,0,1,0.000000,0,1,0.000000,0,1,0.000000,0
41127,2018-10-29,2018H2,pre_rap_project_start,0,1,0.000000,0,1,0.000000,0,1,0.000000,0
41143,2019-02-21,2019H1,pre_rap_project_start,0,1,0.000000,0,1,0.000000,0,1,1.000000,1
41170,2018-12-07,2018H2,pre_rap_project_start,0,1,0.000000,0,1,0.000000,0,1,0.000000,0
41189,2019-07-31,2019H2,pre_rap_project_start,0,1,0.000000,0,1,0.000000,0,1,0.000000,0
41209,2019-02-20,2019H1,pre_rap_project_start,0,1,0.000000,0,1,0.000000,0,1,0.000000,0
41213,2018-11-23,2018H2,pre_rap_project_start,0,1,0.000000,0,1,1.000000,1,1,1.000000,1
41232,2018-06-19,2018H1,pre_rap_project_start,0,1,0.000000,0,1,0.000000,0,1,0.000000,0
41245,2019-05-03,2019H1,pre_rap_project_start,0,1,0.000000,0,1,0.000000,0,1,1.000000,1
41250,2021-01-25,2021H1,pre_rap_project_start,0,1,0.000000,0,1,0.000000,0,1,0.000000,0
41284,2018-12-12,2018H2,pre_rap_project_start,0,1,0.000000,0,1,0.000000,0,1,0.000000,0
41297,2019-05-20,2019H1,pre_rap_project_start,0,1,0.000000,0,1,0.000000,0,1,0.000000,0
41311,2019-05-14,2019H1,pre_rap_project_start,0,1,0.000000,0,1,0.000000,0,1,0.000000,0
41324,2018-12-17,2018H2,pre_rap_project_start,0,1,0.000000,0,1,1.000000,1,1,1.000000,1
41330,2018-09-25,2018H2,pre_rap_project_start,0,1,0.000000,0,1,0.000000,0,1,0.000000,0
41369,2018-10-10,2018H2,pre_rap_project_start,0,1,0.000000,0,1,0.000000,0,1,0.000000,0
41376,2018-09-10,2018H2,pre_rap_project_start,0,1,0.000000,0,1,1.000000,1,1,2.000000,1
41382,2018-08-06,2018H2,pre_rap_project_start,0,1,0.000000,0,1,0.000000,0,1,0.000000,0
41437,2018-09-03,2018H2,pre_rap_project_start,0,1,0.000000,0,1,0.000000,0,1,0.000000,0
41471,2019-02-05,2019H1,pre_rap_project_start,0,1,0.000000,0,1,0.000000,0,1,0.000000,0
41492,2018-11-15,2018H2,pre_rap_project_start,0,1,0.000000,0,1,0.000000,0,1,0.000000,0
41519,2018-09-24,2018H2,pre_rap_project_start,0,1,0.000000,0,1,0.000000,0,1,0.000000,0
41535,2018-08-06,2018H2,pre_rap_project_start,0,1,1.000000,1,1,1.000000,1,1,4.000000,1
41542,2018-07-05,2018H2,pre_rap_project_start,0,1,0.000000,0,1,0.000000,0,1,0.000000,0
41561,2018-10-23,2018H2,pre_rap_project_start,0,1,0.000000,0,1,0.000000,0,1,0.000000,0
41574,2019-03-26,2019H1,pre_rap_project_start,0,1,0.000000,0,1,0.000000,0,1,0.000000,0
41601,2018-11-02,2018H2,pre_rap_project_start,0,1,0.000000,0,1,0.000000,0,1,0.000000,0
41617,2019-01-29,2019H1,pre_rap_project_start,0,1,0.000000,0,1,0.000000,0,1,0.000000,0
41640,2018-06-25,2018H1,pre_rap_project_start,0,1,0.000000,0,1,0.000000,0,1,0.000000,0
41655,2019-04-26,2019H1,pre_rap_project_start,0,1,0.000000,0,1,0.000000,0,1,0.000000,0
41664,2021-05-27,2021H1,pre_rap_project_start,0,1,0.000000,0,1,0.000000,0,1,0.000000,0
41672,2018-09-24,2018H2,pre_rap_project_start,0,1,0.000000,0,1,0.000000,0,1,0.000000,0
41686,2018-07-24,2018H2,pre_rap_project_start,0,1,0.000000,0,1,1.000000,1,1,2.000000,1
41693,2019-06-25,2019H1,pre_rap_project_start,0,1,0.000000,0,1,0.000000,0,1,0.000000,0
41705,2018-09-14,2018H2,pre_rap_project_start,0,1,0.000000,0,1,0.000000,0,1,0.000000,0
41714,2018-09-14,2018H2,pre_rap_project_start,0,1,0.000000,0,1,0.000000,0,1,0.000000,0
41722,2018-08-14,2018H2,pre_rap_project_start,0,1,0.000000,0,1,0.000000,0,1,0.000000,0
41746,2018-12-19,2018H2,pre_rap_project_start,0,1,0.000000,0,1,0.000000,0,1,0.000000,0
41751,2019-08-30,2019H2,pre_rap_project_start,0,1,0.000000,0,1,0.000000,0,1,0.000000,0
41780,2018-11-23,2018H2,pre_rap_project_start,0,1,0.000000,0,1,0.000000,0,1,0.000000,0
41798,2020-12-22,2020H2,pre_rap_project_start,0,1,0.000000,0,1,0.000000,0,1,0.000000,0
41812,2018-11-02,2018H2,pre_rap_project_start,0,1,0.000000,0,1,0.000000,0,1,0.000000,0
41849,2019-04-23,2019H1,pre_rap_project_start,0,1,0.000000,0,1,0.000000,0,1,1.000000,1
41865,2019-03-12,2019H1,pre_rap_project_start,0,1,0.000000,0,1,0.000000,0,1,0.000000,0
41877,2019-02-28,2019H1,pre_rap_project_start,0,1,0.000000,0,1,2.000000,1,1,3.000000,1
41896,2018-09-25,2018H2,pre_rap_project_start,0,1,0.000000,0,1,0.000000,0,1,0.000000,0
41906,2019-03-26,2019H1,pre_rap_project_start,0,1,0.000000,0,1,0.000000,0,1,0.000000,0
41910,2018-08-31,2018H2,pre_rap_project_start,0,1,0.000000,0,1,0.000000,0,1,0.000000,0
41934,2019-07-01,2019H2,pre_rap_project_start,0,1,0.000000,0,1,0.000000,0,1,0.000000,0
41952,2018-11-08,2018H2,pre_rap_project_start,0,1,0.000000,0,1,0.000000,0,1,0.000000,0
41975,2018-11-02,2018H2,pre_rap_project_start,0,1,0.000000,0,1,0.000000,0,1,0.000000,0
41999,2020-03-11,2020H1,pre_rap_project_start,0,1,0.000000,0,1,0.000000,0,1,0.000000,0
42009,2019-05-14,2019H1,pre_rap_project_start,0,1,0.000000,0,1,1.000000,1,1,3.000000,1
42021,2018-12-18,2018H2,pre_rap_project_start,0,1,0.000000,0,1,0.000000,0,1,0.000000,0
42032,2018-10-29,2018H2,pre_rap_project_start,0,1,0.000000,0,1,0.000000,0,1,0.000000,0
42066,2018-08-01,2018H2,pre_rap_project_start,0,1,0.000000,0,1,0.000000,0,1,0.000000,0
42084,2018-07-18,2018H2,pre_rap_project_start,0,1,0.000000,0,1,0.000000,0,1,0.000000,0
42097,2018-07-27,2018H2,pre_rap_project_start,0,1,0.000000,0,1,0.000000,0,1,0.000000,0
42107,2019-03-26,2019H1,pre_rap_project_start,0,1,0.000000,0,1,0.000000,0,1,0.000000,0
42111,2018-10-15,2018H2,pre_rap_project_start,0,1,0.000000,0,1,0.000000,0,1,0.000000,0
42124,2018-11-21,2018H2,pre_rap_project_start,0,1,0.000000,0,1,0.000000,0,1,0.000000,0
42130,2018-08-23,2018H2,pre_rap_project_start,0,1,0.000000,0,1,0.000000,0,1,0.000000,0
42148,2019-08-30,2019H2,pre_rap_project_start,0,1,0.000000,0,1,0.000000,0,1,0.000000,0
42169,2020-09-29,2020H2,pre_rap_project_start,0,1,0.000000,0,1,0.000000,0,1,0.000000,0
42176,2018-10-16,2018H2,pre_rap_project_start,0,1,0.000000,0,1,0.000000,0,1,2.000000,1
42195,2019-02-20,2019H1,pre_rap_project_start,0,1,0.000000,0,1,0.000000,0,1,1.000000,1
42225,2019-02-21,2019H1,pre_rap_project_start,0,1,0.000000,0,1,0.000000,0,1,0.000000,0
42239,2018-08-31,2018H2,pre_rap_project_start,0,1,0.000000,0,1,0.000000,0,1,0.000000,0
42256,2020-07-30,2020H2,pre_rap_project_start,0,1,0.000000,0,1,0.000000,0,1,0.000000,0
42260,2019-07-03,2019H2,pre_rap_project_start,0,1,0.000000,0,1,0.000000,0,1,0.000000,0
42273,2018-09-24,2018H2,pre_rap_project_start,0,1,0.000000,0,1,0.000000,0,1,0.000000,0
42406,2019-01-28,2019H1,pre_rap_project_start,0,1,0.000000,0,1,0.000000,0,1,0.000000,0
42410,2018-10-16,2018H2,pre_rap_project_start,0,1,0.000000,0,1,0.000000,0,1,0.000000,0
42423,2018-10-10,2018H2,pre_rap_project_start,0,1,0.000000,0,1,0.000000,0,1,1.000000,1
42447,2019-04-23,2019H1,pre_rap_project_start,0,1,0.000000,0,1,0.000000,0,1,0.000000,0
42468,2018-10-10,2018H2,pre_rap_project_start,0,1,1.000000,1,1,1.000000,1,1,4.000000,1
42475,2019-03-26,2019H1,pre_rap_project_start,0,1,0.000000,0,1,0.000000,0,1,0.000000,0
42499,2019-02-13,2019H1,pre_rap_project_start,0,1,0.000000,0,1,0.000000,0,1,0.000000,0
42508,2018-10-10,2018H2,pre_rap_project_start,0,1,0.000000,0,1,0.000000,0,1,0.000000,0
42520,2018-12-10,2018H2,pre_rap_project_start,0,1,0.000000,0,1,0.000000,0,1,0.000000,0
42577,2020-07-09,2020H2,pre_rap_project_start,0,1,0.000000,0,1,0.000000,0,1,0.000000,0
42583,2018-11-02,2018H2,pre_rap_project_start,0,1,0.000000,0,1,0.000000,0,1,0.000000,0
42596,2019-01-08,2019H1,pre_rap_project_start,0,1,0.000000,0,1,0.000000,0,1,0.000000,0
42614,2018-09-14,2018H2,pre_rap_project_start,0,1,0.000000,0,1,0.000000,0,1,0.000000,0
42622,2019-05-07,2019H1,pre_rap_project_start,0,1,0.000000,0,1,0.000000,0,1,0.000000,0
42633,2018-11-08,2018H2,pre_rap_project_start,0,1,0.000000,0,1,0.000000,0,1,0.000000,0
42646,2018-08-31,2018H2,pre_rap_project_start,0,1,0.000000,0,1,0.000000,0,1,0.000000,0
42651,2019-01-08,2019H1,pre_rap_project_start,0,1,0.000000,0,1,0.000000,0,1,0.000000,0
42680,2019-03-26,2019H1,pre_rap_project_start,0,1,0.000000,0,1,1.000000,1,1,1.000000,1
42738,2018-09-24,2018H2,pre_rap_project_start,0,1,0.000000,0,1,0.000000,0,1,0.000000,0
42755,2018-12-10,2018H2,pre_rap_project_start,0,1,0.000000,0,1,0.000000,0,1,0.000000,0
42764,2018-07-23,2018H2,pre_rap_project_start,0,1,1.000000,1,1,1.000000,1,1,1.000000,1
42772,2018-10-03,2018H2,pre_rap_project_start,0,1,0.000000,0,1,1.000000,1,1,1.000000,1
42793,2018-12-10,2018H2,pre_rap_project_start,0,1,0.000000,0,1,0.000000,0,1,0.000000,0
42826,2018-11-08,2018H2,pre_rap_project_start,0,1,0.000000,0,1,0.000000,0,1,0.000000,0
42857,2018-09-24,2018H2,pre_rap_project_start,0,1,0.000000,0,1,2.000000,1,1,4.000000,1
42861,2018-10-16,2018H2,pre_rap_project_start,0,1,0.000000,0,1,0.000000,0,1,0.000000,0
42890,2019-02-22,2019H1,pre_rap_project_start,0,1,0.000000,0,1,1.000000,1,1,1.000000,1
43015,2018-09-14,2018H2,pre_rap_project_start,0,1,0.000000,0,1,1.000000,1,1,2.000000,1
43027,2020-02-03,2020H1,pre_rap_project_start,0,1,0.000000,0,1,0.000000,0,1,0.000000,0
43036,2019-05-14,2019H1,pre_rap_project_start,0,1,0.000000,0,1,0.000000,0,1,0.000000,0
43043,2018-12-07,2018H2,pre_rap_project_start,0,1,0.000000,0,1,1.000000,1,1,1.000000,1
43058,2019-05-07,2019H1,pre_rap_project_start,0,1,0.000000,0,1,0.000000,0,1,0.000000,0
43062,2018-12-05,2018H2,pre_rap_project_start,0,1,0.000000,0,1,0.000000,0,1,0.000000,0
43101,2019-05-30,2019H1,pre_rap_project_start,0,1,0.000000,0,1,0.000000,0,1,0.000000,0
43117,2019-02-04,2019H1,pre_rap_project_start,0,1,0.000000,0,1,0.000000,0,1,0.000000,0
43129,2018-10-19,2018H2,pre_rap_project_start,0,1,0.000000,0,1,0.000000,0,1,0.000000,0
43138,2018-09-10,2018H2,pre_rap_project_start,0,1,0.000000,0,1,0.000000,0,1,0.000000,0
43140,2018-10-15,2018H2,pre_rap_project_start,0,1,0.000000,0,1,1.000000,1,1,1.000000,1
43172,2019-11-04,2019H2,pre_rap_project_start,0,1,0.000000,0,1,0.000000,0,1,1.000000,1
43193,2018-10-15,2018H2,pre_rap_project_start,0,1,0.000000,0,1,0.000000,0,1,0.000000,0
43206,2019-04-18,2019H1,pre_rap_project_start,0,1,0.000000,0,1,0.000000,0,1,1.000000,1
43234,2018-12-19,2018H2,pre_rap_project_start,0,1,0.000000,0,1,0.000000,0,1,0.000000,0
43247,2019-03-13,2019H1,pre_rap_project_start,0,1,0.000000,0,1,0.000000,0,1,0.000000,0
43252,2019-02-13,2019H1,pre_rap_project_start,0,1,0.000000,0,1,2.000000,1,1,5.000000,1
43268,2019-04-04,2019H1,pre_rap_project_start,0,1,0.000000,0,1,0.000000,0,1,0.000000,0
43309,2019-04-11,2019H1,pre_rap_project_start,0,1,0.000000,0,1,0.000000,0,1,0.000000,0
43313,2018-11-02,2018H2,pre_rap_project_start,0,1,0.000000,0,1,0.000000,0,1,0.000000,0
43332,2019-10-29,2019H2,pre_rap_project_start,0,1,0.000000,0,1,0.000000,0,1,0.000000,0
43384,2018-11-21,2018H2,pre_rap_project_start,0,1,0.000000,0,1,0.000000,0,1,0.000000,0
43397,2021-04-08,2021H1,pre_rap_project_start,0,1,0.000000,0,1,0.000000,0,1,1.000000,1
43402,2019-01-09,2019H1,pre_rap_project_start,0,1,0.000000,0,1,0.000000,0,1,0.000000,0
43418,2018-12-19,2018H2,pre_rap_project_start,0,1,0.000000,0,1,0.000000,0,1,0.000000,0
43439,2020-06-24,2020H1,pre_rap_project_start,0,1,0.000000,0,1,0.000000,0,1,0.000000,0
43456,2019-03-13,2019H1,pre_rap_project_start,0,1,0.000000,0,1,0.000000,0,1,0.000000,0
43460,2018-10-30,2018H2,pre_rap_project_start,0,1,0.000000,0,1,0.000000,0,1,0.000000,0
43487,2020-01-30,2020H1,pre_rap_project_start,0,1,0.000000,0,1,0.000000,0,1,0.000000,0
43528,2018-11-01,2018H2,pre_rap_project_start,0,1,0.000000,0,1,0.000000,0,1,0.000000,0
43537,2018-11-01,2018H2,pre_rap_project_start,0,1,0.000000,0,1,1.000000,1,1,1.000000,1
43544,2021-01-25,2021H1,pre_rap_project_start,0,1,0.000000,0,1,0.000000,0,1,0.000000,0
43559,2020-09-04,2020H2,pre_rap_project_start,0,1,0.000000,0,1,0.000000,0,1,0.000000,0
43563,2019-11-28,2019H2,pre_rap_project_start,0,1,0.000000,0,1,0.000000,0,1,0.000000,0
43592,2019-01-15,2019H1,pre_rap_project_start,0,1,0.000000,0,1,0.000000,0,1,0.000000,0
43619,2019-03-05,2019H1,pre_rap_project_start,0,1,0.000000,0,1,0.000000,0,1,0.000000,0
43626,2019-01-08,2019H1,pre_rap_project_start,0,1,0.000000,0,1,0.000000,0,1,1.000000,1
43661,2019-03-13,2019H1,pre_rap_project_start,0,1,0.000000,0,1,0.000000,0,1,0.000000,0
43688,2019-01-28,2019H1,pre_rap_project_start,0,1,0.000000,0,1,0.500000,1,1,0.500000,1
43707,2019-03-26,2019H1,pre_rap_project_start,0,1,0.000000,0,1,0.000000,0,1,0.000000,0
43711,2018-12-19,2018H2,pre_rap_project_start,0,1,0.000000,0,1,0.000000,0,1,0.000000,0
43724,2019-02-22,2019H1,pre_rap_project_start,0,1,0.000000,0,1,0.000000,0,1,0.000000,0
43730,2018-12-19,2018H2,pre_rap_project_start,0,1,0.000000,0,1,0.000000,0,1,0.000000,0
43748,2019-01-25,2019H1,pre_rap_project_start,0,1,0.000000,0,1,0.000000,0,1,0.000000,0
43769,2019-10-28,2019H2,pre_rap_project_start,0,1,0.000000,0,1,0.000000,0,1,0.000000,0
43782,2019-03-13,2019H1,pre_rap_project_start,0,1,0.000000,0,1,0.000000,0,1,0.000000,0
43795,2019-01-08,2019H1,pre_rap_project_start,0,1,0.000000,0,1,2.000000,1,1,2.000000,1
43805,2019-07-04,2019H2,pre_rap_project_start,0,1,0.000000,0,1,0.000000,0,1,0.000000,0
43814,2019-03-26,2019H1,pre_rap_project_start,0,1,0.000000,0,1,0.000000,0,1,0.000000,0
43822,2018-12-19,2018H2,pre_rap_project_start,0,1,0.000000,0,1,1.000000,1,1,1.000000,1
43833,2019-06-25,2019H1,pre_rap_project_start,0,1,0.000000,0,1,0.000000,0,1,1.000000,1
43851,2019-03-26,2019H1,pre_rap_project_start,0,1,0.000000,0,1,0.000000,0,1,0.000000,0
43867,2019-04-11,2019H1,pre_rap_project_start,0,1,0.000000,0,1,0.000000,0,1,0.000000,0
43879,2019-09-18,2019H2,pre_rap_project_start,0,1,0.000000,0,1,0.000000,0,1,1.000000,1
43880,2019-07-29,2019H2,pre_rap_project_start,0,1,0.000000,0,1,0.000000,0,1,0.000000,0
43898,2018-11-15,2018H2,pre_rap_project_start,0,1,0.000000,0,1,0.000000,0,1,0.000000,0
43920,2018-11-15,2018H2,pre_rap_project_start,0,1,0.000000,0,1,0.000000,0,1,0.000000,0
43949,2019-12-09,2019H2,pre_rap_project_start,0,1,0.000000,0,1,0.000000,0,1,0.000000,0
43983,2018-11-08,2018H2,pre_rap_project_start,0,1,0.000000,0,1,0.000000,0,1,1.000000,1
44022,2019-10-28,2019H2,pre_rap_project_start,0,1,0.000000,0,1,0.000000,0,1,0.000000,0
44033,2019-05-29,2019H1,pre_rap_project_start,0,1,0.000000,0,1,0.000000,0,1,0.000000,0
44046,2019-06-20,2019H1,pre_rap_project_start,0,1,0.000000,0,1,0.000000,0,1,0.000000,0
44080,2018-12-12,2018H2,pre_rap_project_start,0,1,0.000000,0,1,0.000000,0,1,0.000000,0
44098,2019-03-27,2019H1,pre_rap_project_start,0,1,0.000000,0,1,0.000000,0,1,0.000000,0
44108,2019-03-26,2019H1,pre_rap_project_start,0,1,0.000000,0,1,0.000000,0,1,0.000000,0
44154,2018-09-24,2018H2,pre_rap_project_start,0,1,0.000000,0,1,0.000000,0,1,0.000000,0
44165,2018-11-26,2018H2,pre_rap_project_start,0,1,0.000000,0,1,0.000000,0,1,0.000000,0
44196,2019-05-29,2019H1,pre_rap_project_start,0,1,0.000000,0,1,0.000000,0,1,0.000000,0
44219,2019-03-13,2019H1,pre_rap_project_start,0,1,0.000000,0,1,0.000000,0,1,1.000000,1
44226,2019-01-03,2019H1,pre_rap_project_start,0,1,0.000000,0,1,0.000000,0,1,0.000000,0
44242,2018-11-26,2018H2,pre_rap_project_start,0,1,0.000000,0,1,0.000000,0,1,1.000000,1
44257,2019-01-08,2019H1,pre_rap_project_start,0,1,0.000000,0,1,0.000000,0,1,0.000000,0
44261,2019-05-29,2019H1,pre_rap_project_start,0,1,0.000000,0,1,0.000000,0,1,0.000000,0
44288,2018-11-20,2018H2,pre_rap_project_start,0,1,0.000000,0,1,0.000000,0,1,0.000000,0
44290,2019-04-12,2019H1,pre_rap_project_start,0,1,0.000000,0,1,0.000000,0,1,0.000000,0
44300,2019-01-28,2019H1,pre_rap_project_start,0,1,0.000000,0,1,0.000000,0,1,0.000000,0
44316,2019-05-29,2019H1,pre_rap_project_start,0,1,0.000000,0,1,1.000000,1,1,1.000000,1
44337,2018-12-19,2018H2,pre_rap_project_start,0,1,0.000000,0,1,0.000000,0,1,0.000000,0
44344,2019-01-23,2019H1,pre_rap_project_start,0,1,0.000000,0,1,0.000000,0,1,0.000000,0
44359,2020-01-16,2020H1,pre_rap_project_start,0,1,0.000000,0,1,0.000000,0,1,0.000000,0
44363,2019-07-03,2019H2,pre_rap_project_start,0,1,0.000000,0,1,0.000000,0,1,0.000000,0
44371,2019-01-09,2019H1,pre_rap_project_start,0,1,0.000000,0,1,0.000000,0,1,0.000000,0
44407,2019-03-12,2019H1,pre_rap_project_start,0,1,0.000000,0,1,0.000000,0,1,0.000000,0
44411,2020-08-07,2020H2,pre_rap_project_start,0,1,0.000000,0,1,0.000000,0,1,0.000000,0
44424,2019-02-04,2019H1,pre_rap_project_start,0,1,0.000000,0,1,0.000000,0,1,0.000000,0
44430,2019-07-04,2019H2,pre_rap_project_start,0,1,0.000000,0,1,0.000000,0,1,0.000000,0
44448,2019-03-07,2019H1,pre_rap_project_start,0,1,0.250000,1,1,1.250000,1,1,5.250000,1
44469,2019-09-18,2019H2,pre_rap_project_start,0,1,0.000000,0,1,0.000000,0,1,0.000000,0
44482,2019-05-14,2019H1,pre_rap_project_start,0,1,0.000000,0,1,0.000000,0,1,0.000000,0
44513,2018-11-21,2018H2,pre_rap_project_start,0,1,1.000000,1,1,1.000000,1,1,1.000000,1
44521,2019-01-08,2019H1,pre_rap_project_start,0,1,0.000000,0,1,0.000000,0,1,0.000000,0
44545,2019-03-13,2019H1,pre_rap_project_start,0,1,0.000000,0,1,0.000000,0,1,0.000000,0
44550,2019-05-07,2019H1,pre_rap_project_start,0,1,0.000000,0,1,0.000000,0,1,0.000000,0
44566,2018-11-23,2018H2,pre_rap_project_start,0,1,0.000000,0,1,0.000000,0,1,0.000000,0
44578,2019-03-12,2019H1,pre_rap_project_start,0,1,0.000000,0,1,0.000000,0,1,0.000000,0
44584,2019-01-22,2019H1,pre_rap_project_start,0,1,0.000000,0,1,0.000000,0,1,0.000000,0
44606,2018-10-24,2018H2,pre_rap_project_start,0,1,0.000000,0,1,0.000000,0,1,0.000000,0
44610,2019-03-13,2019H1,pre_rap_project_start,0,1,0.000000,0,1,0.000000,0,1,1.000000,1
44681,2019-02-04,2019H1,pre_rap_project_start,0,1,0.000000,0,1,0.000000,0,1,0.000000,0
44804,2019-03-26,2019H1,pre_rap_project_start,0,1,0.000000,0,1,0.000000,0,1,0.000000,0
44843,2019-02-05,2019H1,pre_rap_project_start,0,1,0.000000,0,1,0.000000,0,1,0.000000,0
44858,2018-11-26,2018H2,pre_rap_project_start,0,1,0.000000,0,1,0.000000,0,1,0.000000,0
44862,2019-09-18,2019H2,pre_rap_project_start,0,1,0.000000,0,1,1.000000,1,1,1.000000,1
44870,2018-11-08,2018H2,pre_rap_project_start,0,1,0.000000,0,1,0.000000,0,1,0.000000,0
44889,2019-01-23,2019H1,pre_rap_project_start,0,1,0.000000,0,1,0.000000,0,1,0.000000,0
44891,2018-12-10,2018H2,pre_rap_project_start,0,1,0.000000,0,1,0.000000,0,1,1.000000,1
44917,2019-01-08,2019H1,pre_rap_project_start,0,1,0.000000,0,1,0.000000,0,1,0.000000,0
44929,2019-07-03,2019H2,pre_rap_project_start,0,1,0.000000,0,1,0.000000,0,1,0.000000,0
44972,2020-03-04,2020H1,pre_rap_project_start,0,1,0.000000,0,1,0.000000,0,1,1.000000,1
44986,2021-03-25,2021H1,pre_rap_project_start,0,1,0.000000,0,1,0.000000,0,1,0.000000,0
45023,2019-05-14,2019H1,pre_rap_project_start,0,1,0.000000,0,1,0.000000,0,1,0.000000,0
45052,2019-01-08,2019H1,pre_rap_project_start,0,1,0.500000,1,1,1.000000,1,1,1.500000,1
45068,2019-01-25,2019H1,pre_rap_project_start,0,1,0.000000,0,1,0.000000,0,1,0.000000,0
45075,2019-03-26,2019H1,pre_rap_project_start,0,1,0.000000,0,1,0.000000,0,1,0.000000,0
45099,2019-04-18,2019H1,pre_rap_project_start,0,1,0.000000,0,1,0.000000,0,1,0.000000,0
45109,2019-12-06,2019H2,pre_rap_project_start,0,1,0.000000,0,1,0.000000,0,1,0.000000,0
45113,2018-12-18,2018H2,pre_rap_project_start,0,1,0.000000,0,1,0.000000,0,1,0.000000,0
45132,2019-05-29,2019H1,pre_rap_project_start,0,1,0.000000,0,1,0.000000,0,1,0.000000,0
45178,2019-10-29,2019H2,pre_rap_project_start,0,1,0.000000,0,1,0.000000,0,1,0.000000,0
45184,2019-09-24,2019H2,pre_rap_project_start,0,1,0.000000,0,1,0.000000,0,1,0.000000,0
45227,2018-12-19,2018H2,pre_rap_project_start,0,1,2.000000,1,1,4.000000,1,1,5.000000,1
45243,2020-10-07,2020H2,pre_rap_project_start,0,1,0.000000,0,1,0.000000,0,1,0.000000,0
45258,2019-03-13,2019H1,pre_rap_project_start,0,1,0.000000,0,1,0.000000,0,1,0.000000,0
45262,2019-02-13,2019H1,pre_rap_project_start,0,1,0.000000,0,1,0.000000,0,1,0.000000,0
45270,2019-12-18,2019H2,pre_rap_project_start,0,1,0.000000,0,1,0.000000,0,1,0.000000,0
45289,2019-03-13,2019H1,pre_rap_project_start,0,1,0.000000,0,1,0.000000,0,1,0.000000,0
45291,2019-01-25,2019H1,pre_rap_project_start,0,1,0.000000,0,1,0.000000,0,1,0.000000,0
45301,2019-02-21,2019H1,pre_rap_project_start,0,1,0.000000,0,1,0.000000,0,1,0.000000,0
45329,2020-04-30,2020H1,pre_rap_project_start,0,1,0.000000,0,1,0.000000,0,1,0.000000,0
45340,2019-03-12,2019H1,pre_rap_project_start,0,1,0.000000,0,1,0.000000,0,1,0.000000,0
45408,2019-01-28,2019H1,pre_rap_project_start,0,1,0.000000,0,1,0.000000,0,1,0.000000,0
45420,2019-07-01,2019H2,pre_rap_project_start,0,1,0.000000,0,1,0.000000,0,1,1.000000,1
45449,2019-07-03,2019H2,pre_rap_project_start,0,1,0.000000,0,1,0.000000,0,1,0.000000,0
45465,2019-07-29,2019H2,pre_rap_project_start,0,1,0.000000,0,1,0.000000,0,1,0.000000,0
45477,2019-05-29,2019H1,pre_rap_project_start,0,1,0.000000,0,1,0.000000,0,1,0.000000,0
45514,2019-08-30,2019H2,pre_rap_project_start,0,1,0.000000,0,1,1.000000,1,1,1.000000,1
45551,2019-12-17,2019H2,pre_rap_project_start,0,1,0.000000,0,1,0.000000,0,1,0.000000,0
45567,2019-07-03,2019H2,pre_rap_project_start,0,1,0.000000,0,1,0.000000,0,1,0.000000,0
45611,2020-08-19,2020H2,pre_rap_project_start,0,1,0.000000,0,1,0.000000,0,1,2.000000,1
45624,2019-02-20,2019H1,pre_rap_project_start,0,1,0.000000,0,1,0.000000,0,1,0.000000,0
45669,2019-03-13,2019H1,pre_rap_project_start,0,1,0.000000,0,1,0.000000,0,1,0.000000,0
45676,2019-05-30,2019H1,pre_rap_project_start,0,1,0.000000,0,1,2.000000,1,1,7.000000,1
45682,2019-03-25,2019H1,pre_rap_project_start,0,1,0.000000,0,1,0.000000,0,1,0.000000,0
45735,2019-06-18,2019H1,pre_rap_project_start,0,1,0.000000,0,1,0.000000,0,1,0.000000,0
45742,2019-05-07,2019H1,pre_rap_project_start,0,1,0.000000,0,1,0.000000,0,1,0.000000,0
45761,2019-05-07,2019H1,pre_rap_project_start,0,1,0.000000,0,1,0.000000,0,1,0.000000,0
45788,2019-10-28,2019H2,pre_rap_project_start,0,1,0.000000,0,1,0.000000,0,1,0.000000,0
45790,2018-10-15,2018H2,pre_rap_project_start,0,1,0.000000,0,1,0.000000,0,1,0.000000,0
45885,2019-08-30,2019H2,pre_rap_project_start,0,1,0.000000,0,1,0.000000,0,1,0.000000,0
45902,2018-11-26,2018H2,pre_rap_project_start,0,1,0.000000,0,1,0.000000,0,1,0.000000,0
45918,2019-03-12,2019H1,pre_rap_project_start,0,1,0.000000,0,1,0.000000,0,1,0.000000,0
45925,2019-09-13,2019H2,pre_rap_project_start,0,1,0.000000,0,1,1.000000,1,1,3.000000,1
45956,2019-08-30,2019H2,pre_rap_project_start,0,1,0.000000,0,1,0.000000,0,1,0.000000,0
45960,2019-04-11,2019H1,pre_rap_project_start,0,1,0.000000,0,1,0.000000,0,1,0.000000,0
45973,2018-12-20,2018H2,pre_rap_project_start,0,1,0.000000,0,1,0.000000,0,1,0.000000,0
45987,2019-04-18,2019H1,pre_rap_project_start,0,1,0.000000,0,1,0.000000,0,1,2.000000,1
45994,2019-02-04,2019H1,pre_rap_project_start,0,1,0.000000,0,1,0.000000,0,1,0.000000,0
46007,2019-05-30,2019H1,pre_rap_project_start,0,1,0.000000,0,1,0.000000,0,1,0.000000,0
46011,2019-11-19,2019H2,pre_rap_project_start,0,1,0.000000,0,1,0.000000,0,1,0.000000,0
46030,2019-02-13,2019H1,pre_rap_project_start,0,1,0.000000,0,1,0.000000,0,1,0.000000,0
46053,2019-01-22,2019H1,pre_rap_project_start,0,1,0.000000,0,1,0.000000,0,1,0.000000,0
46114,2019-11-04,2019H2,pre_rap_project_start,0,1,0.000000,0,1,0.000000,0,1,0.000000,0
46122,2019-04-10,2019H1,pre_rap_project_start,0,1,0.000000,0,1,0.000000,0,1,0.000000,0
46146,2019-05-30,2019H1,pre_rap_project_start,0,1,0.000000,0,1,0.000000,0,1,0.000000,0
46198,2019-04-11,2019H1,pre_rap_project_start,0,1,0.000000,0,1,0.000000,0,1,0.000000,0
46216,2019-01-25,2019H1,pre_rap_project_start,0,1,1.000000,1,1,1.000000,1,1,1.000000,1
46228,2019-11-11,2019H2,pre_rap_project_start,0,1,0.000000,0,1,0.000000,0,1,1.000000,1
46237,2019-05-14,2019H1,pre_rap_project_start,0,1,0.000000,0,1,0.000000,0,1,0.000000,0
46263,2019-04-23,2019H1,pre_rap_project_start,0,1,0.000000,0,1,0.000000,0,1,0.000000,0
46271,2019-02-05,2019H1,pre_rap_project_start,0,1,0.000000,0,1,0.000000,0,1,0.000000,0
46302,2019-05-07,2019H1,pre_rap_project_start,0,1,0.000000,0,1,0.000000,0,1,0.000000,0
46325,2019-02-25,2019H1,pre_rap_project_start,0,1,0.000000,0,1,0.000000,0,1,0.000000,0
46341,2019-10-02,2019H2,pre_rap_project_start,0,1,0.000000,0,1,1.000000,1,1,1.000000,1
46360,2019-04-23,2019H1,pre_rap_project_start,0,1,0.000000,0,1,0.000000,0,1,0.000000,0
46387,2019-06-18,2019H1,pre_rap_project_start,0,1,0.000000,0,1,1.000000,1,1,2.000000,1
46409,2019-05-29,2019H1,pre_rap_project_start,0,1,0.000000,0,1,0.000000,0,1,0.000000,0
46421,2019-06-18,2019H1,pre_rap_project_start,0,1,0.000000,0,1,0.000000,0,1,0.000000,0
46432,2019-05-30,2019H1,pre_rap_project_start,0,1,0.000000,0,1,0.000000,0,1,0.000000,0
46450,2019-06-18,2019H1,pre_rap_project_start,0,1,0.000000,0,1,0.000000,0,1,0.000000,0
46466,2019-05-14,2019H1,pre_rap_project_start,0,1,0.000000,0,1,2.000000,1,1,2.000000,1
46478,2019-02-13,2019H1,pre_rap_project_start,0,1,0.000000,0,1,2.000000,1,1,5.000000,1
46608,2019-03-12,2019H1,pre_rap_project_start,0,1,0.000000,0,1,0.000000,0,1,0.000000,0
46620,2019-09-05,2019H2,pre_rap_project_start,0,1,0.000000,0,1,0.000000,0,1,0.000000,0
46631,2019-06-18,2019H1,pre_rap_project_start,0,1,0.000000,0,1,0.000000,0,1,0.000000,0
46649,2019-03-26,2019H1,pre_rap_project_start,0,1,0.000000,0,1,0.000000,0,1,0.000000,0
46654,2019-06-20,2019H1,pre_rap_project_start,0,1,0.000000,0,1,0.000000,0,1,0.000000,0
46665,2019-07-29,2019H2,pre_rap_project_start,0,1,0.000000,0,1,0.000000,0,1,0.000000,0
46683,2019-05-30,2019H1,pre_rap_project_start,0,1,0.000000,0,1,0.000000,0,1,0.000000,0
46696,2022-02-02,2022H1,pre_rap_project_start,0,1,0.000000,0,1,0.000000,0,1,0.000000,0
46704,2019-08-30,2019H2,pre_rap_project_start,0,1,0.000000,0,1,0.000000,0,1,0.000000,0
46743,2019-03-13,2019H1,pre_rap_project_start,0,1,0.000000,0,1,0.000000,0,1,0.000000,0
46758,2019-05-14,2019H1,pre_rap_project_start,0,1,0.000000,0,1,0.000000,0,1,0.000000,0
46762,2020-02-04,2020H1,pre_rap_project_start,0,1,0.000000,0,1,0.000000,0,1,0.000000,0
46789,2019-04-18,2019H1,pre_rap_project_start,0,1,0.000000,0,1,0.000000,0,1,0.000000,0
46791,2019-05-09,2019H1,pre_rap_project_start,0,1,0.000000,0,1,0.000000,0,1,0.000000,0
46838,2019-03-11,2019H1,pre_rap_project_start,0,1,0.000000,0,1,0.000000,0,1,0.000000,0
46864,2019-04-18,2019H1,pre_rap_project_start,0,1,0.000000,0,1,0.000000,0,1,0.000000,0
46919,2019-11-20,2019H2,pre_rap_project_start,0,1,0.000000,0,1,0.000000,0,1,0.000000,0
46926,2019-03-12,2019H1,pre_rap_project_start,0,1,0.000000,0,1,0.000000,0,1,0.000000,0
46961,2019-05-29,2019H1,pre_rap_project_start,0,1,0.000000,0,1,0.000000,0,1,0.000000,0
47003,2020-02-13,2020H1,pre_rap_project_start,0,1,0.000000,0,1,0.000000,0,1,0.000000,0
47061,2019-03-12,2019H1,pre_rap_project_start,0,1,0.000000,0,1,0.000000,0,1,0.000000,0
47100,2019-10-02,2019H2,pre_rap_project_start,0,1,0.000000,0,1,0.000000,0,1,0.000000,0
47116,2020-02-18,2020H1,pre_rap_project_start,0,1,0.000000,0,1,0.000000,0,1,0.000000,0
47137,2019-02-13,2019H1,pre_rap_project_start,0,1,0.000000,0,1,0.000000,0,1,1.000000,1
47144,2019-02-20,2019H1,pre_rap_project_start,0,1,0.000000,0,1,1.000000,1,1,1.000000,1
47192,2020-01-31,2020H1,pre_rap_project_start,0,1,0.000000,0,1,0.000000,0,1,0.000000,0
47222,2019-04-12,2019H1,pre_rap_project_start,0,1,0.000000,0,1,1.000000,1,1,1.000000,1
47233,2019-03-26,2019H1,pre_rap_project_start,0,1,0.000000,0,1,0.000000,0,1,0.000000,0
47267,2019-03-25,2019H1,pre_rap_project_start,0,1,0.000000,0,1,0.000000,0,1,0.000000,0
47279,2019-08-30,2019H2,pre_rap_project_start,0,1,0.000000,0,1,0.000000,0,1,0.000000,0
47280,2019-05-29,2019H1,pre_rap_project_start,0,1,0.000000,0,1,0.000000,0,1,0.000000,0
47349,2019-08-30,2019H2,pre_rap_project_start,0,1,0.000000,0,1,0.000000,0,1,0.000000,0
47365,2020-03-11,2020H1,pre_rap_project_start,0,1,0.000000,0,1,1.000000,1,1,2.000000,1
47377,2019-07-03,2019H2,pre_rap_project_start,0,1,0.000000,0,1,0.000000,0,1,0.000000,0
47401,2019-05-29,2019H1,pre_rap_project_start,0,1,0.000000,0,1,0.000000,0,1,1.000000,1
47429,2019-03-26,2019H1,pre_rap_project_start,0,1,0.000000,0,1,0.000000,0,1,0.000000,0
47464,2019-07-03,2019H2,pre_rap_project_start,0,1,0.000000,0,1,0.000000,0,1,0.000000,0
47504,2019-09-30,2019H2,pre_rap_project_start,0,1,0.000000,0,1,0.000000,0,1,0.000000,0
47515,2019-02-14,2019H1,pre_rap_project_start,0,1,0.000000,0,1,0.000000,0,1,0.000000,0
47527,2019-12-10,2019H2,pre_rap_project_start,0,1,1.000000,1,1,5.000000,1,1,6.000000,1
47543,2019-04-18,2019H1,pre_rap_project_start,0,1,0.000000,0,1,0.000000,0,1,0.000000,0
47591,2020-03-06,2020H1,pre_rap_project_start,0,1,0.000000,0,1,0.000000,0,1,0.000000,0
47602,2019-04-10,2019H1,pre_rap_project_start,0,1,0.000000,0,1,0.000000,0,1,1.000000,1
47618,2020-04-09,2020H1,pre_rap_project_start,0,1,0.000000,0,1,0.000000,0,1,0.000000,0
47639,2020-08-20,2020H2,pre_rap_project_start,0,1,0.000000,0,1,0.000000,0,1,0.000000,0
47656,2021-03-09,2021H1,pre_rap_project_start,0,1,0.000000,0,1,0.000000,0,1,0.500000,1
47673,2019-05-23,2019H1,pre_rap_project_start,0,1,0.000000,0,1,0.000000,0,1,0.000000,0
47706,2019-06-04,2019H1,pre_rap_project_start,0,1,0.000000,0,1,0.000000,0,1,0.000000,0
47809,2019-07-29,2019H2,pre_rap_project_start,0,1,0.000000,0,1,0.000000,0,1,0.000000,0
47813,2019-04-18,2019H1,pre_rap_project_start,0,1,0.000000,0,1,1.000000,1,1,1.000000,1
47821,2020-01-15,2020H1,pre_rap_project_start,0,1,0.000000,0,1,1.000000,1,1,2.000000,1
47832,2019-06-20,2019H1,pre_rap_project_start,0,1,0.000000,0,1,0.000000,0,1,0.000000,0
47845,2019-05-07,2019H1,pre_rap_project_start,0,1,0.000000,0,1,0.000000,0,1,0.000000,0
47850,2019-04-11,2019H1,pre_rap_project_start,0,1,0.000000,0,1,1.000000,1,1,1.000000,1
47866,2019-11-28,2019H2,pre_rap_project_start,0,1,0.000000,0,1,0.000000,0,1,0.000000,0
47884,2019-05-29,2019H1,pre_rap_project_start,0,1,0.000000,0,1,0.000000,0,1,1.000000,1
47948,2019-04-11,2019H1,pre_rap_project_start,0,1,0.000000,0,1,0.000000,0,1,0.000000,0
47969,2019-03-13,2019H1,pre_rap_project_start,0,1,0.000000,0,1,0.000000,0,1,0.000000,0
47976,2019-04-08,2019H1,pre_rap_project_start,0,1,0.000000,0,1,0.000000,0,1,0.000000,0
47982,2020-07-13,2020H2,pre_rap_project_start,0,1,0.000000,0,1,0.000000,0,1,0.000000,0
48008,2019-06-18,2019H1,pre_rap_project_start,0,1,0.000000,0,1,0.000000,0,1,0.000000,0
48012,2019-07-29,2019H2,pre_rap_project_start,0,1,0.000000,0,1,0.000000,0,1,0.000000,0
48020,2019-04-18,2019H1,pre_rap_project_start,0,1,0.000000,0,1,0.000000,0,1,0.000000,0
48031,2019-07-04,2019H2,pre_rap_project_start,0,1,0.000000,0,1,0.000000,0,1,0.000000,0
48049,2019-07-31,2019H2,pre_rap_project_start,0,1,0.000000,0,1,0.000000,0,1,0.000000,0
48054,2020-05-05,2020H1,pre_rap_project_start,0,1,0.000000,0,1,0.000000,0,1,0.000000,0
48065,2019-06-18,2019H1,pre_rap_project_start,0,1,0.000000,0,1,0.000000,0,1,0.000000,0
48083,2019-03-27,2019H1,pre_rap_project_start,0,1,0.000000,0,1,0.000000,0,1,0.000000,0
48096,2019-05-29,2019H1,pre_rap_project_start,0,1,0.000000,0,1,0.000000,0,1,0.000000,0
48123,2019-06-04,2019H1,pre_rap_project_start,0,1,0.000000,0,1,0.000000,0,1,0.000000,0
48134,2019-09-30,2019H2,pre_rap_project_start,0,1,0.000000,0,1,0.000000,0,1,0.000000,0
48147,2019-03-13,2019H1,pre_rap_project_start,0,1,0.000000,0,1,0.000000,0,1,0.000000,0
48152,2019-06-18,2019H1,pre_rap_project_start,0,1,1.000000,1,1,1.000000,1,1,1.500000,1
48168,2019-07-31,2019H2,pre_rap_project_start,0,1,0.000000,0,1,0.000000,0,1,0.000000,0
48181,2019-06-25,2019H1,pre_rap_project_start,0,1,0.000000,0,1,0.000000,0,1,0.000000,0
48217,2019-05-29,2019H1,pre_rap_project_start,0,1,0.000000,0,1,0.000000,0,1,0.000000,0
48240,2019-04-26,2019H1,pre_rap_project_start,0,1,0.000000,0,1,0.000000,0,1,1.000000,1
48264,2020-03-03,2020H1,pre_rap_project_start,0,1,0.000000,0,1,0.000000,0,1,0.000000,0
48272,2019-03-26,2019H1,pre_rap_project_start,0,1,0.000000,0,1,0.000000,0,1,0.000000,0
48286,2019-06-18,2019H1,pre_rap_project_start,0,1,0.000000,0,1,0.000000,0,1,0.000000,0
48293,2020-07-21,2020H2,pre_rap_project_start,0,1,0.000000,0,1,0.000000,0,1,0.000000,0
48319,2020-08-27,2020H2,pre_rap_project_start,0,1,0.000000,0,1,0.000000,0,1,0.000000,0
48326,2019-03-13,2019H1,pre_rap_project_start,0,1,0.000000,0,1,0.000000,0,1,0.000000,0
48335,2019-08-30,2019H2,pre_rap_project_start,0,1,0.000000,0,1,0.000000,0,1,0.000000,0
48357,2019-07-03,2019H2,pre_rap_project_start,0,1,0.000000,0,1,0.000000,0,1,0.000000,0
48361,2019-12-23,2019H2,pre_rap_project_start,0,1,0.000000,0,1,0.000000,0,1,0.000000,0
48374,2019-07-30,2019H2,pre_rap_project_start,0,1,0.000000,0,1,0.000000,0,1,1.000000,1
48388,2019-05-09,2019H1,pre_rap_project_start,0,1,0.000000,0,1,0.000000,0,1,1.000000,1
48405,2019-04-12,2019H1,pre_rap_project_start,0,1,0.000000,0,1,0.000000,0,1,0.000000,0
48422,2019-05-14,2019H1,pre_rap_project_start,0,1,0.000000,0,1,0.000000,0,1,0.000000,0
48433,2019-06-18,2019H1,pre_rap_project_start,0,1,0.000000,0,1,0.000000,0,1,0.000000,0
48467,2019-05-07,2019H1,pre_rap_project_start,0,1,0.000000,0,1,0.000000,0,1,0.000000,0
48498,2019-11-05,2019H2,pre_rap_project_start,0,1,0.000000,0,1,0.000000,0,1,0.000000,0
48507,2019-12-24,2019H2,pre_rap_project_start,0,1,0.000000,0,1,0.000000,0,1,0.000000,0
48511,2019-04-18,2019H1,pre_rap_project_start,0,1,0.000000,0,1,0.000000,0,1,0.000000,0
48548,2019-12-06,2019H2,pre_rap_project_start,0,1,0.000000,0,1,0.000000,0,1,0.000000,0
48576,2019-07-30,2019H2,pre_rap_project_start,0,1,0.000000,0,1,0.000000,0,1,0.000000,0
48609,2019-05-29,2019H1,pre_rap_project_start,0,1,0.000000,0,1,0.000000,0,1,0.000000,0
48613,2019-11-12,2019H2,pre_rap_project_start,0,1,0.000000,0,1,0.000000,0,1,0.000000,0
48621,2020-01-20,2020H1,pre_rap_project_start,0,1,0.000000,0,1,0.000000,0,1,0.000000,0
48666,2019-06-18,2019H1,pre_rap_project_start,0,1,0.000000,0,1,0.000000,0,1,0.000000,0
48678,2019-05-07,2019H1,pre_rap_project_start,0,1,0.000000,0,1,2.000000,1,1,2.000000,1
48684,2019-05-14,2019H1,pre_rap_project_start,0,1,0.000000,0,1,0.000000,0,1,1.000000,1
48697,2019-07-29,2019H2,pre_rap_project_start,0,1,0.000000,0,1,0.000000,0,1,0.000000,0
48700,2019-07-29,2019H2,pre_rap_project_start,0,1,0.000000,0,1,0.000000,0,1,1.000000,1
48716,2020-06-19,2020H1,pre_rap_project_start,0,1,0.000000,0,1,0.000000,0,1,0.000000,0
48759,2019-06-18,2019H1,pre_rap_project_start,0,1,0.000000,0,1,0.000000,0,1,1.000000,1
48771,2019-05-29,2019H1,pre_rap_project_start,0,1,0.000000,0,1,0.000000,0,1,0.000000,0
48785,2019-05-29,2019H1,pre_rap_project_start,0,1,0.000000,0,1,0.000000,0,1,0.000000,0
48818,2019-07-03,2019H2,pre_rap_project_start,0,1,0.000000,0,1,2.000000,1,1,5.000000,1
48839,2019-10-01,2019H2,pre_rap_project_start,0,1,0.000000,0,1,0.000000,0,1,0.000000,0
48860,2020-03-31,2020H1,pre_rap_project_start,0,1,1.000000,1,1,1.000000,1,1,1.000000,1
48894,2019-08-30,2019H2,pre_rap_project_start,0,1,0.000000,0,1,0.000000,0,1,0.000000,0
48915,2019-04-10,2019H1,pre_rap_project_start,0,1,0.000000,0,1,0.000000,0,1,0.000000,0
48943,2019-10-02,2019H2,pre_rap_project_start,0,1,0.000000,0,1,0.000000,0,1,0.000000,0
48970,2019-11-25,2019H2,pre_rap_project_start,0,1,0.000000,0,1,0.000000,0,1,0.000000,0
48991,2019-04-18,2019H1,pre_rap_project_start,0,1,0.000000,0,1,0.000000,0,1,0.000000,0
49037,2020-10-25,2020H2,pre_rap_project_start,0,1,0.000000,0,1,0.000000,0,1,0.000000,0
49156,2019-05-07,2019H1,pre_rap_project_start,0,1,0.000000,0,1,0.000000,0,1,0.000000,0
49224,2019-08-30,2019H2,pre_rap_project_start,0,1,0.000000,0,1,0.000000,0,1,0.000000,0
49253,2020-03-04,2020H1,pre_rap_project_start,0,1,0.000000,0,1,0.000000,0,1,0.000000,0
49305,2019-08-08,2019H2,pre_rap_project_start,0,1,0.000000,0,1,0.000000,0,1,0.000000,0
49314,2019-11-20,2019H2,pre_rap_project_start,0,1,0.000000,0,1,0.000000,0,1,0.000000,0
49322,2019-05-14,2019H1,pre_rap_project_start,0,1,0.000000,0,1,0.000000,0,1,0.000000,0
49351,2022-01-11,2022H1,pre_rap_project_start,0,1,0.000000,0,1,0.000000,0,1,0.000000,0
49398,2019-08-01,2019H2,pre_rap_project_start,0,1,0.000000,0,1,0.000000,0,1,0.000000,0
49403,2019-07-03,2019H2,pre_rap_project_start,0,1,0.000000,0,1,0.000000,0,1,0.000000,0
49419,2019-07-12,2019H2,pre_rap_project_start,0,1,0.000000,0,1,0.000000,0,1,1.000000,1
49435,2019-08-30,2019H2,pre_rap_project_start,0,1,0.000000,0,1,0.000000,0,1,0.000000,0
49442,2019-06-18,2019H1,pre_rap_project_start,0,1,0.000000,0,1,0.000000,0,1,0.000000,0
49490,2020-02-28,2020H1,pre_rap_project_start,0,1,0.000000,0,1,0.000000,0,1,0.000000,0
49529,2019-10-28,2019H2,pre_rap_project_start,0,1,0.000000,0,1,0.000000,0,1,0.000000,0
49540,2019-07-30,2019H2,pre_rap_project_start,0,1,0.000000,0,1,0.000000,0,1,0.000000,0
49555,2020-03-09,2020H1,pre_rap_project_start,0,1,0.000000,0,1,0.000000,0,1,0.000000,0
49564,2019-07-29,2019H2,pre_rap_project_start,0,1,0.000000,0,1,1.000000,1,1,1.000000,1
49572,2020-01-10,2020H1,pre_rap_project_start,0,1,0.000000,0,1,0.000000,0,1,0.000000,0
49593,2020-09-23,2020H2,pre_rap_project_start,0,1,0.000000,0,1,0.000000,0,1,1.000000,1
49636,2019-09-13,2019H2,pre_rap_project_start,0,1,0.000000,0,1,0.000000,0,1,0.000000,0
49658,2019-06-18,2019H1,pre_rap_project_start,0,1,0.000000,0,1,0.000000,0,1,0.000000,0
49662,2019-07-12,2019H2,pre_rap_project_start,0,1,0.000000,0,1,0.000000,0,1,0.000000,0
49691,2020-01-31,2020H1,pre_rap_project_start,0,1,0.000000,0,1,0.000000,0,1,0.000000,0
49708,2019-06-18,2019H1,pre_rap_project_start,0,1,0.000000,0,1,0.000000,0,1,0.000000,0
49731,2020-02-18,2020H1,pre_rap_project_start,0,1,0.500000,1,1,1.000000,1,1,1.000000,1
49749,2019-09-30,2019H2,pre_rap_project_start,0,1,0.000000,0,1,0.000000,0,1,0.000000,0
49777,2019-09-30,2019H2,pre_rap_project_start,0,1,0.000000,0,1,0.000000,0,1,0.000000,0
49810,2021-01-25,2021H1,pre_rap_project_start,0,1,0.000000,0,1,0.000000,0,1,0.000000,0
49823,2021-01-11,2021H1,pre_rap_project_start,0,1,0.000000,0,1,0.000000,0,1,1.000000,1
49834,2021-03-11,2021H1,pre_rap_project_start,0,1,0.000000,0,1,0.000000,0,1,0.000000,0
49847,2020-04-06,2020H1,pre_rap_project_start,0,1,2.000000,1,1,2.000000,1,1,3.500000,1
49852,2019-10-17,2019H2,pre_rap_project_start,0,1,0.000000,0,1,1.000000,1,1,2.000000,1
49868,2019-11-20,2019H2,pre_rap_project_start,0,1,0.000000,0,1,0.000000,0,1,0.000000,0
49875,2020-04-10,2020H1,pre_rap_project_start,0,1,0.000000,0,1,0.000000,0,1,0.000000,0
49899,2020-01-15,2020H1,pre_rap_project_start,0,1,0.000000,0,1,0.000000,0,1,0.000000,0
49932,2020-04-30,2020H1,pre_rap_project_start,0,1,0.000000,0,1,0.000000,0,1,0.000000,0
49945,2019-05-14,2019H1,pre_rap_project_start,0,1,0.000000,0,1,0.000000,0,1,0.000000,0
49966,2019-05-29,2019H1,pre_rap_project_start,0,1,0.000000,0,1,0.000000,0,1,0.000000,0
49978,2019-10-10,2019H2,pre_rap_project_start,0,1,0.000000,0,1,0.000000,0,1,0.000000,0
50000,2019-05-29,2019H1,pre_rap_project_start,0,1,0.000000,0,1,0.000000,0,1,0.000000,0
50059,2019-07-29,2019H2,pre_rap_project_start,0,1,0.000000,0,1,0.000000,0,1,0.000000,0
50063,2020-01-20,2020H1,pre_rap_project_start,0,1,1.000000,1,1,1.000000,1,1,1.000000,1
50071,2019-09-30,2019H2,pre_rap_project_start,0,1,0.000000,0,1,0.000000,0,1,0.000000,0
50085,2019-10-30,2019H2,pre_rap_project_start,0,1,0.000000,0,1,0.000000,0,1,0.000000,0
50092,2019-11-29,2019H2,pre_rap_project_start,0,1,0.000000,0,1,0.000000,0,1,0.000000,0
50102,2019-11-04,2019H2,pre_rap_project_start,0,1,0.000000,0,1,0.000000,0,1,0.000000,0
50141,2021-03-01,2021H1,pre_rap_project_start,0,1,0.000000,0,1,0.000000,0,1,0.000000,0
50187,2021-02-01,2021H1,pre_rap_project_start,0,1,0.000000,0,1,0.000000,0,1,0.000000,0
50211,2019-09-24,2019H2,pre_rap_project_start,0,1,0.000000,0,1,0.000000,0,1,0.000000,0
50282,2019-06-18,2019H1,pre_rap_project_start,0,1,1.000000,1,1,1.000000,1,1,1.000000,1
50295,2019-08-01,2019H2,pre_rap_project_start,0,1,0.000000,0,1,3.000000,1,1,6.000000,1
50314,2019-08-01,2019H2,pre_rap_project_start,0,1,0.000000,0,1,0.000000,0,1,0.000000,0
50333,2019-07-29,2019H2,pre_rap_project_start,0,1,0.000000,0,1,0.000000,0,1,0.000000,0
50379,2020-04-20,2020H1,pre_rap_project_start,0,1,0.000000,0,1,0.000000,0,1,0.000000,0
50398,2019-06-18,2019H1,pre_rap_project_start,0,1,0.000000,0,1,1.000000,1,1,1.000000,1
50426,2019-07-03,2019H2,pre_rap_project_start,0,1,0.000000,0,1,0.000000,0,1,1.000000,1
50442,2019-07-30,2019H2,pre_rap_project_start,0,1,0.000000,0,1,0.000000,0,1,0.000000,0
50457,2021-08-03,2021H2,pre_rap_project_start,0,1,0.000000,0,1,0.000000,0,1,0.000000,0
50461,2019-11-28,2019H2,pre_rap_project_start,0,1,0.000000,0,1,0.000000,0,1,0.000000,0
50474,2020-02-28,2020H1,pre_rap_project_start,0,1,0.000000,0,1,0.000000,0,1,0.000000,0
50488,2020-02-17,2020H1,pre_rap_project_start,0,1,0.000000,0,1,0.000000,0,1,0.000000,0
50529,2019-06-18,2019H1,pre_rap_project_start,0,1,0.000000,0,1,0.000000,0,1,0.000000,0
50538,2019-05-29,2019H1,pre_rap_project_start,0,1,0.000000,0,1,0.000000,0,1,0.000000,0
50604,2019-08-29,2019H2,pre_rap_project_start,0,1,0.000000,0,1,0.000000,0,1,0.000000,0
50658,2019-10-30,2019H2,pre_rap_project_start,0,1,0.000000,0,1,0.000000,0,1,0.000000,0
50662,2019-05-29,2019H1,pre_rap_project_start,0,1,0.000000,0,1,0.000000,0,1,0.000000,0
50670,2019-08-30,2019H2,pre_rap_project_start,0,1,0.000000,0,1,0.000000,0,1,0.000000,0
50689,2019-10-23,2019H2,pre_rap_project_start,0,1,0.000000,0,1,0.000000,0,1,1.000000,1
50708,2019-10-30,2019H2,pre_rap_project_start,0,1,0.000000,0,1,0.000000,0,1,0.000000,0
50720,2020-01-14,2020H1,pre_rap_project_start,0,1,0.000000,0,1,0.000000,0,1,0.000000,0
50765,2020-07-17,2020H2,pre_rap_project_start,0,1,0.000000,0,1,0.000000,0,1,0.000000,0
50783,2020-01-15,2020H1,pre_rap_project_start,0,1,0.000000,0,1,0.000000,0,1,0.000000,0
50796,2020-03-02,2020H1,pre_rap_project_start,0,1,0.000000,0,1,0.000000,0,1,0.000000,0
50806,2020-03-04,2020H1,pre_rap_project_start,0,1,0.000000,0,1,0.000000,0,1,0.000000,0
50834,2019-11-08,2019H2,pre_rap_project_start,0,1,0.000000,0,1,0.000000,0,1,2.000000,1
50909,2019-07-30,2019H2,pre_rap_project_start,0,1,0.000000,0,1,0.000000,0,1,0.000000,0
50913,2020-01-14,2020H1,pre_rap_project_start,0,1,0.000000,0,1,0.000000,0,1,0.000000,0
50978,2019-10-30,2019H2,pre_rap_project_start,0,1,0.000000,0,1,0.000000,0,1,0.500000,1
51001,2019-10-02,2019H2,pre_rap_project_start,0,1,1.000000,1,1,1.000000,1,1,1.000000,1
51064,2020-03-09,2020H1,pre_rap_project_start,0,1,0.000000,0,1,0.000000,0,1,0.000000,0
51072,2019-07-30,2019H2,pre_rap_project_start,0,1,0.000000,0,1,0.000000,0,1,0.000000,0
51086,2021-09-01,2021H2,pre_rap_project_start,0,1,0.000000,0,1,0.000000,0,1,0.000000,0
51093,2019-11-28,2019H2,pre_rap_project_start,0,1,1.000000,1,1,1.000000,1,1,2.000000,1
51103,2019-10-25,2019H2,pre_rap_project_start,0,1,0.000000,0,1,0.000000,0,1,0.000000,0
51119,2020-03-29,2020H1,pre_rap_project_start,0,1,2.000000,1,1,8.000000,1,1,10.000000,1
51135,2019-07-30,2019H2,pre_rap_project_start,0,1,0.000000,0,1,0.000000,0,1,0.000000,0
51157,2019-11-04,2019H2,pre_rap_project_start,0,1,0.000000,0,1,0.000000,0,1,0.000000,0
51174,2019-07-31,2019H2,pre_rap_project_start,0,1,0.000000,0,1,0.000000,0,1,0.000000,0
51190,2019-10-30,2019H2,pre_rap_project_start,0,1,0.000000,0,1,0.000000,0,1,0.000000,0
51249,2020-03-09,2020H1,pre_rap_project_start,0,1,0.000000,0,1,1.000000,1,1,1.000000,1
51265,2019-09-13,2019H2,pre_rap_project_start,0,1,0.000000,0,1,1.000000,1,1,1.000000,1
51277,2019-11-06,2019H2,pre_rap_project_start,0,1,0.000000,0,1,0.000000,0,1,0.000000,0
51283,2020-02-17,2020H1,pre_rap_project_start,0,1,0.000000,0,1,0.000000,0,1,0.000000,0
51296,2020-03-02,2020H1,pre_rap_project_start,0,1,0.000000,0,1,0.000000,0,1,0.000000,0
51306,2019-09-12,2019H2,pre_rap_project_start,0,1,0.000000,0,1,0.000000,0,1,0.000000,0
51347,2020-03-02,2020H1,pre_rap_project_start,0,1,0.000000,0,1,0.000000,0,1,0.000000,0
51368,2019-11-28,2019H2,pre_rap_project_start,0,1,0.000000,0,1,0.000000,0,1,0.000000,0
51436,2019-05-29,2019H1,pre_rap_project_start,0,1,0.000000,0,1,0.000000,0,1,0.000000,0
51458,2020-01-17,2020H1,pre_rap_project_start,0,1,0.000000,0,1,0.000000,0,1,0.000000,0
51470,2019-07-30,2019H2,pre_rap_project_start,0,1,0.000000,0,1,2.500000,1,1,4.500000,1
51518,2020-01-15,2020H1,pre_rap_project_start,0,1,0.000000,0,1,0.000000,0,1,0.000000,0
51539,2019-11-28,2019H2,pre_rap_project_start,0,1,0.000000,0,1,0.000000,0,1,0.000000,0
51560,2020-01-14,2020H1,pre_rap_project_start,0,1,0.000000,0,1,0.000000,0,1,0.000000,0
51573,2020-04-06,2020H1,pre_rap_project_start,0,1,0.000000,0,1,0.000000,0,1,0.000000,0
51587,2020-03-29,2020H1,pre_rap_project_start,0,1,0.000000,0,1,0.000000,0,1,0.000000,0
51628,2019-12-06,2019H2,pre_rap_project_start,0,1,0.000000,0,1,0.000000,0,1,0.000000,0
51637,2019-11-26,2019H2,pre_rap_project_start,0,1,0.000000,0,1,0.000000,0,1,0.000000,0
51659,2019-07-03,2019H2,pre_rap_project_start,0,1,0.000000,0,1,0.000000,0,1,0.000000,0
51663,2019-08-30,2019H2,pre_rap_project_start,0,1,0.000000,0,1,0.000000,0,1,0.000000,0
51671,2019-07-29,2019H2,pre_rap_project_start,0,1,2.000000,1,1,3.000000,1,1,7.000000,1
51685,2021-02-08,2021H1,pre_rap_project_start,0,1,0.000000,0,1,0.000000,0,1,0.000000,0
51709,2019-11-06,2019H2,pre_rap_project_start,0,1,0.000000,0,1,0.000000,0,1,0.000000,0
51732,2020-06-17,2020H1,pre_rap_project_start,0,1,0.000000,0,1,0.000000,0,1,0.000000,0
51745,2019-11-04,2019H2,pre_rap_project_start,0,1,0.000000,0,1,0.000000,0,1,0.000000,0
51750,2020-01-06,2020H1,pre_rap_project_start,0,1,0.000000,0,1,0.000000,0,1,0.000000,0
51766,2019-07-03,2019H2,pre_rap_project_start,0,1,0.000000,0,1,0.000000,0,1,0.000000,0
51784,2019-12-09,2019H2,pre_rap_project_start,0,1,0.000000,0,1,0.000000,0,1,0.000000,0
51797,2020-03-09,2020H1,pre_rap_project_start,0,1,0.000000,0,1,0.000000,0,1,0.000000,0
51807,2020-03-02,2020H1,pre_rap_project_start,0,1,0.000000,0,1,0.000000,0,1,0.000000,0
51811,2019-08-30,2019H2,pre_rap_project_start,0,1,0.000000,0,1,0.000000,0,1,0.000000,0
51824,2019-07-03,2019H2,pre_rap_project_start,0,1,0.000000,0,1,0.000000,0,1,0.000000,0
51830,2019-09-30,2019H2,pre_rap_project_start,0,1,0.000000,0,1,0.000000,0,1,0.000000,0
51848,2020-01-31,2020H1,pre_rap_project_start,0,1,0.000000,0,1,0.000000,0,1,0.000000,0
51853,2019-07-03,2019H2,pre_rap_project_start,0,1,0.000000,0,1,0.000000,0,1,0.000000,0
51922,2019-08-30,2019H2,pre_rap_project_start,0,1,0.000000,0,1,0.000000,0,1,0.000000,0
51933,2019-08-30,2019H2,pre_rap_project_start,0,1,0.000000,0,1,0.000000,0,1,0.000000,0
51946,2020-03-04,2020H1,pre_rap_project_start,0,1,0.000000,0,1,0.000000,0,1,0.000000,0
51951,2019-08-30,2019H2,pre_rap_project_start,0,1,0.000000,0,1,0.000000,0,1,0.000000,0
51979,2020-05-26,2020H1,pre_rap_project_start,0,1,0.000000,0,1,0.000000,0,1,0.000000,0
51980,2019-07-31,2019H2,pre_rap_project_start,0,1,0.000000,0,1,0.000000,0,1,0.000000,0
51998,2020-03-09,2020H1,pre_rap_project_start,0,1,0.000000,0,1,0.000000,0,1,0.000000,0
52008,2019-09-30,2019H2,pre_rap_project_start,0,1,0.000000,0,1,0.000000,0,1,0.000000,0
52012,2019-06-18,2019H1,pre_rap_project_start,0,1,0.000000,0,1,0.000000,0,1,0.000000,0
52031,2019-07-30,2019H2,pre_rap_project_start,0,1,0.000000,0,1,0.000000,0,1,0.000000,0
52049,2019-08-30,2019H2,pre_rap_project_start,0,1,0.000000,0,1,0.000000,0,1,0.000000,0
52152,2019-10-17,2019H2,pre_rap_project_start,0,1,0.000000,0,1,0.000000,0,1,0.000000,0
52168,2019-12-24,2019H2,pre_rap_project_start,0,1,0.000000,0,1,0.000000,0,1,0.000000,0
52181,2019-09-30,2019H2,pre_rap_project_start,0,1,0.000000,0,1,0.000000,0,1,0.000000,0
52217,2019-07-31,2019H2,pre_rap_project_start,0,1,1.000000,1,1,2.000000,1,1,3.000000,1
52238,2019-09-24,2019H2,pre_rap_project_start,0,1,0.000000,0,1,0.000000,0,1,0.000000,0
52255,2020-03-02,2020H1,pre_rap_project_start,0,1,0.000000,0,1,0.000000,0,1,0.000000,0
52264,2020-01-15,2020H1,pre_rap_project_start,0,1,0.000000,0,1,0.000000,0,1,1.000000,1
52286,2020-08-17,2020H2,pre_rap_project_start,0,1,0.000000,0,1,0.000000,0,1,0.000000,0
52293,2020-02-03,2020H1,pre_rap_project_start,0,1,0.000000,0,1,0.000000,0,1,0.000000,0
52303,2020-08-07,2020H2,pre_rap_project_start,0,1,0.000000,0,1,0.000000,0,1,0.000000,0
52319,2019-09-16,2019H2,pre_rap_project_start,0,1,0.000000,0,1,0.000000,0,1,0.000000,0
52335,2019-12-10,2019H2,pre_rap_project_start,0,1,0.000000,0,1,0.000000,0,1,0.000000,0
52361,2019-10-25,2019H2,pre_rap_project_start,0,1,0.000000,0,1,0.000000,0,1,0.000000,0
52374,2021-08-27,2021H2,pre_rap_project_start,0,1,0.000000,0,1,0.000000,0,1,0.000000,0
52390,2020-01-15,2020H1,pre_rap_project_start,0,1,0.000000,0,1,0.000000,0,1,0.000000,0
52405,2019-11-05,2019H2,pre_rap_project_start,0,1,0.000000,0,1,0.000000,0,1,0.000000,0
52414,2020-06-17,2020H1,pre_rap_project_start,0,1,0.000000,0,1,0.000000,0,1,0.000000,0
52433,2022-02-01,2022H1,pre_rap_project_start,0,1,0.000000,0,1,0.000000,0,1,0.000000,0
52446,2019-11-20,2019H2,pre_rap_project_start,0,1,0.000000,0,1,0.000000,0,1,1.000000,1
52451,2019-09-26,2019H2,pre_rap_project_start,0,1,0.000000,0,1,0.000000,0,1,0.000000,0
52467,2019-11-01,2019H2,pre_rap_project_start,0,1,0.000000,0,1,0.000000,0,1,0.000000,0
52480,2019-09-18,2019H2,pre_rap_project_start,0,1,0.000000,0,1,0.000000,0,1,0.000000,0
52498,2019-10-25,2019H2,pre_rap_project_start,0,1,0.000000,0,1,0.000000,0,1,0.000000,0
52507,2020-03-09,2020H1,pre_rap_project_start,0,1,0.000000,0,1,0.000000,0,1,0.000000,0
52524,2019-09-30,2019H2,pre_rap_project_start,0,1,0.000000,0,1,0.000000,0,1,0.000000,0
52530,2020-01-31,2020H1,pre_rap_project_start,0,1,0.000000,0,1,0.000000,0,1,0.000000,0
52553,2019-10-31,2019H2,pre_rap_project_start,0,1,0.000000,0,1,0.000000,0,1,2.000000,1
52569,2020-07-21,2020H2,pre_rap_project_start,0,1,0.000000,0,1,0.000000,0,1,0.000000,0
52576,2019-09-18,2019H2,pre_rap_project_start,0,1,0.000000,0,1,0.000000,0,1,0.000000,0
52609,2020-04-17,2020H1,pre_rap_project_start,0,1,0.000000,0,1,1.000000,1,1,1.000000,1
52621,2019-10-29,2019H2,pre_rap_project_start,0,1,0.000000,0,1,0.000000,0,1,0.000000,0
52632,2019-11-20,2019H2,pre_rap_project_start,0,1,0.000000,0,1,0.000000,0,1,0.000000,0
52650,2019-08-30,2019H2,pre_rap_project_start,0,1,0.000000,0,1,0.000000,0,1,0.000000,0
52666,2019-10-11,2019H2,pre_rap_project_start,0,1,0.000000,0,1,0.000000,0,1,0.000000,0
52678,2019-10-31,2019H2,pre_rap_project_start,0,1,0.000000,0,1,0.000000,0,1,0.000000,0
52728,2020-03-06,2020H1,pre_rap_project_start,0,1,0.000000,0,1,0.000000,0,1,0.000000,0
52744,2019-11-04,2019H2,pre_rap_project_start,0,1,0.000000,0,1,0.000000,0,1,0.000000,0
52771,2019-10-16,2019H2,pre_rap_project_start,0,1,0.000000,0,1,0.000000,0,1,0.000000,0
52785,2019-11-20,2019H2,pre_rap_project_start,0,1,0.000000,0,1,0.000000,0,1,0.000000,0
52802,2019-11-20,2019H2,pre_rap_project_start,0,1,0.000000,0,1,0.000000,0,1,0.000000,0
52825,2020-03-11,2020H1,pre_rap_project_start,0,1,0.000000,0,1,0.000000,0,1,0.000000,0
52856,2019-11-20,2019H2,pre_rap_project_start,0,1,0.000000,0,1,0.000000,0,1,0.000000,0
52860,2019-12-11,2019H2,pre_rap_project_start,0,1,0.000000,0,1,0.000000,0,1,0.000000,0
52873,2019-10-30,2019H2,pre_rap_project_start,0,1,0.000000,0,1,0.000000,0,1,0.000000,0
52887,2019-09-13,2019H2,pre_rap_project_start,0,1,0.000000,0,1,0.000000,0,1,0.000000,0
52894,2019-11-07,2019H2,pre_rap_project_start,0,1,0.000000,0,1,0.000000,0,1,0.000000,0
52927,2020-01-14,2020H1,pre_rap_project_start,0,1,0.000000,0,1,0.000000,0,1,0.000000,0
52970,2019-11-12,2019H2,pre_rap_project_start,0,1,0.000000,0,1,0.000000,0,1,0.000000,0
52989,2019-09-30,2019H2,pre_rap_project_start,0,1,0.000000,0,1,0.000000,0,1,0.000000,0
53003,2019-10-02,2019H2,pre_rap_project_start,0,1,0.000000,0,1,1.000000,1,1,1.000000,1
53026,2020-04-06,2020H1,pre_rap_project_start,0,1,0.000000,0,1,0.000000,0,1,0.000000,0
53061,2020-02-05,2020H1,pre_rap_project_start,0,1,0.000000,0,1,0.000000,0,1,0.000000,0
53074,2020-01-13,2020H1,pre_rap_project_start,0,1,0.000000,0,1,0.000000,0,1,0.000000,0
53100,2020-04-01,2020H1,pre_rap_project_start,0,1,1.000000,1,1,1.000000,1,1,1.000000,1
53116,2020-02-04,2020H1,pre_rap_project_start,0,1,0.000000,0,1,0.000000,0,1,0.000000,0
53144,2020-04-01,2020H1,pre_rap_project_start,0,1,0.000000,0,1,0.000000,0,1,0.000000,0
53159,2019-12-23,2019H2,pre_rap_project_start,0,1,0.000000,0,1,0.000000,0,1,0.000000,0
53163,2020-02-17,2020H1,pre_rap_project_start,0,1,0.000000,0,1,0.000000,0,1,0.000000,0
53185,2019-12-17,2019H2,pre_rap_project_start,0,1,0.000000,0,1,1.000000,1,1,1.000000,1
53192,2019-12-17,2019H2,pre_rap_project_start,0,1,0.000000,0,1,0.000000,0,1,0.000000,0
53233,2020-11-25,2020H2,pre_rap_project_start,0,1,0.000000,0,1,0.000000,0,1,0.000000,0
53246,2020-03-09,2020H1,pre_rap_project_start,0,1,0.000000,0,1,0.000000,0,1,0.000000,0
53251,2020-04-06,2020H1,pre_rap_project_start,0,1,0.000000,0,1,0.000000,0,1,0.000000,0
53267,2021-01-11,2021H1,pre_rap_project_start,0,1,0.000000,0,1,0.000000,0,1,0.000000,0
53279,2019-12-23,2019H2,pre_rap_project_start,0,1,0.000000,0,1,0.000000,0,1,0.000000,0
53308,2019-09-26,2019H2,pre_rap_project_start,0,1,0.000000,0,1,0.000000,0,1,0.000000,0
53312,2020-01-20,2020H1,pre_rap_project_start,0,1,0.000000,0,1,0.000000,0,1,0.000000,0
53331,2020-10-26,2020H2,pre_rap_project_start,0,1,0.000000,0,1,0.000000,0,1,0.000000,0
53354,2019-10-02,2019H2,pre_rap_project_start,0,1,0.000000,0,1,0.000000,0,1,0.000000,0
53401,2019-11-05,2019H2,pre_rap_project_start,0,1,0.000000,0,1,0.000000,0,1,0.000000,0
53417,2020-02-26,2020H1,pre_rap_project_start,0,1,0.000000,0,1,0.000000,0,1,0.000000,0
53438,2019-11-05,2019H2,pre_rap_project_start,0,1,0.000000,0,1,1.000000,1,1,1.000000,1
53464,2020-01-06,2020H1,pre_rap_project_start,0,1,0.000000,0,1,0.000000,0,1,0.000000,0
53472,2019-11-04,2019H2,pre_rap_project_start,0,1,0.000000,0,1,0.000000,0,1,1.000000,1
53527,2020-09-09,2020H2,pre_rap_project_start,0,1,0.000000,0,1,0.000000,0,1,0.000000,0
53536,2021-05-28,2021H1,pre_rap_project_start,0,1,2.000000,1,1,2.000000,1,1,2.000000,1
53558,2020-02-26,2020H1,pre_rap_project_start,0,1,0.000000,0,1,0.000000,0,1,0.000000,0
53562,2020-03-31,2020H1,pre_rap_project_start,0,1,0.000000,0,1,0.000000,0,1,0.000000,0
53589,2021-01-27,2021H1,pre_rap_project_start,0,1,0.000000,0,1,0.000000,0,1,0.000000,0
53602,2019-10-30,2019H2,pre_rap_project_start,0,1,0.000000,0,1,0.000000,0,1,0.000000,0
53618,2019-10-16,2019H2,pre_rap_project_start,0,1,0.000000,0,1,0.000000,0,1,0.000000,0
53639,2019-08-30,2019H2,pre_rap_project_start,0,1,0.000000,0,1,0.000000,0,1,0.000000,0
53641,2019-12-09,2019H2,pre_rap_project_start,0,1,1.000000,1,1,3.000000,1,1,4.500000,1
53656,2021-01-12,2021H1,pre_rap_project_start,0,1,0.000000,0,1,0.000000,0,1,0.000000,0
53710,2020-06-12,2020H1,pre_rap_project_start,0,1,0.000000,0,1,0.000000,0,1,0.000000,0
53723,2019-12-17,2019H2,pre_rap_project_start,0,1,0.000000,0,1,1.000000,1,1,2.000000,1
53734,2019-12-06,2019H2,pre_rap_project_start,0,1,0.000000,0,1,0.000000,0,1,0.000000,0
53768,2019-11-26,2019H2,pre_rap_project_start,0,1,0.000000,0,1,0.000000,0,1,0.000000,0
53775,2020-03-09,2020H1,pre_rap_project_start,0,1,0.000000,0,1,0.000000,0,1,0.000000,0
53781,2020-01-15,2020H1,pre_rap_project_start,0,1,0.000000,0,1,0.000000,0,1,0.000000,0
53799,2020-02-26,2020H1,pre_rap_project_start,0,1,3.000000,1,1,13.000000,1,1,16.000000,1
53813,2021-03-30,2021H1,pre_rap_project_start,0,1,0.000000,0,1,0.000000,0,1,0.000000,0
53821,2020-03-03,2020H1,pre_rap_project_start,0,1,0.000000,0,1,0.000000,0,1,1.000000,1
53832,2020-03-11,2020H1,pre_rap_project_start,0,1,0.000000,0,1,0.000000,0,1,0.000000,0
53850,2020-02-17,2020H1,pre_rap_project_start,0,1,0.000000,0,1,0.000000,0,1,0.000000,0
53866,2020-04-29,2020H1,pre_rap_project_start,0,1,0.000000,0,1,0.500000,1,1,0.500000,1
53911,2019-11-12,2019H2,pre_rap_project_start,0,1,0.000000,0,1,0.000000,0,1,0.000000,0
53953,2020-02-03,2020H1,pre_rap_project_start,0,1,0.000000,0,1,0.000000,0,1,0.000000,0
53976,2020-01-10,2020H1,pre_rap_project_start,0,1,0.000000,0,1,0.000000,0,1,1.000000,1
53995,2019-10-28,2019H2,pre_rap_project_start,0,1,0.000000,0,1,0.000000,0,1,0.000000,0
54021,2019-10-30,2019H2,pre_rap_project_start,0,1,0.000000,0,1,0.000000,0,1,0.000000,0
54032,2020-02-13,2020H1,pre_rap_project_start,0,1,0.000000,0,1,0.000000,0,1,0.000000,0
54045,2019-10-30,2019H2,pre_rap_project_start,0,1,0.000000,0,1,0.000000,0,1,0.000000,0
54050,2019-12-23,2019H2,pre_rap_project_start,0,1,0.000000,0,1,0.000000,0,1,0.000000,0
54078,2020-02-04,2020H1,pre_rap_project_start,0,1,0.000000,0,1,0.000000,0,1,0.000000,0
54084,2020-05-12,2020H1,pre_rap_project_start,0,1,0.000000,0,1,0.000000,0,1,0.000000,0
54107,2022-10-27,2022H2,pre_rap_project_start,0,1,0.000000,0,1,0.000000,0,1,0.000000,0
54124,2020-01-15,2020H1,pre_rap_project_start,0,1,0.000000,0,1,0.000000,0,1,0.000000,0
54148,2020-02-17,2020H1,pre_rap_project_start,0,1,0.000000,0,1,0.000000,0,1,0.000000,0
54169,2020-04-08,2020H1,pre_rap_project_start,0,1,0.000000,0,1,0.000000,0,1,0.000000,0
54176,2020-11-25,2020H2,pre_rap_project_start,0,1,0.000000,0,1,0.000000,0,1,0.000000,0
54182,2020-04-09,2020H1,pre_rap_project_start,0,1,0.000000,0,1,0.000000,0,1,0.000000,0
54218,2020-01-17,2020H1,pre_rap_project_start,0,1,0.000000,0,1,0.000000,0,1,0.000000,0
54225,2021-05-13,2021H1,pre_rap_project_start,0,1,0.000000,0,1,0.000000,0,1,0.000000,0
54239,2020-09-29,2020H2,pre_rap_project_start,0,1,0.000000,0,1,0.000000,0,1,0.000000,0
54241,2019-10-25,2019H2,pre_rap_project_start,0,1,0.000000,0,1,0.000000,0,1,0.000000,0
54273,2020-02-17,2020H1,pre_rap_project_start,0,1,0.000000,0,1,0.000000,0,1,0.000000,0
54287,2020-01-15,2020H1,pre_rap_project_start,0,1,0.000000,0,1,0.000000,0,1,0.000000,0
54294,2019-10-02,2019H2,pre_rap_project_start,0,1,0.000000,0,1,0.000000,0,1,1.000000,1
54304,2020-05-04,2020H1,pre_rap_project_start,0,1,0.000000,0,1,0.000000,0,1,0.000000,0
54315,2020-01-15,2020H1,pre_rap_project_start,0,1,0.000000,0,1,0.000000,0,1,0.000000,0
54327,2019-11-20,2019H2,pre_rap_project_start,0,1,0.000000,0,1,0.000000,0,1,0.000000,0
54336,2019-09-25,2019H2,pre_rap_project_start,0,1,0.000000,0,1,1.000000,1,1,1.000000,1
54343,2019-10-30,2019H2,pre_rap_project_start,0,1,0.000000,0,1,0.000000,0,1,0.000000,0
54358,2020-03-02,2020H1,pre_rap_project_start,0,1,0.000000,0,1,0.000000,0,1,0.000000,0
54389,2020-06-09,2020H1,pre_rap_project_start,0,1,0.000000,0,1,0.000000,0,1,0.000000,0
54406,2020-03-02,2020H1,pre_rap_project_start,0,1,0.000000,0,1,0.000000,0,1,0.000000,0
54410,2020-03-06,2020H1,pre_rap_project_start,0,1,0.000000,0,1,0.000000,0,1,0.000000,0
54423,2020-03-11,2020H1,pre_rap_project_start,0,1,0.000000,0,1,0.000000,0,1,0.000000,0
54520,2020-02-04,2020H1,pre_rap_project_start,0,1,0.000000,0,1,0.000000,0,1,0.000000,0
54531,2020-02-17,2020H1,pre_rap_project_start,0,1,0.000000,0,1,0.000000,0,1,0.000000,0
54614,2021-02-12,2021H1,pre_rap_project_start,0,1,0.000000,0,1,0.000000,0,1,0.000000,0
54622,2020-01-20,2020H1,pre_rap_project_start,0,1,0.000000,0,1,0.000000,0,1,0.000000,0
54633,2020-03-03,2020H1,pre_rap_project_start,0,1,1.000000,1,1,2.000000,1,1,3.000000,1
54646,2020-05-14,2020H1,pre_rap_project_start,0,1,0.000000,0,1,0.000000,0,1,0.000000,0
54679,2022-10-19,2022H2,pre_rap_project_start,0,1,0.000000,0,1,0.000000,0,1,0.000000,0
54680,2019-11-28,2019H2,pre_rap_project_start,0,1,1.000000,1,1,1.000000,1,1,1.000000,1
54698,2020-02-17,2020H1,pre_rap_project_start,0,1,0.000000,0,1,0.000000,0,1,0.000000,0
54701,2020-03-09,2020H1,pre_rap_project_start,0,1,0.000000,0,1,0.000000,0,1,0.000000,0
54717,2020-01-15,2020H1,pre_rap_project_start,0,1,0.000000,0,1,0.000000,0,1,0.000000,0
54738,2020-06-09,2020H1,pre_rap_project_start,0,1,0.000000,0,1,0.000000,0,1,0.000000,0
54764,2020-03-09,2020H1,pre_rap_project_start,0,1,0.000000,0,1,0.000000,0,1,0.000000,0
54772,2020-02-13,2020H1,pre_rap_project_start,0,1,0.000000,0,1,0.000000,0,1,0.000000,0
54803,2019-10-29,2019H2,pre_rap_project_start,0,1,1.000000,1,1,1.000000,1,1,4.000000,1
54835,2019-11-04,2019H2,pre_rap_project_start,0,1,0.000000,0,1,0.000000,0,1,0.000000,0
54861,2020-04-06,2020H1,pre_rap_project_start,0,1,0.000000,0,1,0.000000,0,1,0.000000,0
54874,2020-04-29,2020H1,pre_rap_project_start,0,1,0.000000,0,1,0.000000,0,1,0.000000,0
54888,2020-01-15,2020H1,pre_rap_project_start,0,1,0.000000,0,1,0.000000,0,1,0.000000,0
54916,2019-10-30,2019H2,pre_rap_project_start,0,1,0.000000,0,1,0.000000,0,1,0.000000,0
54928,2020-01-31,2020H1,pre_rap_project_start,0,1,0.000000,0,1,0.000000,0,1,1.000000,1
54944,2020-05-07,2020H1,pre_rap_project_start,0,1,0.000000,0,1,0.000000,0,1,0.000000,0
54985,2020-01-15,2020H1,pre_rap_project_start,0,1,0.000000,0,1,0.000000,0,1,0.000000,0
55005,2020-01-14,2020H1,pre_rap_project_start,0,1,0.000000,0,1,0.000000,0,1,1.000000,1
55014,2020-01-31,2020H1,pre_rap_project_start,0,1,0.000000,0,1,0.000000,0,1,0.000000,0
55046,2020-01-14,2020H1,pre_rap_project_start,0,1,0.000000,0,1,0.000000,0,1,0.000000,0
55051,2021-03-01,2021H1,pre_rap_project_start,0,1,0.000000,0,1,0.000000,0,1,0.000000,0
55067,2020-08-20,2020H2,pre_rap_project_start,0,1,0.000000,0,1,0.000000,0,1,0.000000,0
55079,2020-06-12,2020H1,pre_rap_project_start,0,1,0.000000,0,1,0.000000,0,1,0.000000,0
55080,2020-06-09,2020H1,pre_rap_project_start,0,1,0.000000,0,1,0.000000,0,1,0.000000,0
55108,2020-01-06,2020H1,pre_rap_project_start,0,1,0.000000,0,1,0.000000,0,1,1.000000,1
55120,2020-03-11,2020H1,pre_rap_project_start,0,1,0.000000,0,1,0.000000,0,1,1.000000,1
55149,2020-03-23,2020H1,pre_rap_project_start,0,1,0.000000,0,1,0.000000,0,1,0.000000,0
55154,2020-03-04,2020H1,pre_rap_project_start,0,1,0.000000,0,1,0.000000,0,1,0.000000,0
55177,2019-11-26,2019H2,pre_rap_project_start,0,1,1.000000,1,1,1.000000,1,1,3.000000,1
55183,2019-11-25,2019H2,pre_rap_project_start,0,1,0.000000,0,1,0.000000,0,1,0.000000,0
55219,2020-04-02,2020H1,pre_rap_project_start,0,1,0.000000,0,1,0.000000,0,1,1.000000,1
55226,2020-11-25,2020H2,pre_rap_project_start,0,1,0.000000,0,1,0.000000,0,1,0.000000,0
55235,2022-04-26,2022H1,pre_rap_project_start,0,1,0.500000,1,1,0.500000,1,1,0.500000,1
55257,2020-06-12,2020H1,pre_rap_project_start,0,1,0.000000,0,1,0.000000,0,1,1.000000,1
55274,2020-03-03,2020H1,pre_rap_project_start,0,1,0.000000,0,1,0.000000,0,1,0.000000,0
55288,2019-11-29,2019H2,pre_rap_project_start,0,1,0.000000,0,1,0.000000,0,1,0.000000,0
55337,2020-04-01,2020H1,pre_rap_project_start,0,1,0.000000,0,1,0.000000,0,1,0.000000,0
55371,2020-03-09,2020H1,pre_rap_project_start,0,1,0.000000,0,1,0.000000,0,1,0.000000,0
55385,2020-02-17,2020H1,pre_rap_project_start,0,1,0.000000,0,1,0.000000,0,1,0.000000,0
55392,2019-11-28,2019H2,pre_rap_project_start,0,1,1.000000,1,1,1.000000,1,1,2.000000,1
55407,2019-11-28,2019H2,pre_rap_project_start,0,1,0.000000,0,1,0.000000,0,1,0.000000,0
55411,2021-01-25,2021H1,pre_rap_project_start,0,1,0.000000,0,1,0.000000,0,1,0.000000,0
55469,2020-02-28,2020H1,pre_rap_project_start,0,1,0.000000,0,1,0.000000,0,1,0.000000,0
55482,2023-01-26,2023H1,pre_rap_project_start,0,1,0.000000,0,1,0.000000,0,1,0.000000,0
55495,2019-12-09,2019H2,pre_rap_project_start,0,1,0.000000,0,1,0.000000,0,1,1.000000,1
55513,2020-03-03,2020H1,pre_rap_project_start,0,1,0.000000,0,1,0.000000,0,1,0.000000,0
55521,2020-01-15,2020H1,pre_rap_project_start,0,1,0.000000,0,1,1.000000,1,1,2.000000,1
55532,2020-02-04,2020H1,pre_rap_project_start,0,1,0.000000,0,1,0.000000,0,1,0.000000,0
55606,2020-05-01,2020H1,pre_rap_project_start,0,1,0.000000,0,1,0.000000,0,1,0.000000,0
55623,2020-04-08,2020H1,pre_rap_project_start,0,1,0.000000,0,1,0.000000,0,1,0.000000,0
55634,2020-03-09,2020H1,pre_rap_project_start,0,1,0.000000,0,1,0.000000,0,1,0.000000,0
55647,2020-02-04,2020H1,pre_rap_project_start,0,1,0.000000,0,1,0.000000,0,1,0.000000,0
55652,2019-11-20,2019H2,pre_rap_project_start,0,1,0.000000,0,1,0.000000,0,1,0.000000,0
55668,2020-01-16,2020H1,pre_rap_project_start,0,1,0.000000,0,1,2.000000,1,1,5.000000,1
55681,2020-02-03,2020H1,pre_rap_project_start,0,1,0.000000,0,1,0.000000,0,1,0.000000,0
55699,2020-02-04,2020H1,pre_rap_project_start,0,1,0.000000,0,1,0.000000,0,1,0.000000,0
55718,2020-03-29,2020H1,pre_rap_project_start,0,1,0.000000,0,1,0.000000,0,1,0.000000,0
55725,2020-02-17,2020H1,pre_rap_project_start,0,1,0.000000,0,1,0.000000,0,1,0.000000,0
55739,2020-03-29,2020H1,pre_rap_project_start,0,1,0.000000,0,1,0.000000,0,1,0.000000,0
55741,2021-07-20,2021H2,pre_rap_project_start,0,1,0.000000,0,1,0.000000,0,1,0.000000,0
55787,2020-06-26,2020H1,pre_rap_project_start,0,1,0.000000,0,1,0.000000,0,1,0.000000,0
55794,2020-02-04,2020H1,pre_rap_project_start,0,1,1.000000,1,1,3.000000,1,1,3.000000,1
55836,2020-11-02,2020H2,pre_rap_project_start,0,1,0.000000,0,1,0.000000,0,1,0.000000,0
55843,2019-12-06,2019H2,pre_rap_project_start,0,1,0.000000,0,1,0.000000,0,1,1.000000,1
55858,2020-01-20,2020H1,pre_rap_project_start,0,1,0.000000,0,1,2.000000,1,1,2.000000,1
55862,2020-01-31,2020H1,pre_rap_project_start,0,1,0.000000,0,1,0.000000,0,1,0.000000,0
55870,2020-03-02,2020H1,pre_rap_project_start,0,1,0.000000,0,1,0.000000,0,1,0.000000,0
55889,2019-12-10,2019H2,pre_rap_project_start,0,1,0.000000,0,1,0.000000,0,1,0.000000,0
55891,2020-06-17,2020H1,pre_rap_project_start,0,1,0.000000,0,1,0.000000,0,1,0.000000,0
55901,2020-02-17,2020H1,pre_rap_project_start,0,1,0.000000,0,1,0.000000,0,1,0.000000,0
55917,2021-04-27,2021H1,pre_rap_project_start,0,1,0.000000,0,1,0.000000,0,1,3.000000,1
55929,2020-03-09,2020H1,pre_rap_project_start,0,1,0.000000,0,1,0.000000,0,1,0.000000,0
55955,2020-06-24,2020H1,pre_rap_project_start,0,1,1.000000,1,1,2.000000,1,1,2.000000,1
55964,2020-04-21,2020H1,pre_rap_project_start,0,1,0.000000,0,1,0.000000,0,1,0.000000,0
55986,2020-04-23,2020H1,pre_rap_project_start,0,1,0.000000,0,1,0.000000,0,1,0.000000,0
55993,2020-03-23,2020H1,pre_rap_project_start,0,1,0.000000,0,1,0.000000,0,1,0.000000,0
56010,2019-11-20,2019H2,pre_rap_project_start,0,1,0.000000,0,1,0.000000,0,1,0.000000,0
56047,2020-03-11,2020H1,pre_rap_project_start,0,1,0.000000,0,1,0.000000,0,1,0.000000,0
56052,2020-09-02,2020H2,pre_rap_project_start,0,1,0.000000,0,1,0.000000,0,1,0.000000,0
56068,2020-06-24,2020H1,pre_rap_project_start,0,1,0.000000,0,1,0.000000,0,1,0.000000,0
56075,2021-08-27,2021H2,pre_rap_project_start,0,1,0.000000,0,1,0.000000,0,1,0.000000,0
56109,2020-02-28,2020H1,pre_rap_project_start,0,1,0.000000,0,1,0.000000,0,1,0.000000,0
56113,2019-12-06,2019H2,pre_rap_project_start,0,1,0.000000,0,1,0.000000,0,1,0.000000,0
56132,2020-06-12,2020H1,pre_rap_project_start,0,1,0.000000,0,1,0.000000,0,1,0.000000,0
56145,2020-08-18,2020H2,pre_rap_project_start,0,1,0.000000,0,1,0.000000,0,1,0.000000,0
56197,2020-09-01,2020H2,pre_rap_project_start,0,1,0.000000,0,1,0.000000,0,1,0.000000,0
56236,2020-08-04,2020H2,pre_rap_project_start,0,1,0.000000,0,1,0.000000,0,1,0.000000,0
56243,2020-09-01,2020H2,pre_rap_project_start,0,1,0.000000,0,1,0.000000,0,1,0.000000,0
56270,2020-02-17,2020H1,pre_rap_project_start,0,1,0.000000,0,1,3.000000,1,1,3.000000,1
56317,2020-04-01,2020H1,pre_rap_project_start,0,1,0.000000,0,1,0.000000,0,1,0.000000,0
56329,2020-03-09,2020H1,pre_rap_project_start,0,1,0.000000,0,1,0.000000,0,1,0.000000,0
56338,2020-07-30,2020H2,pre_rap_project_start,0,1,0.000000,0,1,0.000000,0,1,0.000000,0
56340,2020-03-04,2020H1,pre_rap_project_start,0,1,1.000000,1,1,1.000000,1,1,3.000000,1
56355,2020-08-25,2020H2,pre_rap_project_start,0,1,0.000000,0,1,0.000000,0,1,0.000000,0
56386,2020-03-06,2020H1,pre_rap_project_start,0,1,0.000000,0,1,0.000000,0,1,0.000000,0
56393,2020-01-14,2020H1,pre_rap_project_start,0,1,0.000000,0,1,0.000000,0,1,0.000000,0
56412,2020-05-29,2020H1,pre_rap_project_start,0,1,0.000000,0,1,0.000000,0,1,0.000000,0
56431,2020-06-24,2020H1,pre_rap_project_start,0,1,0.000000,0,1,0.000000,0,1,0.000000,0
56454,2021-02-16,2021H1,pre_rap_project_start,0,1,0.000000,0,1,0.000000,0,1,0.000000,0
56465,2020-09-14,2020H2,pre_rap_project_start,0,1,0.000000,0,1,0.000000,0,1,0.000000,0
56483,2019-12-24,2019H2,pre_rap_project_start,0,1,0.000000,0,1,1.000000,1,1,1.000000,1
56514,2020-03-11,2020H1,pre_rap_project_start,0,1,0.000000,0,1,2.000000,1,1,3.000000,1
56522,2020-04-21,2020H1,pre_rap_project_start,0,1,0.000000,0,1,0.000000,0,1,0.000000,0
56533,2020-01-15,2020H1,pre_rap_project_start,0,1,0.000000,0,1,0.000000,0,1,0.000000,0
56546,2020-01-31,2020H1,pre_rap_project_start,0,1,0.000000,0,1,1.000000,1,1,1.000000,1
56579,2020-04-30,2020H1,pre_rap_project_start,0,1,0.000000,0,1,0.000000,0,1,0.000000,0
56580,2020-09-22,2020H2,pre_rap_project_start,0,1,0.000000,0,1,0.000000,0,1,0.000000,0
56598,2020-01-27,2020H1,pre_rap_project_start,0,1,0.000000,0,1,0.000000,0,1,0.000000,0
56607,2020-10-13,2020H2,pre_rap_project_start,0,1,0.000000,0,1,0.000000,0,1,1.000000,1
56648,2020-08-19,2020H2,pre_rap_project_start,0,1,0.000000,0,1,0.000000,0,1,0.000000,0
56653,2020-02-04,2020H1,pre_rap_project_start,0,1,0.000000,0,1,0.000000,0,1,0.000000,0
56719,2020-01-06,2020H1,pre_rap_project_start,0,1,0.000000,0,1,0.000000,0,1,0.000000,0
56726,2020-03-11,2020H1,pre_rap_project_start,0,1,0.000000,0,1,0.000000,0,1,1.000000,1
56735,2020-03-03,2020H1,pre_rap_project_start,0,1,0.000000,0,1,0.000000,0,1,0.000000,0
56757,2020-03-06,2020H1,pre_rap_project_start,0,1,0.000000,0,1,0.000000,0,1,0.000000,0
56761,2020-08-10,2020H2,pre_rap_project_start,0,1,0.000000,0,1,0.000000,0,1,0.000000,0
56774,2020-04-01,2020H1,pre_rap_project_start,0,1,0.000000,0,1,0.000000,0,1,0.000000,0
56800,2020-03-31,2020H1,pre_rap_project_start,0,1,0.000000,0,1,0.000000,0,1,0.000000,0
56828,2021-01-28,2021H1,pre_rap_project_start,0,1,0.000000,0,1,0.000000,0,1,0.000000,0
56837,2020-03-31,2020H1,pre_rap_project_start,0,1,0.000000,0,1,0.000000,0,1,1.000000,1
56844,2020-02-26,2020H1,pre_rap_project_start,0,1,0.000000,0,1,0.000000,0,1,0.000000,0
56859,2020-02-26,2020H1,pre_rap_project_start,0,1,0.000000,0,1,0.000000,0,1,0.000000,0
56885,2020-04-30,2020H1,pre_rap_project_start,0,1,0.000000,0,1,0.000000,0,1,0.000000,0
56892,2020-06-01,2020H1,pre_rap_project_start,0,1,0.000000,0,1,0.000000,0,1,0.000000,0
56902,2020-03-02,2020H1,pre_rap_project_start,0,1,0.000000,0,1,0.000000,0,1,2.000000,1
56925,2020-03-23,2020H1,pre_rap_project_start,0,1,0.000000,0,1,0.000000,0,1,1.000000,1
56941,2020-08-19,2020H2,pre_rap_project_start,0,1,0.000000,0,1,0.000000,0,1,0.000000,0
56987,2020-01-14,2020H1,pre_rap_project_start,0,1,0.000000,0,1,1.000000,1,1,2.000000,1
56994,2020-03-02,2020H1,pre_rap_project_start,0,1,0.000000,0,1,0.000000,0,1,0.000000,0
57041,2020-04-21,2020H1,pre_rap_project_start,0,1,0.000000,0,1,1.000000,1,1,2.000000,1
57060,2020-04-03,2020H1,pre_rap_project_start,0,1,0.000000,0,1,0.000000,0,1,0.000000,0
57087,2020-03-09,2020H1,pre_rap_project_start,0,1,0.000000,0,1,0.000000,0,1,0.000000,0
57127,2021-02-22,2021H1,pre_rap_project_start,0,1,0.000000,0,1,0.000000,0,1,0.000000,0
57136,2020-04-30,2020H1,pre_rap_project_start,0,1,0.000000,0,1,0.000000,0,1,0.000000,0
57143,2020-03-31,2020H1,pre_rap_project_start,0,1,0.000000,0,1,0.000000,0,1,0.000000,0
57170,2020-03-11,2020H1,pre_rap_project_start,0,1,0.000000,0,1,0.000000,0,1,0.000000,0
57189,2020-03-09,2020H1,pre_rap_project_start,0,1,0.000000,0,1,0.000000,0,1,0.000000,0
57213,2020-03-09,2020H1,pre_rap_project_start,0,1,0.000000,0,1,0.000000,0,1,0.000000,0
57232,2020-04-30,2020H1,pre_rap_project_start,0,1,0.000000,0,1,0.000000,0,1,0.000000,0
57245,2020-08-13,2020H2,pre_rap_project_start,0,1,6.000000,1,1,12.000000,1,1,18.000000,1
57266,2020-03-09,2020H1,pre_rap_project_start,0,1,0.000000,0,1,0.000000,0,1,1.000000,1
57284,2020-03-09,2020H1,pre_rap_project_start,0,1,0.000000,0,1,1.000000,1,1,2.000000,1
57353,2020-10-07,2020H2,pre_rap_project_start,0,1,0.000000,0,1,0.000000,0,1,0.000000,0
57382,2020-09-14,2020H2,pre_rap_project_start,0,1,0.000000,0,1,0.000000,0,1,0.000000,0
57400,2020-06-09,2020H1,pre_rap_project_start,0,1,0.000000,0,1,0.000000,0,1,0.000000,0
57428,2020-01-07,2020H1,pre_rap_project_start,0,1,0.000000,0,1,0.000000,0,1,0.000000,0
57471,2020-07-30,2020H2,pre_rap_project_start,0,1,1.000000,1,1,1.000000,1,1,1.000000,1
57492,2021-01-20,2021H1,pre_rap_project_start,0,1,0.000000,0,1,0.000000,0,1,0.000000,0
57519,2020-06-24,2020H1,pre_rap_project_start,0,1,0.000000,0,1,3.000000,1,1,3.000000,1
57535,2020-06-24,2020H1,pre_rap_project_start,0,1,0.000000,0,1,0.000000,0,1,0.000000,0
57542,2020-03-02,2020H1,pre_rap_project_start,0,1,0.000000,0,1,0.000000,0,1,0.000000,0
57557,2020-01-15,2020H1,pre_rap_project_start,0,1,0.000000,0,1,0.000000,0,1,0.000000,0
57561,2020-02-13,2020H1,pre_rap_project_start,0,1,0.000000,0,1,0.000000,0,1,0.000000,0
57601,2020-03-26,2020H1,pre_rap_project_start,0,1,0.000000,0,1,0.000000,0,1,1.000000,1
57617,2020-04-21,2020H1,pre_rap_project_start,0,1,0.000000,0,1,2.000000,1,1,2.000000,1
57629,2020-08-13,2020H2,pre_rap_project_start,0,1,0.000000,0,1,0.000000,0,1,0.000000,0
57672,2020-05-29,2020H1,pre_rap_project_start,0,1,2.000000,1,1,3.000000,1,1,3.000000,1
57686,2020-02-17,2020H1,pre_rap_project_start,0,1,0.000000,0,1,0.000000,0,1,0.000000,0
57693,2020-08-19,2020H2,pre_rap_project_start,0,1,0.000000,0,1,0.000000,0,1,0.000000,0
57705,2020-07-30,2020H2,pre_rap_project_start,0,1,0.000000,0,1,0.000000,0,1,0.000000,0
57733,2020-03-06,2020H1,pre_rap_project_start,0,1,0.000000,0,1,0.000000,0,1,0.000000,0
57746,2020-08-05,2020H2,pre_rap_project_start,0,1,0.000000,0,1,0.000000,0,1,1.000000,1
57780,2020-03-31,2020H1,pre_rap_project_start,0,1,0.000000,0,1,0.000000,0,1,0.000000,0
57808,2020-05-05,2020H1,pre_rap_project_start,0,1,0.000000,0,1,1.000000,1,1,1.000000,1
57831,2020-09-29,2020H2,pre_rap_project_start,0,1,0.000000,0,1,0.000000,0,1,0.000000,0
57849,2020-04-20,2020H1,pre_rap_project_start,0,1,0.000000,0,1,0.000000,0,1,0.000000,0
57854,2020-03-09,2020H1,pre_rap_project_start,0,1,0.000000,0,1,0.000000,0,1,0.000000,0
57877,2020-06-16,2020H1,pre_rap_project_start,0,1,0.000000,0,1,0.000000,0,1,0.000000,0
57883,2020-09-23,2020H2,pre_rap_project_start,0,1,0.000000,0,1,0.000000,0,1,0.000000,0
57896,2020-06-24,2020H1,pre_rap_project_start,0,1,0.000000,0,1,0.000000,0,1,0.000000,0
57910,2020-06-09,2020H1,pre_rap_project_start,0,1,0.000000,0,1,0.000000,0,1,0.000000,0
57923,2020-07-14,2020H2,pre_rap_project_start,0,1,0.000000,0,1,0.000000,0,1,0.000000,0
57934,2020-06-15,2020H1,pre_rap_project_start,0,1,0.000000,0,1,0.000000,0,1,0.000000,0
57947,2020-10-06,2020H2,pre_rap_project_start,0,1,0.000000,0,1,0.000000,0,1,1.000000,1
57952,2020-04-30,2020H1,pre_rap_project_start,0,1,0.000000,0,1,0.000000,0,1,0.000000,0
57968,2020-02-26,2020H1,pre_rap_project_start,0,1,0.000000,0,1,0.000000,0,1,0.000000,0
57999,2020-04-30,2020H1,pre_rap_project_start,0,1,0.000000,0,1,0.000000,0,1,0.000000,0
58024,2020-03-02,2020H1,pre_rap_project_start,0,1,1.000000,1,1,1.000000,1,1,3.000000,1
58030,2020-05-21,2020H1,pre_rap_project_start,0,1,0.000000,0,1,0.000000,0,1,0.000000,0
58069,2020-05-05,2020H1,pre_rap_project_start,0,1,0.000000,0,1,0.000000,0,1,0.000000,0
58082,2020-02-03,2020H1,pre_rap_project_start,0,1,0.000000,0,1,2.000000,1,1,4.000000,1
58105,2020-06-24,2020H1,pre_rap_project_start,0,1,0.000000,0,1,0.000000,0,1,0.000000,0
58114,2020-02-03,2020H1,pre_rap_project_start,0,1,0.000000,0,1,0.000000,0,1,0.000000,0
58122,2020-06-12,2020H1,pre_rap_project_start,0,1,0.000000,0,1,0.000000,0,1,0.000000,0
58146,2020-03-09,2020H1,pre_rap_project_start,0,1,1.500000,1,1,2.500000,1,1,5.500000,1
58180,2020-03-09,2020H1,pre_rap_project_start,0,1,0.000000,0,1,0.000000,0,1,0.000000,0
58200,2022-08-26,2022H2,pre_rap_project_start,0,1,0.000000,0,1,0.000000,0,1,0.000000,0
58228,2020-05-05,2020H1,pre_rap_project_start,0,1,0.000000,0,1,0.000000,0,1,0.000000,0
58237,2020-06-09,2020H1,pre_rap_project_start,0,1,0.000000,0,1,0.000000,0,1,0.000000,0
58244,2020-04-06,2020H1,pre_rap_project_start,0,1,0.000000,0,1,0.000000,0,1,0.000000,0
58259,2020-06-01,2020H1,pre_rap_project_start,0,1,0.000000,0,1,0.000000,0,1,0.000000,0
58263,2020-03-02,2020H1,pre_rap_project_start,0,1,0.000000,0,1,0.000000,0,1,0.000000,0
58271,2021-02-02,2021H1,pre_rap_project_start,0,1,0.000000,0,1,0.000000,0,1,0.000000,0
58285,2021-01-08,2021H1,pre_rap_project_start,0,1,0.000000,0,1,0.000000,0,1,0.000000,0
58292,2020-06-12,2020H1,pre_rap_project_start,0,1,0.000000,0,1,0.000000,0,1,1.000000,1
58302,2020-08-13,2020H2,pre_rap_project_start,0,1,0.000000,0,1,0.000000,0,1,0.000000,0
58339,2020-06-17,2020H1,pre_rap_project_start,0,1,0.000000,0,1,0.000000,0,1,0.000000,0
58341,2020-03-04,2020H1,pre_rap_project_start,0,1,0.000000,0,1,0.000000,0,1,0.000000,0
58356,2020-06-12,2020H1,pre_rap_project_start,0,1,0.000000,0,1,0.000000,0,1,0.000000,0
58387,2021-02-15,2021H1,pre_rap_project_start,0,1,0.000000,0,1,0.000000,0,1,0.000000,0
58421,2020-03-30,2020H1,pre_rap_project_start,0,1,0.000000,0,1,0.000000,0,1,0.000000,0
58432,2020-10-08,2020H2,pre_rap_project_start,0,1,0.000000,0,1,0.000000,0,1,2.000000,1
58450,2020-06-24,2020H1,pre_rap_project_start,0,1,0.000000,0,1,0.000000,0,1,0.000000,0
58466,2021-04-07,2021H1,pre_rap_project_start,0,1,0.000000,0,1,0.000000,0,1,0.000000,0
58478,2021-06-16,2021H1,pre_rap_project_start,0,1,0.000000,0,1,0.000000,0,1,0.000000,0
58484,2020-03-23,2020H1,pre_rap_project_start,0,1,0.000000,0,1,0.500000,1,1,1.500000,1
58497,2020-06-16,2020H1,pre_rap_project_start,0,1,0.000000,0,1,0.000000,0,1,0.000000,0
58506,2020-07-20,2020H2,pre_rap_project_start,0,1,0.000000,0,1,0.000000,0,1,0.000000,0
58510,2020-04-02,2020H1,pre_rap_project_start,0,1,0.000000,0,1,0.000000,0,1,0.000000,0
58534,2020-05-18,2020H1,pre_rap_project_start,0,1,0.000000,0,1,0.000000,0,1,1.000000,1
58568,2020-06-04,2020H1,pre_rap_project_start,0,1,0.000000,0,1,0.000000,0,1,0.000000,0
58599,2020-04-30,2020H1,pre_rap_project_start,0,1,0.000000,0,1,0.000000,0,1,0.000000,0
58608,2020-09-02,2020H2,pre_rap_project_start,0,1,0.000000,0,1,0.000000,0,1,0.000000,0
58654,2020-06-16,2020H1,pre_rap_project_start,0,1,0.000000,0,1,0.000000,0,1,1.000000,1
58665,2020-06-09,2020H1,pre_rap_project_start,0,1,0.000000,0,1,0.000000,0,1,0.000000,0
58677,2020-04-08,2020H1,pre_rap_project_start,0,1,0.000000,0,1,0.000000,0,1,0.000000,0
58743,2020-05-18,2020H1,pre_rap_project_start,0,1,0.000000,0,1,0.000000,0,1,1.000000,1
58758,2020-04-01,2020H1,pre_rap_project_start,0,1,0.000000,0,1,0.000000,0,1,0.000000,0
58770,2020-03-27,2020H1,pre_rap_project_start,0,1,0.000000,0,1,0.000000,0,1,0.000000,0
58838,2020-07-17,2020H2,pre_rap_project_start,0,1,0.000000,0,1,0.000000,0,1,0.000000,0
58840,2021-04-27,2021H1,pre_rap_project_start,0,1,0.000000,0,1,0.000000,0,1,0.000000,0
58855,2020-08-19,2020H2,pre_rap_project_start,0,1,0.000000,0,1,0.000000,0,1,0.000000,0
58864,2020-04-20,2020H1,pre_rap_project_start,0,1,0.000000,0,1,0.000000,0,1,0.000000,0
58872,2020-05-22,2020H1,pre_rap_project_start,0,1,0.000000,0,1,0.000000,0,1,0.000000,0
58919,2020-04-02,2020H1,pre_rap_project_start,0,1,0.000000,0,1,0.000000,0,1,0.000000,0
58935,2020-06-16,2020H1,pre_rap_project_start,0,1,0.000000,0,1,0.000000,0,1,0.000000,0
58942,2020-06-01,2020H1,pre_rap_project_start,0,1,0.000000,0,1,0.000000,0,1,0.000000,0
58961,2020-04-01,2020H1,pre_rap_project_start,0,1,0.000000,0,1,0.000000,0,1,0.000000,0
58988,2020-09-01,2020H2,pre_rap_project_start,0,1,0.000000,0,1,0.000000,0,1,0.000000,0
58990,2020-06-12,2020H1,pre_rap_project_start,0,1,0.000000,0,1,0.000000,0,1,0.000000,0
59004,2021-01-15,2021H1,pre_rap_project_start,0,1,0.000000,0,1,0.000000,0,1,1.000000,1
59043,2020-08-17,2020H2,pre_rap_project_start,0,1,0.000000,0,1,0.000000,0,1,0.000000,0
59070,2020-04-21,2020H1,pre_rap_project_start,0,1,0.500000,1,1,1.500000,1,1,1.500000,1
59089,2021-06-21,2021H1,pre_rap_project_start,0,1,0.000000,0,1,0.000000,0,1,0.000000,0
59101,2022-01-17,2022H1,pre_rap_project_start,0,1,0.000000,0,1,0.000000,0,1,0.000000,0
59117,2020-06-04,2020H1,pre_rap_project_start,0,1,0.000000,0,1,0.000000,0,1,1.000000,1
59129,2021-04-27,2021H1,pre_rap_project_start,0,1,0.000000,0,1,0.000000,0,1,0.000000,0
59138,2020-05-12,2020H1,pre_rap_project_start,0,1,0.000000,0,1,0.000000,0,1,0.000000,0
59172,2021-05-27,2021H1,pre_rap_project_start,0,1,0.000000,0,1,0.000000,0,1,0.000000,0
59186,2020-08-25,2020H2,pre_rap_project_start,0,1,0.000000,0,1,0.000000,0,1,0.000000,0
59206,2020-06-15,2020H1,pre_rap_project_start,0,1,0.000000,0,1,0.000000,0,1,0.000000,0
59234,2021-01-25,2021H1,pre_rap_project_start,0,1,0.000000,0,1,0.000000,0,1,0.000000,0
59252,2021-02-08,2021H1,pre_rap_project_start,0,1,0.000000,0,1,0.000000,0,1,0.000000,0
59281,2020-04-30,2020H1,pre_rap_project_start,0,1,0.000000,0,1,0.000000,0,1,0.000000,0
59309,2020-06-09,2020H1,pre_rap_project_start,0,1,0.000000,0,1,0.000000,0,1,1.000000,1
59345,2021-02-22,2021H1,pre_rap_project_start,0,1,0.000000,0,1,1.000000,1,1,1.000000,1
59366,2021-01-12,2021H1,pre_rap_project_start,0,1,0.000000,0,1,0.000000,0,1,0.000000,0
59384,2020-03-27,2020H1,pre_rap_project_start,0,1,0.000000,0,1,0.000000,0,1,0.000000,0
59397,2020-07-27,2020H2,pre_rap_project_start,0,1,0.000000,0,1,0.000000,0,1,0.000000,0
59418,2020-05-04,2020H1,pre_rap_project_start,0,1,0.000000,0,1,0.000000,0,1,0.000000,0
59441,2020-07-13,2020H2,pre_rap_project_start,0,1,0.000000,0,1,0.000000,0,1,0.000000,0
59456,2020-05-28,2020H1,pre_rap_project_start,0,1,0.000000,0,1,0.000000,0,1,0.000000,0
59473,2020-03-31,2020H1,pre_rap_project_start,0,1,0.000000,0,1,1.000000,1,1,1.000000,1
59494,2020-05-04,2020H1,pre_rap_project_start,0,1,0.000000,0,1,0.000000,0,1,0.000000,0
59528,2020-07-13,2020H2,pre_rap_project_start,0,1,0.000000,0,1,0.000000,0,1,0.000000,0
59537,2020-03-26,2020H1,pre_rap_project_start,0,1,0.000000,0,1,0.000000,0,1,0.000000,0
59571,2020-06-03,2020H1,pre_rap_project_start,0,1,0.000000,0,1,0.000000,0,1,0.000000,0
59585,2020-03-30,2020H1,pre_rap_project_start,0,1,1.000000,1,1,1.000000,1,1,2.000000,1
59603,2020-11-09,2020H2,pre_rap_project_start,0,1,0.000000,0,1,0.000000,0,1,0.000000,0
59619,2020-06-24,2020H1,pre_rap_project_start,0,1,0.000000,0,1,0.000000,0,1,0.000000,0
59642,2020-08-17,2020H2,pre_rap_project_start,0,1,1.000000,1,1,1.000000,1,1,1.000000,1
59657,2020-03-27,2020H1,pre_rap_project_start,0,1,2.000000,1,1,3.000000,1,1,3.000000,1
59688,2020-05-04,2020H1,pre_rap_project_start,0,1,0.000000,0,1,0.000000,0,1,0.000000,0
59690,2020-09-02,2020H2,pre_rap_project_start,0,1,0.000000,0,1,0.000000,0,1,0.000000,0
59707,2020-07-09,2020H2,pre_rap_project_start,0,1,0.000000,0,1,0.000000,0,1,0.000000,0
59724,2020-08-17,2020H2,pre_rap_project_start,0,1,0.000000,0,1,0.000000,0,1,0.000000,0
59776,2020-09-21,2020H2,pre_rap_project_start,0,1,0.000000,0,1,0.000000,0,1,0.000000,0
59814,2020-08-19,2020H2,pre_rap_project_start,0,1,0.000000,0,1,0.000000,0,1,0.000000,0
59822,2020-11-09,2020H2,pre_rap_project_start,0,1,0.000000,0,1,0.000000,0,1,0.000000,0
59846,2021-06-16,2021H1,pre_rap_project_start,0,1,0.000000,0,1,0.000000,0,1,0.000000,0
59851,2020-09-22,2020H2,pre_rap_project_start,0,1,0.000000,0,1,0.000000,0,1,0.000000,0
59867,2020-04-15,2020H1,pre_rap_project_start,0,1,0.000000,0,1,0.000000,0,1,0.000000,0
59898,2020-06-01,2020H1,pre_rap_project_start,0,1,0.000000,0,1,0.000000,0,1,0.000000,0
59949,2020-07-09,2020H2,pre_rap_project_start,0,1,0.000000,0,1,0.000000,0,1,0.000000,0
59954,2020-06-12,2020H1,pre_rap_project_start,0,1,0.000000,0,1,0.000000,0,1,0.000000,0
59977,2020-06-03,2020H1,pre_rap_project_start,0,1,0.000000,0,1,0.000000,0,1,0.000000,0
60009,2021-02-11,2021H1,pre_rap_project_start,0,1,1.000000,1,1,4.000000,1,1,8.000000,1
60021,2020-04-02,2020H1,pre_rap_project_start,0,1,0.000000,0,1,0.000000,0,1,1.000000,1
60032,2020-03-30,2020H1,pre_rap_project_start,0,1,0.000000,0,1,0.000000,0,1,0.000000,0
60050,2021-06-28,2021H1,pre_rap_project_start,0,1,0.000000,0,1,0.000000,0,1,0.000000,0
60066,2020-05-18,2020H1,pre_rap_project_start,0,1,0.000000,0,1,0.000000,0,1,0.000000,0
60078,2020-07-27,2020H2,pre_rap_project_start,0,1,0.000000,0,1,0.000000,0,1,0.000000,0
60084,2021-05-28,2021H1,pre_rap_project_start,0,1,0.000000,0,1,0.000000,0,1,0.000000,0
60111,2020-08-17,2020H2,pre_rap_project_start,0,1,0.000000,0,1,0.000000,0,1,0.000000,0
60124,2020-04-16,2020H1,pre_rap_project_start,0,1,2.000000,1,1,2.000000,1,1,2.000000,1
60130,2020-05-04,2020H1,pre_rap_project_start,0,1,0.000000,0,1,0.000000,0,1,0.000000,0
60148,2021-12-08,2021H2,pre_rap_project_start,0,1,0.000000,0,1,0.000000,0,1,0.000000,0
60169,2021-02-22,2021H1,pre_rap_project_start,0,1,1.000000,1,1,1.000000,1,1,1.000000,1
60176,2020-08-18,2020H2,pre_rap_project_start,0,1,0.000000,0,1,0.000000,0,1,0.000000,0
60202,2020-07-20,2020H2,pre_rap_project_start,0,1,0.000000,0,1,0.000000,0,1,0.000000,0
60239,2022-03-07,2022H1,pre_rap_project_start,0,1,0.000000,0,1,0.000000,0,1,0.000000,0
60294,2022-03-30,2022H1,pre_rap_project_start,0,1,0.000000,0,1,0.000000,0,1,0.000000,0
60304,2021-01-11,2021H1,pre_rap_project_start,0,1,0.000000,0,1,0.000000,0,1,0.000000,0
60315,2020-07-20,2020H2,pre_rap_project_start,0,1,0.000000,0,1,0.000000,0,1,1.000000,1
60327,2020-07-27,2020H2,pre_rap_project_start,0,1,0.000000,0,1,0.000000,0,1,0.000000,0
60406,2020-06-04,2020H1,pre_rap_project_start,0,1,0.000000,0,1,0.000000,0,1,0.000000,0
60410,2020-05-22,2020H1,pre_rap_project_start,0,1,0.000000,0,1,0.000000,0,1,0.000000,0
60434,2020-05-04,2020H1,pre_rap_project_start,0,1,0.000000,0,1,0.000000,0,1,0.000000,0
60447,2020-08-03,2020H2,pre_rap_project_start,0,1,0.500000,1,1,0.500000,1,1,0.500000,1
60468,2020-05-29,2020H1,pre_rap_project_start,0,1,0.000000,0,1,0.000000,0,1,0.000000,0
60481,2020-07-13,2020H2,pre_rap_project_start,0,1,0.000000,0,1,0.000000,0,1,0.000000,0
60499,2020-06-17,2020H1,pre_rap_project_start,0,1,0.000000,0,1,0.000000,0,1,0.000000,0
60508,2020-07-14,2020H2,pre_rap_project_start,0,1,0.000000,0,1,0.000000,0,1,0.000000,0
60520,2021-03-22,2021H1,pre_rap_project_start,0,1,0.000000,0,1,0.000000,0,1,0.000000,0
60549,2020-07-27,2020H2,pre_rap_project_start,0,1,0.000000,0,1,0.000000,0,1,2.000000,1
60554,2020-11-25,2020H2,pre_rap_project_start,0,1,0.000000,0,1,0.000000,0,1,1.000000,1
60565,2021-06-21,2021H1,pre_rap_project_start,0,1,0.000000,0,1,0.000000,0,1,1.500000,1
60633,2020-07-20,2020H2,pre_rap_project_start,0,1,0.000000,0,1,0.000000,0,1,0.000000,0
60646,2020-07-09,2020H2,pre_rap_project_start,0,1,0.000000,0,1,0.000000,0,1,0.000000,0
60651,2020-03-30,2020H1,pre_rap_project_start,0,1,0.000000,0,1,0.000000,0,1,1.000000,1
60679,2020-04-20,2020H1,pre_rap_project_start,0,1,0.000000,0,1,0.000000,0,1,0.000000,0
60698,2020-06-09,2020H1,pre_rap_project_start,0,1,0.000000,0,1,0.000000,0,1,0.000000,0
60717,2020-11-25,2020H2,pre_rap_project_start,0,1,0.000000,0,1,0.000000,0,1,0.000000,0
60755,2020-08-24,2020H2,pre_rap_project_start,0,1,0.000000,0,1,1.000000,1,1,1.500000,1
60772,2021-06-16,2021H1,pre_rap_project_start,0,1,0.000000,0,1,0.000000,0,1,0.000000,0
60819,2020-06-17,2020H1,pre_rap_project_start,0,1,0.000000,0,1,0.000000,0,1,0.000000,0
60835,2020-06-12,2020H1,pre_rap_project_start,0,1,0.000000,0,1,0.000000,0,1,0.000000,0
60842,2020-04-03,2020H1,pre_rap_project_start,0,1,0.000000,0,1,1.000000,1,1,1.000000,1
60857,2020-05-04,2020H1,pre_rap_project_start,0,1,0.000000,0,1,0.000000,0,1,0.000000,0
60861,2020-06-16,2020H1,pre_rap_project_start,0,1,1.000000,1,1,2.000000,1,1,2.000000,1
60874,2021-02-01,2021H1,pre_rap_project_start,0,1,0.000000,0,1,0.000000,0,1,0.000000,0
60928,2020-07-10,2020H2,pre_rap_project_start,0,1,0.000000,0,1,0.000000,0,1,0.000000,0
61020,2020-05-27,2020H1,pre_rap_project_start,0,1,0.000000,0,1,0.000000,0,1,0.000000,0
61031,2020-06-09,2020H1,pre_rap_project_start,0,1,0.000000,0,1,0.000000,0,1,0.000000,0
61049,2020-08-03,2020H2,pre_rap_project_start,0,1,0.000000,0,1,0.000000,0,1,0.000000,0
61054,2020-05-19,2020H1,pre_rap_project_start,0,1,0.000000,0,1,0.000000,0,1,1.000000,1
61083,2020-04-30,2020H1,pre_rap_project_start,0,1,0.000000,0,1,0.000000,0,1,0.000000,0
61106,2021-01-25,2021H1,pre_rap_project_start,0,1,0.000000,0,1,0.000000,0,1,0.000000,0
61123,2020-08-19,2020H2,pre_rap_project_start,0,1,0.000000,0,1,0.000000,0,1,0.000000,0
61147,2021-03-22,2021H1,pre_rap_project_start,0,1,0.000000,0,1,0.000000,0,1,0.000000,0
61168,2020-06-24,2020H1,pre_rap_project_start,0,1,0.000000,0,1,0.000000,0,1,0.000000,0
61181,2022-02-07,2022H1,pre_rap_project_start,0,1,0.000000,0,1,0.000000,0,1,0.000000,0
61217,2020-05-05,2020H1,pre_rap_project_start,0,1,0.000000,0,1,0.000000,0,1,0.000000,0
61229,2021-09-21,2021H2,pre_rap_project_start,0,1,0.000000,0,1,0.000000,0,1,0.000000,0
61255,2021-06-16,2021H1,pre_rap_project_start,0,1,0.000000,0,1,0.000000,0,1,0.000000,0
61272,2020-05-26,2020H1,pre_rap_project_start,0,1,0.000000,0,1,0.000000,0,1,0.000000,0
61335,2020-08-24,2020H2,pre_rap_project_start,0,1,0.000000,0,1,0.000000,0,1,0.000000,0
61342,2020-10-26,2020H2,pre_rap_project_start,0,1,0.000000,0,1,0.000000,0,1,0.000000,0
61388,2020-06-16,2020H1,pre_rap_project_start,0,1,0.000000,0,1,0.000000,0,1,0.000000,0
61422,2021-01-25,2021H1,pre_rap_project_start,0,1,0.000000,0,1,0.000000,0,1,0.000000,0
61446,2020-06-24,2020H1,pre_rap_project_start,0,1,0.000000,0,1,0.000000,0,1,0.000000,0
61467,2020-07-28,2020H2,pre_rap_project_start,0,1,0.000000,0,1,0.000000,0,1,0.000000,0
61479,2020-12-01,2020H2,pre_rap_project_start,0,1,0.000000,0,1,0.500000,1,1,0.500000,1
61507,2020-09-29,2020H2,pre_rap_project_start,0,1,0.000000,0,1,1.000000,1,1,1.000000,1
61530,2020-08-24,2020H2,pre_rap_project_start,0,1,2.000000,1,1,3.000000,1,1,4.000000,1
61548,2021-01-12,2021H1,pre_rap_project_start,0,1,0.000000,0,1,0.000000,0,1,0.000000,0
61553,2021-01-11,2021H1,pre_rap_project_start,0,1,0.000000,0,1,0.000000,0,1,0.000000,0
61576,2020-06-01,2020H1,pre_rap_project_start,0,1,0.000000,0,1,0.000000,0,1,0.000000,0
61621,2020-09-01,2020H2,pre_rap_project_start,0,1,0.000000,0,1,0.000000,0,1,0.000000,0
61632,2020-07-13,2020H2,pre_rap_project_start,0,1,0.000000,0,1,0.000000,0,1,0.000000,0
61650,2020-06-01,2020H1,pre_rap_project_start,0,1,1.000000,1,1,1.000000,1,1,1.000000,1
61666,2020-08-17,2020H2,pre_rap_project_start,0,1,0.000000,0,1,0.000000,0,1,0.000000,0
61678,2022-07-13,2022H2,pre_rap_project_start,0,1,0.000000,0,1,0.000000,0,1,0.000000,0
61684,2020-06-24,2020H1,pre_rap_project_start,0,1,0.000000,0,1,0.000000,0,1,1.000000,1
61700,2020-09-29,2020H2,pre_rap_project_start,0,1,0.000000,0,1,0.000000,0,1,1.000000,1
61716,2021-05-27,2021H1,pre_rap_project_start,0,1,0.000000,0,1,0.000000,0,1,0.000000,0
61744,2020-07-27,2020H2,pre_rap_project_start,0,1,0.000000,0,1,0.000000,0,1,0.000000,0
61759,2020-09-16,2020H2,pre_rap_project_start,0,1,0.000000,0,1,0.000000,0,1,0.000000,0
61771,2020-07-20,2020H2,pre_rap_project_start,0,1,0.000000,0,1,0.000000,0,1,0.000000,0
61785,2021-02-23,2021H1,pre_rap_project_start,0,1,0.000000,0,1,0.000000,0,1,0.000000,0
61818,2020-07-27,2020H2,pre_rap_project_start,0,1,1.000000,1,1,1.000000,1,1,2.000000,1
61825,2020-07-14,2020H2,pre_rap_project_start,0,1,0.000000,0,1,0.000000,0,1,0.000000,0
61856,2020-09-17,2020H2,pre_rap_project_start,0,1,0.000000,0,1,0.000000,0,1,1.000000,1
61860,2022-03-07,2022H1,pre_rap_project_start,0,1,0.000000,0,1,0.000000,0,1,0.000000,0
61894,2020-09-02,2020H2,pre_rap_project_start,0,1,0.000000,0,1,0.000000,0,1,1.000000,1
61915,2021-03-09,2021H1,pre_rap_project_start,0,1,0.000000,0,1,0.000000,0,1,0.000000,0
61936,2020-09-22,2020H2,pre_rap_project_start,0,1,0.000000,0,1,0.000000,0,1,0.000000,0
61943,2020-08-07,2020H2,pre_rap_project_start,0,1,0.000000,0,1,0.000000,0,1,0.000000,0
62001,2021-03-30,2021H1,pre_rap_project_start,0,1,0.000000,0,1,0.000000,0,1,0.000000,0
62017,2020-12-02,2020H2,pre_rap_project_start,0,1,0.000000,0,1,0.000000,0,1,1.000000,1
62029,2021-06-16,2021H1,pre_rap_project_start,0,1,0.000000,0,1,0.000000,0,1,0.000000,0
62040,2020-11-18,2020H2,pre_rap_project_start,0,1,0.000000,0,1,0.000000,0,1,0.000000,0
62055,2020-07-27,2020H2,pre_rap_project_start,0,1,0.000000,0,1,0.000000,0,1,0.000000,0
62093,2020-05-18,2020H1,pre_rap_project_start,0,1,0.000000,0,1,0.000000,0,1,0.000000,0
62103,2021-01-25,2021H1,pre_rap_project_start,0,1,0.000000,0,1,0.000000,0,1,1.000000,1
62135,2020-07-27,2020H2,pre_rap_project_start,0,1,0.000000,0,1,0.000000,0,1,0.000000,0
62142,2021-05-12,2021H1,pre_rap_project_start,0,1,0.000000,0,1,0.000000,0,1,0.000000,0
62174,2021-04-20,2021H1,pre_rap_project_start,0,1,0.000000,0,1,0.000000,0,1,0.000000,0
62188,2020-09-29,2020H2,pre_rap_project_start,0,1,0.000000,0,1,0.000000,0,1,0.000000,0
62249,2021-02-15,2021H1,pre_rap_project_start,0,1,0.000000,0,1,0.000000,0,1,0.000000,0
62254,2020-11-25,2020H2,pre_rap_project_start,0,1,0.000000,0,1,0.000000,0,1,0.000000,0
62265,2021-01-25,2021H1,pre_rap_project_start,0,1,0.000000,0,1,0.000000,0,1,0.000000,0
62277,2021-10-11,2021H2,pre_rap_project_start,0,1,0.000000,0,1,0.000000,0,1,0.000000,0
62283,2020-11-26,2020H2,pre_rap_project_start,0,1,0.000000,0,1,0.000000,0,1,0.000000,0
62296,2020-05-27,2020H1,pre_rap_project_start,0,1,0.000000,0,1,0.000000,0,1,0.000000,0
62306,2020-06-17,2020H1,pre_rap_project_start,0,1,0.000000,0,1,0.000000,0,1,2.000000,1
62323,2020-07-10,2020H2,pre_rap_project_start,0,1,0.000000,0,1,0.000000,0,1,0.000000,0
62347,2021-01-19,2021H1,pre_rap_project_start,0,1,0.000000,0,1,0.000000,0,1,0.000000,0
62352,2020-06-16,2020H1,pre_rap_project_start,0,1,0.000000,0,1,0.000000,0,1,0.000000,0
62375,2020-06-26,2020H1,pre_rap_project_start,0,1,0.000000,0,1,0.000000,0,1,0.000000,0
62399,2020-07-21,2020H2,pre_rap_project_start,0,1,0.000000,0,1,0.000000,0,1,0.000000,0
62404,2020-11-18,2020H2,pre_rap_project_start,0,1,0.000000,0,1,0.000000,0,1,0.000000,0
62427,2021-03-18,2021H1,pre_rap_project_start,0,1,0.000000,0,1,0.000000,0,1,0.000000,0
62436,2021-03-16,2021H1,pre_rap_project_start,0,1,0.000000,0,1,0.000000,0,1,0.000000,0
62443,2020-06-24,2020H1,pre_rap_project_start,0,1,0.000000,0,1,5.000000,1,1,9.000000,1
62458,2020-09-29,2020H2,pre_rap_project_start,0,1,0.000000,0,1,0.000000,0,1,0.000000,0
62462,2020-08-28,2020H2,pre_rap_project_start,0,1,0.000000,0,1,0.000000,0,1,0.000000,0
62489,2020-10-08,2020H2,pre_rap_project_start,0,1,0.000000,0,1,0.000000,0,1,0.000000,0
62491,2020-06-12,2020H1,pre_rap_project_start,0,1,0.000000,0,1,0.000000,0,1,0.000000,0
62518,2021-01-29,2021H1,pre_rap_project_start,0,1,0.000000,0,1,0.000000,0,1,0.000000,0
62525,2020-08-07,2020H2,pre_rap_project_start,0,1,0.000000,0,1,1.000000,1,1,2.000000,1
62556,2020-05-04,2020H1,pre_rap_project_start,0,1,0.000000,0,1,0.000000,0,1,0.000000,0
62594,2020-10-06,2020H2,pre_rap_project_start,0,1,0.000000,0,1,0.000000,0,1,0.000000,0
62644,2021-05-04,2021H1,pre_rap_project_start,0,1,0.000000,0,1,0.000000,0,1,0.000000,0
62659,2021-01-11,2021H1,pre_rap_project_start,0,1,0.000000,0,1,0.000000,0,1,0.000000,0
62663,2020-07-27,2020H2,pre_rap_project_start,0,1,0.000000,0,1,0.000000,0,1,0.000000,0
62685,2020-11-06,2020H2,pre_rap_project_start,0,1,0.000000,0,1,0.000000,0,1,0.000000,0
62709,2020-05-19,2020H1,pre_rap_project_start,0,1,0.000000,0,1,0.000000,0,1,0.000000,0
62713,2020-07-13,2020H2,pre_rap_project_start,0,1,0.000000,0,1,0.000000,0,1,0.000000,0
62721,2020-08-25,2020H2,pre_rap_project_start,0,1,0.000000,0,1,0.000000,0,1,1.000000,1
62745,2020-08-07,2020H2,pre_rap_project_start,0,1,0.000000,0,1,1.000000,1,1,1.000000,1
62750,2021-03-22,2021H1,pre_rap_project_start,0,1,0.000000,0,1,0.000000,0,1,0.000000,0
62766,2020-10-26,2020H2,pre_rap_project_start,0,1,0.000000,0,1,0.000000,0,1,0.000000,0
62778,2020-11-25,2020H2,pre_rap_project_start,0,1,0.500000,1,1,0.500000,1,1,0.500000,1
62797,2020-10-27,2020H2,pre_rap_project_start,0,1,0.000000,0,1,0.000000,0,1,0.000000,0
62807,2021-01-21,2021H1,pre_rap_project_start,0,1,0.000000,0,1,0.000000,0,1,0.000000,0
62811,2020-10-26,2020H2,pre_rap_project_start,0,1,0.000000,0,1,0.000000,0,1,0.000000,0
62824,2020-08-19,2020H2,pre_rap_project_start,0,1,0.000000,0,1,0.000000,0,1,0.000000,0
62848,2020-09-11,2020H2,pre_rap_project_start,0,1,0.000000,0,1,1.000000,1,1,1.000000,1
62876,2021-09-01,2021H2,pre_rap_project_start,0,1,0.000000,0,1,0.000000,0,1,0.000000,0
62895,2020-07-27,2020H2,pre_rap_project_start,0,1,0.000000,0,1,0.000000,0,1,0.000000,0
62905,2020-07-27,2020H2,pre_rap_project_start,0,1,0.000000,0,1,2.000000,1,1,3.000000,1
62914,2020-07-27,2020H2,pre_rap_project_start,0,1,0.000000,0,1,0.000000,0,1,0.000000,0
62922,2021-12-14,2021H2,pre_rap_project_start,0,1,0.000000,0,1,0.000000,0,1,0.000000,0
62933,2020-07-27,2020H2,pre_rap_project_start,0,1,0.000000,0,1,0.000000,0,1,0.000000,0
62946,2020-07-16,2020H2,pre_rap_project_start,0,1,0.000000,0,1,0.000000,0,1,0.000000,0
62979,2020-12-04,2020H2,pre_rap_project_start,0,1,0.000000,0,1,0.000000,0,1,0.000000,0
62980,2021-02-16,2021H1,pre_rap_project_start,0,1,0.000000,0,1,0.000000,0,1,0.000000,0
63023,2021-03-08,2021H1,pre_rap_project_start,0,1,0.000000,0,1,0.000000,0,1,1.000000,1
63047,2020-08-17,2020H2,pre_rap_project_start,0,1,0.000000,0,1,0.000000,0,1,0.000000,0
63081,2020-08-27,2020H2,pre_rap_project_start,0,1,0.000000,0,1,0.000000,0,1,0.000000,0
63099,2020-09-02,2020H2,pre_rap_project_start,0,1,0.000000,0,1,0.000000,0,1,0.000000,0
63109,2020-06-15,2020H1,pre_rap_project_start,0,1,0.000000,0,1,0.000000,0,1,0.000000,0
63113,2021-06-16,2021H1,pre_rap_project_start,0,1,0.000000,0,1,0.000000,0,1,0.000000,0
63121,2020-07-17,2020H2,pre_rap_project_start,0,1,0.000000,0,1,0.000000,0,1,0.000000,0
63132,2021-05-19,2021H1,pre_rap_project_start,0,1,0.000000,0,1,0.000000,0,1,0.000000,0
63178,2020-09-02,2020H2,pre_rap_project_start,0,1,0.000000,0,1,0.000000,0,1,0.000000,0
63204,2020-08-17,2020H2,pre_rap_project_start,0,1,0.000000,0,1,0.000000,0,1,0.000000,0
63215,2020-11-26,2020H2,pre_rap_project_start,0,1,0.000000,0,1,0.000000,0,1,0.000000,0
63258,2020-11-09,2020H2,pre_rap_project_start,0,1,0.000000,0,1,0.000000,0,1,0.000000,0
63270,2020-07-28,2020H2,pre_rap_project_start,0,1,0.000000,0,1,0.000000,0,1,0.000000,0
63291,2020-11-10,2020H2,pre_rap_project_start,0,1,0.000000,0,1,0.000000,0,1,0.000000,0
63317,2020-07-13,2020H2,pre_rap_project_start,0,1,0.000000,0,1,0.000000,0,1,0.000000,0
63338,2020-07-13,2020H2,pre_rap_project_start,0,1,0.000000,0,1,0.000000,0,1,0.000000,0
63372,2021-02-08,2021H1,pre_rap_project_start,0,1,0.000000,0,1,0.000000,0,1,0.000000,0
63393,2020-09-29,2020H2,pre_rap_project_start,0,1,0.000000,0,1,0.000000,0,1,0.000000,0
63412,2020-09-17,2020H2,pre_rap_project_start,0,1,0.000000,0,1,0.000000,0,1,0.000000,0
63454,2020-06-24,2020H1,pre_rap_project_start,0,1,0.000000,0,1,0.000000,0,1,1.000000,1
63465,2020-07-13,2020H2,pre_rap_project_start,0,1,0.000000,0,1,0.000000,0,1,0.000000,0
63483,2020-09-24,2020H2,pre_rap_project_start,0,1,0.000000,0,1,0.000000,0,1,0.000000,0
63496,2021-01-25,2021H1,pre_rap_project_start,0,1,0.000000,0,1,0.000000,0,1,0.000000,0
63505,2020-07-09,2020H2,pre_rap_project_start,0,1,1.000000,1,1,1.000000,1,1,1.000000,1
63533,2020-08-27,2020H2,pre_rap_project_start,0,1,0.000000,0,1,0.000000,0,1,0.000000,0
63546,2020-11-26,2020H2,pre_rap_project_start,0,1,0.000000,0,1,0.000000,0,1,0.000000,0
63567,2021-02-16,2021H1,pre_rap_project_start,0,1,0.000000,0,1,0.000000,0,1,0.000000,0
63630,2020-07-13,2020H2,pre_rap_project_start,0,1,0.000000,0,1,0.000000,0,1,0.000000,0
63648,2021-01-12,2021H1,pre_rap_project_start,0,1,0.000000,0,1,0.000000,0,1,0.000000,0
63653,2021-03-01,2021H1,pre_rap_project_start,0,1,0.000000,0,1,0.000000,0,1,0.000000,0
63669,2022-01-11,2022H1,pre_rap_project_start,0,1,0.000000,0,1,0.000000,0,1,0.000000,0
63682,2021-01-25,2021H1,pre_rap_project_start,0,1,0.000000,0,1,0.000000,0,1,0.000000,0
63719,2021-03-19,2021H1,pre_rap_project_start,0,1,0.000000,0,1,0.000000,0,1,0.000000,0
63726,2020-07-09,2020H2,pre_rap_project_start,0,1,0.000000,0,1,1.000000,1,1,1.500000,1
63735,2021-01-11,2021H1,pre_rap_project_start,0,1,0.000000,0,1,0.000000,0,1,0.000000,0
63742,2021-03-30,2021H1,pre_rap_project_start,0,1,0.000000,0,1,0.000000,0,1,0.000000,0
63757,2021-01-25,2021H1,pre_rap_project_start,0,1,0.000000,0,1,0.000000,0,1,0.000000,0
63761,2021-03-15,2021H1,pre_rap_project_start,0,1,0.000000,0,1,0.000000,0,1,0.000000,0
63774,2021-05-13,2021H1,pre_rap_project_start,0,1,0.000000,0,1,0.000000,0,1,0.000000,0
63788,2021-03-19,2021H1,pre_rap_project_start,0,1,0.000000,0,1,0.000000,0,1,0.000000,0
63790,2020-10-26,2020H2,pre_rap_project_start,0,1,0.000000,0,1,0.000000,0,1,0.000000,0
63816,2020-08-07,2020H2,pre_rap_project_start,0,1,0.000000,0,1,0.000000,0,1,1.000000,1
63837,2021-09-08,2021H2,pre_rap_project_start,0,1,0.000000,0,1,0.000000,0,1,0.000000,0
63844,2020-09-17,2020H2,pre_rap_project_start,0,1,0.000000,0,1,0.000000,0,1,2.000000,1
63871,2020-08-17,2020H2,pre_rap_project_start,0,1,1.000000,1,1,1.000000,1,1,1.000000,1
63885,2021-02-23,2021H1,pre_rap_project_start,0,1,0.000000,0,1,0.000000,0,1,0.000000,0
63939,2021-01-29,2021H1,pre_rap_project_start,0,1,0.000000,0,1,0.000000,0,1,0.000000,0
63941,2021-11-08,2021H2,pre_rap_project_start,0,1,0.000000,0,1,0.000000,0,1,0.000000,0
63956,2021-06-16,2021H1,pre_rap_project_start,0,1,0.000000,0,1,0.000000,0,1,0.000000,0
63973,2021-09-01,2021H2,pre_rap_project_start,0,1,0.000000,0,1,0.000000,0,1,0.000000,0
63994,2020-09-29,2020H2,pre_rap_project_start,0,1,0.000000,0,1,1.000000,1,1,2.000000,1
64016,2021-01-14,2021H1,pre_rap_project_start,0,1,0.000000,0,1,0.000000,0,1,0.000000,0
64028,2021-01-25,2021H1,pre_rap_project_start,0,1,0.000000,0,1,0.000000,0,1,0.000000,0
64037,2020-11-26,2020H2,pre_rap_project_start,0,1,0.000000,0,1,0.000000,0,1,0.000000,0
64044,2021-03-22,2021H1,pre_rap_project_start,0,1,1.000000,1,1,1.000000,1,1,1.000000,1
64059,2020-10-26,2020H2,pre_rap_project_start,0,1,0.000000,0,1,0.000000,0,1,0.000000,0
64071,2021-10-26,2021H2,pre_rap_project_start,0,1,0.000000,0,1,0.000000,0,1,0.000000,0
64085,2020-11-10,2020H2,pre_rap_project_start,0,1,0.000000,0,1,0.000000,0,1,0.000000,0
64102,2021-01-11,2021H1,pre_rap_project_start,0,1,0.000000,0,1,0.000000,0,1,0.000000,0
64118,2021-03-22,2021H1,pre_rap_project_start,0,1,0.000000,0,1,0.000000,0,1,0.000000,0
64211,2021-01-11,2021H1,pre_rap_project_start,0,1,0.000000,0,1,0.000000,0,1,0.000000,0
64253,2020-09-16,2020H2,pre_rap_project_start,0,1,0.000000,0,1,0.000000,0,1,0.000000,0
64276,2021-06-15,2021H1,pre_rap_project_start,0,1,0.000000,0,1,0.000000,0,1,0.000000,0
64314,2020-10-28,2020H2,pre_rap_project_start,0,1,0.000000,0,1,0.000000,0,1,0.000000,0
64333,2021-03-30,2021H1,pre_rap_project_start,0,1,0.000000,0,1,0.000000,0,1,0.000000,0
64351,2020-11-25,2020H2,pre_rap_project_start,0,1,0.000000,0,1,0.000000,0,1,0.000000,0
64367,2021-01-25,2021H1,pre_rap_project_start,0,1,0.000000,0,1,0.000000,0,1,0.000000,0
64379,2020-10-06,2020H2,pre_rap_project_start,0,1,0.000000,0,1,0.000000,0,1,0.000000,0
64403,2021-03-08,2021H1,pre_rap_project_start,0,1,0.000000,0,1,0.000000,0,1,0.000000,0
64426,2021-07-07,2021H2,pre_rap_project_start,0,1,0.000000,0,1,0.000000,0,1,1.000000,1
64442,2021-01-11,2021H1,pre_rap_project_start,0,1,0.000000,0,1,0.000000,0,1,0.000000,0
64457,2021-07-01,2021H2,pre_rap_project_start,0,1,0.000000,0,1,0.000000,0,1,0.000000,0
64474,2021-06-21,2021H1,pre_rap_project_start,0,1,0.000000,0,1,0.000000,0,1,0.000000,0
64488,2021-01-11,2021H1,pre_rap_project_start,0,1,0.000000,0,1,1.000000,1,1,1.000000,1
64555,2021-01-27,2021H1,pre_rap_project_start,0,1,0.000000,0,1,0.000000,0,1,1.000000,1
64572,2021-06-28,2021H1,pre_rap_project_start,0,1,0.000000,0,1,0.000000,0,1,0.000000,0
64586,2020-09-15,2020H2,pre_rap_project_start,0,1,0.000000,0,1,0.000000,0,1,0.000000,0
64593,2020-11-10,2020H2,pre_rap_project_start,0,1,0.000000,0,1,0.000000,0,1,0.000000,0
64615,2020-10-18,2020H2,pre_rap_project_start,0,1,0.000000,0,1,0.000000,0,1,0.000000,0
64636,2021-09-07,2021H2,pre_rap_project_start,0,1,0.000000,0,1,0.000000,0,1,0.000000,0
64643,2022-03-08,2022H1,pre_rap_project_start,0,1,0.000000,0,1,0.000000,0,1,0.000000,0
64658,2021-01-11,2021H1,pre_rap_project_start,0,1,0.000000,0,1,0.000000,0,1,0.000000,0
64662,2020-09-16,2020H2,pre_rap_project_start,0,1,0.000000,0,1,0.000000,0,1,0.000000,0
64670,2020-09-16,2020H2,pre_rap_project_start,0,1,0.000000,0,1,0.000000,0,1,0.000000,0
64689,2021-07-14,2021H2,pre_rap_project_start,0,1,1.000000,1,1,2.000000,1,1,3.000000,1
64708,2021-02-15,2021H1,pre_rap_project_start,0,1,0.000000,0,1,0.000000,0,1,0.000000,0
64712,2020-10-08,2020H2,pre_rap_project_start,0,1,0.000000,0,1,0.000000,0,1,0.000000,0
64749,2021-06-16,2021H1,pre_rap_project_start,0,1,0.000000,0,1,0.000000,0,1,0.000000,0
64754,2021-05-05,2021H1,pre_rap_project_start,0,1,0.000000,0,1,0.000000,0,1,0.000000,0
64765,2021-06-17,2021H1,pre_rap_project_start,0,1,0.000000,0,1,0.000000,0,1,0.000000,0
64777,2020-08-24,2020H2,pre_rap_project_start,0,1,1.000000,1,1,1.000000,1,1,1.000000,1
64796,2021-02-22,2021H1,pre_rap_project_start,0,1,0.000000,0,1,0.000000,0,1,0.000000,0
64806,2021-01-11,2021H1,pre_rap_project_start,0,1,0.000000,0,1,0.000000,0,1,0.500000,1
64810,2020-11-26,2020H2,pre_rap_project_start,0,1,0.000000,0,1,0.000000,0,1,0.000000,0
64823,2021-03-01,2021H1,pre_rap_project_start,0,1,0.000000,0,1,0.000000,0,1,0.000000,0
64852,2020-11-09,2020H2,pre_rap_project_start,0,1,0.000000,0,1,0.000000,0,1,0.000000,0
64868,2021-01-25,2021H1,pre_rap_project_start,0,1,0.000000,0,1,0.000000,0,1,0.000000,0
64875,2021-07-05,2021H2,pre_rap_project_start,0,1,0.000000,0,1,0.000000,0,1,1.000000,1
64881,2020-12-04,2020H2,pre_rap_project_start,0,1,0.000000,0,1,0.000000,0,1,0.000000,0
64899,2021-01-27,2021H1,pre_rap_project_start,0,1,0.000000,0,1,0.000000,0,1,0.000000,0
64909,2021-03-17,2021H1,pre_rap_project_start,0,1,0.000000,0,1,0.000000,0,1,0.000000,0
64921,2021-10-19,2021H2,pre_rap_project_start,0,1,0.000000,0,1,0.000000,0,1,0.000000,0
64945,2021-03-01,2021H1,pre_rap_project_start,0,1,0.000000,0,1,0.000000,0,1,0.000000,0
64966,2021-09-14,2021H2,pre_rap_project_start,0,1,0.000000,0,1,0.000000,0,1,0.000000,0
64978,2020-11-25,2020H2,pre_rap_project_start,0,1,0.000000,0,1,0.000000,0,1,0.000000,0
64984,2020-09-29,2020H2,pre_rap_project_start,0,1,0.000000,0,1,1.000000,1,1,1.000000,1
64997,2020-10-26,2020H2,pre_rap_project_start,0,1,0.000000,0,1,0.000000,0,1,0.000000,0
65004,2020-07-27,2020H2,pre_rap_project_start,0,1,0.000000,0,1,0.000000,0,1,0.000000,0
65027,2021-10-18,2021H2,pre_rap_project_start,0,1,0.000000,0,1,0.000000,0,1,0.000000,0
65036,2021-02-15,2021H1,pre_rap_project_start,0,1,0.000000,0,1,0.000000,0,1,1.000000,1
65043,2021-03-18,2021H1,pre_rap_project_start,0,1,0.500000,1,1,0.500000,1,1,0.500000,1
65070,2021-03-11,2021H1,pre_rap_project_start,0,1,0.000000,0,1,0.000000,0,1,0.000000,0
65091,2022-03-31,2022H1,pre_rap_project_start,0,1,0.000000,0,1,0.000000,0,1,0.000000,0
65101,2020-09-04,2020H2,pre_rap_project_start,0,1,0.000000,0,1,0.000000,0,1,0.000000,0
65138,2021-03-30,2021H1,pre_rap_project_start,0,1,0.000000,0,1,0.000000,0,1,0.000000,0
65155,2021-01-12,2021H1,pre_rap_project_start,0,1,0.000000,0,1,0.000000,0,1,0.000000,0
65186,2021-02-02,2021H1,pre_rap_project_start,0,1,0.000000,0,1,0.000000,0,1,0.000000,0
65206,2021-03-09,2021H1,pre_rap_project_start,0,1,2.000000,1,1,4.000000,1,1,5.000000,1
65210,2021-06-17,2021H1,pre_rap_project_start,0,1,0.000000,0,1,1.000000,1,1,1.000000,1
65223,2021-01-28,2021H1,pre_rap_project_start,0,1,0.000000,0,1,0.000000,0,1,1.000000,1
65252,2021-02-01,2021H1,pre_rap_project_start,0,1,0.000000,0,1,0.000000,0,1,0.000000,0
65268,2020-09-02,2020H2,pre_rap_project_start,0,1,0.000000,0,1,0.000000,0,1,0.000000,0
65275,2021-04-01,2021H1,pre_rap_project_start,0,1,1.000000,1,1,1.000000,1,1,1.000000,1
65299,2021-01-11,2021H1,pre_rap_project_start,0,1,0.000000,0,1,0.000000,0,1,1.000000,1
65321,2021-01-12,2021H1,pre_rap_project_start,0,1,0.000000,0,1,0.000000,0,1,1.000000,1
65332,2020-11-25,2020H2,pre_rap_project_start,0,1,0.000000,0,1,0.000000,0,1,0.000000,0
65397,2021-01-11,2021H1,pre_rap_project_start,0,1,0.000000,0,1,1.000000,1,1,2.000000,1
65418,2021-05-17,2021H1,pre_rap_project_start,0,1,0.000000,0,1,0.000000,0,1,0.000000,0
65425,2021-02-01,2021H1,pre_rap_project_start,0,1,0.000000,0,1,0.000000,0,1,0.000000,0
65439,2020-11-10,2020H2,pre_rap_project_start,0,1,0.000000,0,1,0.000000,0,1,0.000000,0
65441,2020-11-25,2020H2,pre_rap_project_start,0,1,0.000000,0,1,0.000000,0,1,0.000000,0
65473,2020-10-28,2020H2,pre_rap_project_start,0,1,0.000000,0,1,0.000000,0,1,0.000000,0
65528,2021-01-12,2021H1,pre_rap_project_start,0,1,0.000000,0,1,0.000000,0,1,0.000000,0
65537,2021-04-28,2021H1,pre_rap_project_start,0,1,0.000000,0,1,0.000000,0,1,0.000000,0
65563,2020-08-27,2020H2,pre_rap_project_start,0,1,1.000000,1,1,2.000000,1,1,3.000000,1
65571,2022-03-07,2022H1,pre_rap_project_start,0,1,0.000000,0,1,0.000000,0,1,0.000000,0
65585,2021-02-08,2021H1,pre_rap_project_start,0,1,0.000000,0,1,0.000000,0,1,0.000000,0
65592,2021-09-07,2021H2,pre_rap_project_start,0,1,0.000000,0,1,0.000000,0,1,0.000000,0
65626,2021-03-02,2021H1,pre_rap_project_start,0,1,0.000000,0,1,0.000000,0,1,0.000000,0
65642,2021-11-22,2021H2,pre_rap_project_start,0,1,0.000000,0,1,0.000000,0,1,0.000000,0
65657,2020-11-09,2020H2,pre_rap_project_start,0,1,0.000000,0,1,0.000000,0,1,0.000000,0
65688,2020-09-29,2020H2,pre_rap_project_start,0,1,0.000000,0,1,0.000000,0,1,1.000000,1
65707,2020-11-18,2020H2,pre_rap_project_start,0,1,0.000000,0,1,0.000000,0,1,0.000000,0
65711,2021-03-09,2021H1,pre_rap_project_start,0,1,0.000000,0,1,0.000000,0,1,0.000000,0
65748,2020-10-06,2020H2,pre_rap_project_start,0,1,0.000000,0,1,0.000000,0,1,0.000000,0
65753,2021-03-18,2021H1,pre_rap_project_start,0,1,0.000000,0,1,0.000000,0,1,0.000000,0
65769,2021-03-30,2021H1,pre_rap_project_start,0,1,0.000000,0,1,0.000000,0,1,0.000000,0
65776,2021-01-12,2021H1,pre_rap_project_start,0,1,0.000000,0,1,0.000000,0,1,0.000000,0
65795,2021-02-26,2021H1,pre_rap_project_start,0,1,0.000000,0,1,0.000000,0,1,0.000000,0
65805,2020-11-06,2020H2,pre_rap_project_start,0,1,0.000000,0,1,0.000000,0,1,1.000000,1
65814,2021-03-01,2021H1,pre_rap_project_start,0,1,0.000000,0,1,0.000000,0,1,2.000000,1
65833,2020-11-26,2020H2,pre_rap_project_start,0,1,0.000000,0,1,1.000000,1,1,1.000000,1
65846,2021-01-11,2021H1,pre_rap_project_start,0,1,0.000000,0,1,0.000000,0,1,0.000000,0
65851,2021-06-08,2021H1,pre_rap_project_start,0,1,0.000000,0,1,0.500000,1,1,1.000000,1
65898,2021-10-13,2021H2,pre_rap_project_start,0,1,0.000000,0,1,0.000000,0,1,0.000000,0
65908,2021-03-01,2021H1,pre_rap_project_start,0,1,0.000000,0,1,0.000000,0,1,0.000000,0
65912,2021-03-09,2021H1,pre_rap_project_start,0,1,0.000000,0,1,0.000000,0,1,0.000000,0
65920,2021-01-11,2021H1,pre_rap_project_start,0,1,0.000000,0,1,0.000000,0,1,0.000000,0
65949,2021-03-30,2021H1,pre_rap_project_start,0,1,0.000000,0,1,0.000000,0,1,0.000000,0
65965,2020-09-22,2020H2,pre_rap_project_start,0,1,0.000000,0,1,0.000000,0,1,0.000000,0
65983,2021-02-04,2021H1,pre_rap_project_start,0,1,0.000000,0,1,0.000000,0,1,0.000000,0
65996,2021-02-22,2021H1,pre_rap_project_start,0,1,0.000000,0,1,0.000000,0,1,0.000000,0
66019,2022-06-13,2022H1,pre_rap_project_start,0,1,0.000000,0,1,0.000000,0,1,0.000000,0
66026,2020-10-26,2020H2,pre_rap_project_start,0,1,0.000000,0,1,0.000000,0,1,0.000000,0
66035,2021-05-04,2021H1,pre_rap_project_start,0,1,0.000000,0,1,0.000000,0,1,0.000000,0
66057,2021-03-08,2021H1,pre_rap_project_start,0,1,0.000000,0,1,0.000000,0,1,0.000000,0
66061,2021-03-01,2021H1,pre_rap_project_start,0,1,0.000000,0,1,0.000000,0,1,0.000000,0
66074,2021-06-30,2021H1,pre_rap_project_start,0,1,0.000000,0,1,0.000000,0,1,0.000000,0
66128,2021-03-18,2021H1,pre_rap_project_start,0,1,0.000000,0,1,0.000000,0,1,0.000000,0
66137,2020-11-25,2020H2,pre_rap_project_start,0,1,0.000000,0,1,0.000000,0,1,0.000000,0
66159,2021-03-01,2021H1,pre_rap_project_start,0,1,0.000000,0,1,0.000000,0,1,0.000000,0
66163,2020-09-22,2020H2,pre_rap_project_start,0,1,0.000000,0,1,0.000000,0,1,0.000000,0
66192,2022-01-17,2022H1,pre_rap_project_start,0,1,0.000000,0,1,0.000000,0,1,0.000000,0
66214,2021-10-26,2021H2,pre_rap_project_start,0,1,1.000000,1,1,1.000000,1,1,2.000000,1
66222,2020-10-26,2020H2,pre_rap_project_start,0,1,0.000000,0,1,0.000000,0,1,0.000000,0
66233,2020-10-27,2020H2,pre_rap_project_start,0,1,0.000000,0,1,0.000000,0,1,0.000000,0
66246,2020-11-25,2020H2,pre_rap_project_start,0,1,0.000000,0,1,0.000000,0,1,0.000000,0
66251,2020-10-30,2020H2,pre_rap_project_start,0,1,0.000000,0,1,0.000000,0,1,0.500000,1
66267,2021-01-27,2021H1,pre_rap_project_start,0,1,0.000000,0,1,0.000000,0,1,0.000000,0
66298,2021-01-25,2021H1,pre_rap_project_start,0,1,0.000000,0,1,0.000000,0,1,0.000000,0
66308,2021-06-16,2021H1,pre_rap_project_start,0,1,0.000000,0,1,0.000000,0,1,0.000000,0
66320,2021-03-02,2021H1,pre_rap_project_start,0,1,0.000000,0,1,0.000000,0,1,0.000000,0
66354,2021-01-12,2021H1,pre_rap_project_start,0,1,1.000000,1,1,5.000000,1,1,11.000000,1
66377,2021-03-02,2021H1,pre_rap_project_start,0,1,0.000000,0,1,0.000000,0,1,0.000000,0
66440,2021-01-29,2021H1,pre_rap_project_start,0,1,0.000000,0,1,0.000000,0,1,0.000000,0
66464,2021-06-07,2021H1,pre_rap_project_start,0,1,0.000000,0,1,0.000000,0,1,0.000000,0
66472,2022-06-13,2022H1,pre_rap_project_start,0,1,0.000000,0,1,0.000000,0,1,0.000000,0
66486,2021-04-07,2021H1,pre_rap_project_start,0,1,0.000000,0,1,0.000000,0,1,0.000000,0
66493,2021-02-08,2021H1,pre_rap_project_start,0,1,0.000000,0,1,0.000000,0,1,0.000000,0
66515,2021-03-18,2021H1,pre_rap_project_start,0,1,0.000000,0,1,0.000000,0,1,0.000000,0
66536,2020-10-26,2020H2,pre_rap_project_start,0,1,0.000000,0,1,0.000000,0,1,3.000000,1
66558,2021-03-01,2021H1,pre_rap_project_start,0,1,0.000000,0,1,0.000000,0,1,0.000000,0
66591,2021-09-29,2021H2,pre_rap_project_start,0,1,0.000000,0,1,1.000000,1,1,2.000000,1
66639,2021-01-11,2021H1,pre_rap_project_start,0,1,0.000000,0,1,0.000000,0,1,0.000000,0
66809,2021-03-02,2021H1,pre_rap_project_start,0,1,0.000000,0,1,0.000000,0,1,0.000000,0
66813,2021-04-28,2021H1,pre_rap_project_start,0,1,1.000000,1,1,3.000000,1,1,3.000000,1
66821,2021-02-16,2021H1,pre_rap_project_start,0,1,0.000000,0,1,0.000000,0,1,0.000000,0
66845,2021-01-11,2021H1,pre_rap_project_start,0,1,0.000000,0,1,1.000000,1,1,1.000000,1
66866,2021-01-11,2021H1,pre_rap_project_start,0,1,0.000000,0,1,0.000000,0,1,0.000000,0
66907,2021-01-14,2021H1,pre_rap_project_start,0,1,0.000000,0,1,0.000000,0,1,0.000000,0
66911,2021-05-13,2021H1,pre_rap_project_start,0,1,1.000000,1,1,1.000000,1,1,1.000000,1
66930,2021-05-28,2021H1,pre_rap_project_start,0,1,0.000000,0,1,0.000000,0,1,0.000000,0
66948,2021-04-20,2021H1,pre_rap_project_start,0,1,0.000000,0,1,0.000000,0,1,0.000000,0
66953,2021-06-21,2021H1,pre_rap_project_start,0,1,0.000000,0,1,0.000000,0,1,0.000000,0
66982,2020-11-10,2020H2,pre_rap_project_start,0,1,0.000000,0,1,0.000000,0,1,0.000000,0
66995,2021-03-01,2021H1,pre_rap_project_start,0,1,0.000000,0,1,1.000000,1,1,2.000000,1
67048,2021-04-22,2021H1,pre_rap_project_start,0,1,0.000000,0,1,0.000000,0,1,0.000000,0
67076,2021-01-27,2021H1,pre_rap_project_start,0,1,0.000000,0,1,0.000000,0,1,0.000000,0
67082,2021-01-11,2021H1,pre_rap_project_start,0,1,0.000000,0,1,0.000000,0,1,0.000000,0
67095,2021-01-13,2021H1,pre_rap_project_start,0,1,1.000000,1,1,1.000000,1,1,1.000000,1
67200,2021-01-11,2021H1,pre_rap_project_start,0,1,0.000000,0,1,0.000000,0,1,0.000000,0
67216,2021-03-08,2021H1,pre_rap_project_start,0,1,0.000000,0,1,0.000000,0,1,0.000000,0
67228,2020-11-10,2020H2,pre_rap_project_start,0,1,0.000000,0,1,0.000000,0,1,0.000000,0
67237,2021-01-25,2021H1,pre_rap_project_start,0,1,0.000000,0,1,0.000000,0,1,0.000000,0
67263,2021-04-20,2021H1,pre_rap_project_start,0,1,0.000000,0,1,0.000000,0,1,0.000000,0
67271,2021-08-26,2021H2,pre_rap_project_start,0,1,0.000000,0,1,0.000000,0,1,0.000000,0
67292,2021-03-08,2021H1,pre_rap_project_start,0,1,0.000000,0,1,0.000000,0,1,0.000000,0
67302,2021-03-09,2021H1,pre_rap_project_start,0,1,0.000000,0,1,0.000000,0,1,0.000000,0
67356,2020-11-25,2020H2,pre_rap_project_start,0,1,0.000000,0,1,0.000000,0,1,0.000000,0
67387,2021-01-25,2021H1,pre_rap_project_start,0,1,0.000000,0,1,0.000000,0,1,0.000000,0
67421,2021-03-16,2021H1,pre_rap_project_start,0,1,0.000000,0,1,0.000000,0,1,0.000000,0
67450,2021-01-11,2021H1,pre_rap_project_start,0,1,0.000000,0,1,0.000000,0,1,0.000000,0
67497,2022-01-17,2022H1,pre_rap_project_start,0,1,0.000000,0,1,0.000000,0,1,0.000000,0
67506,2021-06-29,2021H1,pre_rap_project_start,0,1,0.000000,0,1,0.000000,0,1,0.000000,0
67510,2021-01-11,2021H1,pre_rap_project_start,0,1,0.000000,0,1,0.000000,0,1,0.000000,0
67547,2021-02-22,2021H1,pre_rap_project_start,0,1,0.000000,0,1,0.000000,0,1,0.000000,0
67552,2021-05-17,2021H1,pre_rap_project_start,0,1,0.000000,0,1,0.000000,0,1,0.000000,0
67575,2021-01-27,2021H1,pre_rap_project_start,0,1,0.000000,0,1,1.000000,1,1,1.000000,1
67654,2022-02-28,2022H1,pre_rap_project_start,0,1,0.000000,0,1,0.000000,0,1,0.000000,0
67665,2021-04-27,2021H1,pre_rap_project_start,0,1,1.000000,1,1,1.000000,1,1,2.000000,1
67704,2021-02-01,2021H1,pre_rap_project_start,0,1,0.000000,0,1,0.000000,0,1,0.000000,0
67736,2021-01-25,2021H1,pre_rap_project_start,0,1,0.000000,0,1,0.000000,0,1,0.000000,0
67789,2021-01-27,2021H1,pre_rap_project_start,0,1,0.000000,0,1,0.000000,0,1,0.000000,0
67801,2021-01-25,2021H1,pre_rap_project_start,0,1,0.000000,0,1,0.000000,0,1,0.000000,0
67829,2021-06-16,2021H1,pre_rap_project_start,0,1,0.000000,0,1,0.000000,0,1,0.000000,0
67838,2021-06-10,2021H1,pre_rap_project_start,0,1,0.000000,0,1,0.000000,0,1,0.000000,0
67855,2021-05-28,2021H1,pre_rap_project_start,0,1,2.000000,1,1,3.000000,1,1,3.000000,1
67864,2021-03-01,2021H1,pre_rap_project_start,0,1,0.000000,0,1,0.000000,0,1,0.000000,0
67903,2021-02-15,2021H1,pre_rap_project_start,0,1,0.000000,0,1,0.000000,0,1,0.000000,0
67926,2021-04-26,2021H1,pre_rap_project_start,0,1,0.000000,0,1,0.000000,0,1,0.000000,0
67988,2021-11-09,2021H2,pre_rap_project_start,0,1,0.000000,0,1,0.000000,0,1,1.000000,1
67990,2021-06-16,2021H1,pre_rap_project_start,0,1,0.000000,0,1,0.000000,0,1,0.000000,0
68018,2021-02-15,2021H1,pre_rap_project_start,0,1,0.000000,0,1,0.000000,0,1,0.000000,0
68025,2021-04-22,2021H1,pre_rap_project_start,0,1,0.000000,0,1,0.000000,0,1,0.000000,0
68039,2021-04-27,2021H1,pre_rap_project_start,0,1,0.000000,0,1,0.000000,0,1,0.000000,0
68073,2021-03-16,2021H1,pre_rap_project_start,0,1,0.000000,0,1,0.000000,0,1,0.000000,0
68127,2022-02-24,2022H1,pre_rap_project_start,0,1,0.000000,0,1,0.000000,0,1,0.000000,0
68136,2021-01-28,2021H1,pre_rap_project_start,0,1,0.000000,0,1,2.000000,1,1,3.000000,1
68143,2021-08-03,2021H2,pre_rap_project_start,0,1,0.000000,0,1,0.000000,0,1,0.000000,0
68162,2021-12-14,2021H2,pre_rap_project_start,0,1,0.000000,0,1,0.000000,0,1,0.000000,0
68213,2021-01-12,2021H1,pre_rap_project_start,0,1,0.000000,0,1,0.000000,0,1,0.000000,0
68221,2021-03-23,2021H1,pre_rap_project_start,0,1,0.000000,0,1,0.000000,0,1,0.000000,0
68232,2021-04-20,2021H1,pre_rap_project_start,0,1,0.000000,0,1,0.000000,0,1,0.000000,0
68245,2021-02-09,2021H1,pre_rap_project_start,0,1,0.000000,0,1,0.000000,0,1,0.000000,0
68278,2021-03-22,2021H1,pre_rap_project_start,0,1,0.000000,0,1,0.000000,0,1,0.000000,0
68297,2021-08-09,2021H2,pre_rap_project_start,0,1,0.000000,0,1,0.000000,0,1,0.000000,0
68307,2020-11-25,2020H2,pre_rap_project_start,0,1,0.000000,0,1,2.000000,1,1,4.000000,1
68324,2021-01-28,2021H1,pre_rap_project_start,0,1,0.000000,0,1,0.000000,0,1,0.000000,0
68330,2021-02-16,2021H1,pre_rap_project_start,0,1,0.000000,0,1,0.000000,0,1,0.000000,0
68353,2021-03-29,2021H1,pre_rap_project_start,0,1,0.000000,0,1,0.000000,0,1,0.000000,0
68369,2021-02-08,2021H1,pre_rap_project_start,0,1,0.000000,0,1,1.000000,1,1,1.000000,1
68376,2021-01-26,2021H1,pre_rap_project_start,0,1,0.000000,0,1,1.000000,1,1,1.000000,1
68382,2021-01-11,2021H1,pre_rap_project_start,0,1,0.000000,0,1,0.000000,0,1,0.000000,0
68395,2021-02-22,2021H1,pre_rap_project_start,0,1,0.000000,0,1,0.000000,0,1,0.000000,0
68400,2021-03-16,2021H1,pre_rap_project_start,0,1,0.000000,0,1,0.000000,0,1,0.000000,0
68416,2021-02-22,2021H1,pre_rap_project_start,0,1,2.000000,1,1,2.000000,1,1,3.000000,1
68428,2021-07-20,2021H2,pre_rap_project_start,0,1,0.000000,0,1,0.000000,0,1,3.000000,1
68459,2021-01-12,2021H1,pre_rap_project_start,0,1,0.000000,0,1,0.000000,0,1,0.000000,0
68485,2021-06-22,2021H1,pre_rap_project_start,0,1,0.000000,0,1,0.000000,0,1,0.000000,0
68503,2021-03-09,2021H1,pre_rap_project_start,0,1,0.000000,0,1,0.000000,0,1,0.000000,0
68535,2021-02-02,2021H1,pre_rap_project_start,0,1,0.000000,0,1,0.000000,0,1,0.000000,0
68542,2021-03-22,2021H1,pre_rap_project_start,0,1,0.000000,0,1,0.000000,0,1,0.000000,0
68588,2021-06-16,2021H1,pre_rap_project_start,0,1,0.000000,0,1,0.000000,0,1,0.000000,0
68590,2020-11-25,2020H2,pre_rap_project_start,0,1,0.000000,0,1,0.000000,0,1,0.000000,0
68601,2020-10-22,2020H2,pre_rap_project_start,0,1,0.000000,0,1,0.000000,0,1,0.000000,0
68640,2021-05-27,2021H1,pre_rap_project_start,0,1,0.000000,0,1,0.000000,0,1,0.000000,0
68655,2021-09-29,2021H2,pre_rap_project_start,0,1,0.000000,0,1,0.000000,0,1,0.000000,0
68672,2022-06-07,2022H1,pre_rap_project_start,0,1,0.000000,0,1,0.000000,0,1,0.000000,0
68686,2022-02-01,2022H1,pre_rap_project_start,0,1,0.000000,0,1,0.000000,0,1,0.000000,0
68705,2021-04-20,2021H1,pre_rap_project_start,0,1,0.000000,0,1,0.000000,0,1,0.000000,0
68722,2021-05-17,2021H1,pre_rap_project_start,0,1,0.000000,0,1,0.000000,0,1,1.000000,1
68746,2021-01-11,2021H1,pre_rap_project_start,0,1,0.000000,0,1,0.000000,0,1,0.000000,0
68767,2021-05-28,2021H1,pre_rap_project_start,0,1,0.000000,0,1,0.000000,0,1,0.000000,0
68779,2021-12-08,2021H2,pre_rap_project_start,0,1,0.000000,0,1,1.000000,1,1,1.000000,1
68808,2021-10-07,2021H2,pre_rap_project_start,0,1,0.000000,0,1,0.000000,0,1,0.000000,0
68812,2022-02-01,2022H1,pre_rap_project_start,0,1,0.000000,0,1,0.000000,0,1,0.000000,0
68831,2021-01-25,2021H1,pre_rap_project_start,0,1,0.000000,0,1,0.000000,0,1,0.000000,0
68865,2023-06-05,2023H1,pre_rap_project_start,0,1,0.000000,0,1,0.000000,0,1,0.000000,0
68906,2021-04-07,2021H1,pre_rap_project_start,0,1,0.000000,0,1,0.000000,0,1,0.000000,0
68910,2021-03-22,2021H1,pre_rap_project_start,0,1,0.000000,0,1,0.000000,0,1,0.000000,0
68923,2021-12-06,2021H2,pre_rap_project_start,0,1,0.000000,0,1,0.000000,0,1,0.000000,0
68952,2021-04-19,2021H1,pre_rap_project_start,0,1,0.000000,0,1,0.000000,0,1,0.500000,1
68981,2021-02-08,2021H1,pre_rap_project_start,0,1,0.000000,0,1,0.000000,0,1,0.000000,0
69022,2021-10-05,2021H2,pre_rap_project_start,0,1,0.000000,0,1,0.000000,0,1,0.000000,0
69033,2021-06-16,2021H1,pre_rap_project_start,0,1,0.000000,0,1,0.000000,0,1,0.000000,0
69046,2022-02-01,2022H1,pre_rap_project_start,0,1,0.000000,0,1,0.000000,0,1,0.000000,0
69067,2021-01-25,2021H1,pre_rap_project_start,0,1,0.000000,0,1,0.000000,0,1,0.000000,0
69079,2021-01-11,2021H1,pre_rap_project_start,0,1,0.000000,0,1,0.000000,0,1,0.000000,0
69098,2021-04-20,2021H1,pre_rap_project_start,0,1,0.000000,0,1,0.000000,0,1,0.000000,0
69108,2021-01-25,2021H1,pre_rap_project_start,0,1,0.000000,0,1,0.000000,0,1,0.000000,0
69112,2021-06-21,2021H1,pre_rap_project_start,0,1,0.000000,0,1,1.000000,1,1,1.000000,1
69177,2021-03-16,2021H1,pre_rap_project_start,0,1,0.000000,0,1,0.000000,0,1,0.000000,0
69183,2021-07-30,2021H2,pre_rap_project_start,0,1,0.000000,0,1,0.000000,0,1,0.000000,0
69196,2021-03-30,2021H1,pre_rap_project_start,0,1,0.000000,0,1,0.000000,0,1,0.000000,0
69203,2021-05-05,2021H1,pre_rap_project_start,0,1,0.000000,0,1,0.000000,0,1,0.000000,0
69235,2021-06-18,2021H1,pre_rap_project_start,0,1,0.000000,0,1,0.000000,0,1,0.000000,0
69257,2021-02-15,2021H1,pre_rap_project_start,0,1,0.000000,0,1,0.000000,0,1,0.000000,0
69261,2021-01-27,2021H1,pre_rap_project_start,0,1,0.000000,0,1,0.000000,0,1,0.000000,0
69328,2021-02-15,2021H1,pre_rap_project_start,0,1,0.000000,0,1,0.000000,0,1,0.000000,0
69337,2021-09-14,2021H2,pre_rap_project_start,0,1,0.000000,0,1,0.000000,0,1,1.000000,1
69344,2021-05-17,2021H1,pre_rap_project_start,0,1,0.000000,0,1,0.000000,0,1,0.000000,0
69359,2021-01-25,2021H1,pre_rap_project_start,0,1,1.000000,1,1,1.000000,1,1,1.000000,1
69371,2021-09-21,2021H2,pre_rap_project_start,0,1,0.000000,0,1,1.000000,1,1,1.000000,1
69385,2021-02-26,2021H1,pre_rap_project_start,0,1,0.000000,0,1,1.000000,1,1,1.000000,1
69407,2021-02-01,2021H1,pre_rap_project_start,0,1,0.000000,0,1,0.000000,0,1,0.000000,0
69424,2021-06-17,2021H1,pre_rap_project_start,0,1,0.000000,0,1,0.500000,1,1,1.000000,1
69476,2021-03-30,2021H1,pre_rap_project_start,0,1,0.000000,0,1,0.000000,0,1,1.000000,1
69521,2022-04-06,2022H1,pre_rap_project_start,0,1,0.000000,0,1,0.000000,0,1,0.000000,0
69532,2021-02-15,2021H1,pre_rap_project_start,0,1,0.000000,0,1,0.000000,0,1,0.000000,0
69550,2021-02-02,2021H1,pre_rap_project_start,0,1,1.000000,1,1,3.000000,1,1,17.000000,1
69566,2021-04-22,2021H1,pre_rap_project_start,0,1,0.000000,0,1,0.000000,0,1,0.000000,0
69578,2021-01-25,2021H1,pre_rap_project_start,0,1,0.000000,0,1,2.000000,1,1,2.000000,1
69597,2021-01-25,2021H1,pre_rap_project_start,0,1,0.000000,0,1,1.000000,1,1,2.000000,1
69610,2021-05-04,2021H1,pre_rap_project_start,0,1,0.000000,0,1,0.000000,0,1,0.000000,0
69623,2022-01-12,2022H1,pre_rap_project_start,0,1,0.000000,0,1,0.000000,0,1,0.000000,0
69634,2021-03-29,2021H1,pre_rap_project_start,0,1,0.000000,0,1,0.000000,0,1,0.000000,0
69668,2021-04-13,2021H1,pre_rap_project_start,0,1,0.000000,0,1,0.000000,0,1,0.000000,0
69675,2021-02-17,2021H1,pre_rap_project_start,0,1,0.000000,0,1,0.000000,0,1,0.000000,0
69718,2021-02-16,2021H1,pre_rap_project_start,0,1,2.000000,1,1,3.000000,1,1,3.000000,1
69741,2021-02-22,2021H1,pre_rap_project_start,0,1,1.000000,1,1,4.000000,1,1,9.000000,1
69794,2021-03-02,2021H1,pre_rap_project_start,0,1,0.000000,0,1,0.000000,0,1,0.000000,0
69804,2020-11-17,2020H2,pre_rap_project_start,0,1,0.000000,0,1,0.000000,0,1,0.333333,1
69815,2021-04-20,2021H1,pre_rap_project_start,0,1,0.000000,0,1,0.000000,0,1,1.000000,1
69836,2021-03-01,2021H1,pre_rap_project_start,0,1,0.000000,0,1,0.000000,0,1,0.000000,0
69870,2021-02-22,2021H1,pre_rap_project_start,0,1,0.000000,0,1,0.000000,0,1,0.000000,0
69891,2021-03-29,2021H1,pre_rap_project_start,0,1,0.000000,0,1,1.000000,1,1,3.000000,1
69901,2021-02-01,2021H1,pre_rap_project_start,0,1,0.000000,0,1,0.000000,0,1,0.000000,0
69929,2021-10-18,2021H2,pre_rap_project_start,0,1,0.000000,0,1,0.000000,0,1,0.000000,0
69938,2022-06-01,2022H1,pre_rap_project_start,0,1,0.000000,0,1,0.000000,0,1,0.000000,0
69940,2025-01-09,2025H1,post_rap_project_start,1,0,,,0,,,0,,
69955,2021-04-27,2021H1,pre_rap_project_start,0,1,0.000000,0,1,0.000000,0,1,0.000000,0
69972,2021-02-16,2021H1,pre_rap_project_start,0,1,0.000000,0,1,0.000000,0,1,0.000000,0
69986,2021-11-15,2021H2,pre_rap_project_start,0,1,0.000000,0,1,0.000000,0,1,0.000000,0
70023,2021-02-08,2021H1,pre_rap_project_start,0,1,0.000000,0,1,0.000000,0,1,0.000000,0
70034,2021-05-19,2021H1,pre_rap_project_start,0,1,0.000000,0,1,0.000000,0,1,0.000000,0
70047,2021-06-22,2021H1,pre_rap_project_start,0,1,0.000000,0,1,0.000000,0,1,1.000000,1
70068,2021-06-17,2021H1,pre_rap_project_start,0,1,0.000000,0,1,1.000000,1,1,1.000000,1
70075,2022-01-25,2022H1,pre_rap_project_start,0,1,0.000000,0,1,0.000000,0,1,0.000000,0
70109,2021-09-08,2021H2,pre_rap_project_start,0,1,0.000000,0,1,1.000000,1,1,3.000000,1
70132,2021-05-04,2021H1,pre_rap_project_start,0,1,0.000000,0,1,0.000000,0,1,0.000000,0
70166,2021-04-14,2021H1,pre_rap_project_start,0,1,0.000000,0,1,0.000000,0,1,0.000000,0
70184,2021-02-09,2021H1,pre_rap_project_start,0,1,1.000000,1,1,1.000000,1,1,2.000000,1
70215,2021-07-21,2021H2,pre_rap_project_start,0,1,0.000000,0,1,0.000000,0,1,0.000000,0
70227,2021-10-18,2021H2,pre_rap_project_start,0,1,0.000000,0,1,0.000000,0,1,0.000000,0
70236,2021-03-15,2021H1,pre_rap_project_start,0,1,0.000000,0,1,0.000000,0,1,0.000000,0
70258,2021-10-26,2021H2,pre_rap_project_start,0,1,0.000000,0,1,0.000000,0,1,0.000000,0
70262,2021-03-08,2021H1,pre_rap_project_start,0,1,0.000000,0,1,0.000000,0,1,0.000000,0
70270,2021-11-30,2021H2,pre_rap_project_start,0,1,0.000000,0,1,0.000000,0,1,0.000000,0
70289,2021-09-10,2021H2,pre_rap_project_start,0,1,0.000000,0,1,0.000000,0,1,0.000000,0
70291,2021-07-14,2021H2,pre_rap_project_start,0,1,0.000000,0,1,0.000000,0,1,0.000000,0
70301,2021-05-05,2021H1,pre_rap_project_start,0,1,0.000000,0,1,0.000000,0,1,0.000000,0
70340,2022-08-26,2022H2,pre_rap_project_start,0,1,0.000000,0,1,0.000000,0,1,0.000000,0
70355,2021-04-22,2021H1,pre_rap_project_start,0,1,0.000000,0,1,0.000000,0,1,0.000000,0
70372,2021-03-22,2021H1,pre_rap_project_start,0,1,0.000000,0,1,0.000000,0,1,0.000000,0
70386,2021-11-01,2021H2,pre_rap_project_start,0,1,0.000000,0,1,0.000000,0,1,0.000000,0
70393,2021-12-14,2021H2,pre_rap_project_start,0,1,0.000000,0,1,0.000000,0,1,0.000000,0
70483,2021-03-15,2021H1,pre_rap_project_start,0,1,0.000000,0,1,0.000000,0,1,0.000000,0
70505,2021-04-12,2021H1,pre_rap_project_start,0,1,0.000000,0,1,0.500000,1,1,0.500000,1
70522,2022-02-07,2022H1,pre_rap_project_start,0,1,0.000000,0,1,0.000000,0,1,0.000000,0
70579,2022-03-30,2022H1,pre_rap_project_start,0,1,0.000000,0,1,0.000000,0,1,0.000000,0
70580,2021-12-14,2021H2,pre_rap_project_start,0,1,0.000000,0,1,0.000000,0,1,0.000000,0
70607,2022-05-12,2022H1,pre_rap_project_start,0,1,0.000000,0,1,0.000000,0,1,1.000000,1
70653,2022-02-14,2022H1,pre_rap_project_start,0,1,0.000000,0,1,0.000000,0,1,1.000000,1
70676,2021-06-30,2021H1,pre_rap_project_start,0,1,0.000000,0,1,0.000000,0,1,0.000000,0
70682,2021-10-18,2021H2,pre_rap_project_start,0,1,0.000000,0,1,1.000000,1,1,1.000000,1
70726,2021-05-17,2021H1,pre_rap_project_start,0,1,0.000000,0,1,1.000000,1,1,1.000000,1
70790,2022-01-28,2022H1,pre_rap_project_start,0,1,0.000000,0,1,0.000000,0,1,0.000000,0
70816,2022-08-09,2022H2,pre_rap_project_start,0,1,0.000000,0,1,0.000000,0,1,0.000000,0
70837,2021-03-18,2021H1,pre_rap_project_start,0,1,0.000000,0,1,0.000000,0,1,0.000000,0
70844,2021-02-22,2021H1,pre_rap_project_start,0,1,0.000000,0,1,0.000000,0,1,0.000000,0
70871,2022-12-14,2022H2,pre_rap_project_start,0,1,0.000000,0,1,0.000000,0,1,0.000000,0
70885,2021-06-16,2021H1,pre_rap_project_start,0,1,0.000000,0,1,0.000000,0,1,0.000000,0
70902,2021-03-30,2021H1,pre_rap_project_start,0,1,0.000000,0,1,0.000000,0,1,0.000000,0
70918,2021-11-30,2021H2,pre_rap_project_start,0,1,0.000000,0,1,0.000000,0,1,0.000000,0
70925,2021-11-08,2021H2,pre_rap_project_start,0,1,0.000000,0,1,0.000000,0,1,0.000000,0
70941,2021-04-27,2021H1,pre_rap_project_start,0,1,0.000000,0,1,0.000000,0,1,0.000000,0
70956,2021-03-01,2021H1,pre_rap_project_start,0,1,0.000000,0,1,0.000000,0,1,0.000000,0
70960,2021-05-17,2021H1,pre_rap_project_start,0,1,0.000000,0,1,0.000000,0,1,0.000000,0
70987,2022-12-21,2022H2,pre_rap_project_start,0,1,0.000000,0,1,0.000000,0,1,0.000000,0
71005,2021-05-04,2021H1,pre_rap_project_start,0,1,0.000000,0,1,0.000000,0,1,0.000000,0
71022,2021-04-12,2021H1,pre_rap_project_start,0,1,0.000000,0,1,0.000000,0,1,0.000000,0
71033,2021-05-17,2021H1,pre_rap_project_start,0,1,0.000000,0,1,0.000000,0,1,0.000000,0
71051,2022-02-07,2022H1,pre_rap_project_start,0,1,0.000000,0,1,0.000000,0,1,0.000000,0
71079,2021-10-26,2021H2,pre_rap_project_start,0,1,0.000000,0,1,0.000000,0,1,0.000000,0
71131,2021-10-18,2021H2,pre_rap_project_start,0,1,0.000000,0,1,1.000000,1,1,1.000000,1
71177,2021-10-19,2021H2,pre_rap_project_start,0,1,0.000000,0,1,0.000000,0,1,0.000000,0
71183,2021-07-22,2021H2,pre_rap_project_start,0,1,0.000000,0,1,0.000000,0,1,0.000000,0
71219,2021-07-15,2021H2,pre_rap_project_start,0,1,0.000000,0,1,0.000000,0,1,0.000000,0
71226,2021-05-28,2021H1,pre_rap_project_start,0,1,0.000000,0,1,0.000000,0,1,0.000000,0
71242,2021-04-23,2021H1,pre_rap_project_start,0,1,0.000000,0,1,0.000000,0,1,0.000000,0
71257,2021-03-16,2021H1,pre_rap_project_start,0,1,0.000000,0,1,0.000000,0,1,0.000000,0
71274,2022-02-07,2022H1,pre_rap_project_start,0,1,0.000000,0,1,0.000000,0,1,0.000000,0
71290,2022-01-12,2022H1,pre_rap_project_start,0,1,0.000000,0,1,0.000000,0,1,0.000000,0
71300,2021-07-14,2021H2,pre_rap_project_start,0,1,2.000000,1,1,2.000000,1,1,8.000000,1
71316,2021-08-09,2021H2,pre_rap_project_start,0,1,0.000000,0,1,0.000000,0,1,0.000000,0
71328,2021-09-01,2021H2,pre_rap_project_start,0,1,0.000000,0,1,0.000000,0,1,0.000000,0
71359,2021-03-15,2021H1,pre_rap_project_start,0,1,0.000000,0,1,0.000000,0,1,0.000000,0
71363,2021-11-03,2021H2,pre_rap_project_start,0,1,0.000000,0,1,0.000000,0,1,0.000000,0
71392,2023-03-03,2023H1,pre_rap_project_start,0,1,2.500000,1,1,5.500000,1,1,13.500000,1
71448,2021-04-28,2021H1,pre_rap_project_start,0,1,0.000000,0,1,0.000000,0,1,0.000000,0
71453,2021-10-26,2021H2,pre_rap_project_start,0,1,0.000000,0,1,0.000000,0,1,0.000000,0
71469,2021-10-18,2021H2,pre_rap_project_start,0,1,0.000000,0,1,0.000000,0,1,0.000000,0
71482,2021-08-30,2021H2,pre_rap_project_start,0,1,0.000000,0,1,0.000000,0,1,0.000000,0
71509,2021-09-08,2021H2,pre_rap_project_start,0,1,0.000000,0,1,0.000000,0,1,0.000000,0
71521,2021-09-21,2021H2,pre_rap_project_start,0,1,0.000000,0,1,0.000000,0,1,0.000000,0
71550,2021-10-11,2021H2,pre_rap_project_start,0,1,0.000000,0,1,1.000000,1,1,1.000000,1
71578,2022-03-16,2022H1,pre_rap_project_start,0,1,0.000000,0,1,0.000000,0,1,0.000000,0
71610,2021-06-18,2021H1,pre_rap_project_start,0,1,0.000000,0,1,0.000000,0,1,0.000000,0
71652,2022-02-15,2022H1,pre_rap_project_start,0,1,0.000000,0,1,0.000000,0,1,0.000000,0
71668,2021-11-01,2021H2,pre_rap_project_start,0,1,3.000000,1,1,4.500000,1,1,4.500000,1
71699,2021-12-07,2021H2,pre_rap_project_start,0,1,0.000000,0,1,0.500000,1,1,0.500000,1
71702,2021-07-20,2021H2,pre_rap_project_start,0,1,1.000000,1,1,2.000000,1,1,4.000000,1
71718,2021-09-21,2021H2,pre_rap_project_start,0,1,0.000000,0,1,0.000000,0,1,0.000000,0
71725,2021-10-18,2021H2,pre_rap_project_start,0,1,0.000000,0,1,0.000000,0,1,0.000000,0
71739,2021-05-04,2021H1,pre_rap_project_start,0,1,0.000000,0,1,0.000000,0,1,0.000000,0
71741,2021-06-16,2021H1,pre_rap_project_start,0,1,0.000000,0,1,0.000000,0,1,0.000000,0
71756,2021-11-01,2021H2,pre_rap_project_start,0,1,0.000000,0,1,0.000000,0,1,0.000000,0
71843,2022-02-14,2022H1,pre_rap_project_start,0,1,0.000000,0,1,0.000000,0,1,0.000000,0
71870,2021-05-28,2021H1,pre_rap_project_start,0,1,0.000000,0,1,0.000000,0,1,0.000000,0
71901,2021-05-27,2021H1,pre_rap_project_start,0,1,0.000000,0,1,0.000000,0,1,1.000000,1
71955,2021-06-16,2021H1,pre_rap_project_start,0,1,0.000000,0,1,0.000000,0,1,0.000000,0
71986,2021-04-20,2021H1,pre_rap_project_start,0,1,0.000000,0,1,0.000000,0,1,0.000000,0
71993,2021-05-04,2021H1,pre_rap_project_start,0,1,0.000000,0,1,0.000000,0,1,0.000000,0
72057,2021-10-05,2021H2,pre_rap_project_start,0,1,0.000000,0,1,0.000000,0,1,0.000000,0
72061,2021-04-20,2021H1,pre_rap_project_start,0,1,0.000000,0,1,0.000000,0,1,0.000000,0
72074,2021-05-04,2021H1,pre_rap_project_start,0,1,0.000000,0,1,0.000000,0,1,0.000000,0
72090,2021-05-17,2021H1,pre_rap_project_start,0,1,0.000000,0,1,0.000000,0,1,0.000000,0
72100,2021-08-31,2021H2,pre_rap_project_start,0,1,0.000000,0,1,0.000000,0,1,0.000000,0
72128,2021-11-08,2021H2,pre_rap_project_start,0,1,0.000000,0,1,0.000000,0,1,0.000000,0
72137,2021-10-06,2021H2,pre_rap_project_start,0,1,0.000000,0,1,0.000000,0,1,0.000000,0
72144,2021-05-04,2021H1,pre_rap_project_start,0,1,0.000000,0,1,0.000000,0,1,0.000000,0
72185,2021-04-12,2021H1,pre_rap_project_start,0,1,0.000000,0,1,0.000000,0,1,0.000000,0
72222,2022-08-25,2022H2,pre_rap_project_start,0,1,0.000000,0,1,0.000000,0,1,0.000000,0
72246,2021-11-05,2021H2,pre_rap_project_start,0,1,0.000000,0,1,0.000000,0,1,0.000000,0
72280,2023-06-20,2023H1,pre_rap_project_start,0,1,0.000000,0,1,0.000000,0,1,0.000000,0
72298,2021-12-06,2021H2,pre_rap_project_start,0,1,0.000000,0,1,0.000000,0,1,0.000000,0
72320,2021-05-27,2021H1,pre_rap_project_start,0,1,0.000000,0,1,0.000000,0,1,0.000000,0
72349,2021-04-27,2021H1,pre_rap_project_start,0,1,0.000000,0,1,0.000000,0,1,0.000000,0
72354,2022-11-11,2022H2,pre_rap_project_start,0,1,0.000000,0,1,0.000000,0,1,0.000000,0
72377,2021-04-20,2021H1,pre_rap_project_start,0,1,0.000000,0,1,0.000000,0,1,0.000000,0
72396,2021-04-28,2021H1,pre_rap_project_start,0,1,0.000000,0,1,0.000000,0,1,0.000000,0
72417,2022-04-20,2022H1,pre_rap_project_start,0,1,0.000000,0,1,0.000000,0,1,0.000000,0
72486,2021-07-20,2021H2,pre_rap_project_start,0,1,0.000000,0,1,0.000000,0,1,0.000000,0
72504,2022-03-31,2022H1,pre_rap_project_start,0,1,0.000000,0,1,0.000000,0,1,0.000000,0
72527,2021-10-12,2021H2,pre_rap_project_start,0,1,0.000000,0,1,0.000000,0,1,0.000000,0
72589,2022-05-20,2022H1,pre_rap_project_start,0,1,0.000000,0,1,0.000000,0,1,0.000000,0
72602,2022-03-31,2022H1,pre_rap_project_start,0,1,0.000000,0,1,0.000000,0,1,0.000000,0
72673,2022-05-13,2022H1,pre_rap_project_start,0,1,0.000000,0,1,0.000000,0,1,0.000000,0
72687,2021-10-06,2021H2,pre_rap_project_start,0,1,0.000000,0,1,0.000000,0,1,0.000000,0
72694,2021-12-08,2021H2,pre_rap_project_start,0,1,0.000000,0,1,0.000000,0,1,0.000000,0
72710,2021-04-20,2021H1,pre_rap_project_start,0,1,0.000000,0,1,0.000000,0,1,0.000000,0
72723,2021-10-18,2021H2,pre_rap_project_start,0,1,2.000000,1,1,2.000000,1,1,2.000000,1
72781,2021-10-11,2021H2,pre_rap_project_start,0,1,0.000000,0,1,0.000000,0,1,0.000000,0
72821,2021-11-30,2021H2,pre_rap_project_start,0,1,0.000000,0,1,0.000000,0,1,0.000000,0
72850,2021-07-14,2021H2,pre_rap_project_start,0,1,0.000000,0,1,0.000000,0,1,0.000000,0
72907,2021-06-16,2021H1,pre_rap_project_start,0,1,0.000000,0,1,0.000000,0,1,0.000000,0
72911,2021-06-22,2021H1,pre_rap_project_start,0,1,0.000000,0,1,0.000000,0,1,0.000000,0
73008,2021-08-09,2021H2,pre_rap_project_start,0,1,0.000000,0,1,0.000000,0,1,2.000000,1
73012,2021-10-07,2021H2,pre_rap_project_start,0,1,0.000000,0,1,0.000000,0,1,0.000000,0
73049,2022-06-21,2022H1,pre_rap_project_start,0,1,0.000000,0,1,0.000000,0,1,0.000000,0
73077,2022-10-27,2022H2,pre_rap_project_start,0,1,0.000000,0,1,0.000000,0,1,0.000000,0
73134,2021-11-30,2021H2,pre_rap_project_start,0,1,0.000000,0,1,0.000000,0,1,0.000000,0
73201,2021-08-03,2021H2,pre_rap_project_start,0,1,0.000000,0,1,6.000000,1,1,15.000000,1
73238,2021-12-14,2021H2,pre_rap_project_start,0,1,0.000000,0,1,0.000000,0,1,0.000000,0
73272,2021-09-29,2021H2,pre_rap_project_start,0,1,0.000000,0,1,0.000000,0,1,0.000000,0
73319,2021-09-21,2021H2,pre_rap_project_start,0,1,0.000000,0,1,0.000000,0,1,0.000000,0
73342,2021-10-06,2021H2,pre_rap_project_start,0,1,0.000000,0,1,0.000000,0,1,0.000000,0
73357,2021-06-16,2021H1,pre_rap_project_start,0,1,0.000000,0,1,0.000000,0,1,0.000000,0
73374,2021-06-16,2021H1,pre_rap_project_start,0,1,0.000000,0,1,0.000000,0,1,0.000000,0
73388,2022-01-12,2022H1,pre_rap_project_start,0,1,0.000000,0,1,0.000000,0,1,0.000000,0
73422,2022-02-07,2022H1,pre_rap_project_start,0,1,0.000000,0,1,0.000000,0,1,0.000000,0
73446,2021-06-16,2021H1,pre_rap_project_start,0,1,0.000000,0,1,0.000000,0,1,0.000000,0
73451,2021-11-30,2021H2,pre_rap_project_start,0,1,0.000000,0,1,0.000000,0,1,0.000000,0
73467,2021-07-14,2021H2,pre_rap_project_start,0,1,0.000000,0,1,0.000000,0,1,0.000000,0
73479,2021-11-30,2021H2,pre_rap_project_start,0,1,0.000000,0,1,0.000000,0,1,0.000000,0
73480,2021-08-26,2021H2,pre_rap_project_start,0,1,0.000000,0,1,0.000000,0,1,0.000000,0
73507,2022-12-14,2022H2,pre_rap_project_start,0,1,0.000000,0,1,0.000000,0,1,0.000000,0
73548,2021-07-07,2021H2,pre_rap_project_start,0,1,0.000000,0,1,0.000000,0,1,0.000000,0
73569,2022-04-26,2022H1,pre_rap_project_start,0,1,0.000000,0,1,0.000000,0,1,1.500000,1
73576,2021-11-05,2021H2,pre_rap_project_start,0,1,0.000000,0,1,0.000000,0,1,0.000000,0
73595,2021-07-05,2021H2,pre_rap_project_start,0,1,2.000000,1,1,7.000000,1,1,9.000000,1
73613,2023-10-09,2023H2,pre_rap_project_start,0,1,0.000000,0,1,0.000000,0,1,0.000000,0
73666,2022-05-12,2022H1,pre_rap_project_start,0,1,0.000000,0,1,0.000000,0,1,0.000000,0
73678,2021-07-19,2021H2,pre_rap_project_start,0,1,0.000000,0,1,0.000000,0,1,0.000000,0
73684,2022-02-08,2022H1,pre_rap_project_start,0,1,0.000000,0,1,2.000000,1,1,2.000000,1
73697,2022-04-05,2022H1,pre_rap_project_start,0,1,0.000000,0,1,0.000000,0,1,0.000000,0
73728,2022-07-27,2022H2,pre_rap_project_start,0,1,0.000000,0,1,0.000000,0,1,0.000000,0
73737,2022-12-06,2022H2,pre_rap_project_start,0,1,0.000000,0,1,0.000000,0,1,0.000000,0
73744,2022-03-07,2022H1,pre_rap_project_start,0,1,0.000000,0,1,0.000000,0,1,0.000000,0
73759,2021-08-09,2021H2,pre_rap_project_start,0,1,0.000000,0,1,0.000000,0,1,0.000000,0
73771,2021-08-09,2021H2,pre_rap_project_start,0,1,0.000000,0,1,0.000000,0,1,0.000000,0
73792,2021-09-01,2021H2,pre_rap_project_start,0,1,0.000000,0,1,1.000000,1,1,1.000000,1
73818,2021-08-31,2021H2,pre_rap_project_start,0,1,0.000000,0,1,0.000000,0,1,0.000000,0
73839,2021-10-26,2021H2,pre_rap_project_start,0,1,0.000000,0,1,0.000000,0,1,0.000000,0
73856,2023-03-30,2023H1,pre_rap_project_start,0,1,0.000000,0,1,0.000000,0,1,0.000000,0
73860,2021-08-31,2021H2,pre_rap_project_start,0,1,0.000000,0,1,0.000000,0,1,0.000000,0
73873,2021-10-26,2021H2,pre_rap_project_start,0,1,0.000000,0,1,0.000000,0,1,1.000000,1
73887,2022-03-07,2022H1,pre_rap_project_start,0,1,0.000000,0,1,0.000000,0,1,0.000000,0
73904,2021-08-31,2021H2,pre_rap_project_start,0,1,0.000000,0,1,0.000000,0,1,0.000000,0
73927,2023-07-06,2023H2,pre_rap_project_start,0,1,0.000000,0,1,0.000000,0,1,1.000000,1
73958,2022-02-24,2022H1,pre_rap_project_start,0,1,0.000000,0,1,0.000000,0,1,0.000000,0
73962,2022-03-09,2022H1,pre_rap_project_start,0,1,0.000000,0,1,0.000000,0,1,0.000000,0
74002,2021-12-14,2021H2,pre_rap_project_start,0,1,0.000000,0,1,0.000000,0,1,0.000000,0
74018,2021-10-05,2021H2,pre_rap_project_start,0,1,0.000000,0,1,0.000000,0,1,1.000000,1
74025,2021-11-30,2021H2,pre_rap_project_start,0,1,0.000000,0,1,1.000000,1,1,1.000000,1
74056,2023-08-09,2023H2,pre_rap_project_start,0,1,0.000000,0,1,0.000000,0,1,0.000000,0
74073,2021-07-22,2021H2,pre_rap_project_start,0,1,0.000000,0,1,0.000000,0,1,0.000000,0
74104,2021-07-26,2021H2,pre_rap_project_start,0,1,0.000000,0,1,0.000000,0,1,0.000000,0
74127,2021-11-30,2021H2,pre_rap_project_start,0,1,0.000000,0,1,0.000000,0,1,0.000000,0
74158,2021-07-05,2021H2,pre_rap_project_start,0,1,0.000000,0,1,1.000000,1,1,1.000000,1
74162,2021-10-26,2021H2,pre_rap_project_start,0,1,0.000000,0,1,1.000000,1,1,1.000000,1
74170,2022-01-12,2022H1,pre_rap_project_start,0,1,0.000000,0,1,0.000000,0,1,0.000000,0
74221,2022-01-25,2022H1,pre_rap_project_start,0,1,0.000000,0,1,0.000000,0,1,0.000000,0
74245,2021-09-08,2021H2,pre_rap_project_start,0,1,0.000000,0,1,0.000000,0,1,0.000000,0
74278,2021-09-29,2021H2,pre_rap_project_start,0,1,0.000000,0,1,0.000000,0,1,0.000000,0
74297,2022-03-18,2022H1,pre_rap_project_start,0,1,0.000000,0,1,0.000000,0,1,0.000000,0
74307,2021-12-14,2021H2,pre_rap_project_start,0,1,0.000000,0,1,0.000000,0,1,0.000000,0
74311,2022-07-15,2022H2,pre_rap_project_start,0,1,0.000000,0,1,1.000000,1,1,1.000000,1
74348,2021-08-03,2021H2,pre_rap_project_start,0,1,0.000000,0,1,0.000000,0,1,0.000000,0
74376,2022-01-27,2022H1,pre_rap_project_start,0,1,0.000000,0,1,0.000000,0,1,0.000000,0
74382,2021-07-21,2021H2,pre_rap_project_start,0,1,0.000000,0,1,0.000000,0,1,0.000000,0
74395,2021-06-16,2021H1,pre_rap_project_start,0,1,0.000000,0,1,1.000000,1,1,1.000000,1
74437,2021-11-30,2021H2,pre_rap_project_start,0,1,0.000000,0,1,0.000000,0,1,0.000000,0
74444,2021-07-20,2021H2,pre_rap_project_start,0,1,2.000000,1,1,4.000000,1,1,5.000000,1
74463,2025-04-16,2025H1,post_rap_project_start,1,0,,,0,,,0,,
74471,2022-02-24,2022H1,pre_rap_project_start,0,1,0.000000,0,1,0.000000,0,1,0.000000,0
74519,2022-08-25,2022H2,pre_rap_project_start,0,1,0.000000,0,1,0.000000,0,1,0.000000,0
74526,2022-05-19,2022H1,pre_rap_project_start,0,1,0.000000,0,1,0.000000,0,1,0.000000,0
74535,2021-10-12,2021H2,pre_rap_project_start,0,1,0.000000,0,1,0.000000,0,1,0.000000,0
74561,2022-04-28,2022H1,pre_rap_project_start,0,1,0.000000,0,1,0.000000,0,1,0.000000,0
74629,2021-10-26,2021H2,pre_rap_project_start,0,1,0.000000,0,1,0.000000,0,1,0.000000,0
74655,2022-06-21,2022H1,pre_rap_project_start,0,1,0.000000,0,1,0.000000,0,1,0.000000,0
74808,2021-10-26,2021H2,pre_rap_project_start,0,1,0.000000,0,1,0.000000,0,1,0.000000,0
74831,2023-07-05,2023H2,pre_rap_project_start,0,1,0.000000,0,1,0.000000,0,1,0.000000,0
74854,2022-09-08,2022H2,pre_rap_project_start,0,1,0.000000,0,1,0.000000,0,1,0.000000,0
74910,2021-11-22,2021H2,pre_rap_project_start,0,1,0.000000,0,1,0.000000,0,1,0.000000,0
74923,2023-01-25,2023H1,pre_rap_project_start,0,1,0.000000,0,1,0.000000,0,1,0.000000,0
74981,2022-02-08,2022H1,pre_rap_project_start,0,1,1.000000,1,1,1.000000,1,1,1.000000,1
75001,2021-09-23,2021H2,pre_rap_project_start,0,1,0.000000,0,1,0.000000,0,1,0.000000,0
75029,2022-03-07,2022H1,pre_rap_project_start,0,1,0.000000,0,1,0.000000,0,1,0.000000,0
75038,2021-09-28,2021H2,pre_rap_project_start,0,1,0.000000,0,1,0.000000,0,1,0.000000,0
75040,2023-05-24,2023H1,pre_rap_project_start,0,1,0.000000,0,1,0.000000,0,1,0.000000,0
75072,2022-05-24,2022H1,pre_rap_project_start,0,1,0.000000,0,1,0.000000,0,1,0.000000,0
75142,2021-10-26,2021H2,pre_rap_project_start,0,1,0.000000,0,1,0.000000,0,1,0.000000,0
75157,2022-02-24,2022H1,pre_rap_project_start,0,1,0.000000,0,1,0.000000,0,1,0.000000,0
75249,2021-11-01,2021H2,pre_rap_project_start,0,1,0.000000,0,1,0.000000,0,1,0.000000,0
75265,2021-10-11,2021H2,pre_rap_project_start,0,1,0.000000,0,1,0.000000,0,1,0.000000,0
75283,2022-02-03,2022H1,pre_rap_project_start,0,1,0.000000,0,1,0.000000,0,1,2.000000,1
75310,2021-11-01,2021H2,pre_rap_project_start,0,1,0.000000,0,1,0.000000,0,1,0.000000,0
75375,2022-09-09,2022H2,pre_rap_project_start,0,1,0.000000,0,1,0.000000,0,1,0.000000,0
75381,2021-11-30,2021H2,pre_rap_project_start,0,1,0.000000,0,1,0.000000,0,1,0.000000,0
75404,2022-06-13,2022H1,pre_rap_project_start,0,1,0.000000,0,1,0.000000,0,1,0.000000,0
75427,2022-05-24,2022H1,pre_rap_project_start,0,1,0.000000,0,1,0.000000,0,1,1.000000,1
75436,2021-09-07,2021H2,pre_rap_project_start,0,1,0.000000,0,1,0.000000,0,1,0.000000,0
75470,2022-03-22,2022H1,pre_rap_project_start,0,1,0.000000,0,1,0.000000,0,1,0.000000,0
75525,2021-09-22,2021H2,pre_rap_project_start,0,1,0.000000,0,1,0.000000,0,1,0.000000,0
75556,2021-12-08,2021H2,pre_rap_project_start,0,1,0.000000,0,1,0.000000,0,1,0.000000,0
75587,2022-03-18,2022H1,pre_rap_project_start,0,1,0.000000,0,1,0.000000,0,1,0.000000,0
75616,2021-09-23,2021H2,pre_rap_project_start,0,1,0.000000,0,1,0.000000,0,1,0.000000,0
75671,2022-08-25,2022H2,pre_rap_project_start,0,1,0.000000,0,1,0.000000,0,1,0.000000,0
75692,2022-04-08,2022H1,pre_rap_project_start,0,1,0.000000,0,1,0.000000,0,1,0.000000,0
75709,2022-08-08,2022H2,pre_rap_project_start,0,1,0.000000,0,1,0.000000,0,1,0.000000,0
75713,2022-01-17,2022H1,pre_rap_project_start,0,1,0.000000,0,1,0.000000,0,1,0.000000,0
75732,2022-02-24,2022H1,pre_rap_project_start,0,1,2.000000,1,1,2.000000,1,1,2.000000,1
75745,2022-02-24,2022H1,pre_rap_project_start,0,1,0.000000,0,1,0.000000,0,1,0.000000,0
75750,2023-06-09,2023H1,pre_rap_project_start,0,1,0.000000,0,1,0.000000,0,1,0.000000,0
75807,2021-12-08,2021H2,pre_rap_project_start,0,1,0.000000,0,1,0.000000,0,1,0.000000,0
75848,2022-02-24,2022H1,pre_rap_project_start,0,1,0.000000,0,1,0.000000,0,1,0.000000,0
75905,2021-12-07,2021H2,pre_rap_project_start,0,1,0.000000,0,1,0.000000,0,1,0.000000,0
75922,2021-11-16,2021H2,pre_rap_project_start,0,1,0.000000,0,1,0.000000,0,1,0.000000,0
75946,2022-03-18,2022H1,pre_rap_project_start,0,1,0.000000,0,1,0.000000,0,1,0.000000,0
76000,2022-11-30,2022H2,pre_rap_project_start,0,1,0.000000,0,1,0.000000,0,1,0.000000,0
76037,2021-12-08,2021H2,pre_rap_project_start,0,1,0.000000,0,1,0.000000,0,1,0.000000,0
76059,2022-09-16,2022H2,pre_rap_project_start,0,1,0.000000,0,1,0.000000,0,1,0.000000,0
76085,2021-11-16,2021H2,pre_rap_project_start,0,1,0.000000,0,1,0.000000,0,1,0.000000,0
76092,2021-11-02,2021H2,pre_rap_project_start,0,1,0.000000,0,1,0.000000,0,1,0.000000,0
76118,2021-11-02,2021H2,pre_rap_project_start,0,1,9.000000,1,1,11.000000,1,1,11.000000,1
76125,2022-05-13,2022H1,pre_rap_project_start,0,1,0.000000,0,1,0.000000,0,1,0.000000,0
76139,2022-06-01,2022H1,pre_rap_project_start,0,1,0.000000,0,1,0.000000,0,1,0.000000,0
76156,2022-05-30,2022H1,pre_rap_project_start,0,1,0.000000,0,1,0.000000,0,1,0.000000,0
76173,2021-10-26,2021H2,pre_rap_project_start,0,1,0.000000,0,1,0.000000,0,1,0.000000,0
76194,2021-08-26,2021H2,pre_rap_project_start,0,1,0.000000,0,1,0.000000,0,1,0.000000,0
76248,2021-12-07,2021H2,pre_rap_project_start,0,1,0.000000,0,1,0.000000,0,1,0.000000,0
76269,2022-03-25,2022H1,pre_rap_project_start,0,1,0.000000,0,1,1.000000,1,1,1.000000,1
76276,2022-09-20,2022H2,pre_rap_project_start,0,1,0.000000,0,1,0.000000,0,1,0.000000,0
76282,2021-10-06,2021H2,pre_rap_project_start,0,1,0.000000,0,1,0.000000,0,1,0.000000,0
76314,2021-11-09,2021H2,pre_rap_project_start,0,1,0.000000,0,1,0.000000,0,1,0.000000,0
76322,2022-05-24,2022H1,pre_rap_project_start,0,1,0.000000,0,1,0.000000,0,1,0.000000,0
76333,2021-09-02,2021H2,pre_rap_project_start,0,1,0.000000,0,1,0.000000,0,1,0.000000,0
76351,2022-01-13,2022H1,pre_rap_project_start,0,1,0.000000,0,1,0.000000,0,1,0.000000,0
76398,2021-10-19,2021H2,pre_rap_project_start,0,1,0.000000,0,1,0.000000,0,1,0.000000,0
76426,2022-02-08,2022H1,pre_rap_project_start,0,1,0.000000,0,1,0.000000,0,1,0.000000,0
76442,2022-05-19,2022H1,pre_rap_project_start,0,1,0.000000,0,1,0.000000,0,1,0.000000,0
76457,2022-02-09,2022H1,pre_rap_project_start,0,1,0.000000,0,1,0.000000,0,1,0.000000,0
76517,2021-12-03,2021H2,pre_rap_project_start,0,1,0.000000,0,1,1.000000,1,1,1.000000,1
76538,2022-01-17,2022H1,pre_rap_project_start,0,1,0.000000,0,1,1.000000,1,1,1.000000,1
76555,2022-05-12,2022H1,pre_rap_project_start,0,1,0.000000,0,1,0.000000,0,1,0.000000,0
76564,2022-11-10,2022H2,pre_rap_project_start,0,1,0.000000,0,1,0.000000,0,1,0.000000,0
76586,2021-10-26,2021H2,pre_rap_project_start,0,1,0.000000,0,1,0.000000,0,1,0.000000,0
76593,2022-02-08,2022H1,pre_rap_project_start,0,1,0.000000,0,1,0.000000,0,1,2.000000,1
76604,2023-02-16,2023H1,pre_rap_project_start,0,1,0.000000,0,1,0.000000,0,1,0.000000,0
76615,2021-10-05,2021H2,pre_rap_project_start,0,1,0.000000,0,1,0.000000,0,1,0.000000,0
76627,2021-10-19,2021H2,pre_rap_project_start,0,1,0.000000,0,1,0.000000,0,1,0.000000,0
76636,2021-10-20,2021H2,pre_rap_project_start,0,1,2.000000,1,1,3.000000,1,1,5.000000,1
76658,2021-11-02,2021H2,pre_rap_project_start,0,1,0.000000,0,1,0.000000,0,1,0.000000,0
76670,2021-10-11,2021H2,pre_rap_project_start,0,1,0.000000,0,1,1.000000,1,1,3.000000,1
76689,2022-03-04,2022H1,pre_rap_project_start,0,1,0.000000,0,1,0.000000,0,1,0.000000,0
76691,2022-04-25,2022H1,pre_rap_project_start,0,1,0.000000,0,1,0.000000,0,1,0.000000,0
76708,2022-06-27,2022H1,pre_rap_project_start,0,1,0.000000,0,1,0.000000,0,1,0.000000,0
76720,2022-01-12,2022H1,pre_rap_project_start,0,1,0.000000,0,1,1.000000,1,1,1.000000,1
76765,2021-11-05,2021H2,pre_rap_project_start,0,1,0.000000,0,1,0.000000,0,1,0.000000,0
76806,2022-03-14,2022H1,pre_rap_project_start,0,1,0.000000,0,1,0.000000,0,1,0.000000,0
76810,2021-12-08,2021H2,pre_rap_project_start,0,1,0.000000,0,1,0.000000,0,1,1.000000,1
76847,2022-03-10,2022H1,pre_rap_project_start,0,1,0.000000,0,1,0.000000,0,1,0.000000,0
76875,2021-09-28,2021H2,pre_rap_project_start,0,1,2.000000,1,1,3.000000,1,1,3.000000,1
76921,2022-03-07,2022H1,pre_rap_project_start,0,1,0.000000,0,1,0.000000,0,1,0.000000,0
76945,2022-05-19,2022H1,pre_rap_project_start,0,1,0.000000,0,1,0.000000,0,1,0.000000,0
76966,2021-12-08,2021H2,pre_rap_project_start,0,1,0.000000,0,1,0.000000,0,1,0.000000,0
76978,2022-01-12,2022H1,pre_rap_project_start,0,1,0.000000,0,1,0.000000,0,1,0.000000,0
77021,2022-05-24,2022H1,pre_rap_project_start,0,1,0.000000,0,1,0.000000,0,1,0.000000,0
77032,2021-10-11,2021H2,pre_rap_project_start,0,1,0.000000,0,1,0.000000,0,1,0.000000,0
77050,2022-04-26,2022H1,pre_rap_project_start,0,1,0.000000,0,1,0.000000,0,1,0.000000,0
77066,2021-09-28,2021H2,pre_rap_project_start,0,1,0.000000,0,1,0.000000,0,1,0.000000,0
77097,2022-08-09,2022H2,pre_rap_project_start,0,1,0.000000,0,1,0.000000,0,1,0.000000,0
77148,2023-02-08,2023H1,pre_rap_project_start,0,1,0.000000,0,1,0.000000,0,1,0.000000,0
77195,2022-04-25,2022H1,pre_rap_project_start,0,1,0.000000,0,1,0.000000,0,1,1.000000,1
77225,2022-05-19,2022H1,pre_rap_project_start,0,1,0.000000,0,1,0.000000,0,1,0.000000,0
77294,2023-01-11,2023H1,pre_rap_project_start,0,1,0.000000,0,1,0.000000,0,1,0.000000,0
77327,2022-09-07,2022H2,pre_rap_project_start,0,1,0.000000,0,1,0.000000,0,1,0.000000,0
77336,2022-04-13,2022H1,pre_rap_project_start,0,1,0.000000,0,1,0.000000,0,1,0.000000,0
77343,2021-10-11,2021H2,pre_rap_project_start,0,1,0.000000,0,1,0.000000,0,1,0.000000,0
77362,2021-09-23,2021H2,pre_rap_project_start,0,1,0.000000,0,1,0.000000,0,1,0.000000,0
77447,2022-01-26,2022H1,pre_rap_project_start,0,1,0.000000,0,1,0.000000,0,1,0.000000,0
77452,2022-07-22,2022H2,pre_rap_project_start,0,1,0.000000,0,1,0.000000,0,1,0.000000,0
77508,2022-03-18,2022H1,pre_rap_project_start,0,1,0.000000,0,1,0.000000,0,1,1.000000,1
77512,2021-12-14,2021H2,pre_rap_project_start,0,1,0.000000,0,1,0.000000,0,1,0.000000,0
77520,2022-01-25,2022H1,pre_rap_project_start,0,1,0.000000,0,1,0.000000,0,1,0.000000,0
77565,2021-11-09,2021H2,pre_rap_project_start,0,1,0.000000,0,1,0.000000,0,1,0.000000,0
77577,2022-04-05,2022H1,pre_rap_project_start,0,1,0.000000,0,1,0.000000,0,1,0.000000,0
77583,2022-08-09,2022H2,pre_rap_project_start,0,1,0.000000,0,1,0.000000,0,1,0.000000,0
77596,2022-03-11,2022H1,pre_rap_project_start,0,1,0.000000,0,1,0.000000,0,1,0.000000,0
77605,2022-02-24,2022H1,pre_rap_project_start,0,1,0.000000,0,1,0.000000,0,1,0.000000,0
77614,2021-11-01,2021H2,pre_rap_project_start,0,1,0.000000,0,1,0.000000,0,1,0.000000,0
77646,2022-02-24,2022H1,pre_rap_project_start,0,1,1.000000,1,1,2.000000,1,1,3.000000,1
77679,2022-01-25,2022H1,pre_rap_project_start,0,1,0.000000,0,1,0.000000,0,1,1.000000,1
77701,2022-07-21,2022H2,pre_rap_project_start,0,1,0.000000,0,1,0.000000,0,1,0.000000,0
77717,2021-12-08,2021H2,pre_rap_project_start,0,1,0.000000,0,1,0.000000,0,1,0.000000,0
77740,2021-12-08,2021H2,pre_rap_project_start,0,1,6.000000,1,1,11.000000,1,1,15.000000,1
77755,2024-02-08,2024H1,pre_rap_project_start,0,1,0.000000,0,1,0.000000,0,0,,
77764,2022-06-17,2022H1,pre_rap_project_start,0,1,0.000000,0,1,0.000000,0,1,0.000000,0
77793,2021-09-24,2021H2,pre_rap_project_start,0,1,0.000000,0,1,0.000000,0,1,1.000000,1
77803,2022-07-06,2022H2,pre_rap_project_start,0,1,0.000000,0,1,0.000000,0,1,1.000000,1
77842,2022-12-06,2022H2,pre_rap_project_start,0,1,0.000000,0,1,0.000000,0,1,0.000000,0
77861,2022-09-14,2022H2,pre_rap_project_start,0,1,0.000000,0,1,0.000000,0,1,0.000000,0
77890,2022-07-21,2022H2,pre_rap_project_start,0,1,0.000000,0,1,1.000000,1,1,1.333333,1
77916,2023-08-16,2023H2,pre_rap_project_start,0,1,0.000000,0,1,0.000000,0,1,0.000000,0
77928,2022-02-08,2022H1,pre_rap_project_start,0,1,0.000000,0,1,0.000000,0,1,0.000000,0
77959,2021-12-07,2021H2,pre_rap_project_start,0,1,0.000000,0,1,0.000000,0,1,0.000000,0
77963,2022-09-16,2022H2,pre_rap_project_start,0,1,2.000000,1,1,6.000000,1,1,10.000000,1
77992,2021-11-30,2021H2,pre_rap_project_start,0,1,0.000000,0,1,0.000000,0,1,0.000000,0
78210,2022-01-10,2022H1,pre_rap_project_start,0,1,0.000000,0,1,0.000000,0,1,0.000000,0
78223,2022-05-20,2022H1,pre_rap_project_start,0,1,0.000000,0,1,0.000000,0,1,0.000000,0
78275,2022-03-09,2022H1,pre_rap_project_start,0,1,0.000000,0,1,0.000000,0,1,0.000000,0
78332,2022-03-18,2022H1,pre_rap_project_start,0,1,0.000000,0,1,0.000000,0,1,0.000000,0
78350,2022-01-25,2022H1,pre_rap_project_start,0,1,0.000000,0,1,0.000000,0,1,0.000000,0
78378,2022-02-24,2022H1,pre_rap_project_start,0,1,0.000000,0,1,0.000000,0,1,0.000000,0
78402,2021-12-08,2021H2,pre_rap_project_start,0,1,0.000000,0,1,0.000000,0,1,0.000000,0
78425,2022-02-16,2022H1,pre_rap_project_start,0,1,0.000000,0,1,0.000000,0,1,0.000000,0
78439,2022-04-25,2022H1,pre_rap_project_start,0,1,0.000000,0,1,0.000000,0,1,0.000000,0
78500,2022-07-08,2022H2,pre_rap_project_start,0,1,0.000000,0,1,1.000000,1,1,1.000000,1
78537,2023-02-17,2023H1,pre_rap_project_start,0,1,0.000000,0,1,2.000000,1,1,2.500000,1
78559,2022-07-13,2022H2,pre_rap_project_start,0,1,0.000000,0,1,1.000000,1,1,1.000000,1
78563,2022-01-17,2022H1,pre_rap_project_start,0,1,2.000000,1,1,3.000000,1,1,4.000000,1
78571,2022-06-27,2022H1,pre_rap_project_start,0,1,0.000000,0,1,0.000000,0,1,0.000000,0
78619,2022-02-24,2022H1,pre_rap_project_start,0,1,1.000000,1,1,2.000000,1,1,4.000000,1
78635,2022-08-25,2022H2,pre_rap_project_start,0,1,1.000000,1,1,1.000000,1,1,1.000000,1
78657,2021-12-08,2021H2,pre_rap_project_start,0,1,0.000000,0,1,0.000000,0,1,0.000000,0
78690,2022-11-15,2022H2,pre_rap_project_start,0,1,0.000000,0,1,0.000000,0,1,0.000000,0
78707,2022-04-22,2022H1,pre_rap_project_start,0,1,0.000000,0,1,0.000000,0,1,0.000000,0
78730,2022-02-01,2022H1,pre_rap_project_start,0,1,0.000000,0,1,1.000000,1,1,3.000000,1
78748,2022-03-18,2022H1,pre_rap_project_start,0,1,0.000000,0,1,1.000000,1,1,2.000000,1
78753,2021-12-15,2021H2,pre_rap_project_start,0,1,0.000000,0,1,0.000000,0,1,0.000000,0
78769,2022-08-10,2022H2,pre_rap_project_start,0,1,0.000000,0,1,0.000000,0,1,0.000000,0
78795,2021-11-01,2021H2,pre_rap_project_start,0,1,0.000000,0,1,1.000000,1,1,1.000000,1
78814,2022-12-06,2022H2,pre_rap_project_start,0,1,0.000000,0,1,1.000000,1,1,1.000000,1
78846,2021-11-11,2021H2,pre_rap_project_start,0,1,0.000000,0,1,0.000000,0,1,0.000000,0
78851,2022-11-10,2022H2,pre_rap_project_start,0,1,0.000000,0,1,0.000000,0,1,0.000000,0
78867,2022-04-29,2022H1,pre_rap_project_start,0,1,2.000000,1,1,2.000000,1,1,4.000000,1
78898,2023-01-26,2023H1,pre_rap_project_start,0,1,0.000000,0,1,1.000000,1,1,1.000000,1
78912,2022-02-22,2022H1,pre_rap_project_start,0,1,0.000000,0,1,0.000000,0,1,1.000000,1
78920,2021-11-08,2021H2,pre_rap_project_start,0,1,0.000000,0,1,0.000000,0,1,0.000000,0
78949,2022-02-24,2022H1,pre_rap_project_start,0,1,0.000000,0,1,0.000000,0,1,0.000000,0
78954,2023-03-21,2023H1,pre_rap_project_start,0,1,0.000000,0,1,0.000000,0,1,0.000000,0
78983,2022-06-21,2022H1,pre_rap_project_start,0,1,0.000000,0,1,0.000000,0,1,0.000000,0
79007,2022-03-30,2022H1,pre_rap_project_start,0,1,0.000000,0,1,0.000000,0,1,0.000000,0
79011,2022-03-07,2022H1,pre_rap_project_start,0,1,0.000000,0,1,0.000000,0,1,0.000000,0
79024,2022-07-11,2022H2,pre_rap_project_start,0,1,0.000000,0,1,0.000000,0,1,0.000000,0
79095,2022-03-31,2022H1,pre_rap_project_start,0,1,1.000000,1,1,5.000000,1,1,9.000000,1
79105,2022-07-06,2022H2,pre_rap_project_start,0,1,0.000000,0,1,0.000000,0,1,0.000000,0
79114,2021-12-08,2021H2,pre_rap_project_start,0,1,1.000000,1,1,2.000000,1,1,2.000000,1
79146,2023-09-20,2023H2,pre_rap_project_start,0,1,0.000000,0,1,1.000000,1,1,2.000000,1
79151,2021-12-16,2021H2,pre_rap_project_start,0,1,0.000000,0,1,0.000000,0,1,0.000000,0
79167,2023-04-26,2023H1,pre_rap_project_start,0,1,0.000000,0,1,0.000000,0,1,0.000000,0
79200,2022-10-27,2022H2,pre_rap_project_start,0,1,0.000000,0,1,0.000000,0,1,0.000000,0
79216,2022-06-21,2022H1,pre_rap_project_start,0,1,0.000000,0,1,0.000000,0,1,0.000000,0
79237,2022-03-25,2022H1,pre_rap_project_start,0,1,0.000000,0,1,0.000000,0,1,0.000000,0
79244,2022-01-17,2022H1,pre_rap_project_start,0,1,0.000000,0,1,1.000000,1,1,2.000000,1
79259,2022-04-25,2022H1,pre_rap_project_start,0,1,0.000000,0,1,0.000000,0,1,0.000000,0
79263,2022-04-28,2022H1,pre_rap_project_start,0,1,0.000000,0,1,0.000000,0,1,0.000000,0
79302,2021-12-08,2021H2,pre_rap_project_start,0,1,0.000000,0,1,1.000000,1,1,5.000000,1
79325,2022-04-21,2022H1,pre_rap_project_start,0,1,0.000000,0,1,0.000000,0,1,0.000000,0
79360,2022-06-24,2022H1,pre_rap_project_start,0,1,0.000000,0,1,0.000000,0,1,0.000000,0
79373,2022-02-24,2022H1,pre_rap_project_start,0,1,0.000000,0,1,0.000000,0,1,0.000000,0
79409,2022-01-12,2022H1,pre_rap_project_start,0,1,0.000000,0,1,0.000000,0,1,0.000000,0
79432,2022-04-28,2022H1,pre_rap_project_start,0,1,0.000000,0,1,0.000000,0,1,0.000000,0
79445,2024-10-08,2024H2,post_rap_project_start,1,1,0.000000,0,0,,,0,,
79450,2022-03-18,2022H1,pre_rap_project_start,0,1,0.000000,0,1,0.000000,0,1,0.000000,0
79510,2021-11-30,2021H2,pre_rap_project_start,0,1,0.000000,0,1,0.000000,0,1,0.000000,0
79547,2022-03-24,2022H1,pre_rap_project_start,0,1,0.000000,0,1,0.000000,0,1,0.000000,0
79568,2022-02-24,2022H1,pre_rap_project_start,0,1,0.000000,0,1,0.000000,0,1,0.000000,0
79599,2022-02-16,2022H1,pre_rap_project_start,0,1,0.000000,0,1,0.000000,0,1,0.000000,0
79612,2022-04-20,2022H1,pre_rap_project_start,0,1,0.000000,0,1,0.000000,0,1,1.000000,1
79620,2022-01-12,2022H1,pre_rap_project_start,0,1,0.000000,0,1,0.000000,0,1,0.000000,0
79654,2022-04-19,2022H1,pre_rap_project_start,0,1,1.000000,1,1,1.000000,1,1,1.000000,1
79683,2022-05-12,2022H1,pre_rap_project_start,0,1,0.000000,0,1,0.000000,0,1,0.000000,0
79696,2022-05-04,2022H1,pre_rap_project_start,0,1,0.000000,0,1,0.000000,0,1,0.000000,0
79704,2022-06-21,2022H1,pre_rap_project_start,0,1,0.000000,0,1,0.000000,0,1,0.000000,0
79715,2022-03-31,2022H1,pre_rap_project_start,0,1,0.000000,0,1,0.000000,0,1,0.000000,0
79727,2022-04-26,2022H1,pre_rap_project_start,0,1,0.000000,0,1,0.000000,0,1,0.000000,0
79743,2025-11-11,2025H2,post_rap_project_start,1,0,,,0,,,0,,
79758,2022-02-08,2022H1,pre_rap_project_start,0,1,0.000000,0,1,0.000000,0,1,0.000000,0
79789,2022-03-22,2022H1,pre_rap_project_start,0,1,0.000000,0,1,0.000000,0,1,0.000000,0
79791,2022-05-19,2022H1,pre_rap_project_start,0,1,0.000000,0,1,0.000000,0,1,0.000000,0
79829,2022-02-24,2022H1,pre_rap_project_start,0,1,0.000000,0,1,0.000000,0,1,0.000000,0
79840,2022-05-19,2022H1,pre_rap_project_start,0,1,0.000000,0,1,0.000000,0,1,0.000000,0
79864,2022-05-19,2022H1,pre_rap_project_start,0,1,0.000000,0,1,0.000000,0,1,0.000000,0
79893,2022-03-22,2022H1,pre_rap_project_start,0,1,0.000000,0,1,0.000000,0,1,0.000000,0
79957,2022-03-10,2022H1,pre_rap_project_start,0,1,0.000000,0,1,0.000000,0,1,0.000000,0
79974,2022-03-18,2022H1,pre_rap_project_start,0,1,0.000000,0,1,0.000000,0,1,0.000000,0
79990,2023-03-29,2023H1,pre_rap_project_start,0,1,2.000000,1,1,2.000000,1,1,3.000000,1
80005,2022-01-17,2022H1,pre_rap_project_start,0,1,0.000000,0,1,0.000000,0,1,1.000000,1
80046,2022-12-20,2022H2,pre_rap_project_start,0,1,0.000000,0,1,0.000000,0,1,0.000000,0
80051,2023-02-09,2023H1,pre_rap_project_start,0,1,0.000000,0,1,0.000000,0,1,1.000000,1
80108,2022-01-12,2022H1,pre_rap_project_start,0,1,0.000000,0,1,0.000000,0,1,1.000000,1
80112,2022-03-18,2022H1,pre_rap_project_start,0,1,0.000000,0,1,0.000000,0,1,0.000000,0
80120,2022-02-22,2022H1,pre_rap_project_start,0,1,0.000000,0,1,0.000000,0,1,0.000000,0
80149,2022-03-09,2022H1,pre_rap_project_start,0,1,0.000000,0,1,0.000000,0,1,0.000000,0
80165,2022-06-22,2022H1,pre_rap_project_start,0,1,0.000000,0,1,0.000000,0,1,0.000000,0
80177,2022-04-20,2022H1,pre_rap_project_start,0,1,0.000000,0,1,0.000000,0,1,0.000000,0
80226,2023-05-18,2023H1,pre_rap_project_start,0,1,0.000000,0,1,0.000000,0,1,0.000000,0
80235,2022-05-19,2022H1,pre_rap_project_start,0,1,0.000000,0,1,0.000000,0,1,0.000000,0
80288,2022-04-27,2022H1,pre_rap_project_start,0,1,0.000000,0,1,0.000000,0,1,0.000000,0
80290,2022-02-08,2022H1,pre_rap_project_start,0,1,0.000000,0,1,0.000000,0,1,0.000000,0
80300,2022-12-21,2022H2,pre_rap_project_start,0,1,0.000000,0,1,0.000000,0,1,0.000000,0
80328,2022-09-14,2022H2,pre_rap_project_start,0,1,0.000000,0,1,0.000000,0,1,0.000000,0
80337,2022-05-19,2022H1,pre_rap_project_start,0,1,0.000000,0,1,0.000000,0,1,0.000000,0
80371,2022-02-16,2022H1,pre_rap_project_start,0,1,0.000000,0,1,0.000000,0,1,0.000000,0
80385,2022-01-26,2022H1,pre_rap_project_start,0,1,0.000000,0,1,0.000000,0,1,0.000000,0
80453,2022-04-13,2022H1,pre_rap_project_start,0,1,0.000000,0,1,0.000000,0,1,0.000000,0
80476,2022-02-22,2022H1,pre_rap_project_start,0,1,2.000000,1,1,2.000000,1,1,4.000000,1
80509,2022-01-12,2022H1,pre_rap_project_start,0,1,0.000000,0,1,0.000000,0,1,1.000000,1
80513,2022-01-25,2022H1,pre_rap_project_start,0,1,0.000000,0,1,0.000000,0,1,0.000000,0
80521,2022-04-20,2022H1,pre_rap_project_start,0,1,0.000000,0,1,0.000000,0,1,0.000000,0
80532,2022-04-12,2022H1,pre_rap_project_start,0,1,0.000000,0,1,1.000000,1,1,1.000000,1
80545,2021-11-08,2021H2,pre_rap_project_start,0,1,0.000000,0,1,0.000000,0,1,0.000000,0
80584,2022-01-12,2022H1,pre_rap_project_start,0,1,0.000000,0,1,0.000000,0,1,0.000000,0
80610,2021-11-30,2021H2,pre_rap_project_start,0,1,1.000000,1,1,3.000000,1,1,3.000000,1
80647,2022-12-06,2022H2,pre_rap_project_start,0,1,0.000000,0,1,0.000000,0,1,0.000000,0
80652,2022-02-15,2022H1,pre_rap_project_start,0,1,0.000000,0,1,0.000000,0,1,0.000000,0
80668,2023-01-11,2023H1,pre_rap_project_start,0,1,0.000000,0,1,0.000000,0,1,0.000000,0
80675,2022-08-09,2022H2,pre_rap_project_start,0,1,0.000000,0,1,0.000000,0,1,0.000000,0
80681,2022-06-13,2022H1,pre_rap_project_start,0,1,0.000000,0,1,0.000000,0,1,0.000000,0
80725,2022-04-22,2022H1,pre_rap_project_start,0,1,0.000000,0,1,0.000000,0,1,0.000000,0
80739,2022-02-01,2022H1,pre_rap_project_start,0,1,0.000000,0,1,0.000000,0,1,0.000000,0
80741,2022-01-25,2022H1,pre_rap_project_start,0,1,1.500000,1,1,1.500000,1,1,1.500000,1
80756,2022-03-09,2022H1,pre_rap_project_start,0,1,1.000000,1,1,1.000000,1,1,1.000000,1
80773,2021-12-15,2021H2,pre_rap_project_start,0,1,0.000000,0,1,1.000000,1,1,3.000000,1
80787,2022-06-07,2022H1,pre_rap_project_start,0,1,0.500000,1,1,2.000000,1,1,2.000000,1
80827,2022-07-13,2022H2,pre_rap_project_start,0,1,0.000000,0,1,1.000000,1,1,1.000000,1
80843,2021-12-07,2021H2,pre_rap_project_start,0,1,0.000000,0,1,0.000000,0,1,0.000000,0
80891,2022-03-18,2022H1,pre_rap_project_start,0,1,0.000000,0,1,0.000000,0,1,0.000000,0
80917,2022-02-22,2022H1,pre_rap_project_start,0,1,0.000000,0,1,0.000000,0,1,0.000000,0
81009,2022-07-21,2022H2,pre_rap_project_start,0,1,0.000000,0,1,0.000000,0,1,0.000000,0
81032,2022-09-09,2022H2,pre_rap_project_start,0,1,0.000000,0,1,0.000000,0,1,0.000000,0
81045,2022-05-12,2022H1,pre_rap_project_start,0,1,0.000000,0,1,0.000000,0,1,0.000000,0
81050,2022-09-14,2022H2,pre_rap_project_start,0,1,0.000000,0,1,0.000000,0,1,0.000000,0
81066,2022-04-08,2022H1,pre_rap_project_start,0,1,0.000000,0,1,0.000000,0,1,0.000000,0
81097,2022-03-18,2022H1,pre_rap_project_start,0,1,0.000000,0,1,1.000000,1,1,1.000000,1
81124,2022-05-24,2022H1,pre_rap_project_start,0,1,1.000000,1,1,1.000000,1,1,1.000000,1
81169,2022-08-09,2022H2,pre_rap_project_start,0,1,0.000000,0,1,0.000000,0,1,0.000000,0
81182,2021-11-30,2021H2,pre_rap_project_start,0,1,0.000000,0,1,0.000000,0,1,0.000000,0
81195,2022-04-12,2022H1,pre_rap_project_start,0,1,0.000000,0,1,0.000000,0,1,0.000000,0
81202,2022-01-17,2022H1,pre_rap_project_start,0,1,2.000000,1,1,3.000000,1,1,4.000000,1
81315,2022-02-08,2022H1,pre_rap_project_start,0,1,0.000000,0,1,0.000000,0,1,0.000000,0
81358,2023-06-02,2023H1,pre_rap_project_start,0,1,0.000000,0,1,0.333333,1,1,0.333333,1
81370,2022-10-19,2022H2,pre_rap_project_start,0,1,0.000000,0,1,0.000000,0,1,0.000000,0
81410,2022-02-22,2022H1,pre_rap_project_start,0,1,1.000000,1,1,1.000000,1,1,1.000000,1
81423,2022-05-19,2022H1,pre_rap_project_start,0,1,1.000000,1,1,1.000000,1,1,1.000000,1
81434,2022-02-15,2022H1,pre_rap_project_start,0,1,0.000000,0,1,1.000000,1,1,1.000000,1
81475,2022-02-22,2022H1,pre_rap_project_start,0,1,0.000000,0,1,0.000000,0,1,0.000000,0
81481,2022-02-15,2022H1,pre_rap_project_start,0,1,0.000000,0,1,1.000000,1,1,1.000000,1
81499,2022-05-19,2022H1,pre_rap_project_start,0,1,0.500000,1,1,1.500000,1,1,3.000000,1
81508,2022-07-27,2022H2,pre_rap_project_start,0,1,0.000000,0,1,0.000000,0,1,2.000000,1
81520,2022-03-29,2022H1,pre_rap_project_start,0,1,0.000000,0,1,0.000000,0,1,0.000000,0
81596,2022-04-12,2022H1,pre_rap_project_start,0,1,0.000000,0,1,0.000000,0,1,0.000000,0
81605,2022-03-21,2022H1,pre_rap_project_start,0,1,0.000000,0,1,0.000000,0,1,1.000000,1
81614,2022-02-15,2022H1,pre_rap_project_start,0,1,0.000000,0,1,0.000000,0,1,1.000000,1
81646,2023-05-03,2023H1,pre_rap_project_start,0,1,0.000000,0,1,0.000000,0,1,1.000000,1
81651,2022-03-22,2022H1,pre_rap_project_start,0,1,0.000000,0,1,0.000000,0,1,0.000000,0
81679,2022-04-20,2022H1,pre_rap_project_start,0,1,0.000000,0,1,0.000000,0,1,0.000000,0
81680,2022-03-07,2022H1,pre_rap_project_start,0,1,0.000000,0,1,0.000000,0,1,0.000000,0
81738,2022-08-19,2022H2,pre_rap_project_start,0,1,0.000000,0,1,1.000000,1,1,1.000000,1
81764,2022-03-09,2022H1,pre_rap_project_start,0,1,0.000000,0,1,0.000000,0,1,0.000000,0
81786,2022-03-10,2022H1,pre_rap_project_start,0,1,0.000000,0,1,0.000000,0,1,0.000000,0
81793,2022-04-20,2022H1,pre_rap_project_start,0,1,0.000000,0,1,0.000000,0,1,0.000000,0
81803,2022-03-30,2022H1,pre_rap_project_start,0,1,0.000000,0,1,0.000000,0,1,0.000000,0
81874,2022-11-16,2022H2,pre_rap_project_start,0,1,0.000000,0,1,0.000000,0,1,1.000000,1
81888,2021-12-16,2021H2,pre_rap_project_start,0,1,0.000000,0,1,0.000000,0,1,0.000000,0
81959,2022-05-23,2022H1,pre_rap_project_start,0,1,0.000000,0,1,0.000000,0,1,0.000000,0
81963,2022-02-22,2022H1,pre_rap_project_start,0,1,0.000000,0,1,0.000000,0,1,0.000000,0
81985,2022-03-22,2022H1,pre_rap_project_start,0,1,0.000000,0,1,0.000000,0,1,0.000000,0
82002,2022-05-24,2022H1,pre_rap_project_start,0,1,0.000000,0,1,0.000000,0,1,0.000000,0
82018,2022-03-18,2022H1,pre_rap_project_start,0,1,0.000000,0,1,0.000000,0,1,1.000000,1
82056,2022-04-13,2022H1,pre_rap_project_start,0,1,0.000000,0,1,0.000000,0,1,1.000000,1
82060,2022-08-09,2022H2,pre_rap_project_start,0,1,0.000000,0,1,0.000000,0,1,0.000000,0
82073,2022-09-09,2022H2,pre_rap_project_start,0,1,0.000000,0,1,0.000000,0,1,0.000000,0
82087,2022-02-15,2022H1,pre_rap_project_start,0,1,0.000000,0,1,0.000000,0,1,0.000000,0
82094,2022-02-18,2022H1,pre_rap_project_start,0,1,0.000000,0,1,0.000000,0,1,0.000000,0
82104,2022-04-21,2022H1,pre_rap_project_start,0,1,0.000000,0,1,0.000000,0,1,0.000000,0
82127,2022-04-13,2022H1,pre_rap_project_start,0,1,0.000000,0,1,0.000000,0,1,0.000000,0
82136,2022-06-21,2022H1,pre_rap_project_start,0,1,0.000000,0,1,0.000000,0,1,0.000000,0
82143,2022-03-25,2022H1,pre_rap_project_start,0,1,0.000000,0,1,0.000000,0,1,0.000000,0
82158,2022-03-07,2022H1,pre_rap_project_start,0,1,0.000000,0,1,0.000000,0,1,0.000000,0
82189,2022-09-16,2022H2,pre_rap_project_start,0,1,0.000000,0,1,0.000000,0,1,0.000000,0
82209,2022-03-30,2022H1,pre_rap_project_start,0,1,0.000000,0,1,0.000000,0,1,0.000000,0
82213,2022-09-14,2022H2,pre_rap_project_start,0,1,0.000000,0,1,0.000000,0,1,0.000000,0
82232,2022-01-12,2022H1,pre_rap_project_start,0,1,0.000000,0,1,0.000000,0,1,0.000000,0
82266,2022-02-15,2022H1,pre_rap_project_start,0,1,0.000000,0,1,0.000000,0,1,0.000000,0
82278,2022-06-21,2022H1,pre_rap_project_start,0,1,0.000000,0,1,0.000000,0,1,0.000000,0
82284,2022-10-27,2022H2,pre_rap_project_start,0,1,0.000000,0,1,0.000000,0,1,0.000000,0
82297,2022-04-13,2022H1,pre_rap_project_start,0,1,0.000000,0,1,0.000000,0,1,0.000000,0
82353,2022-06-22,2022H1,pre_rap_project_start,0,1,0.000000,0,1,0.000000,0,1,0.000000,0
82369,2022-07-06,2022H2,pre_rap_project_start,0,1,0.000000,0,1,0.000000,0,1,0.000000,0
82376,2022-07-06,2022H2,pre_rap_project_start,0,1,0.000000,0,1,0.000000,0,1,0.000000,0
82382,2022-05-12,2022H1,pre_rap_project_start,0,1,0.000000,0,1,0.000000,0,1,0.000000,0
82395,2022-09-08,2022H2,pre_rap_project_start,0,1,0.000000,0,1,0.000000,0,1,0.000000,0
82416,2022-02-08,2022H1,pre_rap_project_start,0,1,0.000000,0,1,0.000000,0,1,0.000000,0
82444,2022-03-22,2022H1,pre_rap_project_start,0,1,0.000000,0,1,0.000000,0,1,0.000000,0
82492,2023-01-18,2023H1,pre_rap_project_start,0,1,0.000000,0,1,0.000000,0,1,0.000000,0
82503,2022-05-19,2022H1,pre_rap_project_start,0,1,0.000000,0,1,0.000000,0,1,0.000000,0
82526,2022-04-13,2022H1,pre_rap_project_start,0,1,0.000000,0,1,0.000000,0,1,0.000000,0
82535,2022-03-25,2022H1,pre_rap_project_start,0,1,1.000000,1,1,1.000000,1,1,1.000000,1
82557,2022-03-07,2022H1,pre_rap_project_start,0,1,0.000000,0,1,0.000000,0,1,0.000000,0
82561,2022-06-07,2022H1,pre_rap_project_start,0,1,0.000000,0,1,0.000000,0,1,0.000000,0
82574,2022-03-22,2022H1,pre_rap_project_start,0,1,0.000000,0,1,0.000000,0,1,0.000000,0
82590,2022-06-07,2022H1,pre_rap_project_start,0,1,0.000000,0,1,0.000000,0,1,0.000000,0
82617,2022-03-10,2022H1,pre_rap_project_start,0,1,0.000000,0,1,0.000000,0,1,0.000000,0
82629,2022-12-14,2022H2,pre_rap_project_start,0,1,0.000000,0,1,0.000000,0,1,0.000000,0
82640,2022-02-22,2022H1,pre_rap_project_start,0,1,1.000000,1,1,1.000000,1,1,1.000000,1
82664,2022-04-06,2022H1,pre_rap_project_start,0,1,0.000000,0,1,0.000000,0,1,0.000000,0
82686,2022-05-19,2022H1,pre_rap_project_start,0,1,0.000000,0,1,0.000000,0,1,0.000000,0
82693,2022-09-14,2022H2,pre_rap_project_start,0,1,1.000000,1,1,1.000000,1,1,1.000000,1
82705,2022-08-09,2022H2,pre_rap_project_start,0,1,0.000000,0,1,1.000000,1,1,1.000000,1
82722,2022-05-20,2022H1,pre_rap_project_start,0,1,1.000000,1,1,1.000000,1,1,1.000000,1
82733,2022-06-07,2022H1,pre_rap_project_start,0,1,0.000000,0,1,0.000000,0,1,0.000000,0
82779,2022-05-24,2022H1,pre_rap_project_start,0,1,0.000000,0,1,0.000000,0,1,0.000000,0
82798,2023-02-21,2023H1,pre_rap_project_start,0,1,0.000000,0,1,0.000000,0,1,0.000000,0
82812,2022-10-11,2022H2,pre_rap_project_start,0,1,0.000000,0,1,0.000000,0,1,1.000000,1
82849,2022-08-25,2022H2,pre_rap_project_start,0,1,0.000000,0,1,0.000000,0,1,0.000000,0
82906,2022-08-09,2022H2,pre_rap_project_start,0,1,0.000000,0,1,0.000000,0,1,0.000000,0
82910,2022-08-10,2022H2,pre_rap_project_start,0,1,0.000000,0,1,0.000000,0,1,0.000000,0
82923,2022-05-20,2022H1,pre_rap_project_start,0,1,0.000000,0,1,0.000000,0,1,0.000000,0
82952,2022-03-14,2022H1,pre_rap_project_start,0,1,0.000000,0,1,1.000000,1,1,1.000000,1
82975,2022-09-20,2022H2,pre_rap_project_start,0,1,0.000000,0,1,0.000000,0,1,0.000000,0
82981,2022-11-08,2022H2,pre_rap_project_start,0,1,0.000000,0,1,0.000000,0,1,0.000000,0
82999,2022-03-18,2022H1,pre_rap_project_start,0,1,0.000000,0,1,0.000000,0,1,0.000000,0
83076,2022-03-09,2022H1,pre_rap_project_start,0,1,0.000000,0,1,0.000000,0,1,0.000000,0
83122,2022-04-12,2022H1,pre_rap_project_start,0,1,0.000000,0,1,1.000000,1,1,1.000000,1
83146,2023-04-04,2023H1,pre_rap_project_start,0,1,0.000000,0,1,0.000000,0,1,0.000000,0
83151,2022-04-06,2022H1,pre_rap_project_start,0,1,1.000000,1,1,3.000000,1,1,4.000000,1
83167,2022-03-30,2022H1,pre_rap_project_start,0,1,1.000000,1,1,4.000000,1,1,8.000000,1
83180,2022-03-21,2022H1,pre_rap_project_start,0,1,0.000000,0,1,0.000000,0,1,0.000000,0
83198,2023-04-28,2023H1,pre_rap_project_start,0,1,0.000000,0,1,0.000000,0,1,0.000000,0
83200,2022-04-21,2022H1,pre_rap_project_start,0,1,0.000000,0,1,0.000000,0,1,0.000000,0
83216,2022-08-09,2022H2,pre_rap_project_start,0,1,0.000000,0,1,0.000000,0,1,0.000000,0
83259,2022-02-17,2022H1,pre_rap_project_start,0,1,0.000000,0,1,0.000000,0,1,0.000000,0
83271,2022-04-21,2022H1,pre_rap_project_start,0,1,0.000000,0,1,0.000000,0,1,0.000000,0
83285,2022-09-29,2022H2,pre_rap_project_start,0,1,0.000000,0,1,0.000000,0,1,0.000000,0
83292,2022-04-29,2022H1,pre_rap_project_start,0,1,0.000000,0,1,0.000000,0,1,0.000000,0
83318,2023-09-05,2023H2,pre_rap_project_start,0,1,0.000000,0,1,0.000000,0,1,0.000000,0
83325,2022-09-16,2022H2,pre_rap_project_start,0,1,0.000000,0,1,1.000000,1,1,1.000000,1
83339,2022-03-18,2022H1,pre_rap_project_start,0,1,0.000000,0,1,2.000000,1,1,4.000000,1
83341,2022-09-20,2022H2,pre_rap_project_start,0,1,0.000000,0,1,0.000000,0,1,0.000000,0
83373,2022-11-08,2022H2,pre_rap_project_start,0,1,0.000000,0,1,0.000000,0,1,0.000000,0
83394,2023-03-02,2023H1,pre_rap_project_start,0,1,0.000000,0,1,0.000000,0,1,0.000000,0
83409,2022-03-18,2022H1,pre_rap_project_start,0,1,0.000000,0,1,0.000000,0,1,0.000000,0
83421,2022-04-12,2022H1,pre_rap_project_start,0,1,0.000000,0,1,0.000000,0,1,0.000000,0
83432,2022-07-06,2022H2,pre_rap_project_start,0,1,0.000000,0,1,1.000000,1,1,1.000000,1
83445,2022-03-09,2022H1,pre_rap_project_start,0,1,0.000000,0,1,0.000000,0,1,0.000000,0
83497,2022-07-13,2022H2,pre_rap_project_start,0,1,0.000000,0,1,0.000000,0,1,0.000000,0
83534,2022-09-09,2022H2,pre_rap_project_start,0,1,0.000000,0,1,1.000000,1,1,2.000000,1
83547,2022-03-18,2022H1,pre_rap_project_start,0,1,0.000000,0,1,0.000000,0,1,0.000000,0
83599,2022-03-18,2022H1,pre_rap_project_start,0,1,0.000000,0,1,0.000000,0,1,0.000000,0
83608,2022-05-20,2022H1,pre_rap_project_start,0,1,0.000000,0,1,0.000000,0,1,0.000000,0
83801,2022-11-21,2022H2,pre_rap_project_start,0,1,0.000000,0,1,0.000000,0,1,0.000000,0
83829,2022-06-07,2022H1,pre_rap_project_start,0,1,0.000000,0,1,0.000000,0,1,0.000000,0
83855,2022-09-14,2022H2,pre_rap_project_start,0,1,0.000000,0,1,0.000000,0,1,0.000000,0
83926,2022-03-18,2022H1,pre_rap_project_start,0,1,0.000000,0,1,0.000000,0,1,0.000000,0
83935,2023-12-12,2023H2,pre_rap_project_start,0,1,0.000000,0,1,0.000000,0,1,0.000000,0
83942,2023-04-04,2023H1,pre_rap_project_start,0,1,0.000000,0,1,0.000000,0,1,0.000000,0
83957,2023-02-08,2023H1,pre_rap_project_start,0,1,0.000000,0,1,0.000000,0,1,0.000000,0
83961,2023-03-03,2023H1,pre_rap_project_start,0,1,0.000000,0,1,0.000000,0,1,0.000000,0
83974,2022-03-18,2022H1,pre_rap_project_start,0,1,4.000000,1,1,4.000000,1,1,5.000000,1
83988,2022-05-19,2022H1,pre_rap_project_start,0,1,0.000000,0,1,0.000000,0,1,0.000000,0
83990,2022-06-07,2022H1,pre_rap_project_start,0,1,1.000000,1,1,1.000000,1,1,2.000000,1
84001,2022-10-17,2022H2,pre_rap_project_start,0,1,0.000000,0,1,0.000000,0,1,0.000000,0
84017,2022-07-14,2022H2,pre_rap_project_start,0,1,1.000000,1,1,1.000000,1,1,1.000000,1
84029,2022-06-22,2022H1,pre_rap_project_start,0,1,0.000000,0,1,0.000000,0,1,0.000000,0
84038,2022-03-22,2022H1,pre_rap_project_start,0,1,0.000000,0,1,0.000000,0,1,0.000000,0
84064,2022-05-20,2022H1,pre_rap_project_start,0,1,0.000000,0,1,0.000000,0,1,0.000000,0
84086,2023-01-31,2023H1,pre_rap_project_start,0,1,0.000000,0,1,0.000000,0,1,0.000000,0
84103,2022-09-20,2022H2,pre_rap_project_start,0,1,0.000000,0,1,0.000000,0,1,0.000000,0
84142,2022-04-21,2022H1,pre_rap_project_start,0,1,0.000000,0,1,0.000000,0,1,0.000000,0
84157,2024-10-28,2024H2,post_rap_project_start,1,1,0.000000,0,0,,,0,,
84161,2022-09-14,2022H2,pre_rap_project_start,0,1,0.000000,0,1,0.000000,0,1,0.000000,0
84208,2022-07-06,2022H2,pre_rap_project_start,0,1,0.000000,0,1,0.000000,0,1,0.000000,0
84254,2022-12-06,2022H2,pre_rap_project_start,0,1,0.000000,0,1,0.000000,0,1,0.000000,0
84283,2023-02-08,2023H1,pre_rap_project_start,0,1,0.000000,0,1,0.000000,0,1,0.000000,0
84306,2022-06-21,2022H1,pre_rap_project_start,0,1,0.000000,0,1,0.000000,0,1,0.000000,0
84323,2022-05-20,2022H1,pre_rap_project_start,0,1,0.000000,0,1,0.000000,0,1,1.000000,1
84347,2022-05-30,2022H1,pre_rap_project_start,0,1,1.000000,1,1,2.000000,1,1,5.000000,1
84352,2022-05-12,2022H1,pre_rap_project_start,0,1,0.000000,0,1,0.000000,0,1,1.000000,1
84368,2022-08-09,2022H2,pre_rap_project_start,0,1,0.000000,0,1,0.000000,0,1,0.000000,0
84375,2023-07-06,2023H2,pre_rap_project_start,0,1,0.000000,0,1,0.000000,0,1,0.000000,0
84381,2022-05-05,2022H1,pre_rap_project_start,0,1,0.000000,0,1,0.000000,0,1,0.000000,0
84404,2023-09-13,2023H2,pre_rap_project_start,0,1,0.000000,0,1,0.000000,0,1,0.000000,0
84415,2022-04-26,2022H1,pre_rap_project_start,0,1,0.000000,0,1,0.000000,0,1,0.000000,0
84436,2022-04-26,2022H1,pre_rap_project_start,0,1,0.000000,0,1,0.000000,0,1,1.000000,1
84443,2022-03-18,2022H1,pre_rap_project_start,0,1,0.000000,0,1,1.000000,1,1,2.000000,1
84502,2022-04-26,2022H1,pre_rap_project_start,0,1,0.000000,0,1,0.000000,0,1,0.000000,0
84518,2022-08-05,2022H2,pre_rap_project_start,0,1,0.000000,0,1,1.000000,1,1,1.000000,1
84525,2022-03-18,2022H1,pre_rap_project_start,0,1,0.000000,0,1,5.000000,1,1,5.000000,1
84539,2022-10-19,2022H2,pre_rap_project_start,0,1,0.000000,0,1,0.000000,0,1,0.000000,0
84541,2022-11-22,2022H2,pre_rap_project_start,0,1,0.000000,0,1,0.000000,0,1,0.000000,0
84587,2022-03-22,2022H1,pre_rap_project_start,0,1,0.000000,0,1,0.000000,0,1,0.000000,0
84616,2023-03-21,2023H1,pre_rap_project_start,0,1,0.000000,0,1,0.000000,0,1,0.000000,0
84659,2025-08-18,2025H2,post_rap_project_start,1,0,,,0,,,0,,
84685,2022-09-09,2022H2,pre_rap_project_start,0,1,0.000000,0,1,0.000000,0,1,0.000000,0
84692,2023-02-09,2023H1,pre_rap_project_start,0,1,0.000000,0,1,0.000000,0,1,0.000000,0
84709,2022-02-22,2022H1,pre_rap_project_start,0,1,0.000000,0,1,0.000000,0,1,0.000000,0
84721,2022-04-05,2022H1,pre_rap_project_start,0,1,0.000000,0,1,0.000000,0,1,0.000000,0
84778,2022-04-06,2022H1,pre_rap_project_start,0,1,0.000000,0,1,0.000000,0,1,1.000000,1
84811,2022-03-30,2022H1,pre_rap_project_start,0,1,0.000000,0,1,0.000000,0,1,0.000000,0
84824,2022-05-05,2022H1,pre_rap_project_start,0,1,0.000000,0,1,0.000000,0,1,0.000000,0
84853,2022-05-24,2022H1,pre_rap_project_start,0,1,0.000000,0,1,0.000000,0,1,0.000000,0
84905,2022-08-10,2022H2,pre_rap_project_start,0,1,0.000000,0,1,1.000000,1,1,1.000000,1
84979,2022-05-20,2022H1,pre_rap_project_start,0,1,6.000000,1,1,10.000000,1,1,10.000000,1
84980,2022-09-01,2022H2,pre_rap_project_start,0,1,1.000000,1,1,1.000000,1,1,2.000000,1
85028,2022-11-04,2022H2,pre_rap_project_start,0,1,0.000000,0,1,0.000000,0,1,0.000000,0
85037,2022-10-11,2022H2,pre_rap_project_start,0,1,0.000000,0,1,1.000000,1,1,2.000000,1
85059,2022-05-05,2022H1,pre_rap_project_start,0,1,0.000000,0,1,0.000000,0,1,0.000000,0
85063,2022-05-24,2022H1,pre_rap_project_start,0,1,0.000000,0,1,0.000000,0,1,0.000000,0
85085,2023-07-05,2023H2,pre_rap_project_start,0,1,0.000000,0,1,0.000000,0,1,0.000000,0
85092,2022-05-13,2022H1,pre_rap_project_start,0,1,0.000000,0,1,0.000000,0,1,1.000000,1
85118,2022-03-18,2022H1,pre_rap_project_start,0,1,1.000000,1,1,1.000000,1,1,1.000000,1
85139,2022-10-11,2022H2,pre_rap_project_start,0,1,0.000000,0,1,0.000000,0,1,0.000000,0
85156,2022-09-20,2022H2,pre_rap_project_start,0,1,0.000000,0,1,0.000000,0,1,1.000000,1
85173,2022-08-09,2022H2,pre_rap_project_start,0,1,0.000000,0,1,0.000000,0,1,0.000000,0
85187,2022-06-07,2022H1,pre_rap_project_start,0,1,0.000000,0,1,0.000000,0,1,0.000000,0
85194,2022-08-25,2022H2,pre_rap_project_start,0,1,0.000000,0,1,0.000000,0,1,0.000000,0
85224,2022-03-24,2022H1,pre_rap_project_start,0,1,0.000000,0,1,0.000000,0,1,1.000000,1
85248,2022-05-19,2022H1,pre_rap_project_start,0,1,2.000000,1,1,3.000000,1,1,3.000000,1
85253,2022-08-09,2022H2,pre_rap_project_start,0,1,0.000000,0,1,0.000000,0,1,0.000000,0
85403,2022-08-25,2022H2,pre_rap_project_start,0,1,0.000000,0,1,0.000000,0,1,0.000000,0
85426,2022-06-24,2022H1,pre_rap_project_start,0,1,0.000000,0,1,0.000000,0,1,0.000000,0
85442,2022-04-25,2022H1,pre_rap_project_start,0,1,0.000000,0,1,0.000000,0,1,0.000000,0
85457,2022-05-19,2022H1,pre_rap_project_start,0,1,0.000000,0,1,0.000000,0,1,0.000000,0
85461,2023-04-04,2023H1,pre_rap_project_start,0,1,0.000000,0,1,0.000000,0,1,0.000000,0
85474,2022-04-20,2022H1,pre_rap_project_start,0,1,0.000000,0,1,0.000000,0,1,0.000000,0
85488,2022-06-22,2022H1,pre_rap_project_start,0,1,0.000000,0,1,0.000000,0,1,0.000000,0
85501,2022-07-27,2022H2,pre_rap_project_start,0,1,0.000000,0,1,0.000000,0,1,1.000000,1
85529,2022-05-24,2022H1,pre_rap_project_start,0,1,1.000000,1,1,1.000000,1,1,1.000000,1
85538,2023-10-26,2023H2,pre_rap_project_start,0,1,0.000000,0,1,0.000000,0,1,0.000000,0
85636,2022-08-22,2022H2,pre_rap_project_start,0,1,0.000000,0,1,0.000000,0,1,0.000000,0
85823,2022-07-14,2022H2,pre_rap_project_start,0,1,0.000000,0,1,0.000000,0,1,0.000000,0
85834,2022-09-08,2022H2,pre_rap_project_start,0,1,0.000000,0,1,0.000000,0,1,0.000000,0
85881,2022-04-26,2022H1,pre_rap_project_start,0,1,0.000000,0,1,0.000000,0,1,0.000000,0
85909,2022-04-06,2022H1,pre_rap_project_start,0,1,0.000000,0,1,0.000000,0,1,0.000000,0
85966,2022-10-27,2022H2,pre_rap_project_start,0,1,0.000000,0,1,0.000000,0,1,1.000000,1
85997,2022-05-24,2022H1,pre_rap_project_start,0,1,0.000000,0,1,0.000000,0,1,0.000000,0
86004,2022-05-30,2022H1,pre_rap_project_start,0,1,0.000000,0,1,0.000000,0,1,0.000000,0
86015,2022-05-20,2022H1,pre_rap_project_start,0,1,0.000000,0,1,0.000000,0,1,0.000000,0
86027,2022-07-27,2022H2,pre_rap_project_start,0,1,0.000000,0,1,0.000000,0,1,0.000000,0
86091,2022-07-13,2022H2,pre_rap_project_start,0,1,0.000000,0,1,1.000000,1,1,4.000000,1
86101,2023-03-06,2023H1,pre_rap_project_start,0,1,0.000000,0,1,0.000000,0,1,0.000000,0
86117,2022-08-25,2022H2,pre_rap_project_start,0,1,0.000000,0,1,0.000000,0,1,0.000000,0
86140,2022-08-15,2022H2,pre_rap_project_start,0,1,0.000000,0,1,0.000000,0,1,0.000000,0
86155,2023-02-08,2023H1,pre_rap_project_start,0,1,0.000000,0,1,0.000000,0,1,0.000000,0
86234,2022-09-09,2022H2,pre_rap_project_start,0,1,0.000000,0,1,0.000000,0,1,0.000000,0
86247,2023-03-22,2023H1,pre_rap_project_start,0,1,0.000000,0,1,0.000000,0,1,0.000000,0
86252,2022-09-14,2022H2,pre_rap_project_start,0,1,0.000000,0,1,0.000000,0,1,0.000000,0
86275,2023-06-02,2023H1,pre_rap_project_start,0,1,0.000000,0,1,0.000000,0,1,1.000000,1
86281,2022-11-30,2022H2,pre_rap_project_start,0,1,0.000000,0,1,0.000000,0,1,0.000000,0
86299,2022-03-28,2022H1,pre_rap_project_start,0,1,0.000000,0,1,0.000000,0,1,1.000000,1
86321,2022-09-09,2022H2,pre_rap_project_start,0,1,0.000000,0,1,0.500000,1,1,0.500000,1
86378,2022-09-09,2022H2,pre_rap_project_start,0,1,0.000000,0,1,0.000000,0,1,0.000000,0
86441,2022-06-13,2022H1,pre_rap_project_start,0,1,0.000000,0,1,0.000000,0,1,1.000000,1
86460,2022-05-20,2022H1,pre_rap_project_start,0,1,0.000000,0,1,0.000000,0,1,0.000000,0
86473,2022-08-10,2022H2,pre_rap_project_start,0,1,0.000000,0,1,0.000000,0,1,1.000000,1
86487,2022-08-09,2022H2,pre_rap_project_start,0,1,0.000000,0,1,0.000000,0,1,0.000000,0
86494,2022-06-24,2022H1,pre_rap_project_start,0,1,0.000000,0,1,0.000000,0,1,0.000000,0
86537,2022-08-10,2022H2,pre_rap_project_start,0,1,0.000000,0,1,0.000000,0,1,0.000000,0
86563,2022-12-14,2022H2,pre_rap_project_start,0,1,0.000000,0,1,0.000000,0,1,0.000000,0
86585,2022-06-27,2022H1,pre_rap_project_start,0,1,0.000000,0,1,0.000000,0,1,0.000000,0
86619,2023-10-27,2023H2,pre_rap_project_start,0,1,0.000000,0,1,0.000000,0,1,0.000000,0
86626,2022-08-09,2022H2,pre_rap_project_start,0,1,0.000000,0,1,0.000000,0,1,0.000000,0
86657,2022-04-25,2022H1,pre_rap_project_start,0,1,0.000000,0,1,0.000000,0,1,0.000000,0
86711,2022-08-10,2022H2,pre_rap_project_start,0,1,0.000000,0,1,0.000000,0,1,0.000000,0
86776,2022-08-25,2022H2,pre_rap_project_start,0,1,0.000000,0,1,0.000000,0,1,0.000000,0
86805,2023-04-04,2023H1,pre_rap_project_start,0,1,0.000000,0,1,0.000000,0,1,0.000000,0
86846,2022-07-06,2022H2,pre_rap_project_start,0,1,1.000000,1,1,1.000000,1,1,1.000000,1
86879,2022-05-20,2022H1,pre_rap_project_start,0,1,0.000000,0,1,0.000000,0,1,0.000000,0
86898,2022-09-16,2022H2,pre_rap_project_start,0,1,0.000000,0,1,0.000000,0,1,2.000000,1
86920,2022-06-13,2022H1,pre_rap_project_start,0,1,0.000000,0,1,0.500000,1,1,0.500000,1
86931,2022-11-11,2022H2,pre_rap_project_start,0,1,0.000000,0,1,0.000000,0,1,0.000000,0
86965,2022-08-25,2022H2,pre_rap_project_start,0,1,0.000000,0,1,0.000000,0,1,0.000000,0
86977,2022-06-21,2022H1,pre_rap_project_start,0,1,0.000000,0,1,0.000000,0,1,0.000000,0
86983,2022-06-24,2022H1,pre_rap_project_start,0,1,0.000000,0,1,0.000000,0,1,0.000000,0
86996,2022-04-28,2022H1,pre_rap_project_start,0,1,0.000000,0,1,0.000000,0,1,0.000000,0
87012,2022-09-09,2022H2,pre_rap_project_start,0,1,0.000000,0,1,0.000000,0,1,0.000000,0
87020,2022-04-28,2022H1,pre_rap_project_start,0,1,0.000000,0,1,0.000000,0,1,0.000000,0
87031,2022-12-23,2022H2,pre_rap_project_start,0,1,0.000000,0,1,0.000000,0,1,0.000000,0
87065,2022-06-13,2022H1,pre_rap_project_start,0,1,0.000000,0,1,0.000000,0,1,0.000000,0
87083,2022-05-24,2022H1,pre_rap_project_start,0,1,0.000000,0,1,0.000000,0,1,1.000000,1
87096,2023-02-16,2023H1,pre_rap_project_start,0,1,0.000000,0,1,0.000000,0,1,0.000000,0
87134,2022-12-16,2022H2,pre_rap_project_start,0,1,0.000000,0,1,0.000000,0,1,1.000000,1
87152,2022-05-19,2022H1,pre_rap_project_start,0,1,0.000000,0,1,0.000000,0,1,0.000000,0
87175,2022-06-13,2022H1,pre_rap_project_start,0,1,0.000000,0,1,0.000000,0,1,0.000000,0
87181,2022-09-08,2022H2,pre_rap_project_start,0,1,0.000000,0,1,0.000000,0,1,0.000000,0
87201,2022-08-25,2022H2,pre_rap_project_start,0,1,0.000000,0,1,0.000000,0,1,0.000000,0
87255,2022-11-07,2022H2,pre_rap_project_start,0,1,0.000000,0,1,0.000000,0,1,0.000000,0
87264,2022-07-21,2022H2,pre_rap_project_start,0,1,0.000000,0,1,0.000000,0,1,0.000000,0
87272,2022-11-10,2022H2,pre_rap_project_start,0,1,0.000000,0,1,0.000000,0,1,0.000000,0
87286,2022-04-13,2022H1,pre_rap_project_start,0,1,0.000000,0,1,1.000000,1,1,1.000000,1
87293,2022-06-07,2022H1,pre_rap_project_start,0,1,0.000000,0,1,0.000000,0,1,0.000000,0
87303,2022-08-25,2022H2,pre_rap_project_start,0,1,0.000000,0,1,0.000000,0,1,2.000000,1
87390,2022-09-15,2022H2,pre_rap_project_start,0,1,0.000000,0,1,0.000000,0,1,0.000000,0
87446,2022-05-30,2022H1,pre_rap_project_start,0,1,0.000000,0,1,0.000000,0,1,0.000000,0
87451,2023-05-12,2023H1,pre_rap_project_start,0,1,0.000000,0,1,0.000000,0,1,0.000000,0
87480,2023-01-31,2023H1,pre_rap_project_start,0,1,0.000000,0,1,0.000000,0,1,0.000000,0
87498,2022-07-06,2022H2,pre_rap_project_start,0,1,0.000000,0,1,0.000000,0,1,0.000000,0
87507,2022-09-09,2022H2,pre_rap_project_start,0,1,0.000000,0,1,0.000000,0,1,0.000000,0
87530,2022-05-24,2022H1,pre_rap_project_start,0,1,1.000000,1,1,1.000000,1,1,2.000000,1
87582,2023-01-16,2023H1,pre_rap_project_start,0,1,0.000000,0,1,0.000000,0,1,0.000000,0
87697,2022-07-21,2022H2,pre_rap_project_start,0,1,0.000000,0,1,0.000000,0,1,0.000000,0
87728,2022-12-14,2022H2,pre_rap_project_start,0,1,0.000000,0,1,0.000000,0,1,0.000000,0
87759,2022-09-12,2022H2,pre_rap_project_start,0,1,0.000000,0,1,0.000000,0,1,0.000000,0
87763,2023-04-05,2023H1,pre_rap_project_start,0,1,0.000000,0,1,0.000000,0,1,0.000000,0
87771,2022-07-13,2022H2,pre_rap_project_start,0,1,0.000000,0,1,0.000000,0,1,0.000000,0
87802,2022-07-13,2022H2,pre_rap_project_start,0,1,0.000000,0,1,0.000000,0,1,0.000000,0
87818,2022-07-21,2022H2,pre_rap_project_start,0,1,0.000000,0,1,0.000000,0,1,0.000000,0
87841,2022-07-13,2022H2,pre_rap_project_start,0,1,0.000000,0,1,0.000000,0,1,0.000000,0
87860,2022-08-09,2022H2,pre_rap_project_start,0,1,0.000000,0,1,0.000000,0,1,0.000000,0
87873,2022-08-09,2022H2,pre_rap_project_start,0,1,0.000000,0,1,0.000000,0,1,0.000000,0
87991,2022-05-23,2022H1,pre_rap_project_start,0,1,1.000000,1,1,1.000000,1,1,1.000000,1
88003,2022-10-11,2022H2,pre_rap_project_start,0,1,0.000000,0,1,0.000000,0,1,0.000000,0
88019,2022-06-21,2022H1,pre_rap_project_start,0,1,0.000000,0,1,0.000000,0,1,0.000000,0
88057,2023-04-19,2023H1,pre_rap_project_start,0,1,0.000000,0,1,0.000000,0,1,0.000000,0
88090,2022-07-21,2022H2,pre_rap_project_start,0,1,0.000000,0,1,0.000000,0,1,0.000000,0
88144,2022-08-09,2022H2,pre_rap_project_start,0,1,0.000000,0,1,0.000000,0,1,0.000000,0
88159,2022-08-25,2022H2,pre_rap_project_start,0,1,6.000000,1,1,18.000000,1,1,40.000000,1
88163,2022-12-16,2022H2,pre_rap_project_start,0,1,0.000000,0,1,0.000000,0,1,0.000000,0
88185,2022-07-13,2022H2,pre_rap_project_start,0,1,0.000000,0,1,0.000000,0,1,0.000000,0
88192,2022-09-16,2022H2,pre_rap_project_start,0,1,0.000000,0,1,0.000000,0,1,0.000000,0
88279,2022-05-13,2022H1,pre_rap_project_start,0,1,0.000000,0,1,0.000000,0,1,0.000000,0
88308,2022-05-20,2022H1,pre_rap_project_start,0,1,0.000000,0,1,0.000000,0,1,0.000000,0
88320,2023-02-16,2023H1,pre_rap_project_start,0,1,0.000000,0,1,0.000000,0,1,0.000000,0
88349,2022-06-07,2022H1,pre_rap_project_start,0,1,0.000000,0,1,0.000000,0,1,0.000000,0
88354,2022-07-14,2022H2,pre_rap_project_start,0,1,0.000000,0,1,0.000000,0,1,0.000000,0
88365,2022-11-16,2022H2,pre_rap_project_start,0,1,0.000000,0,1,1.000000,1,1,4.000000,1
88383,2022-09-06,2022H2,pre_rap_project_start,0,1,0.000000,0,1,0.000000,0,1,0.000000,0
88396,2022-05-24,2022H1,pre_rap_project_start,0,1,0.000000,0,1,0.000000,0,1,0.000000,0
88417,2022-09-14,2022H2,pre_rap_project_start,0,1,0.000000,0,1,0.000000,0,1,0.000000,0
88429,2022-12-16,2022H2,pre_rap_project_start,0,1,0.000000,0,1,0.000000,0,1,0.000000,0
88455,2023-01-11,2023H1,pre_rap_project_start,0,1,0.000000,0,1,0.000000,0,1,0.000000,0
88464,2022-11-07,2022H2,pre_rap_project_start,0,1,0.000000,0,1,0.000000,0,1,0.000000,0
88504,2023-01-18,2023H1,pre_rap_project_start,0,1,0.000000,0,1,0.000000,0,1,0.000000,0
88515,2022-09-29,2022H2,pre_rap_project_start,0,1,0.000000,0,1,0.000000,0,1,0.000000,0
88536,2023-04-26,2023H1,pre_rap_project_start,0,1,0.000000,0,1,1.000000,1,1,1.000000,1
88543,2022-08-09,2022H2,pre_rap_project_start,0,1,0.000000,0,1,0.000000,0,1,0.000000,0
88562,2022-12-22,2022H2,pre_rap_project_start,0,1,0.000000,0,1,0.000000,0,1,0.000000,0
88589,2023-05-04,2023H1,pre_rap_project_start,0,1,0.000000,0,1,0.000000,0,1,3.000000,1
88625,2022-09-09,2022H2,pre_rap_project_start,0,1,0.000000,0,1,0.000000,0,1,0.000000,0
88656,2022-12-14,2022H2,pre_rap_project_start,0,1,0.000000,0,1,0.000000,0,1,0.000000,0
88673,2022-10-27,2022H2,pre_rap_project_start,0,1,0.000000,0,1,0.000000,0,1,0.000000,0
88687,2022-08-09,2022H2,pre_rap_project_start,0,1,0.000000,0,1,0.000000,0,1,0.000000,0
88747,2022-09-15,2022H2,pre_rap_project_start,0,1,0.000000,0,1,0.000000,0,1,0.000000,0
88752,2022-08-25,2022H2,pre_rap_project_start,0,1,0.000000,0,1,0.000000,0,1,0.000000,0
88775,2022-07-13,2022H2,pre_rap_project_start,0,1,0.000000,0,1,1.000000,1,1,1.000000,1
88813,2022-07-06,2022H2,pre_rap_project_start,0,1,0.000000,0,1,0.000000,0,1,0.000000,0
88821,2022-08-25,2022H2,pre_rap_project_start,0,1,0.000000,0,1,0.000000,0,1,0.000000,0
88866,2022-12-22,2022H2,pre_rap_project_start,0,1,0.000000,0,1,0.000000,0,1,0.000000,0
88878,2022-08-25,2022H2,pre_rap_project_start,0,1,0.000000,0,1,0.000000,0,1,0.000000,0
88884,2023-12-12,2023H2,pre_rap_project_start,0,1,0.000000,0,1,0.000000,0,1,0.000000,0
88897,2023-01-31,2023H1,pre_rap_project_start,0,1,0.000000,0,1,0.000000,0,1,0.000000,0
88907,2023-09-14,2023H2,pre_rap_project_start,0,1,0.000000,0,1,0.000000,0,1,0.000000,0
88924,2022-11-29,2022H2,pre_rap_project_start,0,1,0.000000,0,1,0.000000,0,1,0.000000,0
88953,2022-11-16,2022H2,pre_rap_project_start,0,1,0.000000,0,1,0.000000,0,1,0.000000,0
88969,2022-09-16,2022H2,pre_rap_project_start,0,1,0.000000,0,1,0.000000,0,1,0.000000,0
88976,2022-08-09,2022H2,pre_rap_project_start,0,1,1.000000,1,1,1.000000,1,1,1.000000,1
88982,2022-07-21,2022H2,pre_rap_project_start,0,1,0.000000,0,1,2.000000,1,1,3.000000,1
88995,2022-06-07,2022H1,pre_rap_project_start,0,1,0.000000,0,1,1.000000,1,1,1.000000,1
89006,2022-08-25,2022H2,pre_rap_project_start,0,1,1.000000,1,1,1.000000,1,1,1.000000,1
89010,2023-11-09,2023H2,pre_rap_project_start,0,1,0.000000,0,1,0.000000,0,1,0.000000,0
89023,2022-08-10,2022H2,pre_rap_project_start,0,1,0.000000,0,1,0.000000,0,1,0.000000,0
89034,2022-08-09,2022H2,pre_rap_project_start,0,1,0.000000,0,1,0.000000,0,1,0.000000,0
89047,2022-05-27,2022H1,pre_rap_project_start,0,1,0.000000,0,1,0.000000,0,1,0.000000,0
89052,2022-12-14,2022H2,pre_rap_project_start,0,1,0.500000,1,1,0.500000,1,1,0.500000,1
89068,2022-05-30,2022H1,pre_rap_project_start,0,1,0.000000,0,1,0.000000,0,1,0.000000,0
89099,2022-07-13,2022H2,pre_rap_project_start,0,1,0.000000,0,1,0.000000,0,1,0.000000,0
89109,2022-11-03,2022H2,pre_rap_project_start,0,1,0.000000,0,1,0.000000,0,1,0.000000,0
89121,2022-09-08,2022H2,pre_rap_project_start,0,1,0.000000,0,1,0.000000,0,1,0.000000,0
89150,2022-09-20,2022H2,pre_rap_project_start,0,1,0.000000,0,1,0.000000,0,1,0.000000,0
89166,2022-07-14,2022H2,pre_rap_project_start,0,1,0.000000,0,1,1.000000,1,1,1.000000,1
89184,2025-06-26,2025H1,post_rap_project_start,1,0,,,0,,,0,,
89197,2023-06-29,2023H1,pre_rap_project_start,0,1,0.000000,0,1,0.000000,0,1,0.000000,0
89289,2022-09-16,2022H2,pre_rap_project_start,0,1,0.000000,0,1,0.000000,0,1,1.000000,1
89291,2022-10-11,2022H2,pre_rap_project_start,0,1,0.000000,0,1,0.000000,0,1,0.000000,0
89329,2022-09-20,2022H2,pre_rap_project_start,0,1,0.000000,0,1,1.000000,1,1,2.000000,1
89355,2025-09-30,2025H2,post_rap_project_start,1,0,,,0,,,0,,
89364,2022-11-08,2022H2,pre_rap_project_start,0,1,0.000000,0,1,0.000000,0,1,0.000000,0
89372,2022-09-30,2022H2,pre_rap_project_start,0,1,0.000000,0,1,0.000000,0,1,0.000000,0
89386,2022-09-16,2022H2,pre_rap_project_start,0,1,0.000000,0,1,0.000000,0,1,0.000000,0
89420,2022-09-20,2022H2,pre_rap_project_start,0,1,0.000000,0,1,0.000000,0,1,0.000000,0
89454,2023-06-02,2023H1,pre_rap_project_start,0,1,0.000000,0,1,0.000000,0,1,0.000000,0
89465,2022-10-27,2022H2,pre_rap_project_start,0,1,0.000000,0,1,0.000000,0,1,0.000000,0
89477,2022-09-15,2022H2,pre_rap_project_start,0,1,0.000000,0,1,0.000000,0,1,0.000000,0
89483,2023-03-29,2023H1,pre_rap_project_start,0,1,0.000000,0,1,1.000000,1,1,4.000000,1
89496,2022-11-21,2022H2,pre_rap_project_start,0,1,0.000000,0,1,0.000000,0,1,0.000000,0
89505,2022-09-20,2022H2,pre_rap_project_start,0,1,0.000000,0,1,0.000000,0,1,0.000000,0
89514,2022-07-14,2022H2,pre_rap_project_start,0,1,0.000000,0,1,0.000000,0,1,0.000000,0
89551,2022-08-25,2022H2,pre_rap_project_start,0,1,0.000000,0,1,0.000000,0,1,0.000000,0
89567,2022-11-29,2022H2,pre_rap_project_start,0,1,0.000000,0,1,0.000000,0,1,0.000000,0
89579,2023-05-02,2023H1,pre_rap_project_start,0,1,0.000000,0,1,0.000000,0,1,0.000000,0
89624,2022-08-25,2022H2,pre_rap_project_start,0,1,0.000000,0,1,0.000000,0,1,0.000000,0
89630,2023-04-05,2023H1,pre_rap_project_start,0,1,3.000000,1,1,3.000000,1,1,5.000000,1
89653,2022-09-14,2022H2,pre_rap_project_start,0,1,0.000000,0,1,0.000000,0,1,0.000000,0
89676,2023-09-07,2023H2,pre_rap_project_start,0,1,0.000000,0,1,0.000000,0,1,1.000000,1
89695,2022-11-08,2022H2,pre_rap_project_start,0,1,0.000000,0,1,0.000000,0,1,0.000000,0
89726,2022-08-25,2022H2,pre_rap_project_start,0,1,0.000000,0,1,0.000000,0,1,1.000000,1
89742,2022-09-05,2022H2,pre_rap_project_start,0,1,0.000000,0,1,0.000000,0,1,0.000000,0
89757,2022-06-21,2022H1,pre_rap_project_start,0,1,0.000000,0,1,0.000000,0,1,0.000000,0
89790,2022-09-14,2022H2,pre_rap_project_start,0,1,0.000000,0,1,0.000000,0,1,0.000000,0
89800,2022-10-31,2022H2,pre_rap_project_start,0,1,0.000000,0,1,0.000000,0,1,0.000000,0
89844,2022-07-06,2022H2,pre_rap_project_start,0,1,0.000000,0,1,0.000000,0,1,0.000000,0
89871,2022-09-20,2022H2,pre_rap_project_start,0,1,0.000000,0,1,0.000000,0,1,0.000000,0
89885,2022-08-09,2022H2,pre_rap_project_start,0,1,0.000000,0,1,0.000000,0,1,0.000000,0
89892,2022-11-10,2022H2,pre_rap_project_start,0,1,0.000000,0,1,0.000000,0,1,0.000000,0
89902,2022-09-09,2022H2,pre_rap_project_start,0,1,0.000000,0,1,0.000000,0,1,0.000000,0
89918,2022-09-09,2022H2,pre_rap_project_start,0,1,0.000000,0,1,0.000000,0,1,0.000000,0
89994,2022-12-20,2022H2,pre_rap_project_start,0,1,0.000000,0,1,0.000000,0,1,0.000000,0
90018,2022-11-09,2022H2,pre_rap_project_start,0,1,0.000000,0,1,2.000000,1,1,4.000000,1
90060,2022-09-16,2022H2,pre_rap_project_start,0,1,0.000000,0,1,0.000000,0,1,3.000000,1
90087,2022-06-21,2022H1,pre_rap_project_start,0,1,0.000000,0,1,2.000000,1,1,4.000000,1
90136,2022-10-12,2022H2,pre_rap_project_start,0,1,0.000000,0,1,0.000000,0,1,0.000000,0
90143,2022-12-20,2022H2,pre_rap_project_start,0,1,0.000000,0,1,0.000000,0,1,1.000000,1
90162,2022-08-10,2022H2,pre_rap_project_start,0,1,0.000000,0,1,0.000000,0,1,1.000000,1
90170,2022-07-13,2022H2,pre_rap_project_start,0,1,0.000000,0,1,0.000000,0,1,1.000000,1
90221,2023-06-09,2023H1,pre_rap_project_start,0,1,0.000000,0,1,0.000000,0,1,0.000000,0
90232,2022-07-27,2022H2,pre_rap_project_start,0,1,0.000000,0,1,0.000000,0,1,1.000000,1
90245,2022-07-08,2022H2,pre_rap_project_start,0,1,0.000000,0,1,1.000000,1,1,1.000000,1
90311,2022-09-14,2022H2,pre_rap_project_start,0,1,0.000000,0,1,0.000000,0,1,0.000000,0
90369,2022-09-08,2022H2,pre_rap_project_start,0,1,0.000000,0,1,0.000000,0,1,1.000000,1
90376,2022-12-07,2022H2,pre_rap_project_start,0,1,0.000000,0,1,0.000000,0,1,0.000000,0
90395,2022-11-10,2022H2,pre_rap_project_start,0,1,0.000000,0,1,0.000000,0,1,0.000000,0
90400,2022-08-09,2022H2,pre_rap_project_start,0,1,0.000000,0,1,0.000000,0,1,0.000000,0
90471,2022-12-20,2022H2,pre_rap_project_start,0,1,0.000000,0,1,0.000000,0,1,0.000000,0
90485,2023-01-26,2023H1,pre_rap_project_start,0,1,0.000000,0,1,0.000000,0,1,0.000000,0
90492,2022-06-21,2022H1,pre_rap_project_start,0,1,1.000000,1,1,5.000000,1,1,9.000000,1
90519,2022-09-09,2022H2,pre_rap_project_start,0,1,0.000000,0,1,0.000000,0,1,0.000000,0
90526,2023-06-09,2023H1,pre_rap_project_start,0,1,0.000000,0,1,0.000000,0,1,0.000000,0
90535,2023-10-05,2023H2,pre_rap_project_start,0,1,0.000000,0,1,0.000000,0,1,0.000000,0
90542,2022-07-21,2022H2,pre_rap_project_start,0,1,0.000000,0,1,0.000000,0,1,0.000000,0
90640,2022-11-11,2022H2,pre_rap_project_start,0,1,0.000000,0,1,0.000000,0,1,0.000000,0
90655,2022-12-23,2022H2,pre_rap_project_start,0,1,0.000000,0,1,2.000000,1,1,2.000000,1
90686,2022-09-20,2022H2,pre_rap_project_start,0,1,0.000000,0,1,0.000000,0,1,1.000000,1
90722,2022-07-14,2022H2,pre_rap_project_start,0,1,0.000000,0,1,0.000000,0,1,0.000000,0
90767,2023-02-24,2023H1,pre_rap_project_start,0,1,0.000000,0,1,0.000000,0,1,1.000000,1
90798,2022-12-06,2022H2,pre_rap_project_start,0,1,0.000000,0,1,0.000000,0,1,0.000000,0
90808,2022-07-21,2022H2,pre_rap_project_start,0,1,0.000000,0,1,0.000000,0,1,0.000000,0
90820,2022-08-09,2022H2,pre_rap_project_start,0,1,0.000000,0,1,0.000000,0,1,0.000000,0
90831,2022-08-09,2022H2,pre_rap_project_start,0,1,0.000000,0,1,0.000000,0,1,0.000000,0
90865,2023-03-09,2023H1,pre_rap_project_start,0,1,0.000000,0,1,0.000000,0,1,0.000000,0
90906,2022-09-29,2022H2,pre_rap_project_start,0,1,0.000000,0,1,0.000000,0,1,0.000000,0
90910,2022-09-20,2022H2,pre_rap_project_start,0,1,0.000000,0,1,0.000000,0,1,0.000000,0
90923,2022-11-11,2022H2,pre_rap_project_start,0,1,1.000000,1,1,2.000000,1,1,2.000000,1
90934,2022-11-30,2022H2,pre_rap_project_start,0,1,0.000000,0,1,0.000000,0,1,0.000000,0
90947,2022-10-27,2022H2,pre_rap_project_start,0,1,0.000000,0,1,0.000000,0,1,0.000000,0
90952,2022-12-16,2022H2,pre_rap_project_start,0,1,0.000000,0,1,0.000000,0,1,0.000000,0
90968,2023-04-19,2023H1,pre_rap_project_start,0,1,0.000000,0,1,0.000000,0,1,0.000000,0
90981,2022-09-08,2022H2,pre_rap_project_start,0,1,1.000000,1,1,1.000000,1,1,2.000000,1
90999,2022-07-21,2022H2,pre_rap_project_start,0,1,0.000000,0,1,0.000000,0,1,0.000000,0
91003,2022-12-20,2022H2,pre_rap_project_start,0,1,0.000000,0,1,0.000000,0,1,0.000000,0
91019,2023-05-04,2023H1,pre_rap_project_start,0,1,0.000000,0,1,1.000000,1,1,1.000000,1
91026,2022-09-16,2022H2,pre_rap_project_start,0,1,0.000000,0,1,0.000000,0,1,0.000000,0
91035,2022-08-25,2022H2,pre_rap_project_start,0,1,0.000000,0,1,0.000000,0,1,2.000000,1
91042,2022-08-10,2022H2,pre_rap_project_start,0,1,0.000000,0,1,0.000000,0,1,1.000000,1
91057,2022-12-23,2022H2,pre_rap_project_start,0,1,0.000000,0,1,0.000000,0,1,0.000000,0
91061,2022-08-09,2022H2,pre_rap_project_start,0,1,0.000000,0,1,0.000000,0,1,0.000000,0
91074,2022-09-02,2022H2,pre_rap_project_start,0,1,0.000000,0,1,0.000000,0,1,0.000000,0
91090,2022-10-27,2022H2,pre_rap_project_start,0,1,0.000000,0,1,6.000000,1,1,10.000000,1
91100,2022-11-08,2022H2,pre_rap_project_start,0,1,0.000000,0,1,0.000000,0,1,0.000000,0
91128,2022-09-14,2022H2,pre_rap_project_start,0,1,0.000000,0,1,1.000000,1,1,1.000000,1
91144,2023-04-05,2023H1,pre_rap_project_start,0,1,0.000000,0,1,0.000000,0,1,0.000000,0
91159,2022-08-09,2022H2,pre_rap_project_start,0,1,0.000000,0,1,0.000000,0,1,1.000000,1
91185,2022-09-08,2022H2,pre_rap_project_start,0,1,0.000000,0,1,0.000000,0,1,3.000000,1
91233,2022-09-29,2022H2,pre_rap_project_start,0,1,0.000000,0,1,0.000000,0,1,0.000000,0
91246,2023-01-11,2023H1,pre_rap_project_start,0,1,0.000000,0,1,0.000000,0,1,0.000000,0
91267,2022-11-10,2022H2,pre_rap_project_start,0,1,0.000000,0,1,0.000000,0,1,1.000000,1
91312,2022-09-20,2022H2,pre_rap_project_start,0,1,0.000000,0,1,1.000000,1,1,3.000000,1
91320,2023-05-03,2023H1,pre_rap_project_start,0,1,0.000000,0,1,0.000000,0,1,3.000000,1
91331,2023-03-02,2023H1,pre_rap_project_start,0,1,0.000000,0,1,0.000000,0,1,0.000000,0
91354,2022-07-14,2022H2,pre_rap_project_start,0,1,0.000000,0,1,1.000000,1,1,1.000000,1
91377,2022-08-25,2022H2,pre_rap_project_start,0,1,0.000000,0,1,1.000000,1,1,1.000000,1
91438,2022-07-21,2022H2,pre_rap_project_start,0,1,0.000000,0,1,0.000000,0,1,0.000000,0
91455,2022-10-27,2022H2,pre_rap_project_start,0,1,0.000000,0,1,0.000000,0,1,0.000000,0
91472,2022-10-19,2022H2,pre_rap_project_start,0,1,0.000000,0,1,0.000000,0,1,0.000000,0
91486,2022-07-21,2022H2,pre_rap_project_start,0,1,0.000000,0,1,0.000000,0,1,2.000000,1
91493,2023-03-22,2023H1,pre_rap_project_start,0,1,0.000000,0,1,0.000000,0,1,0.000000,0
91515,2023-05-17,2023H1,pre_rap_project_start,0,1,0.000000,0,1,0.000000,0,1,0.000000,0
91527,2023-07-19,2023H2,pre_rap_project_start,0,1,0.000000,0,1,0.000000,0,1,0.000000,0
91536,2022-07-25,2022H2,pre_rap_project_start,0,1,2.000000,1,1,4.000000,1,1,7.000000,1
91543,2023-06-27,2023H1,pre_rap_project_start,0,1,0.000000,0,1,0.000000,0,1,0.000000,0
91558,2023-06-09,2023H1,pre_rap_project_start,0,1,0.000000,0,1,0.000000,0,1,0.000000,0
91570,2022-12-22,2022H2,pre_rap_project_start,0,1,0.000000,0,1,0.000000,0,1,0.000000,0
91625,2022-10-17,2022H2,pre_rap_project_start,0,1,0.000000,0,1,0.000000,0,1,0.000000,0
91641,2022-11-08,2022H2,pre_rap_project_start,0,1,0.000000,0,1,0.000000,0,1,0.000000,0
91656,2024-10-03,2024H2,post_rap_project_start,1,1,0.000000,0,0,,,0,,
91660,2022-09-14,2022H2,pre_rap_project_start,0,1,0.000000,0,1,0.000000,0,1,0.000000,0
91673,2023-03-13,2023H1,pre_rap_project_start,0,1,0.000000,0,1,0.000000,0,1,0.000000,0
91687,2022-09-16,2022H2,pre_rap_project_start,0,1,0.000000,0,1,0.000000,0,1,0.000000,0
91706,2023-05-09,2023H1,pre_rap_project_start,0,1,0.000000,0,1,0.000000,0,1,0.000000,0
91723,2022-08-25,2022H2,pre_rap_project_start,0,1,0.000000,0,1,0.000000,0,1,0.000000,0
91734,2022-09-16,2022H2,pre_rap_project_start,0,1,0.000000,0,1,0.000000,0,1,0.000000,0
91747,2022-08-25,2022H2,pre_rap_project_start,0,1,0.000000,0,1,0.000000,0,1,0.000000,0
91752,2022-12-21,2022H2,pre_rap_project_start,0,1,0.000000,0,1,1.000000,1,1,1.000000,1
91775,2022-08-25,2022H2,pre_rap_project_start,0,1,0.000000,0,1,0.000000,0,1,0.000000,0
91781,2022-12-05,2022H2,pre_rap_project_start,0,1,0.000000,0,1,0.000000,0,1,0.000000,0
91799,2022-08-09,2022H2,pre_rap_project_start,0,1,0.000000,0,1,0.000000,0,1,0.000000,0
91813,2022-08-10,2022H2,pre_rap_project_start,0,1,0.000000,0,1,0.000000,0,1,0.000000,0
91850,2022-09-08,2022H2,pre_rap_project_start,0,1,0.000000,0,1,0.000000,0,1,0.000000,0
91866,2024-12-04,2024H2,post_rap_project_start,1,1,0.000000,0,0,,,0,,
91878,2022-09-29,2022H2,pre_rap_project_start,0,1,0.000000,0,1,0.000000,0,1,0.000000,0
91907,2023-01-16,2023H1,pre_rap_project_start,0,1,0.000000,0,1,1.000000,1,1,2.000000,1
91924,2022-12-22,2022H2,pre_rap_project_start,0,1,0.000000,0,1,0.000000,0,1,0.000000,0
91930,2022-10-21,2022H2,pre_rap_project_start,0,1,0.000000,0,1,0.000000,0,1,0.000000,0
91982,2022-12-22,2022H2,pre_rap_project_start,0,1,0.000000,0,1,0.000000,0,1,0.000000,0
91995,2023-06-30,2023H1,pre_rap_project_start,0,1,0.000000,0,1,0.000000,0,1,0.000000,0
92005,2022-09-21,2022H2,pre_rap_project_start,0,1,0.000000,0,1,0.000000,0,1,0.500000,1
92014,2022-10-20,2022H2,pre_rap_project_start,0,1,1.000000,1,1,2.000000,1,1,2.000000,1
92022,2025-10-10,2025H2,post_rap_project_start,1,0,,,0,,,0,,
92033,2022-12-14,2022H2,pre_rap_project_start,0,1,0.000000,0,1,0.000000,0,1,0.000000,0
92051,2022-09-14,2022H2,pre_rap_project_start,0,1,0.000000,0,1,0.000000,0,1,0.000000,0
92079,2023-03-16,2023H1,pre_rap_project_start,0,1,0.000000,0,1,0.000000,0,1,0.000000,0
92098,2023-05-18,2023H1,pre_rap_project_start,0,1,1.000000,1,1,2.000000,1,1,4.000000,1
92203,2023-02-08,2023H1,pre_rap_project_start,0,1,0.000000,0,1,0.000000,0,1,0.000000,0
92219,2025-11-17,2025H2,post_rap_project_start,1,0,,,0,,,0,,
92235,2022-12-14,2022H2,pre_rap_project_start,0,1,0.000000,0,1,0.000000,0,1,0.000000,0
92242,2022-12-14,2022H2,pre_rap_project_start,0,1,0.000000,0,1,0.000000,0,1,0.000000,0
92257,2022-09-30,2022H2,pre_rap_project_start,0,1,0.000000,0,1,0.000000,0,1,0.000000,0
92261,2023-02-16,2023H1,pre_rap_project_start,0,1,0.000000,0,1,0.000000,0,1,0.000000,0
92274,2022-11-30,2022H2,pre_rap_project_start,0,1,0.000000,0,1,0.000000,0,1,0.000000,0
92288,2022-11-22,2022H2,pre_rap_project_start,0,1,0.000000,0,1,0.000000,0,1,0.000000,0
92337,2023-02-24,2023H1,pre_rap_project_start,0,1,0.000000,0,1,0.000000,0,1,0.000000,0
92344,2022-09-08,2022H2,pre_rap_project_start,0,1,0.000000,0,1,0.000000,0,1,0.000000,0
92359,2023-01-18,2023H1,pre_rap_project_start,0,1,0.000000,0,1,0.000000,0,1,0.000000,0
92363,2023-07-19,2023H2,pre_rap_project_start,0,1,0.000000,0,1,0.000000,0,1,0.000000,0
92392,2023-09-05,2023H2,pre_rap_project_start,0,1,0.000000,0,1,0.000000,0,1,1.000000,1
92407,2023-03-29,2023H1,pre_rap_project_start,0,1,0.000000,0,1,0.000000,0,1,0.000000,0
92411,2022-09-09,2022H2,pre_rap_project_start,0,1,0.000000,0,1,0.000000,0,1,0.000000,0
92430,2022-11-21,2022H2,pre_rap_project_start,0,1,0.000000,0,1,0.000000,0,1,0.000000,0
92448,2023-05-04,2023H1,pre_rap_project_start,0,1,0.000000,0,1,0.000000,0,1,0.000000,0
92476,2022-08-25,2022H2,pre_rap_project_start,0,1,0.000000,0,1,1.000000,1,1,2.000000,1
92482,2022-11-16,2022H2,pre_rap_project_start,0,1,0.000000,0,1,0.000000,0,1,0.000000,0
92495,2022-09-14,2022H2,pre_rap_project_start,0,1,0.000000,0,1,0.000000,0,1,0.000000,0
92513,2023-07-03,2023H2,pre_rap_project_start,0,1,0.000000,0,1,0.000000,0,1,0.000000,0
92521,2022-11-30,2022H2,pre_rap_project_start,0,1,0.000000,0,1,0.000000,0,1,0.000000,0
92550,2025-05-29,2025H1,post_rap_project_start,1,0,,,0,,,0,,
92566,2022-09-20,2022H2,pre_rap_project_start,0,1,0.000000,0,1,0.000000,0,1,0.000000,0
92578,2022-09-15,2022H2,pre_rap_project_start,0,1,0.000000,0,1,0.000000,0,1,0.000000,0
92584,2022-10-11,2022H2,pre_rap_project_start,0,1,0.000000,0,1,1.000000,1,1,2.000000,1
92597,2022-09-08,2022H2,pre_rap_project_start,0,1,0.000000,0,1,0.000000,0,1,0.000000,0
92606,2022-10-11,2022H2,pre_rap_project_start,0,1,0.000000,0,1,0.000000,0,1,0.000000,0
92623,2022-10-26,2022H2,pre_rap_project_start,0,1,0.000000,0,1,0.000000,0,1,0.000000,0
92647,2023-04-04,2023H1,pre_rap_project_start,0,1,2.000000,1,1,3.000000,1,1,5.000000,1
92668,2022-08-25,2022H2,pre_rap_project_start,0,1,0.000000,0,1,2.000000,1,1,5.000000,1
92675,2022-11-29,2022H2,pre_rap_project_start,0,1,0.000000,0,1,1.000000,1,1,5.000000,1
92681,2022-12-14,2022H2,pre_rap_project_start,0,1,0.000000,0,1,0.000000,0,1,0.000000,0
92699,2022-09-16,2022H2,pre_rap_project_start,0,1,0.000000,0,1,0.000000,0,1,0.000000,0
92702,2023-03-29,2023H1,pre_rap_project_start,0,1,0.000000,0,1,0.000000,0,1,0.000000,0
92718,2022-08-25,2022H2,pre_rap_project_start,0,1,1.000000,1,1,3.000000,1,1,9.000000,1
92739,2022-09-20,2022H2,pre_rap_project_start,0,1,0.000000,0,1,0.000000,0,1,0.000000,0
92741,2024-11-14,2024H2,post_rap_project_start,1,1,1.000000,1,0,,,0,,
92756,2022-09-14,2022H2,pre_rap_project_start,0,1,0.000000,0,1,0.000000,0,1,0.000000,0
92760,2022-12-22,2022H2,pre_rap_project_start,0,1,0.000000,0,1,0.000000,0,1,0.000000,0
92773,2024-02-28,2024H1,pre_rap_project_start,0,1,0.000000,0,1,0.000000,0,0,,
92787,2022-12-22,2022H2,pre_rap_project_start,0,1,0.000000,0,1,0.000000,0,1,0.000000,0
92794,2022-11-29,2022H2,pre_rap_project_start,0,1,0.000000,0,1,0.000000,0,1,0.000000,0
92804,2022-11-22,2022H2,pre_rap_project_start,0,1,0.000000,0,1,0.000000,0,1,0.000000,0
92827,2022-09-14,2022H2,pre_rap_project_start,0,1,0.000000,0,1,0.000000,0,1,0.000000,0
92836,2023-03-29,2023H1,pre_rap_project_start,0,1,0.000000,0,1,0.000000,0,1,0.000000,0
92843,2022-12-22,2022H2,pre_rap_project_start,0,1,0.000000,0,1,0.000000,0,1,0.000000,0
92858,2022-10-11,2022H2,pre_rap_project_start,0,1,0.000000,0,1,0.000000,0,1,0.000000,0
93016,2022-09-20,2022H2,pre_rap_project_start,0,1,0.000000,0,1,0.000000,0,1,0.000000,0
93028,2022-11-07,2022H2,pre_rap_project_start,0,1,0.000000,0,1,0.000000,0,1,0.000000,0
93044,2022-11-30,2022H2,pre_rap_project_start,0,1,0.000000,0,1,1.000000,1,1,4.000000,1
93071,2023-09-27,2023H2,pre_rap_project_start,0,1,0.000000,0,1,0.000000,0,1,0.000000,0
93085,2023-08-29,2023H2,pre_rap_project_start,0,1,0.000000,0,1,0.000000,0,1,0.000000,0
93102,2023-01-12,2023H1,pre_rap_project_start,0,1,0.000000,0,1,0.000000,0,1,0.000000,0
93118,2023-02-09,2023H1,pre_rap_project_start,0,1,1.000000,1,1,1.000000,1,1,1.000000,1
93125,2022-09-15,2022H2,pre_rap_project_start,0,1,0.000000,0,1,0.000000,0,1,0.000000,0
93141,2023-04-04,2023H1,pre_rap_project_start,0,1,0.000000,0,1,0.000000,0,1,0.000000,0
93156,2023-05-24,2023H1,pre_rap_project_start,0,1,1.000000,1,1,1.000000,1,1,1.000000,1
93160,2023-05-05,2023H1,pre_rap_project_start,0,1,0.000000,0,1,0.000000,0,1,0.000000,0
93173,2023-05-26,2023H1,pre_rap_project_start,0,1,0.000000,0,1,0.000000,0,1,0.000000,0
93211,2023-05-09,2023H1,pre_rap_project_start,0,1,0.000000,0,1,0.000000,0,1,0.000000,0
93224,2022-10-11,2022H2,pre_rap_project_start,0,1,0.000000,0,1,0.000000,0,1,0.000000,0
93269,2023-06-22,2023H1,pre_rap_project_start,0,1,0.000000,0,1,0.000000,0,1,0.000000,0
93276,2023-02-22,2023H1,pre_rap_project_start,0,1,0.000000,0,1,0.000000,0,1,0.000000,0
93305,2023-01-26,2023H1,pre_rap_project_start,0,1,0.000000,0,1,0.000000,0,1,0.000000,0
93322,2022-11-30,2022H2,pre_rap_project_start,0,1,0.000000,0,1,0.000000,0,1,0.000000,0
93333,2022-09-29,2022H2,pre_rap_project_start,0,1,0.000000,0,1,0.000000,0,1,0.000000,0
93346,2022-11-28,2022H2,pre_rap_project_start,0,1,0.000000,0,1,0.000000,0,1,0.000000,0
93351,2024-11-07,2024H2,post_rap_project_start,1,1,0.000000,0,0,,,0,,
93367,2023-10-05,2023H2,pre_rap_project_start,0,1,0.000000,0,1,0.000000,0,1,0.000000,0
93379,2022-12-06,2022H2,pre_rap_project_start,0,1,0.000000,0,1,0.000000,0,1,0.000000,0
93398,2023-02-23,2023H1,pre_rap_project_start,0,1,0.000000,0,1,1.000000,1,1,4.000000,1
93403,2022-10-19,2022H2,pre_rap_project_start,0,1,0.000000,0,1,0.000000,0,1,0.000000,0
93426,2023-02-22,2023H1,pre_rap_project_start,0,1,1.000000,1,1,1.000000,1,1,1.000000,1
93435,2023-01-16,2023H1,pre_rap_project_start,0,1,0.000000,0,1,0.000000,0,1,0.000000,0
93474,2023-05-31,2023H1,pre_rap_project_start,0,1,0.000000,0,1,0.000000,0,1,0.000000,0
93488,2023-08-23,2023H2,pre_rap_project_start,0,1,0.000000,0,1,0.000000,0,1,0.000000,0
93490,2022-11-15,2022H2,pre_rap_project_start,0,1,0.000000,0,1,0.000000,0,1,0.000000,0
93501,2023-03-10,2023H1,pre_rap_project_start,0,1,0.000000,0,1,0.000000,0,1,0.000000,0
93538,2022-11-07,2022H2,pre_rap_project_start,0,1,0.000000,0,1,0.000000,0,1,0.000000,0
93555,2023-03-29,2023H1,pre_rap_project_start,0,1,0.000000,0,1,0.000000,0,1,0.000000,0
93586,2023-01-16,2023H1,pre_rap_project_start,0,1,0.000000,0,1,0.000000,0,1,0.000000,0
93593,2022-11-16,2022H2,pre_rap_project_start,0,1,0.000000,0,1,0.000000,0,1,0.000000,0
93604,2023-10-26,2023H2,pre_rap_project_start,0,1,3.000000,1,1,4.000000,1,1,5.000000,1
93708,2022-10-11,2022H2,pre_rap_project_start,0,1,0.000000,0,1,0.000000,0,1,0.000000,0
93712,2023-01-25,2023H1,pre_rap_project_start,0,1,0.000000,0,1,0.000000,0,1,0.000000,0
93731,2023-02-22,2023H1,pre_rap_project_start,0,1,0.000000,0,1,1.000000,1,1,1.000000,1
93749,2022-10-27,2022H2,pre_rap_project_start,0,1,0.000000,0,1,0.000000,0,1,1.000000,1
93777,2022-12-06,2022H2,pre_rap_project_start,0,1,0.000000,0,1,0.000000,0,1,0.000000,0
93783,2023-02-23,2023H1,pre_rap_project_start,0,1,0.000000,0,1,0.000000,0,1,0.000000,0
93796,2023-04-19,2023H1,pre_rap_project_start,0,1,0.000000,0,1,0.000000,0,1,0.000000,0
93810,2022-11-30,2022H2,pre_rap_project_start,0,1,1.000000,1,1,3.000000,1,1,6.000000,1
93834,2022-11-15,2022H2,pre_rap_project_start,0,1,0.000000,0,1,0.000000,0,1,0.000000,0
93847,2023-01-18,2023H1,pre_rap_project_start,0,1,0.000000,0,1,0.000000,0,1,0.000000,0
93852,2022-12-16,2022H2,pre_rap_project_start,0,1,0.000000,0,1,0.000000,0,1,0.000000,0
93875,2022-11-29,2022H2,pre_rap_project_start,0,1,0.000000,0,1,0.000000,0,1,0.000000,0
93913,2022-11-11,2022H2,pre_rap_project_start,0,1,0.000000,0,1,0.000000,0,1,0.000000,0
93921,2022-11-08,2022H2,pre_rap_project_start,0,1,0.000000,0,1,0.000000,0,1,0.000000,0
93966,2022-11-07,2022H2,pre_rap_project_start,0,1,0.000000,0,1,0.000000,0,1,1.000000,1
93997,2023-03-28,2023H1,pre_rap_project_start,0,1,0.000000,0,1,0.000000,0,1,0.000000,0
94006,2023-05-04,2023H1,pre_rap_project_start,0,1,0.000000,0,1,0.000000,0,1,0.000000,0
94010,2025-03-21,2025H1,post_rap_project_start,1,0,,,0,,,0,,
94034,2023-02-16,2023H1,pre_rap_project_start,0,1,0.000000,0,1,0.000000,0,1,0.000000,0
94075,2023-02-08,2023H1,pre_rap_project_start,0,1,0.000000,0,1,2.000000,1,1,3.000000,1
94113,2023-09-29,2023H2,pre_rap_project_start,0,1,0.500000,1,1,0.500000,1,1,0.500000,1
94121,2022-12-06,2022H2,pre_rap_project_start,0,1,0.000000,0,1,0.000000,0,1,0.000000,0
94132,2022-12-06,2022H2,pre_rap_project_start,0,1,0.000000,0,1,0.000000,0,1,0.000000,0
94166,2022-11-21,2022H2,pre_rap_project_start,0,1,1.000000,1,1,3.000000,1,1,6.000000,1
94178,2022-10-19,2022H2,pre_rap_project_start,0,1,0.000000,0,1,0.000000,0,1,0.000000,0
94184,2023-05-12,2023H1,pre_rap_project_start,0,1,0.000000,0,1,0.000000,0,1,0.000000,0
94215,2023-01-11,2023H1,pre_rap_project_start,0,1,0.000000,0,1,0.000000,0,1,0.000000,0
94258,2024-04-15,2024H1,pre_rap_project_start,0,1,0.000000,0,1,0.000000,0,0,,
94262,2022-11-07,2022H2,pre_rap_project_start,0,1,0.000000,0,1,0.000000,0,1,0.000000,0
94329,2023-05-12,2023H1,pre_rap_project_start,0,1,0.000000,0,1,0.000000,0,1,0.000000,0
94340,2023-06-15,2023H1,pre_rap_project_start,0,1,0.000000,0,1,0.000000,0,1,0.000000,0
94364,2023-01-11,2023H1,pre_rap_project_start,0,1,0.000000,0,1,0.000000,0,1,0.000000,0
94372,2023-02-16,2023H1,pre_rap_project_start,0,1,3.000000,1,1,4.000000,1,1,4.000000,1
94393,2022-11-08,2022H2,pre_rap_project_start,0,1,0.000000,0,1,0.000000,0,1,0.000000,0
94449,2023-04-04,2023H1,pre_rap_project_start,0,1,0.000000,0,1,1.000000,1,1,1.000000,1
94477,2024-10-23,2024H2,post_rap_project_start,1,1,0.000000,0,0,,,0,,
94496,2023-04-26,2023H1,pre_rap_project_start,0,1,0.000000,0,1,0.000000,0,1,0.000000,0
94505,2022-11-11,2022H2,pre_rap_project_start,0,1,0.000000,0,1,0.000000,0,1,0.000000,0
94514,2022-11-10,2022H2,pre_rap_project_start,0,1,0.000000,0,1,0.000000,0,1,0.000000,0
94522,2023-09-07,2023H2,pre_rap_project_start,0,1,0.000000,0,1,0.000000,0,1,1.000000,1
94533,2022-11-10,2022H2,pre_rap_project_start,0,1,0.000000,0,1,0.000000,0,1,0.000000,0
94551,2023-02-22,2023H1,pre_rap_project_start,0,1,0.000000,0,1,0.000000,0,1,0.000000,0
94579,2023-01-31,2023H1,pre_rap_project_start,0,1,0.000000,0,1,1.000000,1,1,1.500000,1
94598,2022-12-14,2022H2,pre_rap_project_start,0,1,0.000000,0,1,0.000000,0,1,0.000000,0
94607,2022-12-20,2022H2,pre_rap_project_start,0,1,0.000000,0,1,0.000000,0,1,0.000000,0
94611,2022-11-30,2022H2,pre_rap_project_start,0,1,0.000000,0,1,1.000000,1,1,1.000000,1
94653,2022-12-14,2022H2,pre_rap_project_start,0,1,1.000000,1,1,1.000000,1,1,1.000000,1
94669,2022-12-14,2022H2,pre_rap_project_start,0,1,0.000000,0,1,0.000000,0,1,0.000000,0
94676,2023-01-16,2023H1,pre_rap_project_start,0,1,0.000000,0,1,0.000000,0,1,0.000000,0
94695,2022-11-11,2022H2,pre_rap_project_start,0,1,1.000000,1,1,2.000000,1,1,3.000000,1
94719,2023-02-16,2023H1,pre_rap_project_start,0,1,0.000000,0,1,0.000000,0,1,0.000000,0
94742,2023-06-05,2023H1,pre_rap_project_start,0,1,0.000000,0,1,0.000000,0,1,0.000000,0
94757,2023-12-13,2023H2,pre_rap_project_start,0,1,0.000000,0,1,1.000000,1,1,1.000000,1
94790,2023-03-02,2023H1,pre_rap_project_start,0,1,0.000000,0,1,0.000000,0,1,0.000000,0
94816,2022-11-11,2022H2,pre_rap_project_start,0,1,0.000000,0,1,0.000000,0,1,1.000000,1
94828,2023-03-02,2023H1,pre_rap_project_start,0,1,0.000000,0,1,0.000000,0,1,0.000000,0
94859,2023-06-21,2023H1,pre_rap_project_start,0,1,0.000000,0,1,0.000000,0,1,1.000000,1
94885,2023-03-13,2023H1,pre_rap_project_start,0,1,0.000000,0,1,1.000000,1,1,3.000000,1
94902,2023-01-26,2023H1,pre_rap_project_start,0,1,0.000000,0,1,0.000000,0,1,0.000000,0
94918,2022-11-10,2022H2,pre_rap_project_start,0,1,0.000000,0,1,0.000000,0,1,0.000000,0
94939,2022-11-10,2022H2,pre_rap_project_start,0,1,0.000000,0,1,1.000000,1,1,1.000000,1
94956,2023-02-07,2023H1,pre_rap_project_start,0,1,0.000000,0,1,0.000000,0,1,0.000000,0
94960,2023-02-09,2023H1,pre_rap_project_start,0,1,0.000000,0,1,1.000000,1,1,1.000000,1
94973,2023-05-16,2023H1,pre_rap_project_start,0,1,0.000000,0,1,0.000000,0,1,0.000000,0
94994,2023-04-26,2023H1,pre_rap_project_start,0,1,0.000000,0,1,0.000000,0,1,0.000000,0
95030,2022-11-08,2022H2,pre_rap_project_start,0,1,0.000000,0,1,0.000000,0,1,0.000000,0
95076,2023-02-16,2023H1,pre_rap_project_start,0,1,0.000000,0,1,0.000000,0,1,0.000000,0
95082,2023-01-25,2023H1,pre_rap_project_start,0,1,0.000000,0,1,1.000000,1,1,1.000000,1
95095,2022-10-19,2022H2,pre_rap_project_start,0,1,0.000000,0,1,0.000000,0,1,1.000000,1
95105,2022-12-20,2022H2,pre_rap_project_start,0,1,0.000000,0,1,0.000000,0,1,0.000000,0
95114,2022-12-06,2022H2,pre_rap_project_start,0,1,0.000000,0,1,0.000000,0,1,2.000000,1
95167,2024-10-15,2024H2,post_rap_project_start,1,1,0.000000,0,0,,,0,,
95179,2024-03-21,2024H1,pre_rap_project_start,0,1,0.000000,0,1,0.500000,1,0,,
95180,2022-11-10,2022H2,pre_rap_project_start,0,1,0.000000,0,1,0.000000,0,1,1.000000,1
95216,2023-03-28,2023H1,pre_rap_project_start,0,1,0.000000,0,1,0.000000,0,1,0.000000,0
95237,2025-06-30,2025H1,post_rap_project_start,1,0,,,0,,,0,,
95259,2023-01-11,2023H1,pre_rap_project_start,0,1,0.000000,0,1,1.000000,1,1,2.000000,1
95292,2022-12-23,2022H2,pre_rap_project_start,0,1,0.000000,0,1,0.000000,0,1,0.000000,0
95302,2024-01-04,2024H1,pre_rap_project_start,0,1,0.000000,0,1,0.000000,0,0,,
95318,2023-01-31,2023H1,pre_rap_project_start,0,1,1.000000,1,1,2.000000,1,1,3.000000,1
95325,2023-01-31,2023H1,pre_rap_project_start,0,1,0.000000,0,1,0.000000,0,1,0.000000,0
95339,2023-01-25,2023H1,pre_rap_project_start,0,1,0.000000,0,1,0.000000,0,1,0.000000,0
95356,2022-11-22,2022H2,pre_rap_project_start,0,1,0.000000,0,1,0.000000,0,1,0.000000,0
95373,2022-12-22,2022H2,pre_rap_project_start,0,1,0.000000,0,1,0.000000,0,1,0.000000,0
95387,2023-01-23,2023H1,pre_rap_project_start,0,1,0.000000,0,1,0.000000,0,1,1.000000,1
95409,2022-11-30,2022H2,pre_rap_project_start,0,1,0.000000,0,1,1.000000,1,1,1.000000,1
95413,2023-07-19,2023H2,pre_rap_project_start,0,1,0.000000,0,1,0.000000,0,1,0.000000,0
95432,2023-03-20,2023H1,pre_rap_project_start,0,1,0.000000,0,1,0.000000,0,1,0.000000,0
95445,2023-07-04,2023H2,pre_rap_project_start,0,1,0.000000,0,1,0.000000,0,1,0.000000,0
95450,2023-04-17,2023H1,pre_rap_project_start,0,1,0.000000,0,1,0.000000,0,1,1.000000,1
95478,2022-12-06,2022H2,pre_rap_project_start,0,1,0.000000,0,1,0.000000,0,1,0.000000,0
95497,2023-09-07,2023H2,pre_rap_project_start,0,1,0.000000,0,1,0.000000,0,1,0.000000,0
95506,2022-12-16,2022H2,pre_rap_project_start,0,1,0.000000,0,1,0.000000,0,1,0.000000,0
95523,2023-05-16,2023H1,pre_rap_project_start,0,1,0.000000,0,1,0.000000,0,1,0.000000,0
95547,2023-02-16,2023H1,pre_rap_project_start,0,1,0.000000,0,1,0.000000,0,1,0.000000,0
95552,2022-12-06,2022H2,pre_rap_project_start,0,1,0.000000,0,1,0.000000,0,1,0.000000,0
95568,2023-07-06,2023H2,pre_rap_project_start,0,1,0.000000,0,1,0.000000,0,1,0.000000,0
95599,2023-03-09,2023H1,pre_rap_project_start,0,1,0.000000,0,1,0.000000,0,1,0.000000,0
95608,2022-12-16,2022H2,pre_rap_project_start,0,1,0.000000,0,1,0.000000,0,1,0.000000,0
95649,2024-01-04,2024H1,pre_rap_project_start,0,1,0.000000,0,1,0.000000,0,0,,
95677,2023-05-11,2023H1,pre_rap_project_start,0,1,0.000000,0,1,0.000000,0,1,1.000000,1
95683,2022-11-30,2022H2,pre_rap_project_start,0,1,0.000000,0,1,0.000000,0,1,0.000000,0
95704,2023-03-09,2023H1,pre_rap_project_start,0,1,0.000000,0,1,0.000000,0,1,0.000000,0
95715,2023-01-18,2023H1,pre_rap_project_start,0,1,0.000000,0,1,4.000000,1,1,7.000000,1
95736,2023-02-24,2023H1,pre_rap_project_start,0,1,0.000000,0,1,0.000000,0,1,1.000000,1
95743,2023-09-27,2023H2,pre_rap_project_start,0,1,0.000000,0,1,0.000000,0,1,0.000000,0
95758,2022-12-20,2022H2,pre_rap_project_start,0,1,0.000000,0,1,0.000000,0,1,0.000000,0
95762,2023-02-08,2023H1,pre_rap_project_start,0,1,0.000000,0,1,0.000000,0,1,0.000000,0
95770,2023-01-31,2023H1,pre_rap_project_start,0,1,0.000000,0,1,0.000000,0,1,0.000000,0
95789,2023-02-16,2023H1,pre_rap_project_start,0,1,0.000000,0,1,0.000000,0,1,0.000000,0
95791,2024-11-13,2024H2,post_rap_project_start,1,1,0.000000,0,0,,,0,,
95801,2022-12-14,2022H2,pre_rap_project_start,0,1,0.000000,0,1,0.000000,0,1,0.000000,0
95817,2022-12-06,2022H2,pre_rap_project_start,0,1,0.000000,0,1,0.000000,0,1,0.000000,0
95829,2023-05-12,2023H1,pre_rap_project_start,0,1,0.000000,0,1,0.000000,0,1,0.000000,0
95838,2023-09-20,2023H2,pre_rap_project_start,0,1,0.000000,0,1,0.000000,0,1,0.000000,0
95872,2023-06-09,2023H1,pre_rap_project_start,0,1,0.000000,0,1,0.000000,0,1,0.000000,0
95886,2023-05-30,2023H1,pre_rap_project_start,0,1,0.000000,0,1,0.000000,0,1,0.000000,0
95903,2023-03-09,2023H1,pre_rap_project_start,0,1,0.000000,0,1,0.000000,0,1,0.000000,0
95926,2023-02-22,2023H1,pre_rap_project_start,0,1,0.000000,0,1,0.000000,0,1,0.000000,0
95935,2023-11-30,2023H2,pre_rap_project_start,0,1,0.000000,0,1,0.000000,0,1,0.000000,0
95961,2023-06-15,2023H1,pre_rap_project_start,0,1,0.000000,0,1,0.000000,0,1,0.000000,0
95988,2023-11-28,2023H2,pre_rap_project_start,0,1,0.000000,0,1,0.000000,0,1,0.000000,0
96012,2023-01-11,2023H1,pre_rap_project_start,0,1,0.000000,0,1,0.000000,0,1,0.000000,0
96020,2023-03-02,2023H1,pre_rap_project_start,0,1,0.000000,0,1,0.000000,0,1,0.000000,0
96049,2024-11-06,2024H2,post_rap_project_start,1,1,0.000000,0,0,,,0,,
96054,2023-04-04,2023H1,pre_rap_project_start,0,1,0.000000,0,1,0.000000,0,1,0.000000,0
96077,2022-11-08,2022H2,pre_rap_project_start,0,1,0.000000,0,1,0.000000,0,1,0.000000,0
96083,2022-11-15,2022H2,pre_rap_project_start,0,1,1.000000,1,1,3.000000,1,1,6.000000,1
96110,2024-03-07,2024H1,pre_rap_project_start,0,1,0.000000,0,1,0.000000,0,0,,
96134,2022-12-06,2022H2,pre_rap_project_start,0,1,0.000000,0,1,0.000000,0,1,0.000000,0
96152,2023-04-03,2023H1,pre_rap_project_start,0,1,0.000000,0,1,0.000000,0,1,0.000000,0
96168,2023-03-09,2023H1,pre_rap_project_start,0,1,0.000000,0,1,0.000000,0,1,0.000000,0
96175,2023-02-27,2023H1,pre_rap_project_start,0,1,0.000000,0,1,0.000000,0,1,0.000000,0
96201,2023-07-07,2023H2,pre_rap_project_start,0,1,0.000000,0,1,0.000000,0,1,0.000000,0
96217,2023-07-06,2023H2,pre_rap_project_start,0,1,0.000000,0,1,0.000000,0,1,0.000000,0
96229,2023-02-16,2023H1,pre_rap_project_start,0,1,0.000000,0,1,0.000000,0,1,0.000000,0
96240,2023-09-27,2023H2,pre_rap_project_start,0,1,0.000000,0,1,0.000000,0,1,0.000000,0
96264,2023-05-30,2023H1,pre_rap_project_start,0,1,0.000000,0,1,0.000000,0,1,0.000000,0
96272,2023-04-04,2023H1,pre_rap_project_start,0,1,0.000000,0,1,1.000000,1,1,1.000000,1
96286,2022-12-23,2022H2,pre_rap_project_start,0,1,0.000000,0,1,0.000000,0,1,0.000000,0
96326,2023-03-29,2023H1,pre_rap_project_start,0,1,0.000000,0,1,0.000000,0,1,0.000000,0
96335,2023-01-30,2023H1,pre_rap_project_start,0,1,0.000000,0,1,0.000000,0,1,0.000000,0
96342,2023-01-23,2023H1,pre_rap_project_start,0,1,0.000000,0,1,0.000000,0,1,0.000000,0
96361,2023-03-03,2023H1,pre_rap_project_start,0,1,0.000000,0,1,0.000000,0,1,0.000000,0
96390,2023-01-23,2023H1,pre_rap_project_start,0,1,0.000000,0,1,0.000000,0,1,0.000000,0
96405,2022-12-07,2022H2,pre_rap_project_start,0,1,0.000000,0,1,1.000000,1,1,1.000000,1
96414,2022-11-22,2022H2,pre_rap_project_start,0,1,0.000000,0,1,0.000000,0,1,0.000000,0
96433,2024-03-26,2024H1,pre_rap_project_start,0,1,0.000000,0,1,0.000000,0,0,,
96446,2023-03-02,2023H1,pre_rap_project_start,0,1,0.000000,0,1,0.000000,0,1,0.000000,0
96479,2023-01-31,2023H1,pre_rap_project_start,0,1,0.000000,0,1,0.000000,0,1,0.000000,0
96480,2023-07-24,2023H2,pre_rap_project_start,0,1,0.000000,0,1,0.000000,0,1,0.000000,0
96498,2023-09-20,2023H2,pre_rap_project_start,0,1,0.000000,0,1,0.000000,0,1,0.000000,0
96511,2022-12-22,2022H2,pre_rap_project_start,0,1,0.000000,0,1,0.000000,0,1,0.000000,0
96548,2023-02-09,2023H1,pre_rap_project_start,0,1,0.000000,0,1,1.000000,1,1,1.000000,1
96553,2023-02-21,2023H1,pre_rap_project_start,0,1,0.000000,0,1,0.000000,0,1,0.000000,0
96569,2024-03-13,2024H1,pre_rap_project_start,0,1,1.000000,1,1,2.000000,1,0,,
96582,2023-01-16,2023H1,pre_rap_project_start,0,1,0.000000,0,1,0.000000,0,1,0.000000,0
96632,2023-02-16,2023H1,pre_rap_project_start,0,1,0.000000,0,1,0.000000,0,1,0.000000,0
96697,2023-03-03,2023H1,pre_rap_project_start,0,1,0.000000,0,1,0.000000,0,1,0.000000,0
96700,2023-03-02,2023H1,pre_rap_project_start,0,1,0.000000,0,1,0.000000,0,1,0.000000,0
96716,2022-12-06,2022H2,pre_rap_project_start,0,1,0.000000,0,1,0.000000,0,1,0.000000,0
96728,2023-05-10,2023H1,pre_rap_project_start,0,1,0.000000,0,1,0.000000,0,1,0.000000,0
96744,2023-04-04,2023H1,pre_rap_project_start,0,1,0.000000,0,1,0.000000,0,1,0.000000,0
96759,2023-01-18,2023H1,pre_rap_project_start,0,1,0.000000,0,1,1.000000,1,1,1.000000,1
96802,2023-01-19,2023H1,pre_rap_project_start,0,1,0.000000,0,1,0.000000,0,1,0.000000,0
96818,2023-04-14,2023H1,pre_rap_project_start,0,1,0.000000,0,1,0.000000,0,1,0.000000,0
96839,2023-04-05,2023H1,pre_rap_project_start,0,1,0.000000,0,1,0.000000,0,1,0.000000,0
96841,2023-01-11,2023H1,pre_rap_project_start,0,1,0.000000,0,1,0.000000,0,1,0.000000,0
96856,2023-03-03,2023H1,pre_rap_project_start,0,1,0.000000,0,1,1.000000,1,1,1.000000,1
96894,2023-03-06,2023H1,pre_rap_project_start,0,1,0.000000,0,1,0.000000,0,1,0.000000,0
96927,2023-03-02,2023H1,pre_rap_project_start,0,1,0.000000,0,1,0.000000,0,1,0.000000,0
96943,2025-07-22,2025H2,post_rap_project_start,1,0,,,0,,,0,,
96958,2023-01-26,2023H1,pre_rap_project_start,0,1,0.000000,0,1,0.000000,0,1,0.000000,0
96962,2022-11-30,2022H2,pre_rap_project_start,0,1,0.000000,0,1,0.000000,0,1,0.000000,0
96989,2024-01-18,2024H1,pre_rap_project_start,0,1,0.000000,0,1,0.000000,0,0,,
96991,2023-01-26,2023H1,pre_rap_project_start,0,1,0.000000,0,1,0.000000,0,1,0.000000,0
97004,2023-03-22,2023H1,pre_rap_project_start,0,1,0.000000,0,1,1.000000,1,1,2.000000,1
97015,2023-07-06,2023H2,pre_rap_project_start,0,1,0.000000,0,1,1.000000,1,1,1.000000,1
97043,2023-03-22,2023H1,pre_rap_project_start,0,1,0.000000,0,1,0.000000,0,1,0.000000,0
97058,2024-03-26,2024H1,pre_rap_project_start,0,1,0.000000,0,1,0.000000,0,0,,
97062,2023-08-09,2023H2,pre_rap_project_start,0,1,0.000000,0,1,0.000000,0,1,0.000000,0
97089,2023-09-20,2023H2,pre_rap_project_start,0,1,4.000000,1,1,5.000000,1,1,5.000000,1
97101,2023-01-31,2023H1,pre_rap_project_start,0,1,0.000000,0,1,1.000000,1,1,2.000000,1
97117,2022-12-14,2022H2,pre_rap_project_start,0,1,0.000000,0,1,0.000000,0,1,0.000000,0
97140,2022-12-23,2022H2,pre_rap_project_start,0,1,0.000000,0,1,0.000000,0,1,0.000000,0
97155,2023-03-07,2023H1,pre_rap_project_start,0,1,1.000000,1,1,1.000000,1,1,2.000000,1
97172,2023-01-18,2023H1,pre_rap_project_start,0,1,0.000000,0,1,0.000000,0,1,0.000000,0
97186,2023-05-31,2023H1,pre_rap_project_start,0,1,0.000000,0,1,0.000000,0,1,0.000000,0
97206,2023-08-16,2023H2,pre_rap_project_start,0,1,0.000000,0,1,0.000000,0,1,0.000000,0
97223,2023-07-06,2023H2,pre_rap_project_start,0,1,1.000000,1,1,2.000000,1,1,2.000000,1
97268,2023-03-22,2023H1,pre_rap_project_start,0,1,0.000000,0,1,0.000000,0,1,0.000000,0
97313,2023-05-03,2023H1,pre_rap_project_start,0,1,0.000000,0,1,0.000000,0,1,0.000000,0
97332,2023-01-06,2023H1,pre_rap_project_start,0,1,0.000000,0,1,0.000000,0,1,0.000000,0
97345,2023-03-22,2023H1,pre_rap_project_start,0,1,0.000000,0,1,0.000000,0,1,0.000000,0
97366,2023-04-05,2023H1,pre_rap_project_start,0,1,0.000000,0,1,0.000000,0,1,1.000000,1
97378,2023-03-16,2023H1,pre_rap_project_start,0,1,0.000000,0,1,0.000000,0,1,0.000000,0
97384,2023-06-09,2023H1,pre_rap_project_start,0,1,0.000000,0,1,0.000000,0,1,0.000000,0
97397,2023-03-22,2023H1,pre_rap_project_start,0,1,0.000000,0,1,0.000000,0,1,0.000000,0
97418,2023-06-20,2023H1,pre_rap_project_start,0,1,0.000000,0,1,0.000000,0,1,0.000000,0
97439,2023-04-05,2023H1,pre_rap_project_start,0,1,0.000000,0,1,0.000000,0,1,0.000000,0
97441,2023-07-07,2023H2,pre_rap_project_start,0,1,0.000000,0,1,0.000000,0,1,0.000000,0
97456,2023-06-20,2023H1,pre_rap_project_start,0,1,0.000000,0,1,0.000000,0,1,0.000000,0
97473,2023-02-08,2023H1,pre_rap_project_start,0,1,0.000000,0,1,0.000000,0,1,0.000000,0
97487,2023-04-13,2023H1,pre_rap_project_start,0,1,0.000000,0,1,0.000000,0,1,0.000000,0
97500,2023-02-08,2023H1,pre_rap_project_start,0,1,0.000000,0,1,0.000000,0,1,1.000000,1
97544,2023-08-22,2023H2,pre_rap_project_start,0,1,0.000000,0,1,0.000000,0,1,0.000000,0
97559,2022-12-05,2022H2,pre_rap_project_start,0,1,0.000000,0,1,0.000000,0,1,0.000000,0
97563,2022-12-20,2022H2,pre_rap_project_start,0,1,0.000000,0,1,0.000000,0,1,0.000000,0
97619,2023-06-21,2023H1,pre_rap_project_start,0,1,0.000000,0,1,0.000000,0,1,0.000000,0
97642,2023-03-29,2023H1,pre_rap_project_start,0,1,0.000000,0,1,0.000000,0,1,0.000000,0
97674,2023-06-05,2023H1,pre_rap_project_start,0,1,0.000000,0,1,0.000000,0,1,0.000000,0
97690,2025-05-15,2025H1,post_rap_project_start,1,0,,,0,,,0,,
97711,2023-08-08,2023H2,pre_rap_project_start,0,1,0.000000,0,1,0.000000,0,1,0.000000,0
97724,2023-10-04,2023H2,pre_rap_project_start,0,1,0.000000,0,1,0.000000,0,1,0.000000,0
97730,2023-05-16,2023H1,pre_rap_project_start,0,1,0.000000,0,1,0.000000,0,1,0.000000,0
97748,2023-01-31,2023H1,pre_rap_project_start,0,1,0.000000,0,1,0.000000,0,1,0.000000,0
97753,2023-11-30,2023H2,pre_rap_project_start,0,1,0.000000,0,1,0.000000,0,1,2.000000,1
97814,2023-08-09,2023H2,pre_rap_project_start,0,1,0.000000,0,1,0.000000,0,1,0.000000,0
97846,2023-03-16,2023H1,pre_rap_project_start,0,1,1.000000,1,1,1.000000,1,1,1.000000,1
97851,2025-04-22,2025H1,post_rap_project_start,1,0,,,0,,,0,,
97879,2023-05-31,2023H1,pre_rap_project_start,0,1,0.000000,0,1,0.000000,0,1,0.000000,0
97880,2023-09-07,2023H2,pre_rap_project_start,0,1,0.000000,0,1,0.000000,0,1,0.000000,0
97908,2023-11-30,2023H2,pre_rap_project_start,0,1,0.000000,0,1,2.000000,1,1,2.000000,1
98013,2023-01-31,2023H1,pre_rap_project_start,0,1,0.000000,0,1,0.000000,0,1,0.000000,0
98021,2023-12-05,2023H2,pre_rap_project_start,0,1,0.000000,0,1,0.000000,0,1,0.000000,0
98032,2023-03-09,2023H1,pre_rap_project_start,0,1,1.000000,1,1,3.000000,1,1,4.000000,1
98045,2023-05-26,2023H1,pre_rap_project_start,0,1,0.000000,0,1,0.000000,0,1,0.000000,0
98050,2023-01-11,2023H1,pre_rap_project_start,0,1,0.000000,0,1,0.000000,0,1,0.000000,0
98097,2023-03-29,2023H1,pre_rap_project_start,0,1,0.000000,0,1,0.000000,0,1,1.000000,1
98111,2023-01-31,2023H1,pre_rap_project_start,0,1,0.000000,0,1,1.000000,1,1,1.000000,1
98124,2023-03-29,2023H1,pre_rap_project_start,0,1,0.000000,0,1,3.000000,1,1,5.000000,1
98130,2023-02-28,2023H1,pre_rap_project_start,0,1,0.000000,0,1,0.000000,0,1,1.000000,1
98148,2023-02-08,2023H1,pre_rap_project_start,0,1,0.000000,0,1,0.000000,0,1,0.000000,0
98153,2023-09-20,2023H2,pre_rap_project_start,0,1,0.000000,0,1,0.000000,0,1,0.000000,0
98169,2023-11-21,2023H2,pre_rap_project_start,0,1,0.000000,0,1,0.000000,0,1,0.000000,0
98225,2024-01-04,2024H1,pre_rap_project_start,0,1,0.000000,0,1,0.000000,0,0,,
98273,2023-04-04,2023H1,pre_rap_project_start,0,1,1.000000,1,1,1.000000,1,1,1.000000,1
98294,2023-02-16,2023H1,pre_rap_project_start,0,1,0.000000,0,1,0.000000,0,1,0.000000,0
98304,2023-07-12,2023H2,pre_rap_project_start,0,1,0.000000,0,1,0.000000,0,1,0.000000,0
98327,2023-11-21,2023H2,pre_rap_project_start,0,1,0.000000,0,1,1.000000,1,1,2.000000,1
98358,2023-07-17,2023H2,pre_rap_project_start,0,1,0.000000,0,1,2.000000,1,1,2.000000,1
98362,2023-04-17,2023H1,pre_rap_project_start,0,1,0.000000,0,1,0.000000,0,1,0.000000,0
98410,2023-05-26,2023H1,pre_rap_project_start,0,1,0.000000,0,1,2.000000,1,1,7.000000,1
98434,2023-04-03,2023H1,pre_rap_project_start,0,1,0.000000,0,1,0.000000,0,1,0.000000,0
98447,2023-04-17,2023H1,pre_rap_project_start,0,1,0.000000,0,1,0.000000,0,1,0.000000,0
98468,2022-12-22,2022H2,pre_rap_project_start,0,1,0.000000,0,1,0.000000,0,1,0.000000,0
98481,2023-07-19,2023H2,pre_rap_project_start,0,1,0.000000,0,1,1.000000,1,1,2.000000,1
98512,2025-08-28,2025H2,post_rap_project_start,1,0,,,0,,,0,,
98520,2023-04-04,2023H1,pre_rap_project_start,0,1,0.000000,0,1,1.000000,1,1,1.000000,1
98554,2023-07-03,2023H2,pre_rap_project_start,0,1,0.000000,0,1,0.000000,0,1,0.000000,0
98577,2023-05-09,2023H1,pre_rap_project_start,0,1,0.000000,0,1,1.000000,1,1,2.000000,1
98583,2023-03-01,2023H1,pre_rap_project_start,0,1,0.000000,0,1,0.500000,1,1,1.500000,1
98596,2023-08-08,2023H2,pre_rap_project_start,0,1,0.000000,0,1,0.000000,0,1,0.000000,0
98605,2023-05-04,2023H1,pre_rap_project_start,0,1,0.000000,0,1,0.000000,0,1,0.000000,0
98614,2023-04-04,2023H1,pre_rap_project_start,0,1,0.000000,0,1,0.000000,0,1,0.000000,0
98633,2023-04-26,2023H1,pre_rap_project_start,0,1,0.000000,0,1,0.000000,0,1,0.000000,0
98646,2023-07-26,2023H2,pre_rap_project_start,0,1,0.000000,0,1,0.000000,0,1,0.000000,0
98651,2023-03-02,2023H1,pre_rap_project_start,0,1,0.000000,0,1,1.000000,1,1,2.000000,1
98679,2023-04-14,2023H1,pre_rap_project_start,0,1,0.000000,0,1,0.000000,0,1,1.000000,1
98680,2024-11-12,2024H2,post_rap_project_start,1,1,1.000000,1,0,,,0,,
98698,2023-11-22,2023H2,pre_rap_project_start,0,1,0.000000,0,1,0.000000,0,1,0.000000,0
98729,2023-02-24,2023H1,pre_rap_project_start,0,1,0.000000,0,1,1.000000,1,1,1.000000,1
98740,2023-09-18,2023H2,pre_rap_project_start,0,1,0.000000,0,1,0.000000,0,1,0.000000,0
98755,2023-05-26,2023H1,pre_rap_project_start,0,1,0.000000,0,1,0.000000,0,1,0.000000,0
98764,2023-03-09,2023H1,pre_rap_project_start,0,1,1.000000,1,1,1.000000,1,1,1.000000,1
98772,2023-05-24,2023H1,pre_rap_project_start,0,1,0.000000,0,1,1.000000,1,1,1.000000,1
98786,2023-02-16,2023H1,pre_rap_project_start,0,1,0.000000,0,1,0.000000,0,1,0.000000,0
98803,2023-03-28,2023H1,pre_rap_project_start,0,1,0.000000,0,1,0.000000,0,1,0.000000,0
98819,2023-03-03,2023H1,pre_rap_project_start,0,1,0.000000,0,1,0.000000,0,1,0.000000,0
98826,2023-06-02,2023H1,pre_rap_project_start,0,1,1.000000,1,1,1.000000,1,1,1.000000,1
98874,2023-01-31,2023H1,pre_rap_project_start,0,1,1.000000,1,1,5.000000,1,1,5.000000,1
98928,2023-04-05,2023H1,pre_rap_project_start,0,1,0.000000,0,1,0.000000,0,1,0.000000,0
98937,2023-02-16,2023H1,pre_rap_project_start,0,1,0.000000,0,1,0.000000,0,1,3.000000,1
98959,2023-01-25,2023H1,pre_rap_project_start,0,1,0.000000,0,1,0.000000,0,1,0.000000,0
98971,2023-02-24,2023H1,pre_rap_project_start,0,1,0.000000,0,1,0.000000,0,1,0.000000,0
98985,2024-01-11,2024H1,pre_rap_project_start,0,1,0.000000,0,1,0.000000,0,0,,
98992,2023-01-30,2023H1,pre_rap_project_start,0,1,1.000000,1,1,7.000000,1,1,11.000000,1
99001,2023-01-31,2023H1,pre_rap_project_start,0,1,0.000000,0,1,2.000000,1,1,6.000000,1
99029,2023-07-19,2023H2,pre_rap_project_start,0,1,0.000000,0,1,0.000000,0,1,0.000000,0
99038,2023-06-23,2023H1,pre_rap_project_start,0,1,1.000000,1,1,1.000000,1,1,1.000000,1
99040,2023-05-26,2023H1,pre_rap_project_start,0,1,0.000000,0,1,0.000000,0,1,0.000000,0
99055,2023-03-16,2023H1,pre_rap_project_start,0,1,0.000000,0,1,0.000000,0,1,0.000000,0
99086,2023-03-16,2023H1,pre_rap_project_start,0,1,0.000000,0,1,0.000000,0,1,0.000000,0
99093,2023-08-09,2023H2,pre_rap_project_start,0,1,0.000000,0,1,0.000000,0,1,0.000000,0
99119,2023-05-04,2023H1,pre_rap_project_start,0,1,0.000000,0,1,0.000000,0,1,0.000000,0
99135,2024-10-03,2024H2,post_rap_project_start,1,1,0.000000,0,0,,,0,,
99157,2023-05-15,2023H1,pre_rap_project_start,0,1,0.000000,0,1,0.000000,0,1,0.000000,0
99188,2023-11-01,2023H2,pre_rap_project_start,0,1,0.000000,0,1,0.000000,0,1,0.000000,0
99208,2023-01-18,2023H1,pre_rap_project_start,0,1,0.000000,0,1,0.000000,0,1,0.000000,0
99231,2023-05-16,2023H1,pre_rap_project_start,0,1,0.000000,0,1,0.000000,0,1,0.000000,0
99415,2023-03-28,2023H1,pre_rap_project_start,0,1,0.000000,0,1,0.000000,0,1,1.000000,1
99427,2023-09-18,2023H2,pre_rap_project_start,0,1,0.000000,0,1,0.000000,0,1,1.000000,1
99470,2023-03-09,2023H1,pre_rap_project_start,0,1,0.000000,0,1,0.000000,0,1,0.000000,0
99489,2023-05-30,2023H1,pre_rap_project_start,0,1,0.000000,0,1,0.000000,0,1,0.000000,0
99491,2023-07-03,2023H2,pre_rap_project_start,0,1,0.000000,0,1,0.000000,0,1,0.000000,0
99518,2023-07-20,2023H2,pre_rap_project_start,0,1,0.000000,0,1,0.000000,0,1,0.000000,0
99525,2023-06-27,2023H1,pre_rap_project_start,0,1,0.000000,0,1,0.000000,0,1,0.000000,0
99539,2023-07-20,2023H2,pre_rap_project_start,0,1,0.000000,0,1,0.000000,0,1,0.000000,0
99541,2023-07-12,2023H2,pre_rap_project_start,0,1,0.000000,0,1,0.000000,0,1,0.000000,0
99573,2023-04-17,2023H1,pre_rap_project_start,0,1,0.000000,0,1,0.000000,0,1,1.000000,1
99594,2023-07-03,2023H2,pre_rap_project_start,0,1,0.000000,0,1,0.000000,0,1,0.000000,0
99628,2023-02-22,2023H1,pre_rap_project_start,0,1,0.000000,0,1,0.000000,0,1,0.000000,0
99685,2024-05-15,2024H1,pre_rap_project_start,0,1,0.000000,0,1,0.000000,0,0,,
99692,2023-03-09,2023H1,pre_rap_project_start,0,1,0.000000,0,1,0.000000,0,1,1.000000,1
99709,2023-03-29,2023H1,pre_rap_project_start,0,1,2.000000,1,1,2.000000,1,1,6.000000,1
99713,2023-05-26,2023H1,pre_rap_project_start,0,1,0.000000,0,1,1.000000,1,1,2.000000,1
99732,2023-03-13,2023H1,pre_rap_project_start,0,1,0.000000,0,1,4.000000,1,1,5.000000,1
99811,2023-04-06,2023H1,pre_rap_project_start,0,1,0.000000,0,1,0.000000,0,1,0.000000,0
99869,2023-06-09,2023H1,pre_rap_project_start,0,1,0.000000,0,1,0.000000,0,1,0.000000,0
99876,2023-06-30,2023H1,pre_rap_project_start,0,1,0.000000,0,1,0.000000,0,1,0.000000,0
99895,2024-01-05,2024H1,pre_rap_project_start,0,1,0.000000,0,1,0.000000,0,0,,
99914,2023-04-14,2023H1,pre_rap_project_start,0,1,0.000000,0,1,0.000000,0,1,0.000000,0
99922,2023-04-17,2023H1,pre_rap_project_start,0,1,0.000000,0,1,0.000000,0,1,0.000000,0
99933,2023-04-26,2023H1,pre_rap_project_start,0,1,0.000000,0,1,0.000000,0,1,0.000000,0
99946,2023-03-29,2023H1,pre_rap_project_start,0,1,0.000000,0,1,0.000000,0,1,0.000000,0
99951,2024-01-18,2024H1,pre_rap_project_start,0,1,0.000000,0,1,0.000000,0,0,,
99967,2023-04-05,2023H1,pre_rap_project_start,0,1,0.000000,0,1,0.000000,0,1,0.000000,0
100014,2023-03-08,2023H1,pre_rap_project_start,0,1,1.000000,1,1,2.000000,1,1,2.000000,1
100033,2023-03-03,2023H1,pre_rap_project_start,0,1,0.000000,0,1,0.000000,0,1,0.000000,0
100203,2023-11-21,2023H2,pre_rap_project_start,0,1,0.000000,0,1,0.000000,0,1,0.000000,0
100235,2023-05-05,2023H1,pre_rap_project_start,0,1,0.000000,0,1,0.000000,0,1,0.000000,0
100242,2023-06-22,2023H1,pre_rap_project_start,0,1,0.000000,0,1,0.000000,0,1,0.000000,0
100261,2023-04-06,2023H1,pre_rap_project_start,0,1,0.000000,0,1,0.000000,0,1,0.000000,0
100274,2024-02-28,2024H1,pre_rap_project_start,0,1,0.000000,0,1,0.000000,0,0,,
100300,2024-02-28,2024H1,pre_rap_project_start,0,1,0.000000,0,1,0.000000,0,0,,
100316,2023-04-05,2023H1,pre_rap_project_start,0,1,0.000000,0,1,0.000000,0,1,1.000000,1
100337,2026-03-09,2026H1,post_rap_project_start,1,0,,,0,,,0,,
100359,2023-06-20,2023H1,pre_rap_project_start,0,1,0.000000,0,1,0.000000,0,1,0.000000,0
100371,2023-05-18,2023H1,pre_rap_project_start,0,1,0.000000,0,1,0.000000,0,1,0.000000,0
100385,2023-04-06,2023H1,pre_rap_project_start,0,1,0.000000,0,1,0.000000,0,1,0.000000,0
100407,2023-09-13,2023H2,pre_rap_project_start,0,1,0.000000,0,1,0.000000,0,1,0.000000,0
100411,2023-11-28,2023H2,pre_rap_project_start,0,1,0.000000,0,1,0.000000,0,1,0.000000,0
100430,2023-04-19,2023H1,pre_rap_project_start,0,1,0.000000,0,1,0.000000,0,1,0.000000,0
100469,2023-03-30,2023H1,pre_rap_project_start,0,1,0.000000,0,1,0.000000,0,1,0.000000,0
100495,2024-04-30,2024H1,pre_rap_project_start,0,1,0.000000,0,1,0.000000,0,0,,
100532,2023-06-20,2023H1,pre_rap_project_start,0,1,1.000000,1,1,1.000000,1,1,1.000000,1
100545,2023-05-26,2023H1,pre_rap_project_start,0,1,0.000000,0,1,0.000000,0,1,0.000000,0
100550,2023-06-02,2023H1,pre_rap_project_start,0,1,0.000000,0,1,0.000000,0,1,0.000000,0
100566,2023-08-04,2023H2,pre_rap_project_start,0,1,0.000000,0,1,0.000000,0,1,0.000000,0
100578,2023-04-26,2023H1,pre_rap_project_start,0,1,0.000000,0,1,0.000000,0,1,0.000000,0
100584,2023-07-05,2023H2,pre_rap_project_start,0,1,0.000000,0,1,0.000000,0,1,1.000000,1
100623,2023-05-31,2023H1,pre_rap_project_start,0,1,0.000000,0,1,0.000000,0,1,0.000000,0
100634,2023-05-09,2023H1,pre_rap_project_start,0,1,0.000000,0,1,0.000000,0,1,0.000000,0
100668,2023-06-02,2023H1,pre_rap_project_start,0,1,0.000000,0,1,0.000000,0,1,0.000000,0
100681,2025-01-09,2025H1,post_rap_project_start,1,0,,,0,,,0,,
100702,2023-06-30,2023H1,pre_rap_project_start,0,1,0.000000,0,1,0.000000,0,1,0.000000,0
100718,2023-06-09,2023H1,pre_rap_project_start,0,1,0.000000,0,1,0.000000,0,1,0.000000,0
100739,2023-06-27,2023H1,pre_rap_project_start,0,1,0.000000,0,1,0.000000,0,1,2.000000,1
100773,2023-03-20,2023H1,pre_rap_project_start,0,1,0.000000,0,1,0.000000,0,1,0.000000,0
100787,2023-06-05,2023H1,pre_rap_project_start,0,1,0.000000,0,1,0.000000,0,1,0.000000,0
100836,2023-04-04,2023H1,pre_rap_project_start,0,1,0.000000,0,1,0.000000,0,1,0.000000,0
100862,2023-11-08,2023H2,pre_rap_project_start,0,1,0.000000,0,1,0.000000,0,1,0.000000,0
100889,2023-03-22,2023H1,pre_rap_project_start,0,1,0.000000,0,1,0.000000,0,1,1.000000,1
100901,2025-01-09,2025H1,post_rap_project_start,1,0,,,0,,,0,,
100938,2023-08-23,2023H2,pre_rap_project_start,0,1,0.000000,0,1,0.000000,0,1,0.000000,0
100940,2023-06-30,2023H1,pre_rap_project_start,0,1,0.000000,0,1,0.000000,0,1,0.000000,0
100955,2023-08-31,2023H2,pre_rap_project_start,0,1,0.000000,0,1,0.000000,0,1,0.000000,0
100964,2023-11-30,2023H2,pre_rap_project_start,0,1,0.000000,0,1,0.000000,0,1,0.000000,0
100972,2023-11-10,2023H2,pre_rap_project_start,0,1,0.000000,0,1,0.000000,0,1,0.000000,0
100993,2023-11-08,2023H2,pre_rap_project_start,0,1,0.000000,0,1,0.000000,0,1,0.000000,0
101032,2024-01-09,2024H1,pre_rap_project_start,0,1,1.000000,1,1,3.000000,1,0,,
101045,2024-02-09,2024H1,pre_rap_project_start,0,1,0.000000,0,1,0.000000,0,0,,
101066,2023-06-21,2023H1,pre_rap_project_start,0,1,0.000000,0,1,0.000000,0,1,0.000000,0
101084,2023-09-01,2023H2,pre_rap_project_start,0,1,0.000000,0,1,0.000000,0,1,0.000000,0
101124,2024-01-04,2024H1,pre_rap_project_start,0,1,0.000000,0,1,0.000000,0,0,,
101130,2023-06-02,2023H1,pre_rap_project_start,0,1,0.000000,0,1,0.000000,0,1,0.000000,0
101148,2023-06-30,2023H1,pre_rap_project_start,0,1,0.000000,0,1,0.000000,0,1,0.000000,0
101169,2023-03-21,2023H1,pre_rap_project_start,0,1,0.000000,0,1,6.000000,1,1,6.000000,1
101239,2023-09-06,2023H2,pre_rap_project_start,0,1,0.000000,0,1,0.000000,0,1,0.000000,0
101241,2023-04-18,2023H1,pre_rap_project_start,0,1,0.000000,0,1,0.000000,0,1,0.000000,0
101260,2023-05-04,2023H1,pre_rap_project_start,0,1,0.000000,0,1,0.000000,0,1,0.000000,0
101273,2024-02-09,2024H1,pre_rap_project_start,0,1,0.000000,0,1,0.000000,0,0,,
101287,2023-06-02,2023H1,pre_rap_project_start,0,1,0.000000,0,1,0.000000,0,1,0.000000,0
101294,2023-12-05,2023H2,pre_rap_project_start,0,1,0.000000,0,1,0.000000,0,1,0.000000,0
101304,2024-01-17,2024H1,pre_rap_project_start,0,1,0.000000,0,1,0.000000,0,0,,
101336,2024-05-08,2024H1,pre_rap_project_start,0,1,0.000000,0,1,0.000000,0,0,,
101362,2023-03-29,2023H1,pre_rap_project_start,0,1,0.000000,0,1,0.000000,0,1,0.000000,0
101391,2023-03-22,2023H1,pre_rap_project_start,0,1,0.000000,0,1,0.000000,0,1,0.000000,0
101406,2023-06-09,2023H1,pre_rap_project_start,0,1,0.000000,0,1,0.000000,0,1,0.000000,0
101434,2023-11-01,2023H2,pre_rap_project_start,0,1,0.000000,0,1,0.000000,0,1,0.000000,0
101508,2023-10-05,2023H2,pre_rap_project_start,0,1,0.000000,0,1,0.000000,0,1,0.000000,0
101520,2023-06-19,2023H1,pre_rap_project_start,0,1,0.000000,0,1,0.000000,0,1,0.000000,0
101531,2024-10-28,2024H2,post_rap_project_start,1,1,0.000000,0,0,,,0,,
101549,2023-11-30,2023H2,pre_rap_project_start,0,1,0.000000,0,1,0.000000,0,1,0.000000,0
101554,2023-09-20,2023H2,pre_rap_project_start,0,1,0.000000,0,1,0.000000,0,1,0.000000,0
101565,2023-10-17,2023H2,pre_rap_project_start,0,1,0.000000,0,1,0.000000,0,1,1.000000,1
101577,2023-09-07,2023H2,pre_rap_project_start,0,1,0.000000,0,1,0.000000,0,1,0.000000,0
101583,2023-08-07,2023H2,pre_rap_project_start,0,1,0.000000,0,1,1.000000,1,1,2.000000,1
101596,2023-07-26,2023H2,pre_rap_project_start,0,1,0.000000,0,1,0.000000,0,1,0.000000,0
101614,2023-06-09,2023H1,pre_rap_project_start,0,1,0.000000,0,1,0.000000,0,1,1.000000,1
101622,2024-10-30,2024H2,post_rap_project_start,1,1,0.000000,0,0,,,0,,
101633,2023-04-18,2023H1,pre_rap_project_start,0,1,0.000000,0,1,0.000000,0,1,4.000000,1
101646,2023-07-06,2023H2,pre_rap_project_start,0,1,0.000000,0,1,0.000000,0,1,0.000000,0
101651,2023-05-16,2023H1,pre_rap_project_start,0,1,0.000000,0,1,0.000000,0,1,0.000000,0
101667,2023-11-16,2023H2,pre_rap_project_start,0,1,0.000000,0,1,0.000000,0,1,0.000000,0
101819,2023-05-26,2023H1,pre_rap_project_start,0,1,0.000000,0,1,0.000000,0,1,1.500000,1
101835,2023-06-30,2023H1,pre_rap_project_start,0,1,0.000000,0,1,0.000000,0,1,0.000000,0
101857,2024-04-05,2024H1,pre_rap_project_start,0,1,1.000000,1,1,1.000000,1,0,,
101861,2024-01-24,2024H1,pre_rap_project_start,0,1,0.000000,0,1,0.000000,0,0,,
101874,2023-11-20,2023H2,pre_rap_project_start,0,1,0.000000,0,1,0.000000,0,1,0.000000,0
101888,2023-05-26,2023H1,pre_rap_project_start,0,1,0.000000,0,1,0.000000,0,1,0.000000,0
101900,2023-05-04,2023H1,pre_rap_project_start,0,1,0.000000,0,1,0.000000,0,1,0.000000,0
101916,2023-06-08,2023H1,pre_rap_project_start,0,1,0.000000,0,1,0.000000,0,1,0.000000,0
101928,2023-06-20,2023H1,pre_rap_project_start,0,1,0.000000,0,1,0.000000,0,1,0.000000,0
101937,2024-10-30,2024H2,post_rap_project_start,1,1,0.000000,0,0,,,0,,
101959,2023-05-24,2023H1,pre_rap_project_start,0,1,0.000000,0,1,0.000000,0,1,0.000000,0
101971,2023-03-29,2023H1,pre_rap_project_start,0,1,0.000000,0,1,1.000000,1,1,2.000000,1
102002,2023-07-06,2023H2,pre_rap_project_start,0,1,0.000000,0,1,0.000000,0,1,0.000000,0
102018,2023-05-17,2023H1,pre_rap_project_start,0,1,0.000000,0,1,0.000000,0,1,0.000000,0
102056,2023-06-30,2023H1,pre_rap_project_start,0,1,0.000000,0,1,0.000000,0,1,0.000000,0
102073,2024-11-26,2024H2,post_rap_project_start,1,1,0.000000,0,0,,,0,,
102115,2023-11-08,2023H2,pre_rap_project_start,0,1,0.000000,0,1,0.000000,0,1,0.000000,0
102127,2023-05-26,2023H1,pre_rap_project_start,0,1,0.000000,0,1,0.000000,0,1,0.000000,0
102143,2023-04-26,2023H1,pre_rap_project_start,0,1,0.000000,0,1,0.000000,0,1,0.000000,0
102158,2023-06-29,2023H1,pre_rap_project_start,0,1,1.000000,1,1,1.000000,1,1,2.000000,1
102162,2023-04-26,2023H1,pre_rap_project_start,0,1,0.000000,0,1,1.000000,1,1,1.000000,1
102250,2023-05-17,2023H1,pre_rap_project_start,0,1,0.000000,0,1,0.000000,0,1,0.000000,0
102266,2023-04-18,2023H1,pre_rap_project_start,0,1,0.000000,0,1,0.000000,0,1,0.000000,0
102278,2023-09-15,2023H2,pre_rap_project_start,0,1,0.000000,0,1,0.000000,0,1,0.000000,0
102284,2023-09-27,2023H2,pre_rap_project_start,0,1,0.000000,0,1,0.000000,0,1,0.000000,0
102297,2023-05-17,2023H1,pre_rap_project_start,0,1,0.000000,0,1,0.000000,0,1,0.000000,0
102307,2023-11-08,2023H2,pre_rap_project_start,0,1,0.000000,0,1,0.000000,0,1,0.000000,0
102330,2023-07-19,2023H2,pre_rap_project_start,0,1,0.000000,0,1,0.000000,0,1,0.000000,0
102369,2023-04-26,2023H1,pre_rap_project_start,0,1,0.000000,0,1,0.000000,0,1,0.000000,0
102382,2023-09-20,2023H2,pre_rap_project_start,0,1,0.000000,0,1,0.000000,0,1,0.000000,0
102416,2023-04-26,2023H1,pre_rap_project_start,0,1,0.000000,0,1,0.000000,0,1,0.000000,0
102444,2023-09-27,2023H2,pre_rap_project_start,0,1,0.000000,0,1,0.000000,0,1,0.000000,0
102492,2023-08-17,2023H2,pre_rap_project_start,0,1,0.000000,0,1,1.000000,1,1,1.000000,1
102526,2023-06-15,2023H1,pre_rap_project_start,0,1,0.000000,0,1,0.000000,0,1,1.000000,1
102535,2023-06-09,2023H1,pre_rap_project_start,0,1,0.000000,0,1,0.000000,0,1,0.000000,0
102561,2023-05-26,2023H1,pre_rap_project_start,0,1,0.000000,0,1,0.000000,0,1,0.000000,0
102574,2023-06-02,2023H1,pre_rap_project_start,0,1,0.000000,0,1,0.000000,0,1,0.000000,0
102588,2023-07-26,2023H2,pre_rap_project_start,0,1,0.000000,0,1,0.000000,0,1,0.000000,0
102629,2024-11-11,2024H2,post_rap_project_start,1,1,0.000000,0,0,,,0,,
102638,2023-05-15,2023H1,pre_rap_project_start,0,1,0.000000,0,1,0.000000,0,1,0.000000,0
102640,2023-07-07,2023H2,pre_rap_project_start,0,1,0.000000,0,1,0.000000,0,1,0.000000,0
102655,2023-06-09,2023H1,pre_rap_project_start,0,1,1.000000,1,1,1.000000,1,1,2.000000,1
102672,2023-06-02,2023H1,pre_rap_project_start,0,1,0.000000,0,1,0.000000,0,1,0.000000,0
102820,2023-07-12,2023H2,pre_rap_project_start,0,1,0.000000,0,1,0.000000,0,1,0.000000,0
102831,2023-10-05,2023H2,pre_rap_project_start,0,1,0.000000,0,1,0.000000,0,1,0.000000,0
102849,2023-06-20,2023H1,pre_rap_project_start,0,1,1.000000,1,1,1.000000,1,1,1.000000,1
102854,2023-06-02,2023H1,pre_rap_project_start,0,1,0.000000,0,1,0.000000,0,1,0.000000,0
102865,2024-11-27,2024H2,post_rap_project_start,1,1,1.000000,1,0,,,0,,
102883,2023-04-19,2023H1,pre_rap_project_start,0,1,0.000000,0,1,0.000000,0,1,1.000000,1
102896,2023-10-25,2023H2,pre_rap_project_start,0,1,0.000000,0,1,0.000000,0,1,0.000000,0
102947,2025-05-08,2025H1,post_rap_project_start,1,0,,,0,,,0,,
102952,2023-08-16,2023H2,pre_rap_project_start,0,1,0.000000,0,1,1.000000,1,1,1.000000,1
102999,2023-04-18,2023H1,pre_rap_project_start,0,1,1.500000,1,1,3.500000,1,1,3.500000,1
103011,2023-05-11,2023H1,pre_rap_project_start,0,1,0.000000,0,1,0.000000,0,1,2.000000,1
103053,2026-01-19,2026H1,post_rap_project_start,1,0,,,0,,,0,,
103076,2023-08-09,2023H2,pre_rap_project_start,0,1,0.000000,0,1,0.000000,0,1,0.000000,0
103082,2023-06-02,2023H1,pre_rap_project_start,0,1,1.000000,1,1,3.000000,1,1,3.000000,1
103105,2023-07-19,2023H2,pre_rap_project_start,0,1,0.000000,0,1,0.000000,0,1,0.000000,0
103122,2024-04-03,2024H1,pre_rap_project_start,0,1,0.000000,0,1,0.000000,0,0,,
103151,2023-10-03,2023H2,pre_rap_project_start,0,1,0.000000,0,1,0.000000,0,1,0.000000,0
103179,2023-08-03,2023H2,pre_rap_project_start,0,1,0.000000,0,1,0.000000,0,1,0.000000,0
103180,2023-05-30,2023H1,pre_rap_project_start,0,1,0.000000,0,1,0.000000,0,1,0.000000,0
103198,2023-10-05,2023H2,pre_rap_project_start,0,1,0.000000,0,1,0.000000,0,1,0.000000,0
103200,2023-10-10,2023H2,pre_rap_project_start,0,1,0.000000,0,1,0.000000,0,1,0.000000,0
103216,2024-10-03,2024H2,post_rap_project_start,1,1,0.000000,0,0,,,0,,
103244,2023-06-09,2023H1,pre_rap_project_start,0,1,0.000000,0,1,0.000000,0,1,0.000000,0
103259,2023-06-02,2023H1,pre_rap_project_start,0,1,0.000000,0,1,0.000000,0,1,0.000000,0
103325,2023-06-30,2023H1,pre_rap_project_start,0,1,0.000000,0,1,0.000000,0,1,0.000000,0
103341,2024-07-04,2024H2,pre_rap_project_start,0,1,0.000000,0,0,,,0,,
103356,2023-09-07,2023H2,pre_rap_project_start,0,1,0.000000,0,1,1.000000,1,1,6.000000,1
103394,2023-07-26,2023H2,pre_rap_project_start,0,1,0.000000,0,1,0.000000,0,1,0.000000,0
103409,2023-10-17,2023H2,pre_rap_project_start,0,1,0.000000,0,1,0.000000,0,1,1.000000,1
103413,2023-07-03,2023H2,pre_rap_project_start,0,1,0.000000,0,1,0.000000,0,1,0.000000,0
103421,2023-08-17,2023H2,pre_rap_project_start,0,1,0.000000,0,1,0.000000,0,1,0.000000,0
103445,2024-01-25,2024H1,pre_rap_project_start,0,1,0.000000,0,1,0.000000,0,0,,
103450,2023-06-02,2023H1,pre_rap_project_start,0,1,0.000000,0,1,0.000000,0,1,0.000000,0
103547,2023-07-03,2023H2,pre_rap_project_start,0,1,2.000000,1,1,4.000000,1,1,5.000000,1
103552,2023-10-05,2023H2,pre_rap_project_start,0,1,0.000000,0,1,0.000000,0,1,0.000000,0
103608,2023-08-09,2023H2,pre_rap_project_start,0,1,0.000000,0,1,0.000000,0,1,1.000000,1
103612,2023-07-07,2023H2,pre_rap_project_start,0,1,0.000000,0,1,0.000000,0,1,1.000000,1
103620,2023-08-31,2023H2,pre_rap_project_start,0,1,0.000000,0,1,0.000000,0,1,0.000000,0
103631,2023-06-20,2023H1,pre_rap_project_start,0,1,0.000000,0,1,1.000000,1,1,2.000000,1
103654,2023-12-13,2023H2,pre_rap_project_start,0,1,1.000000,1,1,2.000000,1,1,3.000000,1
103665,2023-10-18,2023H2,pre_rap_project_start,0,1,1.000000,1,1,1.000000,1,1,1.000000,1
103677,2023-09-15,2023H2,pre_rap_project_start,0,1,0.000000,0,1,1.000000,1,1,2.000000,1
103727,2023-10-05,2023H2,pre_rap_project_start,0,1,0.000000,0,1,0.000000,0,1,0.000000,0
103736,2023-09-07,2023H2,pre_rap_project_start,0,1,0.000000,0,1,3.000000,1,1,4.000000,1
103758,2023-11-21,2023H2,pre_rap_project_start,0,1,0.000000,0,1,0.000000,0,1,0.000000,0
103770,2023-08-09,2023H2,pre_rap_project_start,0,1,0.000000,0,1,0.000000,0,1,0.000000,0
103789,2023-07-21,2023H2,pre_rap_project_start,0,1,0.000000,0,1,0.000000,0,1,2.000000,1
103791,2023-07-03,2023H2,pre_rap_project_start,0,1,1.000000,1,1,1.000000,1,1,4.000000,1
103829,2023-05-26,2023H1,pre_rap_project_start,0,1,0.000000,0,1,0.000000,0,1,0.000000,0
103840,2023-08-23,2023H2,pre_rap_project_start,0,1,0.000000,0,1,0.000000,0,1,2.000000,1
103903,2023-10-04,2023H2,pre_rap_project_start,0,1,0.000000,0,1,0.000000,0,1,0.000000,0
103919,2023-10-17,2023H2,pre_rap_project_start,0,1,0.000000,0,1,0.000000,0,1,0.000000,0
103957,2024-03-13,2024H1,pre_rap_project_start,0,1,0.000000,0,1,0.000000,0,0,,
103988,2023-10-18,2023H2,pre_rap_project_start,0,1,0.000000,0,1,0.000000,0,1,0.000000,0
103990,2023-08-23,2023H2,pre_rap_project_start,0,1,0.000000,0,1,0.000000,0,1,0.000000,0
104017,2023-10-19,2023H2,pre_rap_project_start,0,1,0.000000,0,1,0.000000,0,1,0.000000,0
104055,2023-08-22,2023H2,pre_rap_project_start,0,1,0.000000,0,1,0.000000,0,1,0.000000,0
104064,2023-07-03,2023H2,pre_rap_project_start,0,1,0.000000,0,1,0.000000,0,1,0.000000,0
104072,2023-06-13,2023H1,pre_rap_project_start,0,1,0.000000,0,1,1.000000,1,1,1.000000,1
104086,2023-09-14,2023H2,pre_rap_project_start,0,1,0.000000,0,1,0.000000,0,1,0.000000,0
104093,2023-07-19,2023H2,pre_rap_project_start,0,1,0.000000,0,1,0.000000,0,1,0.000000,0
104126,2023-07-19,2023H2,pre_rap_project_start,0,1,0.000000,0,1,0.000000,0,1,0.000000,0
104208,2023-07-05,2023H2,pre_rap_project_start,0,1,0.000000,0,1,0.000000,0,1,0.000000,0
104212,2023-07-26,2023H2,pre_rap_project_start,0,1,0.000000,0,1,0.000000,0,1,0.000000,0
104231,2023-06-08,2023H1,pre_rap_project_start,0,1,0.000000,0,1,0.000000,0,1,0.000000,0
104277,2023-10-05,2023H2,pre_rap_project_start,0,1,0.000000,0,1,5.000000,1,1,6.000000,1
104283,2023-07-26,2023H2,pre_rap_project_start,0,1,0.000000,0,1,0.000000,0,1,5.000000,1
104323,2023-06-27,2023H1,pre_rap_project_start,0,1,0.000000,0,1,0.000000,0,1,0.000000,0
104334,2023-07-20,2023H2,pre_rap_project_start,0,1,0.000000,0,1,0.000000,0,1,0.000000,0
104375,2024-01-22,2024H1,pre_rap_project_start,0,1,0.000000,0,1,0.000000,0,0,,
104381,2023-07-12,2023H2,pre_rap_project_start,0,1,0.000000,0,1,0.000000,0,1,0.000000,0
104404,2025-01-09,2025H1,post_rap_project_start,1,0,,,0,,,0,,
104443,2023-06-22,2023H1,pre_rap_project_start,0,1,0.000000,0,1,1.000000,1,1,3.000000,1
104616,2023-07-20,2023H2,pre_rap_project_start,0,1,0.000000,0,1,0.000000,0,1,0.000000,0
104628,2023-08-18,2023H2,pre_rap_project_start,0,1,0.000000,0,1,0.000000,0,1,0.000000,0
104659,2023-07-19,2023H2,pre_rap_project_start,0,1,0.000000,0,1,0.000000,0,1,0.000000,0
104685,2023-10-04,2023H2,pre_rap_project_start,0,1,0.000000,0,1,1.000000,1,1,1.000000,1
104745,2024-04-16,2024H1,pre_rap_project_start,0,1,0.000000,0,1,0.000000,0,0,,
104750,2023-08-09,2023H2,pre_rap_project_start,0,1,0.000000,0,1,0.000000,0,1,0.000000,0
104766,2024-02-28,2024H1,pre_rap_project_start,0,1,0.000000,0,1,0.000000,0,0,,
104784,2023-08-23,2023H2,pre_rap_project_start,0,1,0.000000,0,1,0.000000,0,1,1.000000,1
104807,2023-10-24,2023H2,pre_rap_project_start,0,1,0.000000,0,1,1.000000,1,1,3.500000,1
104811,2023-06-23,2023H1,pre_rap_project_start,0,1,3.000000,1,1,6.000000,1,1,6.500000,1
104830,2023-07-11,2023H2,pre_rap_project_start,0,1,0.000000,0,1,0.000000,0,1,5.000000,1
104848,2024-01-31,2024H1,pre_rap_project_start,0,1,0.000000,0,1,0.000000,0,0,,
104869,2023-09-04,2023H2,pre_rap_project_start,0,1,0.000000,0,1,0.000000,0,1,0.000000,0
104895,2023-08-16,2023H2,pre_rap_project_start,0,1,0.000000,0,1,0.000000,0,1,0.000000,0
104914,2024-01-17,2024H1,pre_rap_project_start,0,1,0.000000,0,1,0.000000,0,0,,
104922,2023-08-16,2023H2,pre_rap_project_start,0,1,0.000000,0,1,0.000000,0,1,0.000000,0
104946,2023-10-25,2023H2,pre_rap_project_start,0,1,0.000000,0,1,0.000000,0,1,0.000000,0
104951,2023-06-22,2023H1,pre_rap_project_start,0,1,0.000000,0,1,1.000000,1,1,1.000000,1
104967,2024-02-05,2024H1,pre_rap_project_start,0,1,0.000000,0,1,0.000000,0,0,,
104980,2023-09-07,2023H2,pre_rap_project_start,0,1,0.000000,0,1,0.000000,0,1,0.000000,0
105016,2023-08-16,2023H2,pre_rap_project_start,0,1,1.000000,1,1,1.000000,1,1,1.000000,1
105044,2023-07-07,2023H2,pre_rap_project_start,0,1,0.000000,0,1,2.000000,1,1,2.000000,1
105059,2023-07-26,2023H2,pre_rap_project_start,0,1,0.000000,0,1,0.000000,0,1,0.000000,0
105085,2023-08-23,2023H2,pre_rap_project_start,0,1,0.000000,0,1,0.000000,0,1,0.000000,0
105102,2023-12-12,2023H2,pre_rap_project_start,0,1,0.000000,0,1,0.000000,0,1,0.000000,0
105139,2023-08-31,2023H2,pre_rap_project_start,0,1,1.000000,1,1,2.000000,1,1,2.000000,1
105141,2023-08-03,2023H2,pre_rap_project_start,0,1,0.000000,0,1,0.000000,0,1,1.000000,1
105160,2023-08-16,2023H2,pre_rap_project_start,0,1,0.000000,0,1,0.000000,0,1,0.000000,0
105187,2023-11-22,2023H2,pre_rap_project_start,0,1,0.000000,0,1,0.000000,0,1,0.000000,0
105211,2023-07-25,2023H2,pre_rap_project_start,0,1,0.000000,0,1,0.000000,0,1,0.000000,0
105224,2024-05-14,2024H1,pre_rap_project_start,0,1,0.000000,0,1,0.000000,0,0,,
105230,2023-10-04,2023H2,pre_rap_project_start,0,1,0.000000,0,1,0.000000,0,1,0.000000,0
105282,2023-11-09,2023H2,pre_rap_project_start,0,1,0.000000,0,1,0.000000,0,1,0.000000,0
105295,2023-08-31,2023H2,pre_rap_project_start,0,1,0.000000,0,1,0.000000,0,1,0.000000,0
105314,2023-09-07,2023H2,pre_rap_project_start,0,1,0.000000,0,1,1.000000,1,1,2.000000,1
105322,2024-01-10,2024H1,pre_rap_project_start,0,1,0.000000,0,1,0.000000,0,0,,
105351,2023-06-21,2023H1,pre_rap_project_start,0,1,0.000000,0,1,1.000000,1,1,1.000000,1
105398,2023-07-12,2023H2,pre_rap_project_start,0,1,0.000000,0,1,0.000000,0,1,1.000000,1
105403,2023-12-19,2023H2,pre_rap_project_start,0,1,0.000000,0,1,0.000000,0,1,0.000000,0
105419,2023-08-16,2023H2,pre_rap_project_start,0,1,0.000000,0,1,0.000000,0,1,0.000000,0
105435,2023-12-05,2023H2,pre_rap_project_start,0,1,0.000000,0,1,1.000000,1,1,4.000000,1
105442,2023-10-04,2023H2,pre_rap_project_start,0,1,0.000000,0,1,0.000000,0,1,0.000000,0
105461,2024-10-30,2024H2,post_rap_project_start,1,1,0.000000,0,0,,,0,,
105474,2023-08-16,2023H2,pre_rap_project_start,0,1,0.000000,0,1,0.000000,0,1,0.000000,0
105490,2024-10-08,2024H2,post_rap_project_start,1,1,0.000000,0,0,,,0,,
105529,2023-09-01,2023H2,pre_rap_project_start,0,1,0.000000,0,1,0.000000,0,1,0.000000,0
105538,2024-10-15,2024H2,post_rap_project_start,1,1,0.000000,0,0,,,0,,
105540,2023-06-16,2023H1,pre_rap_project_start,0,1,0.000000,0,1,0.000000,0,1,0.000000,0
105555,2023-06-27,2023H1,pre_rap_project_start,0,1,0.000000,0,1,0.000000,0,1,0.000000,0
105564,2023-07-12,2023H2,pre_rap_project_start,0,1,0.000000,0,1,0.000000,0,1,0.000000,0
105572,2023-06-30,2023H1,pre_rap_project_start,0,1,0.000000,0,1,0.000000,0,1,0.000000,0
105658,2023-08-09,2023H2,pre_rap_project_start,0,1,0.500000,1,1,1.500000,1,1,1.500000,1
105670,2023-10-05,2023H2,pre_rap_project_start,0,1,0.000000,0,1,0.000000,0,1,0.000000,0
105689,2024-03-01,2024H1,pre_rap_project_start,0,1,0.000000,0,1,0.000000,0,0,,
105691,2023-09-01,2023H2,pre_rap_project_start,0,1,0.000000,0,1,0.000000,0,1,0.000000,0
105708,2023-08-23,2023H2,pre_rap_project_start,0,1,0.000000,0,1,0.000000,0,1,0.000000,0
105731,2023-11-16,2023H2,pre_rap_project_start,0,1,0.000000,0,1,0.000000,0,1,0.000000,0
105749,2023-11-15,2023H2,pre_rap_project_start,0,1,0.000000,0,1,0.000000,0,1,0.000000,0
105765,2023-07-03,2023H2,pre_rap_project_start,0,1,0.000000,0,1,1.000000,1,1,1.000000,1
105777,2023-08-09,2023H2,pre_rap_project_start,0,1,0.000000,0,1,0.000000,0,1,0.000000,0
105783,2023-10-24,2023H2,pre_rap_project_start,0,1,0.000000,0,1,0.000000,0,1,1.000000,1
105796,2023-12-12,2023H2,pre_rap_project_start,0,1,0.000000,0,1,0.000000,0,1,0.000000,0
105806,2023-11-08,2023H2,pre_rap_project_start,0,1,0.000000,0,1,0.000000,0,1,0.000000,0
105847,2023-07-26,2023H2,pre_rap_project_start,0,1,0.000000,0,1,0.000000,0,1,0.000000,0
105852,2023-09-07,2023H2,pre_rap_project_start,0,1,0.000000,0,1,0.000000,0,1,0.000000,0
105875,2023-07-19,2023H2,pre_rap_project_start,0,1,0.000000,0,1,0.000000,0,1,0.000000,0
105899,2024-01-05,2024H1,pre_rap_project_start,0,1,0.000000,0,1,0.000000,0,0,,
105913,2023-12-05,2023H2,pre_rap_project_start,0,1,1.000000,1,1,1.000000,1,1,4.000000,1
105945,2023-11-06,2023H2,pre_rap_project_start,0,1,0.000000,0,1,0.000000,0,1,0.000000,0
105950,2023-09-22,2023H2,pre_rap_project_start,0,1,0.000000,0,1,0.000000,0,1,0.000000,0
105978,2023-09-07,2023H2,pre_rap_project_start,0,1,0.000000,0,1,0.000000,0,1,0.000000,0
106004,2023-10-18,2023H2,pre_rap_project_start,0,1,0.000000,0,1,0.000000,0,1,0.000000,0
106027,2023-11-08,2023H2,pre_rap_project_start,0,1,0.000000,0,1,0.000000,0,1,1.000000,1
106036,2024-12-04,2024H2,post_rap_project_start,1,1,0.000000,0,0,,,0,,
106043,2023-09-27,2023H2,pre_rap_project_start,0,1,0.000000,0,1,0.000000,0,1,0.000000,0
106058,2024-02-07,2024H1,pre_rap_project_start,0,1,0.000000,0,1,0.000000,0,0,,
106091,2023-10-05,2023H2,pre_rap_project_start,0,1,0.000000,0,1,0.000000,0,1,0.000000,0
106155,2023-09-20,2023H2,pre_rap_project_start,0,1,0.000000,0,1,0.000000,0,1,0.000000,0
106172,2023-11-23,2023H2,pre_rap_project_start,0,1,0.000000,0,1,0.000000,0,1,0.000000,0
106206,2023-12-12,2023H2,pre_rap_project_start,0,1,0.000000,0,1,1.000000,1,1,1.000000,1
106223,2023-08-09,2023H2,pre_rap_project_start,0,1,0.000000,0,1,0.000000,0,1,0.000000,0
106247,2023-10-04,2023H2,pre_rap_project_start,0,1,0.000000,0,1,0.000000,0,1,0.000000,0
106252,2025-03-05,2025H1,post_rap_project_start,1,0,,,0,,,0,,
106309,2023-11-15,2023H2,pre_rap_project_start,0,1,0.000000,0,1,1.000000,1,1,1.000000,1
106321,2023-06-23,2023H1,pre_rap_project_start,0,1,1.000000,1,1,1.000000,1,1,1.000000,1
106345,2023-11-22,2023H2,pre_rap_project_start,0,1,0.000000,0,1,0.000000,0,1,0.000000,0
106350,2023-09-27,2023H2,pre_rap_project_start,0,1,0.000000,0,1,0.000000,0,1,0.000000,0
106378,2024-10-30,2024H2,post_rap_project_start,1,1,0.000000,0,0,,,0,,
106397,2023-06-23,2023H1,pre_rap_project_start,0,1,0.000000,0,1,0.000000,0,1,3.000000,1
106402,2023-08-31,2023H2,pre_rap_project_start,0,1,0.000000,0,1,0.000000,0,1,0.000000,0
106418,2023-08-09,2023H2,pre_rap_project_start,0,1,0.000000,0,1,0.000000,0,1,0.000000,0
106441,2024-04-16,2024H1,pre_rap_project_start,0,1,0.000000,0,1,0.000000,0,0,,
106456,2024-03-20,2024H1,pre_rap_project_start,0,1,0.000000,0,1,0.000000,0,0,,
106460,2024-04-05,2024H1,pre_rap_project_start,0,1,0.000000,0,1,0.000000,0,0,,
106487,2023-06-29,2023H1,pre_rap_project_start,0,1,1.000000,1,1,4.000000,1,1,6.000000,1
106500,2023-08-23,2023H2,pre_rap_project_start,0,1,0.000000,0,1,0.000000,0,1,0.000000,0
106528,2023-09-07,2023H2,pre_rap_project_start,0,1,0.000000,0,1,1.000000,1,1,1.000000,1
106544,2024-01-04,2024H1,pre_rap_project_start,0,1,0.000000,0,1,0.000000,0,0,,
106690,2024-01-03,2024H1,pre_rap_project_start,0,1,0.000000,0,1,0.000000,0,0,,
106707,2023-11-16,2023H2,pre_rap_project_start,0,1,0.000000,0,1,0.000000,0,1,0.000000,0
106769,2024-01-17,2024H1,pre_rap_project_start,0,1,0.000000,0,1,0.000000,0,0,,
106776,2023-10-05,2023H2,pre_rap_project_start,0,1,0.000000,0,1,0.000000,0,1,0.000000,0
106795,2023-11-10,2023H2,pre_rap_project_start,0,1,0.000000,0,1,1.000000,1,1,1.000000,1
106867,2025-02-05,2025H1,post_rap_project_start,1,0,,,0,,,0,,
106908,2023-08-31,2023H2,pre_rap_project_start,0,1,0.000000,0,1,0.000000,0,1,0.000000,0
106912,2023-07-20,2023H2,pre_rap_project_start,0,1,0.000000,0,1,2.000000,1,1,4.000000,1
106931,2023-11-30,2023H2,pre_rap_project_start,0,1,0.000000,0,1,0.000000,0,1,0.000000,0
106954,2023-11-28,2023H2,pre_rap_project_start,0,1,0.000000,0,1,0.000000,0,1,0.000000,0
106965,2023-09-27,2023H2,pre_rap_project_start,0,1,0.000000,0,1,0.000000,0,1,1.000000,1
107008,2023-08-31,2023H2,pre_rap_project_start,0,1,0.000000,0,1,0.000000,0,1,0.000000,0
107012,2025-01-21,2025H1,post_rap_project_start,1,0,,,0,,,0,,
107031,2024-03-14,2024H1,pre_rap_project_start,0,1,0.000000,0,1,0.000000,0,0,,
107049,2024-04-16,2024H1,pre_rap_project_start,0,1,0.000000,0,1,0.000000,0,0,,
107054,2024-01-31,2024H1,pre_rap_project_start,0,1,0.000000,0,1,0.000000,0,0,,
107065,2023-08-17,2023H2,pre_rap_project_start,0,1,0.000000,0,1,0.000000,0,1,0.000000,0
107083,2023-08-31,2023H2,pre_rap_project_start,0,1,0.000000,0,1,0.000000,0,1,0.000000,0
107106,2025-03-21,2025H1,post_rap_project_start,1,0,,,0,,,0,,
107110,2023-08-16,2023H2,pre_rap_project_start,0,1,0.000000,0,1,0.000000,0,1,0.000000,0
107123,2024-03-07,2024H1,pre_rap_project_start,0,1,0.000000,0,1,0.000000,0,0,,
107147,2023-10-26,2023H2,pre_rap_project_start,0,1,0.000000,0,1,0.000000,0,1,0.000000,0
107152,2023-11-01,2023H2,pre_rap_project_start,0,1,0.000000,0,1,0.000000,0,1,0.000000,0
107168,2023-12-05,2023H2,pre_rap_project_start,0,1,0.000000,0,1,0.000000,0,1,0.000000,0
107175,2023-08-31,2023H2,pre_rap_project_start,0,1,2.000000,1,1,3.000000,1,1,3.000000,1
107201,2023-08-07,2023H2,pre_rap_project_start,0,1,0.000000,0,1,0.000000,0,1,0.000000,0
107217,2023-10-10,2023H2,pre_rap_project_start,0,1,0.000000,0,1,1.000000,1,1,1.000000,1
107255,2023-10-04,2023H2,pre_rap_project_start,0,1,0.000000,0,1,0.000000,0,1,0.000000,0
107286,2023-10-04,2023H2,pre_rap_project_start,0,1,0.000000,0,1,0.000000,0,1,0.000000,0
107326,2023-11-03,2023H2,pre_rap_project_start,0,1,0.000000,0,1,0.000000,0,1,0.000000,0
107335,2023-09-04,2023H2,pre_rap_project_start,0,1,5.000000,1,1,7.000000,1,1,10.000000,1
107361,2023-12-05,2023H2,pre_rap_project_start,0,1,0.000000,0,1,0.000000,0,1,0.000000,0
107405,2023-11-10,2023H2,pre_rap_project_start,0,1,0.000000,0,1,0.000000,0,1,0.000000,0
107451,2023-08-31,2023H2,pre_rap_project_start,0,1,1.000000,1,1,1.000000,1,1,2.000000,1
107467,2024-01-03,2024H1,pre_rap_project_start,0,1,0.000000,0,1,0.000000,0,0,,
107479,2023-11-16,2023H2,pre_rap_project_start,0,1,0.000000,0,1,0.000000,0,1,1.000000,1
107825,2023-09-27,2023H2,pre_rap_project_start,0,1,1.000000,1,1,1.000000,1,1,1.000000,1
108163,2023-12-12,2023H2,pre_rap_project_start,0,1,0.000000,0,1,0.000000,0,1,0.000000,0
108171,2023-08-29,2023H2,pre_rap_project_start,0,1,0.000000,0,1,0.000000,0,1,0.000000,0
108486,2023-10-04,2023H2,pre_rap_project_start,0,1,0.000000,0,1,0.000000,0,1,0.000000,0
108504,2023-09-07,2023H2,pre_rap_project_start,0,1,0.000000,0,1,0.000000,0,1,0.000000,0
108515,2024-03-14,2024H1,pre_rap_project_start,0,1,0.000000,0,1,0.000000,0,0,,
108536,2024-02-27,2024H1,pre_rap_project_start,0,1,0.000000,0,1,0.000000,0,0,,
108832,2023-08-16,2023H2,pre_rap_project_start,0,1,1.000000,1,1,5.000000,1,1,9.000000,1
108850,2024-04-30,2024H1,pre_rap_project_start,0,1,0.000000,0,1,0.000000,0,0,,
108866,2024-03-21,2024H1,pre_rap_project_start,0,1,0.000000,0,1,0.000000,0,0,,
108897,2024-12-16,2024H2,post_rap_project_start,1,1,0.000000,0,0,,,0,,
108907,2023-11-08,2023H2,pre_rap_project_start,0,1,0.000000,0,1,0.000000,0,1,1.000000,1
108924,2024-01-11,2024H1,pre_rap_project_start,0,1,0.000000,0,1,0.000000,0,0,,
108930,2023-08-31,2023H2,pre_rap_project_start,0,1,0.000000,0,1,0.000000,0,1,5.000000,1
109145,2024-04-30,2024H1,pre_rap_project_start,0,1,0.000000,0,1,1.000000,1,0,,
109166,2024-03-26,2024H1,pre_rap_project_start,0,1,1.000000,1,1,2.000000,1,0,,
109178,2023-12-05,2023H2,pre_rap_project_start,0,1,0.000000,0,1,0.000000,0,1,0.000000,0
109227,2025-11-20,2025H2,post_rap_project_start,1,0,,,0,,,0,,
109236,2023-11-30,2023H2,pre_rap_project_start,0,1,0.000000,0,1,0.000000,0,1,0.000000,0
109477,2023-10-24,2023H2,pre_rap_project_start,0,1,0.000000,0,1,0.000000,0,1,0.000000,0
109483,2024-01-31,2024H1,pre_rap_project_start,0,1,0.000000,0,1,0.000000,0,0,,
109546,2023-10-18,2023H2,pre_rap_project_start,0,1,6.000000,1,1,8.000000,1,1,13.000000,1
109579,2023-10-27,2023H2,pre_rap_project_start,0,1,0.000000,0,1,0.000000,0,1,0.000000,0
109607,2024-10-23,2024H2,post_rap_project_start,1,1,0.000000,0,0,,,0,,
109611,2024-10-30,2024H2,post_rap_project_start,1,1,0.000000,0,0,,,0,,
109648,2024-09-24,2024H2,post_rap_project_start,1,1,0.000000,0,0,,,0,,
109695,2023-09-07,2023H2,pre_rap_project_start,0,1,0.000000,0,1,0.000000,0,1,0.000000,0
109800,2023-09-20,2023H2,pre_rap_project_start,0,1,0.000000,0,1,0.000000,0,1,0.000000,0
109828,2023-09-07,2023H2,pre_rap_project_start,0,1,0.000000,0,1,0.000000,0,1,0.000000,0
109844,2024-04-03,2024H1,pre_rap_project_start,0,1,0.000000,0,1,0.000000,0,0,,
109859,2024-11-21,2024H2,post_rap_project_start,1,1,0.000000,0,0,,,0,,
109871,2024-02-09,2024H1,pre_rap_project_start,0,1,0.000000,0,1,0.000000,0,0,,
110161,2023-10-17,2023H2,pre_rap_project_start,0,1,0.000000,0,1,0.000000,0,1,0.000000,0
110174,2025-07-21,2025H2,post_rap_project_start,1,0,,,0,,,0,,
110190,2024-11-05,2024H2,post_rap_project_start,1,1,0.000000,0,0,,,0,,
110212,2023-09-22,2023H2,pre_rap_project_start,0,1,0.000000,0,1,0.000000,0,1,0.000000,0
110220,2025-07-03,2025H2,post_rap_project_start,1,0,,,0,,,0,,
110462,2023-10-13,2023H2,pre_rap_project_start,0,1,0.000000,0,1,0.000000,0,1,0.000000,0
110502,2023-11-01,2023H2,pre_rap_project_start,0,1,0.000000,0,1,0.000000,0,1,0.000000,0
111780,2024-02-28,2024H1,pre_rap_project_start,0,1,0.000000,0,1,0.000000,0,0,,
112111,2023-09-13,2023H2,pre_rap_project_start,0,1,3.000000,1,1,5.000000,1,1,7.000000,1
112124,2023-10-30,2023H2,pre_rap_project_start,0,1,0.000000,0,1,0.000000,0,1,0.000000,0
113101,2023-08-31,2023H2,pre_rap_project_start,0,1,0.000000,0,1,0.000000,0,1,0.000000,0
113439,2023-12-06,2023H2,pre_rap_project_start,0,1,0.000000,0,1,0.000000,0,1,0.000000,0
113769,2023-09-13,2023H2,pre_rap_project_start,0,1,0.500000,1,1,1.500000,1,1,1.500000,1
114424,2023-11-30,2023H2,pre_rap_project_start,0,1,0.000000,0,1,0.000000,0,1,0.000000,0
115412,2023-10-27,2023H2,pre_rap_project_start,0,1,0.000000,0,1,0.000000,0,1,0.000000,0
115757,2023-10-26,2023H2,pre_rap_project_start,0,1,0.000000,0,1,0.000000,0,1,0.000000,0
116082,2023-11-08,2023H2,pre_rap_project_start,0,1,0.000000,0,1,0.000000,0,1,1.000000,1
116122,2024-01-12,2024H1,pre_rap_project_start,0,1,0.000000,0,1,0.000000,0,0,,
116146,2023-10-16,2023H2,pre_rap_project_start,0,1,0.000000,0,1,0.000000,0,1,0.000000,0
116151,2023-10-05,2023H2,pre_rap_project_start,0,1,0.000000,0,1,0.000000,0,1,0.000000,0
116180,2024-03-20,2024H1,pre_rap_project_start,0,1,0.000000,0,1,0.000000,0,0,,
116198,2023-09-22,2023H2,pre_rap_project_start,0,1,0.000000,0,1,2.000000,1,1,3.000000,1
116200,2023-11-22,2023H2,pre_rap_project_start,0,1,0.000000,0,1,0.000000,0,1,0.000000,0
116228,2023-10-18,2023H2,pre_rap_project_start,0,1,0.000000,0,1,0.000000,0,1,0.000000,0
116259,2024-01-24,2024H1,pre_rap_project_start,0,1,0.000000,0,1,0.000000,0,0,,
116263,2024-03-07,2024H1,pre_rap_project_start,0,1,0.000000,0,1,0.000000,0,0,,
116271,2023-11-08,2023H2,pre_rap_project_start,0,1,0.000000,0,1,0.000000,0,1,0.000000,0
116285,2023-10-05,2023H2,pre_rap_project_start,0,1,0.000000,0,1,0.000000,0,1,0.000000,0
116292,2024-01-25,2024H1,pre_rap_project_start,0,1,0.000000,0,1,1.000000,1,0,,
116339,2024-01-30,2024H1,pre_rap_project_start,0,1,0.000000,0,1,0.000000,0,0,,
116409,2024-06-06,2024H1,pre_rap_project_start,0,1,0.000000,0,1,0.000000,0,0,,
116743,2023-10-27,2023H2,pre_rap_project_start,0,1,0.000000,0,1,0.000000,0,1,0.000000,0
116758,2023-10-04,2023H2,pre_rap_project_start,0,1,0.000000,0,1,0.000000,0,1,0.000000,0
117074,2023-10-04,2023H2,pre_rap_project_start,0,1,0.000000,0,1,0.000000,0,1,0.000000,0
117088,2023-10-26,2023H2,pre_rap_project_start,0,1,0.000000,0,1,0.000000,0,1,0.000000,0
117090,2023-11-21,2023H2,pre_rap_project_start,0,1,0.000000,0,1,1.000000,1,1,1.000000,1
117100,2024-01-24,2024H1,pre_rap_project_start,0,1,0.000000,0,1,0.000000,0,0,,
117128,2023-11-30,2023H2,pre_rap_project_start,0,1,0.000000,0,1,0.000000,0,1,0.000000,0
117144,2024-01-05,2024H1,pre_rap_project_start,0,1,0.000000,0,1,0.000000,0,0,,
117159,2024-05-09,2024H1,pre_rap_project_start,0,1,0.000000,0,1,0.000000,0,0,,
117185,2023-11-30,2023H2,pre_rap_project_start,0,1,4.000000,1,1,8.000000,1,1,11.000000,1
117192,2024-04-16,2024H1,pre_rap_project_start,0,1,0.000000,0,1,0.000000,0,0,,
117214,2024-04-05,2024H1,pre_rap_project_start,0,1,2.000000,1,1,5.000000,1,0,,
117222,2023-12-06,2023H2,pre_rap_project_start,0,1,0.000000,0,1,0.000000,0,1,0.000000,0
117233,2023-12-01,2023H2,pre_rap_project_start,0,1,0.000000,0,1,0.000000,0,1,0.000000,0
117267,2023-10-18,2023H2,pre_rap_project_start,0,1,0.000000,0,1,0.000000,0,1,2.000000,1
117280,2023-11-21,2023H2,pre_rap_project_start,0,1,0.000000,0,1,0.000000,0,1,0.000000,0
117298,2023-10-04,2023H2,pre_rap_project_start,0,1,0.000000,0,1,0.000000,0,1,1.000000,1
117308,2024-03-28,2024H1,pre_rap_project_start,0,1,1.000000,1,1,1.000000,1,0,,
117320,2024-02-28,2024H1,pre_rap_project_start,0,1,0.000000,0,1,0.000000,0,0,,
117331,2023-11-22,2023H2,pre_rap_project_start,0,1,0.000000,0,1,0.000000,0,1,0.000000,0
117396,2023-09-13,2023H2,pre_rap_project_start,0,1,0.000000,0,1,0.000000,0,1,0.000000,0
117401,2024-04-04,2024H1,pre_rap_project_start,0,1,0.000000,0,1,0.000000,0,0,,
117723,2024-12-17,2024H2,post_rap_project_start,1,1,0.000000,0,0,,,0,,
118728,2024-03-20,2024H1,pre_rap_project_start,0,1,0.000000,0,1,0.000000,0,0,,
119044,2023-10-25,2023H2,pre_rap_project_start,0,1,0.000000,0,1,0.000000,0,1,1.000000,1
119379,2023-10-26,2023H2,pre_rap_project_start,0,1,0.000000,0,1,0.000000,0,1,0.000000,0
119708,2024-01-22,2024H1,pre_rap_project_start,0,1,0.000000,0,1,0.000000,0,0,,
120034,2024-02-27,2024H1,pre_rap_project_start,0,1,0.000000,0,1,1.000000,1,0,,
120695,2023-10-27,2023H2,pre_rap_project_start,0,1,0.000000,0,1,0.000000,0,1,0.000000,0
121022,2023-09-27,2023H2,pre_rap_project_start,0,1,0.000000,0,1,1.000000,1,1,2.000000,1
121699,2024-02-28,2024H1,pre_rap_project_start,0,1,0.000000,0,1,0.000000,0,0,,
122019,2023-10-30,2023H2,pre_rap_project_start,0,1,0.000000,0,1,0.000000,0,1,0.000000,0
122349,2023-10-05,2023H2,pre_rap_project_start,0,1,0.000000,0,1,0.000000,0,1,0.000000,0
122673,2024-01-23,2024H1,pre_rap_project_start,0,1,0.000000,0,1,2.000000,1,0,,
123008,2023-11-16,2023H2,pre_rap_project_start,0,1,0.000000,0,1,0.000000,0,1,1.000000,1
123335,2023-12-06,2023H2,pre_rap_project_start,0,1,0.000000,0,1,0.000000,0,1,0.000000,0
123666,2023-11-15,2023H2,pre_rap_project_start,0,1,0.000000,0,1,0.000000,0,1,0.000000,0
123991,2024-01-17,2024H1,pre_rap_project_start,0,1,0.000000,0,1,0.000000,0,0,,
124324,2024-01-24,2024H1,pre_rap_project_start,0,1,0.000000,0,1,0.000000,0,0,,
124330,2024-11-04,2024H2,post_rap_project_start,1,1,0.000000,0,0,,,0,,
124348,2023-10-05,2023H2,pre_rap_project_start,0,1,0.000000,0,1,0.000000,0,1,1.000000,1
124655,2024-01-24,2024H1,pre_rap_project_start,0,1,0.000000,0,1,0.000000,0,0,,
124664,2025-03-25,2025H1,post_rap_project_start,1,0,,,0,,,0,,
124722,2024-05-03,2024H1,pre_rap_project_start,0,1,0.000000,0,1,0.000000,0,0,,
124751,2023-11-23,2023H2,pre_rap_project_start,0,1,0.000000,0,1,0.000000,0,1,0.000000,0
124779,2023-10-18,2023H2,pre_rap_project_start,0,1,0.000000,0,1,0.000000,0,1,0.000000,0
125001,2024-01-05,2024H1,pre_rap_project_start,0,1,0.000000,0,1,0.000000,0,0,,
125644,2023-12-05,2023H2,pre_rap_project_start,0,1,0.000000,0,1,0.000000,0,1,0.000000,0
126305,2023-12-05,2023H2,pre_rap_project_start,0,1,0.000000,0,1,0.000000,0,1,2.000000,1
126658,2023-10-26,2023H2,pre_rap_project_start,0,1,0.000000,0,1,0.000000,0,1,0.000000,0
126966,2023-11-08,2023H2,pre_rap_project_start,0,1,0.000000,0,1,0.000000,0,1,0.000000,0
127304,2023-11-01,2023H2,pre_rap_project_start,0,1,0.000000,0,1,0.000000,0,1,0.000000,0
127315,2024-04-04,2024H1,pre_rap_project_start,0,1,0.000000,0,1,0.000000,0,0,,
127327,2023-11-08,2023H2,pre_rap_project_start,0,1,0.000000,0,1,0.000000,0,1,2.000000,1
127959,2024-03-13,2024H1,pre_rap_project_start,0,1,0.000000,0,1,0.000000,0,0,,
127971,2024-03-20,2024H1,pre_rap_project_start,0,1,0.000000,0,1,0.000000,0,0,,
128281,2025-01-09,2025H1,post_rap_project_start,1,0,,,0,,,0,,
128619,2024-04-04,2024H1,pre_rap_project_start,0,1,0.000000,0,1,0.000000,0,0,,
128626,2023-10-18,2023H2,pre_rap_project_start,0,1,0.000000,0,1,0.000000,0,1,0.000000,0
128954,2024-11-08,2024H2,post_rap_project_start,1,1,0.000000,0,0,,,0,,
128965,2023-12-06,2023H2,pre_rap_project_start,0,1,0.000000,0,1,0.000000,0,1,0.000000,0
128983,2024-12-13,2024H2,post_rap_project_start,1,1,0.000000,0,0,,,0,,
128996,2024-12-04,2024H2,post_rap_project_start,1,1,0.000000,0,0,,,0,,
129007,2024-01-03,2024H1,pre_rap_project_start,0,1,0.000000,0,1,0.000000,0,0,,
129011,2025-07-25,2025H2,post_rap_project_start,1,0,,,0,,,0,,
129024,2023-11-15,2023H2,pre_rap_project_start,0,1,0.000000,0,1,0.000000,0,1,0.000000,0
129030,2024-02-28,2024H1,pre_rap_project_start,0,1,0.000000,0,1,0.000000,0,0,,
129048,2023-10-26,2023H2,pre_rap_project_start,0,1,1.000000,1,1,2.000000,1,1,3.000000,1
129053,2024-03-19,2024H1,pre_rap_project_start,0,1,1.000000,1,1,2.000000,1,0,,
129069,2025-02-05,2025H1,post_rap_project_start,1,0,,,0,,,0,,
129114,2023-10-27,2023H2,pre_rap_project_start,0,1,0.000000,0,1,0.000000,0,1,0.000000,0
129122,2024-01-18,2024H1,pre_rap_project_start,0,1,0.000000,0,1,0.000000,0,0,,
129133,2024-02-08,2024H1,pre_rap_project_start,0,1,0.000000,0,1,0.000000,0,0,,
129146,2023-10-24,2023H2,pre_rap_project_start,0,1,0.000000,0,1,0.000000,0,1,0.000000,0
129179,2023-10-24,2023H2,pre_rap_project_start,0,1,0.000000,0,1,0.000000,0,1,0.000000,0
129198,2023-12-06,2023H2,pre_rap_project_start,0,1,0.000000,0,1,0.000000,0,1,0.000000,0
129200,2024-04-10,2024H1,pre_rap_project_start,0,1,0.000000,0,1,0.000000,0,0,,
129216,2023-11-29,2023H2,pre_rap_project_start,0,1,0.000000,0,1,1.000000,1,1,1.000000,1
129228,2024-01-05,2024H1,pre_rap_project_start,0,1,0.000000,0,1,0.000000,0,0,,
129237,2023-11-21,2023H2,pre_rap_project_start,0,1,0.000000,0,1,0.000000,0,1,1.000000,1
129271,2024-02-28,2024H1,pre_rap_project_start,0,1,0.000000,0,1,0.000000,0,0,,
129608,2023-11-15,2023H2,pre_rap_project_start,0,1,0.000000,0,1,0.000000,0,1,1.000000,1
129935,2023-11-28,2023H2,pre_rap_project_start,0,1,0.000000,0,1,0.000000,0,1,0.000000,0
130923,2023-12-04,2023H2,pre_rap_project_start,0,1,1.000000,1,1,1.000000,1,1,3.000000,1
131251,2024-02-15,2024H1,pre_rap_project_start,0,1,0.000000,0,1,0.000000,0,0,,
131591,2023-11-08,2023H2,pre_rap_project_start,0,1,0.000000,0,1,0.000000,0,1,0.000000,0
131602,2024-03-26,2024H1,pre_rap_project_start,0,1,0.000000,0,1,0.000000,0,0,,
132578,2024-10-08,2024H2,post_rap_project_start,1,1,0.000000,0,0,,,0,,
132917,2023-11-22,2023H2,pre_rap_project_start,0,1,0.000000,0,1,0.000000,0,1,0.000000,0
133564,2024-02-28,2024H1,pre_rap_project_start,0,1,0.000000,0,1,0.000000,0,0,,
133572,2023-11-22,2023H2,pre_rap_project_start,0,1,0.000000,0,1,1.000000,1,1,1.000000,1
134551,2024-01-04,2024H1,pre_rap_project_start,0,1,2.000000,1,1,3.000000,1,0,,
134892,2023-11-21,2023H2,pre_rap_project_start,0,1,0.000000,0,1,0.000000,0,1,1.000000,1
134902,2024-03-21,2024H1,pre_rap_project_start,0,1,0.000000,0,1,0.000000,0,0,,
134918,2024-04-30,2024H1,pre_rap_project_start,0,1,0.000000,0,1,0.000000,0,0,,
134941,2024-01-03,2024H1,pre_rap_project_start,0,1,0.000000,0,1,0.000000,0,0,,
134960,2023-12-06,2023H2,pre_rap_project_start,0,1,0.000000,0,1,0.000000,0,1,0.000000,0
134973,2023-11-21,2023H2,pre_rap_project_start,0,1,0.000000,0,1,0.000000,0,1,0.500000,1
135082,2024-03-20,2024H1,pre_rap_project_start,0,1,0.000000,0,1,0.000000,0,0,,
135095,2024-01-18,2024H1,pre_rap_project_start,0,1,0.000000,0,1,0.000000,0,0,,
135105,2024-03-13,2024H1,pre_rap_project_start,0,1,0.000000,0,1,0.000000,0,0,,
135114,2023-11-01,2023H2,pre_rap_project_start,0,1,0.000000,0,1,0.000000,0,1,1.000000,1
135122,2024-05-03,2024H1,pre_rap_project_start,0,1,0.000000,0,1,1.000000,1,0,,
135180,2023-12-13,2023H2,pre_rap_project_start,0,1,0.000000,0,1,0.000000,0,1,0.000000,0
135198,2023-11-08,2023H2,pre_rap_project_start,0,1,0.000000,0,1,0.000000,0,1,0.000000,0
135200,2024-03-21,2024H1,pre_rap_project_start,0,1,0.000000,0,1,1.000000,1,0,,
135216,2024-04-10,2024H1,pre_rap_project_start,0,1,0.000000,0,1,0.000000,0,0,,
135228,2026-01-15,2026H1,post_rap_project_start,1,0,,,0,,,0,,
135237,2024-01-31,2024H1,pre_rap_project_start,0,1,0.000000,0,1,0.000000,0,0,,
135387,2024-04-30,2024H1,pre_rap_project_start,0,1,0.000000,0,1,0.000000,0,0,,
135872,2024-04-10,2024H1,pre_rap_project_start,0,1,0.000000,0,1,0.000000,0,0,,
136201,2025-12-04,2025H2,post_rap_project_start,1,0,,,0,,,0,,
136530,2024-04-23,2024H1,pre_rap_project_start,0,1,0.000000,0,1,0.000000,0,0,,
137528,2024-01-03,2024H1,pre_rap_project_start,0,1,0.000000,0,1,0.000000,0,0,,
137851,2024-01-10,2024H1,pre_rap_project_start,0,1,0.000000,0,1,0.000000,0,0,,
138512,2024-10-03,2024H2,post_rap_project_start,1,1,0.000000,0,0,,,0,,
139174,2025-05-03,2025H1,post_rap_project_start,1,0,,,0,,,0,,
139525,2024-03-21,2024H1,pre_rap_project_start,0,1,0.000000,0,1,0.000000,0,0,,
139541,2024-11-05,2024H2,post_rap_project_start,1,1,0.000000,0,0,,,0,,
139830,2025-10-14,2025H2,post_rap_project_start,1,0,,,0,,,0,,
140043,2024-03-20,2024H1,pre_rap_project_start,0,1,0.000000,0,1,0.000000,0,0,,
140070,2023-12-06,2023H2,pre_rap_project_start,0,1,0.000000,0,1,0.000000,0,1,0.000000,0
140089,2024-05-10,2024H1,pre_rap_project_start,0,1,0.000000,0,1,0.000000,0,0,,
140494,2024-12-04,2024H2,post_rap_project_start,1,1,0.000000,0,0,,,0,,
140822,2024-04-04,2024H1,pre_rap_project_start,0,1,1.000000,1,1,1.000000,1,0,,
140851,2023-11-08,2023H2,pre_rap_project_start,0,1,2.000000,1,1,4.000000,1,1,6.000000,1
141156,2023-10-27,2023H2,pre_rap_project_start,0,1,0.000000,0,1,0.000000,0,1,0.000000,0
141269,2024-11-05,2024H2,post_rap_project_start,1,1,0.000000,0,0,,,0,,
141517,2023-11-08,2023H2,pre_rap_project_start,0,1,0.000000,0,1,0.000000,0,1,0.000000,0
141529,2024-03-20,2024H1,pre_rap_project_start,0,1,0.000000,0,1,1.000000,1,0,,
141538,2024-12-04,2024H2,post_rap_project_start,1,1,0.000000,0,0,,,0,,
142292,2023-11-22,2023H2,pre_rap_project_start,0,1,0.000000,0,1,0.000000,0,1,0.000000,0
142318,2024-04-30,2024H1,pre_rap_project_start,0,1,0.000000,0,1,0.000000,0,0,,
142325,2024-05-08,2024H1,pre_rap_project_start,0,1,0.000000,0,1,0.000000,0,0,,
142339,2023-11-15,2023H2,pre_rap_project_start,0,1,0.000000,0,1,0.000000,0,1,0.000000,0
142341,2025-07-31,2025H2,post_rap_project_start,1,0,,,0,,,0,,
142478,2024-03-01,2024H1,pre_rap_project_start,0,1,0.000000,0,1,0.000000,0,0,,
142829,2025-09-04,2025H2,post_rap_project_start,1,0,,,0,,,0,,
142838,2024-11-25,2024H2,post_rap_project_start,1,1,0.000000,0,0,,,0,,
143136,2023-12-05,2023H2,pre_rap_project_start,0,1,1.000000,1,1,2.000000,1,1,3.000000,1
143143,2024-01-18,2024H1,pre_rap_project_start,0,1,0.000000,0,1,0.000000,0,0,,
143463,2024-01-04,2024H1,pre_rap_project_start,0,1,2.000000,1,1,3.000000,1,0,,
143798,2024-04-05,2024H1,pre_rap_project_start,0,1,3.000000,1,1,4.000000,1,0,,
144785,2024-01-04,2024H1,pre_rap_project_start,0,1,0.000000,0,1,0.000000,0,0,,
144802,2025-02-05,2025H1,post_rap_project_start,1,0,,,0,,,0,,
144825,2023-12-05,2023H2,pre_rap_project_start,0,1,0.000000,0,1,0.000000,0,1,0.000000,0
144839,2023-11-22,2023H2,pre_rap_project_start,0,1,0.000000,0,1,0.000000,0,1,0.000000,0
144841,2024-11-11,2024H2,post_rap_project_start,1,1,0.000000,0,0,,,0,,
144856,2024-10-03,2024H2,post_rap_project_start,1,1,0.000000,0,0,,,0,,
144873,2024-04-04,2024H1,pre_rap_project_start,0,1,0.000000,0,1,0.000000,0,0,,
144894,2023-12-12,2023H2,pre_rap_project_start,0,1,0.000000,0,1,3.000000,1,1,4.000000,1
144904,2024-01-04,2024H1,pre_rap_project_start,0,1,2.000000,1,1,3.000000,1,0,,
144915,2024-01-26,2024H1,pre_rap_project_start,0,1,0.000000,0,1,0.000000,0,0,,
144927,2023-11-30,2023H2,pre_rap_project_start,0,1,0.000000,0,1,0.000000,0,1,0.000000,0
144943,2024-03-13,2024H1,pre_rap_project_start,0,1,0.000000,0,1,0.000000,0,0,,
145111,2025-06-27,2025H1,post_rap_project_start,1,0,,,0,,,0,,
145447,2024-04-30,2024H1,pre_rap_project_start,0,1,0.000000,0,1,1.000000,1,0,,
145452,2024-01-26,2024H1,pre_rap_project_start,0,1,0.000000,0,1,0.000000,0,0,,
145772,2023-11-29,2023H2,pre_rap_project_start,0,1,0.000000,0,1,0.000000,0,1,1.000000,1
145786,2024-01-31,2024H1,pre_rap_project_start,0,1,0.000000,0,1,0.000000,0,0,,
145803,2024-02-05,2024H1,pre_rap_project_start,0,1,0.000000,0,1,0.000000,0,0,,
145819,2024-02-15,2024H1,pre_rap_project_start,0,1,0.000000,0,1,0.000000,0,0,,
145826,2025-06-12,2025H1,post_rap_project_start,1,0,,,0,,,0,,
145857,2024-10-30,2024H2,post_rap_project_start,1,1,0.000000,0,0,,,0,,
145861,2023-12-12,2023H2,pre_rap_project_start,0,1,0.000000,0,1,0.000000,0,1,0.000000,0
145888,2024-03-07,2024H1,pre_rap_project_start,0,1,0.000000,0,1,0.000000,0,0,,
145928,2024-02-27,2024H1,pre_rap_project_start,0,1,0.000000,0,1,0.000000,0,0,,
145937,2024-01-17,2024H1,pre_rap_project_start,0,1,0.000000,0,1,2.000000,1,0,,
145944,2024-02-14,2024H1,pre_rap_project_start,0,1,0.000000,0,1,0.000000,0,0,,
146005,2024-02-28,2024H1,pre_rap_project_start,0,1,0.000000,0,1,0.000000,0,0,,
146022,2024-04-30,2024H1,pre_rap_project_start,0,1,0.000000,0,1,0.000000,0,0,,
146067,2024-10-15,2024H2,post_rap_project_start,1,1,0.000000,0,0,,,0,,
146079,2024-02-27,2024H1,pre_rap_project_start,0,1,0.000000,0,1,0.000000,0,0,,
146098,2024-03-21,2024H1,pre_rap_project_start,0,1,0.000000,0,1,0.000000,0,0,,
146108,2024-01-24,2024H1,pre_rap_project_start,0,1,0.000000,0,1,0.000000,0,0,,
146430,2024-02-28,2024H1,pre_rap_project_start,0,1,0.000000,0,1,1.000000,1,0,,
146760,2024-01-09,2024H1,pre_rap_project_start,0,1,0.000000,0,1,1.000000,1,0,,
147093,2024-01-26,2024H1,pre_rap_project_start,0,1,0.000000,0,1,0.000000,0,0,,
147103,2024-11-26,2024H2,post_rap_project_start,1,1,0.000000,0,0,,,0,,
147427,2024-01-22,2024H1,pre_rap_project_start,0,1,0.000000,0,1,3.000000,1,0,,
147766,2023-12-05,2023H2,pre_rap_project_start,0,1,0.000000,0,1,0.000000,0,1,2.000000,1
147784,2024-01-03,2024H1,pre_rap_project_start,0,1,0.000000,0,1,0.000000,0,0,,
147797,2025-03-21,2025H1,post_rap_project_start,1,0,,,0,,,0,,
147811,2023-11-22,2023H2,pre_rap_project_start,0,1,0.000000,0,1,0.000000,0,1,1.000000,1
147824,2024-04-04,2024H1,pre_rap_project_start,0,1,0.000000,0,1,0.000000,0,0,,
147830,2024-10-23,2024H2,post_rap_project_start,1,1,0.000000,0,0,,,0,,
147848,2024-07-01,2024H2,pre_rap_project_start,0,1,0.000000,0,0,,,0,,
147905,2024-01-24,2024H1,pre_rap_project_start,0,1,0.000000,0,1,1.000000,1,0,,
148742,2023-11-21,2023H2,pre_rap_project_start,0,1,0.000000,0,1,0.000000,0,1,0.000000,0
148757,2024-02-27,2024H1,pre_rap_project_start,0,1,0.000000,0,1,0.000000,0,0,,
148761,2024-12-17,2024H2,post_rap_project_start,1,1,0.000000,0,0,,,0,,
148788,2023-11-21,2023H2,pre_rap_project_start,0,1,0.000000,0,1,0.000000,0,1,0.000000,0
148816,2024-11-19,2024H2,post_rap_project_start,1,1,0.000000,0,0,,,0,,
148828,2024-01-04,2024H1,pre_rap_project_start,0,1,1.000000,1,1,1.000000,1,0,,
148859,2024-05-01,2024H1,pre_rap_project_start,0,1,0.000000,0,1,0.000000,0,0,,
148863,2024-03-07,2024H1,pre_rap_project_start,0,1,0.000000,0,1,0.000000,0,0,,
148871,2024-03-13,2024H1,pre_rap_project_start,0,1,0.000000,0,1,0.000000,0,0,,
148885,2024-01-04,2024H1,pre_rap_project_start,0,1,0.000000,0,1,0.000000,0,0,,
148925,2025-04-28,2025H1,post_rap_project_start,1,0,,,0,,,0,,
149074,2024-05-02,2024H1,pre_rap_project_start,0,1,0.000000,0,1,0.000000,0,0,,
149401,2024-10-03,2024H2,post_rap_project_start,1,1,0.000000,0,0,,,0,,
149734,2024-04-04,2024H1,pre_rap_project_start,0,1,0.000000,0,1,0.000000,0,0,,
150061,2024-01-30,2024H1,pre_rap_project_start,0,1,0.000000,0,1,0.000000,0,0,,
150401,2023-12-12,2023H2,pre_rap_project_start,0,1,0.000000,0,1,0.000000,0,1,0.000000,0
150429,2024-03-20,2024H1,pre_rap_project_start,0,1,0.000000,0,1,0.000000,0,0,,
150455,2024-10-17,2024H2,post_rap_project_start,1,1,0.000000,0,0,,,0,,
150464,2023-12-13,2023H2,pre_rap_project_start,0,1,0.000000,0,1,1.000000,1,1,3.000000,1
150472,2025-02-13,2025H1,post_rap_project_start,1,0,,,0,,,0,,
150493,2024-01-09,2024H1,pre_rap_project_start,0,1,0.000000,0,1,3.000000,1,0,,
150536,2024-03-26,2024H1,pre_rap_project_start,0,1,0.000000,0,1,0.000000,0,0,,
150543,2024-02-01,2024H1,pre_rap_project_start,0,1,0.000000,0,1,0.000000,0,0,,
150602,2025-02-05,2025H1,post_rap_project_start,1,0,,,0,,,0,,
150618,2023-12-07,2023H2,pre_rap_project_start,0,1,0.000000,0,1,0.000000,0,1,1.000000,1
150656,2024-02-28,2024H1,pre_rap_project_start,0,1,1.000000,1,1,1.000000,1,0,,
150660,2024-01-12,2024H1,pre_rap_project_start,0,1,0.000000,0,1,0.000000,0,0,,
150673,2024-03-26,2024H1,pre_rap_project_start,0,1,0.000000,0,1,0.000000,0,0,,
150687,2024-01-24,2024H1,pre_rap_project_start,0,1,0.000000,0,1,0.000000,0,0,,
150706,2024-01-04,2024H1,pre_rap_project_start,0,1,0.000000,0,1,0.000000,0,0,,
150710,2024-12-12,2024H2,post_rap_project_start,1,1,0.000000,0,0,,,0,,
150723,2024-10-08,2024H2,post_rap_project_start,1,1,0.000000,0,0,,,0,,
151091,2024-02-09,2024H1,pre_rap_project_start,0,1,0.000000,0,1,0.000000,0,0,,
151101,2024-03-13,2024H1,pre_rap_project_start,0,1,0.000000,0,1,1.000000,1,0,,
151138,2024-02-08,2024H1,pre_rap_project_start,0,1,0.000000,0,1,0.000000,0,0,,
151140,2024-02-28,2024H1,pre_rap_project_start,0,1,0.000000,0,1,0.000000,0,0,,
151155,2024-03-20,2024H1,pre_rap_project_start,0,1,0.000000,0,1,0.000000,0,0,,
151172,2024-03-13,2024H1,pre_rap_project_start,0,1,0.000000,0,1,0.000000,0,0,,
151193,2024-02-28,2024H1,pre_rap_project_start,0,1,0.000000,0,1,2.000000,1,0,,
151206,2024-10-21,2024H2,post_rap_project_start,1,1,0.000000,0,0,,,0,,
151210,2024-03-20,2024H1,pre_rap_project_start,0,1,0.000000,0,1,0.000000,0,0,,
151268,2024-01-04,2024H1,pre_rap_project_start,0,1,0.000000,0,1,0.000000,0,0,,
151281,2024-10-10,2024H2,post_rap_project_start,1,1,1.000000,1,0,,,0,,
151299,2024-03-20,2024H1,pre_rap_project_start,0,1,0.000000,0,1,0.000000,0,0,,
151350,2024-10-24,2024H2,post_rap_project_start,1,1,0.000000,0,0,,,0,,
151366,2024-03-07,2024H1,pre_rap_project_start,0,1,0.000000,0,1,0.000000,0,0,,
151378,2024-04-17,2024H1,pre_rap_project_start,0,1,0.000000,0,1,0.000000,0,0,,
151418,2025-03-25,2025H1,post_rap_project_start,1,0,,,0,,,0,,
151425,2024-02-08,2024H1,pre_rap_project_start,0,1,1.000000,1,1,2.000000,1,0,,
151439,2026-02-10,2026H1,post_rap_project_start,1,0,,,0,,,0,,
151441,2024-12-04,2024H2,post_rap_project_start,1,1,0.000000,0,0,,,0,,
151711,2024-02-28,2024H1,pre_rap_project_start,0,1,0.000000,0,1,0.000000,0,0,,
152047,2024-03-20,2024H1,pre_rap_project_start,0,1,2.000000,1,1,2.000000,1,0,,
152703,2023-12-12,2023H2,pre_rap_project_start,0,1,0.000000,0,1,0.000000,0,1,0.000000,0
153368,2024-04-16,2024H1,pre_rap_project_start,0,1,0.000000,0,1,0.000000,0,0,,
153692,2024-04-05,2024H1,pre_rap_project_start,0,1,0.500000,1,1,0.500000,1,0,,
154356,2024-03-14,2024H1,pre_rap_project_start,0,1,0.000000,0,1,0.000000,0,0,,
154360,2024-04-17,2024H1,pre_rap_project_start,0,1,0.000000,0,1,0.000000,0,0,,
154387,2024-02-27,2024H1,pre_rap_project_start,0,1,0.000000,0,1,0.000000,0,0,,
154421,2024-04-16,2024H1,pre_rap_project_start,0,1,0.000000,0,1,0.500000,1,0,,
154432,2024-01-09,2024H1,pre_rap_project_start,0,1,0.000000,0,1,0.000000,0,0,,
154450,2025-03-25,2025H1,post_rap_project_start,1,0,,,0,,,0,,
154466,2025-06-09,2025H1,post_rap_project_start,1,0,,,0,,,0,,
154478,2024-03-07,2024H1,pre_rap_project_start,0,1,0.000000,0,1,0.000000,0,0,,
154484,2026-01-26,2026H1,post_rap_project_start,1,0,,,0,,,0,,
154523,2024-04-17,2024H1,pre_rap_project_start,0,1,0.000000,0,1,0.000000,0,0,,
154547,2024-02-14,2024H1,pre_rap_project_start,0,1,0.000000,0,1,0.000000,0,0,,
154575,2024-03-21,2024H1,pre_rap_project_start,0,1,0.000000,0,1,0.000000,0,0,,
155012,2024-03-20,2024H1,pre_rap_project_start,0,1,0.000000,0,1,0.000000,0,0,,
155020,2024-12-12,2024H2,post_rap_project_start,1,1,0.000000,0,0,,,0,,
155031,2024-02-14,2024H1,pre_rap_project_start,0,1,0.000000,0,1,0.000000,0,0,,
155049,2025-02-04,2025H1,post_rap_project_start,1,0,,,0,,,0,,
155678,2024-10-03,2024H2,post_rap_project_start,1,1,0.000000,0,0,,,0,,
155684,2024-03-07,2024H1,pre_rap_project_start,0,1,0.000000,0,1,0.000000,0,0,,
156009,2024-02-28,2024H1,pre_rap_project_start,0,1,1.000000,1,1,1.000000,1,0,,
156667,2024-01-31,2024H1,pre_rap_project_start,0,1,0.000000,0,1,0.000000,0,0,,
156679,2026-01-16,2026H1,post_rap_project_start,1,0,,,0,,,0,,
156992,2024-11-27,2024H2,post_rap_project_start,1,1,0.000000,0,0,,,0,,
157997,2024-02-15,2024H1,pre_rap_project_start,0,1,0.000000,0,1,0.500000,1,0,,
158316,2024-01-24,2024H1,pre_rap_project_start,0,1,0.000000,0,1,0.000000,0,0,,
158652,2025-10-12,2025H2,post_rap_project_start,1,0,,,0,,,0,,
158668,2024-05-01,2024H1,pre_rap_project_start,0,1,0.000000,0,1,0.000000,0,0,,
159307,2025-06-10,2025H1,post_rap_project_start,1,0,,,0,,,0,,
159638,2024-03-27,2024H1,pre_rap_project_start,0,1,0.000000,0,1,0.000000,0,0,,
159968,2024-01-04,2024H1,pre_rap_project_start,0,1,0.000000,0,1,0.000000,0,0,,
160957,2024-10-10,2024H2,post_rap_project_start,1,1,1.000000,1,0,,,0,,
161289,2024-03-26,2024H1,pre_rap_project_start,0,1,0.000000,0,1,0.000000,0,0,,
161956,2025-01-09,2025H1,post_rap_project_start,1,0,,,0,,,0,,
161994,2025-03-26,2025H1,post_rap_project_start,1,0,,,0,,,0,,
162275,2024-01-17,2024H1,pre_rap_project_start,0,1,0.000000,0,1,0.000000,0,0,,
162313,2024-05-08,2024H1,pre_rap_project_start,0,1,0.000000,0,1,0.000000,0,0,,
162321,2024-04-04,2024H1,pre_rap_project_start,0,1,0.000000,0,1,0.000000,0,0,,
162345,2024-01-05,2024H1,pre_rap_project_start,0,1,1.000000,1,1,1.000000,1,0,,
162366,2024-01-30,2024H1,pre_rap_project_start,0,1,0.000000,0,1,0.000000,0,0,,
162378,2024-03-26,2024H1,pre_rap_project_start,0,1,0.000000,0,1,0.000000,0,0,,
162384,2024-02-09,2024H1,pre_rap_project_start,0,1,0.000000,0,1,0.000000,0,0,,
162626,2024-10-23,2024H2,post_rap_project_start,1,1,0.000000,0,0,,,0,,
162635,2024-02-28,2024H1,pre_rap_project_start,0,1,0.000000,0,1,0.000000,0,0,,
162642,2024-03-27,2024H1,pre_rap_project_start,0,1,0.000000,0,1,0.000000,0,0,,
162931,2025-01-07,2025H1,post_rap_project_start,1,0,,,0,,,0,,
162949,2024-02-01,2024H1,pre_rap_project_start,0,1,0.000000,0,1,0.000000,0,0,,
163596,2024-10-23,2024H2,post_rap_project_start,1,1,0.000000,0,0,,,0,,
163937,2024-05-08,2024H1,pre_rap_project_start,0,1,0.000000,0,1,0.000000,0,0,,
164251,2024-11-27,2024H2,post_rap_project_start,1,1,0.000000,0,0,,,0,,
164589,2024-12-17,2024H2,post_rap_project_start,1,1,0.000000,0,0,,,0,,
164591,2024-04-04,2024H1,pre_rap_project_start,0,1,0.000000,0,1,0.000000,0,0,,
164911,2025-06-17,2025H1,post_rap_project_start,1,0,,,0,,,0,,
165906,2025-07-21,2025H2,post_rap_project_start,1,0,,,0,,,0,,
166231,2024-02-27,2024H1,pre_rap_project_start,0,1,0.000000,0,1,0.000000,0,0,,
166560,2024-02-27,2024H1,pre_rap_project_start,0,1,0.000000,0,1,0.000000,0,0,,
167226,2024-06-19,2024H1,pre_rap_project_start,0,1,0.000000,0,1,0.000000,0,0,,
167550,2024-04-16,2024H1,pre_rap_project_start,0,1,0.000000,0,1,0.000000,0,0,,
167889,2025-03-18,2025H1,post_rap_project_start,1,0,,,0,,,0,,
168224,2024-04-23,2024H1,pre_rap_project_start,0,1,0.000000,0,1,0.000000,0,0,,
168875,2024-03-07,2024H1,pre_rap_project_start,0,1,0.000000,0,1,0.000000,0,0,,
169530,2024-10-17,2024H2,post_rap_project_start,1,1,0.000000,0,0,,,0,,
169860,2024-03-06,2024H1,pre_rap_project_start,0,1,0.000000,0,1,0.000000,0,0,,
170195,2024-11-21,2024H2,post_rap_project_start,1,1,0.000000,0,0,,,0,,
170202,2024-04-17,2024H1,pre_rap_project_start,0,1,0.000000,0,1,0.000000,0,0,,
170225,2024-10-30,2024H2,post_rap_project_start,1,1,0.000000,0,0,,,0,,
170239,2024-03-20,2024H1,pre_rap_project_start,0,1,0.000000,0,1,0.000000,0,0,,
170256,2024-12-11,2024H2,post_rap_project_start,1,1,0.000000,0,0,,,0,,
170260,2024-02-28,2024H1,pre_rap_project_start,0,1,0.000000,0,1,0.000000,0,0,,
170287,2024-10-03,2024H2,post_rap_project_start,1,1,0.000000,0,0,,,0,,
170304,2024-12-17,2024H2,post_rap_project_start,1,1,0.000000,0,0,,,0,,
170315,2024-10-30,2024H2,post_rap_project_start,1,1,1.000000,1,0,,,0,,
170336,2024-02-28,2024H1,pre_rap_project_start,0,1,0.000000,0,1,0.000000,0,0,,
170554,2024-04-17,2024H1,pre_rap_project_start,0,1,0.000000,0,1,0.000000,0,0,,
170577,2024-01-30,2024H1,pre_rap_project_start,0,1,0.000000,0,1,0.000000,0,0,,
170605,2024-04-10,2024H1,pre_rap_project_start,0,1,5.000000,1,1,11.000000,1,0,,
170857,2024-05-01,2024H1,pre_rap_project_start,0,1,0.000000,0,1,0.000000,0,0,,
171217,2024-05-08,2024H1,pre_rap_project_start,0,1,0.000000,0,1,1.000000,1,0,,
171229,2024-05-15,2024H1,pre_rap_project_start,0,1,0.000000,0,1,0.000000,0,0,,
171240,2024-10-08,2024H2,post_rap_project_start,1,1,0.000000,0,0,,,0,,
171255,2025-06-18,2025H1,post_rap_project_start,1,0,,,0,,,0,,
171264,2025-02-13,2025H1,post_rap_project_start,1,0,,,0,,,0,,
171272,2024-03-26,2024H1,pre_rap_project_start,0,1,0.000000,0,1,0.000000,0,0,,
171286,2024-12-04,2024H2,post_rap_project_start,1,1,1.000000,1,0,,,0,,
171293,2025-04-25,2025H1,post_rap_project_start,1,0,,,0,,,0,,
171511,2024-03-27,2024H1,pre_rap_project_start,0,1,0.000000,0,1,0.000000,0,0,,
171860,2024-03-20,2024H1,pre_rap_project_start,0,1,0.000000,0,1,0.000000,0,0,,
171904,2024-11-27,2024H2,post_rap_project_start,1,1,0.000000,0,0,,,0,,
171915,2024-05-13,2024H1,pre_rap_project_start,0,1,0.000000,0,1,0.000000,0,0,,
171927,2025-01-09,2025H1,post_rap_project_start,1,0,,,0,,,0,,
171936,2024-03-20,2024H1,pre_rap_project_start,0,1,0.000000,0,1,0.000000,0,0,,
171989,2024-12-04,2024H2,post_rap_project_start,1,1,0.000000,0,0,,,0,,
171991,2024-03-20,2024H1,pre_rap_project_start,0,1,0.000000,0,1,0.000000,0,0,,
172001,2025-05-27,2025H1,post_rap_project_start,1,0,,,0,,,0,,
172017,2026-04-21,2026H1,post_rap_project_start,1,0,,,0,,,0,,
172174,2024-10-28,2024H2,post_rap_project_start,1,1,0.000000,0,0,,,0,,
172188,2025-08-12,2025H2,post_rap_project_start,1,0,,,0,,,0,,
172190,2024-03-14,2024H1,pre_rap_project_start,0,1,0.000000,0,1,0.000000,0,0,,
172518,2024-02-28,2024H1,pre_rap_project_start,0,1,0.000000,0,1,0.000000,0,0,,
173505,2024-11-27,2024H2,post_rap_project_start,1,1,0.000000,0,0,,,0,,
173551,2024-03-06,2024H1,pre_rap_project_start,0,1,0.000000,0,1,0.000000,0,0,,
173567,2024-12-13,2024H2,post_rap_project_start,1,1,0.000000,0,0,,,0,,
173579,2024-10-03,2024H2,post_rap_project_start,1,1,0.000000,0,0,,,0,,
173828,2024-04-04,2024H1,pre_rap_project_start,0,1,0.000000,0,1,1.000000,1,0,,
174156,2024-10-30,2024H2,post_rap_project_start,1,1,0.000000,0,0,,,0,,
176137,2024-03-26,2024H1,pre_rap_project_start,0,1,0.000000,0,1,0.000000,0,0,,
176464,2024-10-30,2024H2,post_rap_project_start,1,1,0.000000,0,0,,,0,,
176486,2024-03-13,2024H1,pre_rap_project_start,0,1,0.000000,0,1,0.000000,0,0,,
176493,2024-02-15,2024H1,pre_rap_project_start,0,1,1.000000,1,1,2.000000,1,0,,
176527,2024-03-14,2024H1,pre_rap_project_start,0,1,0.000000,0,1,0.000000,0,0,,
176536,2024-12-17,2024H2,post_rap_project_start,1,1,0.000000,0,0,,,0,,
176543,2024-11-08,2024H2,post_rap_project_start,1,1,0.000000,0,0,,,0,,
176558,2024-10-03,2024H2,post_rap_project_start,1,1,0.000000,0,0,,,0,,
176562,2025-03-17,2025H1,post_rap_project_start,1,0,,,0,,,0,,
176570,2025-07-28,2025H2,post_rap_project_start,1,0,,,0,,,0,,
176602,2024-10-08,2024H2,post_rap_project_start,1,1,0.000000,0,0,,,0,,
176618,2024-11-11,2024H2,post_rap_project_start,1,1,0.000000,0,0,,,0,,
176625,2024-04-16,2024H1,pre_rap_project_start,0,1,0.000000,0,1,0.000000,0,0,,
176639,2025-03-27,2025H1,post_rap_project_start,1,0,,,0,,,0,,
176641,2024-04-16,2024H1,pre_rap_project_start,0,1,0.000000,0,1,0.000000,0,0,,
176660,2024-05-08,2024H1,pre_rap_project_start,0,1,0.000000,0,1,0.000000,0,0,,
176706,2024-03-20,2024H1,pre_rap_project_start,0,1,1.000000,1,1,1.000000,1,0,,
176723,2024-11-06,2024H2,post_rap_project_start,1,1,0.000000,0,0,,,0,,
176734,2024-04-17,2024H1,pre_rap_project_start,0,1,0.000000,0,1,0.000000,0,0,,
176747,2024-11-05,2024H2,post_rap_project_start,1,1,0.000000,0,0,,,0,,
176768,2025-04-30,2025H1,post_rap_project_start,1,0,,,0,,,0,,
176775,2024-04-16,2024H1,pre_rap_project_start,0,1,0.000000,0,1,0.000000,0,0,,
176799,2024-11-07,2024H2,post_rap_project_start,1,1,0.000000,0,0,,,0,,
176809,2025-04-17,2025H1,post_rap_project_start,1,0,,,0,,,0,,
176821,2024-12-04,2024H2,post_rap_project_start,1,1,0.000000,0,0,,,0,,
176832,2024-04-10,2024H1,pre_rap_project_start,0,1,0.000000,0,1,0.000000,0,0,,
176845,2024-06-19,2024H1,pre_rap_project_start,0,1,0.000000,0,1,0.000000,0,0,,
176866,2024-03-27,2024H1,pre_rap_project_start,0,1,0.000000,0,1,0.000000,0,0,,
176884,2024-03-28,2024H1,pre_rap_project_start,0,1,0.000000,0,1,0.000000,0,0,,
176897,2024-06-18,2024H1,pre_rap_project_start,0,1,0.000000,0,1,1.000000,1,0,,
176907,2024-06-18,2024H1,pre_rap_project_start,0,1,0.000000,0,1,0.000000,0,0,,
176911,2024-12-03,2024H2,post_rap_project_start,1,1,0.000000,0,0,,,0,,
176948,2024-02-28,2024H1,pre_rap_project_start,0,1,0.000000,0,1,0.000000,0,0,,
176969,2024-04-11,2024H1,pre_rap_project_start,0,1,0.000000,0,1,4.000000,1,0,,
176976,2024-11-27,2024H2,post_rap_project_start,1,1,0.000000,0,0,,,0,,
177007,2024-11-26,2024H2,post_rap_project_start,1,1,0.000000,0,0,,,0,,
177024,2024-03-13,2024H1,pre_rap_project_start,0,1,0.000000,0,1,0.000000,0,0,,
177030,2024-03-26,2024H1,pre_rap_project_start,0,1,1.000000,1,1,1.000000,1,0,,
177048,2024-10-24,2024H2,post_rap_project_start,1,1,0.000000,0,0,,,0,,
177053,2025-02-04,2025H1,post_rap_project_start,1,0,,,0,,,0,,
177069,2024-10-15,2024H2,post_rap_project_start,1,1,0.000000,0,0,,,0,,
177105,2024-10-03,2024H2,post_rap_project_start,1,1,0.000000,0,0,,,0,,
177146,2024-03-27,2024H1,pre_rap_project_start,0,1,0.000000,0,1,0.000000,0,0,,
177151,2024-03-26,2024H1,pre_rap_project_start,0,1,0.000000,0,1,0.000000,0,0,,
177180,2024-11-05,2024H2,post_rap_project_start,1,1,0.000000,0,0,,,0,,
177198,2024-12-04,2024H2,post_rap_project_start,1,1,1.000000,1,0,,,0,,
177200,2024-03-14,2024H1,pre_rap_project_start,0,1,2.000000,1,1,2.000000,1,0,,
177789,2024-05-13,2024H1,pre_rap_project_start,0,1,0.000000,0,1,0.000000,0,0,,
178444,2024-05-08,2024H1,pre_rap_project_start,0,1,0.000000,0,1,0.000000,0,0,,
178779,2024-11-11,2024H2,post_rap_project_start,1,1,0.000000,0,0,,,0,,
179108,2025-04-17,2025H1,post_rap_project_start,1,0,,,0,,,0,,
179453,2024-12-04,2024H2,post_rap_project_start,1,1,0.000000,0,0,,,0,,
179469,2025-05-27,2025H1,post_rap_project_start,1,0,,,0,,,0,,
179476,2024-10-30,2024H2,post_rap_project_start,1,1,0.000000,0,0,,,0,,
179482,2024-03-28,2024H1,pre_rap_project_start,0,1,0.000000,0,1,0.000000,0,0,,
179513,2024-03-26,2024H1,pre_rap_project_start,0,1,0.000000,0,1,0.000000,0,0,,
179578,2024-04-15,2024H1,pre_rap_project_start,0,1,0.000000,0,1,0.000000,0,0,,
179597,2024-12-04,2024H2,post_rap_project_start,1,1,0.000000,0,0,,,0,,
179610,2024-03-26,2024H1,pre_rap_project_start,0,1,0.000000,0,1,1.000000,1,0,,
179623,2024-11-04,2024H2,post_rap_project_start,1,1,0.000000,0,0,,,0,,
179760,2024-10-11,2024H2,post_rap_project_start,1,1,0.000000,0,0,,,0,,
179787,2024-10-15,2024H2,post_rap_project_start,1,1,0.000000,0,0,,,0,,
180096,2026-02-16,2026H1,post_rap_project_start,1,0,,,0,,,0,,
180422,2024-04-16,2024H1,pre_rap_project_start,0,1,0.000000,0,1,0.000000,0,0,,
180759,2024-11-27,2024H2,post_rap_project_start,1,1,0.000000,0,0,,,0,,
181082,2025-02-04,2025H1,post_rap_project_start,1,0,,,0,,,0,,
181095,2025-05-17,2025H1,post_rap_project_start,1,0,,,0,,,0,,
181105,2026-02-13,2026H1,post_rap_project_start,1,0,,,0,,,0,,
181413,2024-11-07,2024H2,post_rap_project_start,1,1,1.000000,1,0,,,0,,
182118,2024-10-15,2024H2,post_rap_project_start,1,1,0.000000,0,0,,,0,,
182403,2024-05-22,2024H1,pre_rap_project_start,0,1,0.000000,0,1,0.000000,0,0,,
182419,2024-05-22,2024H1,pre_rap_project_start,0,1,0.000000,0,1,0.000000,0,0,,
183112,2024-03-14,2024H1,pre_rap_project_start,0,1,0.000000,0,1,0.000000,0,0,,
183120,2024-10-08,2024H2,post_rap_project_start,1,1,0.000000,0,0,,,0,,
183725,2024-04-04,2024H1,pre_rap_project_start,0,1,0.000000,0,1,0.000000,0,0,,
184058,2025-02-13,2025H1,post_rap_project_start,1,0,,,0,,,0,,
184070,2024-04-30,2024H1,pre_rap_project_start,0,1,0.000000,0,1,1.000000,1,0,,
184384,2024-10-30,2024H2,post_rap_project_start,1,1,0.000000,0,0,,,0,,
184425,2024-12-17,2024H2,post_rap_project_start,1,1,0.000000,0,0,,,0,,
184441,2024-05-13,2024H1,pre_rap_project_start,0,1,0.000000,0,1,0.000000,0,0,,
184456,2024-12-19,2024H2,post_rap_project_start,1,1,0.000000,0,0,,,0,,
185057,2024-04-16,2024H1,pre_rap_project_start,0,1,0.000000,0,1,0.000000,0,0,,
185061,2024-04-10,2024H1,pre_rap_project_start,0,1,0.000000,0,1,0.000000,0,0,,
185710,2025-02-13,2025H1,post_rap_project_start,1,0,,,0,,,0,,
186039,2024-04-24,2024H1,pre_rap_project_start,0,1,1.000000,1,1,1.000000,1,0,,
186376,2024-10-22,2024H2,post_rap_project_start,1,1,0.000000,0,0,,,0,,
187023,2024-10-03,2024H2,post_rap_project_start,1,1,0.000000,0,0,,,0,,
187355,2024-10-30,2024H2,post_rap_project_start,1,1,0.000000,0,0,,,0,,
188029,2025-02-04,2025H1,post_rap_project_start,1,0,,,0,,,0,,
188040,2024-11-05,2024H2,post_rap_project_start,1,1,0.000000,0,0,,,0,,
188093,2025-02-13,2025H1,post_rap_project_start,1,0,,,0,,,0,,
189667,2024-12-04,2024H2,post_rap_project_start,1,1,1.000000,1,0,,,0,,
189680,2025-03-31,2025H1,post_rap_project_start,1,0,,,0,,,0,,
189698,2024-10-28,2024H2,post_rap_project_start,1,1,0.000000,0,0,,,0,,
189701,2024-12-06,2024H2,post_rap_project_start,1,1,0.000000,0,0,,,0,,
189992,2024-04-17,2024H1,pre_rap_project_start,0,1,0.000000,0,1,0.000000,0,0,,
190322,2024-10-08,2024H2,post_rap_project_start,1,1,0.000000,0,0,,,0,,
190333,2025-07-22,2025H2,post_rap_project_start,1,0,,,0,,,0,,
190346,2025-01-22,2025H1,post_rap_project_start,1,0,,,0,,,0,,
190984,2024-11-18,2024H2,post_rap_project_start,1,1,0.000000,0,0,,,0,,
190997,2024-11-26,2024H2,post_rap_project_start,1,1,0.000000,0,0,,,0,,
191001,2024-12-04,2024H2,post_rap_project_start,1,1,0.000000,0,0,,,0,,
191040,2024-03-14,2024H1,pre_rap_project_start,0,1,0.000000,0,1,0.000000,0,0,,
191310,2024-11-26,2024H2,post_rap_project_start,1,1,0.000000,0,0,,,0,,
191644,2024-10-24,2024H2,post_rap_project_start,1,1,0.000000,0,0,,,0,,
192632,2025-02-05,2025H1,post_rap_project_start,1,0,,,0,,,0,,
192645,2024-05-01,2024H1,pre_rap_project_start,0,1,0.000000,0,1,0.000000,0,0,,
193312,2024-03-26,2024H1,pre_rap_project_start,0,1,0.000000,0,1,0.000000,0,0,,
193639,2024-04-16,2024H1,pre_rap_project_start,0,1,0.000000,0,1,1.000000,1,0,,
193953,2025-07-22,2025H2,post_rap_project_start,1,0,,,0,,,0,,
193969,2025-05-27,2025H1,post_rap_project_start,1,0,,,0,,,0,,
193976,2025-07-04,2025H2,post_rap_project_start,1,0,,,0,,,0,,
194287,2024-10-24,2024H2,post_rap_project_start,1,1,0.000000,0,0,,,0,,
194327,2024-11-27,2024H2,post_rap_project_start,1,1,0.000000,0,0,,,0,,
194336,2024-10-03,2024H2,post_rap_project_start,1,1,0.000000,0,0,,,0,,
194343,2024-10-03,2024H2,post_rap_project_start,1,1,0.000000,0,0,,,0,,
194358,2025-03-18,2025H1,post_rap_project_start,1,0,,,0,,,0,,
194362,2024-11-07,2024H2,post_rap_project_start,1,1,0.000000,0,0,,,0,,
194370,2024-04-30,2024H1,pre_rap_project_start,0,1,0.000000,0,1,0.000000,0,0,,
194389,2025-08-04,2025H2,post_rap_project_start,1,0,,,0,,,0,,
194406,2024-06-18,2024H1,pre_rap_project_start,0,1,0.000000,0,1,0.000000,0,0,,
194410,2025-02-13,2025H1,post_rap_project_start,1,0,,,0,,,0,,
194423,2024-10-30,2024H2,post_rap_project_start,1,1,0.000000,0,0,,,0,,
194434,2024-04-03,2024H1,pre_rap_project_start,0,1,0.000000,0,1,0.000000,0,0,,
194452,2024-03-06,2024H1,pre_rap_project_start,0,1,0.000000,0,1,0.000000,0,0,,
194481,2024-11-05,2024H2,post_rap_project_start,1,1,0.000000,0,0,,,0,,
195606,2024-04-04,2024H1,pre_rap_project_start,0,1,0.000000,0,1,1.000000,1,0,,
196939,2024-10-15,2024H2,post_rap_project_start,1,1,0.000000,0,0,,,0,,
196956,2024-10-03,2024H2,post_rap_project_start,1,1,0.000000,0,0,,,0,,
197250,2024-10-24,2024H2,post_rap_project_start,1,1,1.000000,1,0,,,0,,
197266,2024-10-23,2024H2,post_rap_project_start,1,1,0.000000,0,0,,,0,,
197278,2025-12-04,2025H2,post_rap_project_start,1,0,,,0,,,0,,
197588,2025-02-05,2025H1,post_rap_project_start,1,0,,,0,,,0,,
197590,2024-12-12,2024H2,post_rap_project_start,1,1,0.000000,0,0,,,0,,
197617,2024-11-05,2024H2,post_rap_project_start,1,1,0.000000,0,0,,,0,,
197910,2024-03-07,2024H1,pre_rap_project_start,0,1,0.000000,0,1,0.000000,0,0,,
197947,2024-10-15,2024H2,post_rap_project_start,1,1,0.000000,0,0,,,0,,
197952,2025-02-04,2025H1,post_rap_project_start,1,0,,,0,,,0,,
197968,2025-07-02,2025H2,post_rap_project_start,1,0,,,0,,,0,,
198259,2024-04-05,2024H1,pre_rap_project_start,0,1,0.000000,0,1,0.000000,0,0,,
198575,2025-04-14,2025H1,post_rap_project_start,1,0,,,0,,,0,,
199234,2024-10-30,2024H2,post_rap_project_start,1,1,0.000000,0,0,,,0,,
199247,2024-06-18,2024H1,pre_rap_project_start,0,1,0.000000,0,1,0.000000,0,0,,
199252,2024-04-03,2024H1,pre_rap_project_start,0,1,0.000000,0,1,0.000000,0,0,,
199268,2024-04-30,2024H1,pre_rap_project_start,0,1,0.000000,0,1,0.000000,0,0,,
199571,2025-05-16,2025H1,post_rap_project_start,1,0,,,0,,,0,,
199592,2024-10-08,2024H2,post_rap_project_start,1,1,1.000000,1,0,,,0,,
199603,2024-10-08,2024H2,post_rap_project_start,1,1,1.000000,1,0,,,0,,
199635,2024-10-30,2024H2,post_rap_project_start,1,1,0.000000,0,0,,,0,,
199661,2025-02-26,2025H1,post_rap_project_start,1,0,,,0,,,0,,
199674,2024-10-31,2024H2,post_rap_project_start,1,1,0.000000,0,0,,,0,,
199688,2024-04-30,2024H1,pre_rap_project_start,0,1,0.000000,0,1,0.000000,0,0,,
199730,2024-11-05,2024H2,post_rap_project_start,1,1,0.000000,0,0,,,0,,
199776,2024-11-05,2024H2,post_rap_project_start,1,1,0.000000,0,0,,,0,,
199912,2025-07-22,2025H2,post_rap_project_start,1,0,,,0,,,0,,
199949,2025-02-19,2025H1,post_rap_project_start,1,0,,,0,,,0,,
200220,2025-08-07,2025H2,post_rap_project_start,1,0,,,0,,,0,,
200231,2025-02-13,2025H1,post_rap_project_start,1,0,,,0,,,0,,
200249,2025-02-07,2025H1,post_rap_project_start,1,0,,,0,,,0,,
200560,2024-10-23,2024H2,post_rap_project_start,1,1,0.000000,0,0,,,0,,
200882,2025-02-13,2025H1,post_rap_project_start,1,0,,,0,,,0,,
200895,2024-10-03,2024H2,post_rap_project_start,1,1,0.000000,0,0,,,0,,
202218,2024-10-08,2024H2,post_rap_project_start,1,1,0.000000,0,0,,,0,,
202239,2024-12-04,2024H2,post_rap_project_start,1,1,1.500000,1,0,,,0,,
203528,2024-10-30,2024H2,post_rap_project_start,1,1,1.000000,1,0,,,0,,
203544,2024-10-15,2024H2,post_rap_project_start,1,1,1.000000,1,0,,,0,,
203603,2024-05-14,2024H1,pre_rap_project_start,0,1,0.000000,0,1,0.000000,0,0,,
203619,2024-10-03,2024H2,post_rap_project_start,1,1,0.000000,0,0,,,0,,
203635,2024-04-30,2024H1,pre_rap_project_start,0,1,0.000000,0,1,0.000000,0,0,,
203642,2025-02-05,2025H1,post_rap_project_start,1,0,,,0,,,0,,
203851,2024-11-27,2024H2,post_rap_project_start,1,1,0.000000,0,0,,,0,,
203867,2024-05-08,2024H1,pre_rap_project_start,0,1,0.000000,0,1,0.500000,1,0,,
203879,2025-01-21,2025H1,post_rap_project_start,1,0,,,0,,,0,,
203880,2024-03-26,2024H1,pre_rap_project_start,0,1,0.000000,0,1,0.000000,0,0,,
203898,2025-03-19,2025H1,post_rap_project_start,1,0,,,0,,,0,,
204183,2025-02-19,2025H1,post_rap_project_start,1,0,,,0,,,0,,
204843,2025-04-17,2025H1,post_rap_project_start,1,0,,,0,,,0,,
205178,2024-10-30,2024H2,post_rap_project_start,1,1,0.000000,0,0,,,0,,
205184,2025-01-09,2025H1,post_rap_project_start,1,0,,,0,,,0,,
205197,2024-10-30,2024H2,post_rap_project_start,1,1,1.000000,1,0,,,0,,
205204,2025-02-13,2025H1,post_rap_project_start,1,0,,,0,,,0,,
205505,2024-04-16,2024H1,pre_rap_project_start,0,1,0.000000,0,1,0.000000,0,0,,
205837,2024-10-08,2024H2,post_rap_project_start,1,1,5.000000,1,0,,,0,,
206552,2024-10-03,2024H2,post_rap_project_start,1,1,0.000000,0,0,,,0,,
206575,2024-11-11,2024H2,post_rap_project_start,1,1,0.000000,0,0,,,0,,
206581,2024-04-30,2024H1,pre_rap_project_start,0,1,0.000000,0,1,1.000000,1,0,,
206612,2024-11-22,2024H2,post_rap_project_start,1,1,2.500000,1,0,,,0,,
206631,2024-10-03,2024H2,post_rap_project_start,1,1,0.000000,0,0,,,0,,
206665,2025-01-09,2025H1,post_rap_project_start,1,0,,,0,,,0,,
206829,2025-10-30,2025H2,post_rap_project_start,1,0,,,0,,,0,,
206855,2025-02-04,2025H1,post_rap_project_start,1,0,,,0,,,0,,
206864,2024-04-04,2024H1,pre_rap_project_start,0,1,0.000000,0,1,0.000000,0,0,,
206872,2025-03-06,2025H1,post_rap_project_start,1,0,,,0,,,0,,
206893,2025-03-12,2025H1,post_rap_project_start,1,0,,,0,,,0,,
206919,2024-12-18,2024H2,post_rap_project_start,1,1,0.000000,0,0,,,0,,
207159,2024-10-30,2024H2,post_rap_project_start,1,1,0.500000,1,0,,,0,,
208479,2024-10-15,2024H2,post_rap_project_start,1,1,0.000000,0,0,,,0,,
208480,2025-05-17,2025H1,post_rap_project_start,1,0,,,0,,,0,,
209139,2024-12-17,2024H2,post_rap_project_start,1,1,0.000000,0,0,,,0,,
209796,2024-10-24,2024H2,post_rap_project_start,1,1,0.000000,0,0,,,0,,
210453,2024-07-02,2024H2,pre_rap_project_start,0,1,0.000000,0,0,,,0,,
211447,2024-11-11,2024H2,post_rap_project_start,1,1,0.200000,1,0,,,0,,
211452,2024-11-11,2024H2,post_rap_project_start,1,1,0.000000,0,0,,,0,,
211468,2024-11-25,2024H2,post_rap_project_start,1,1,0.000000,0,0,,,0,,
211475,2024-10-29,2024H2,post_rap_project_start,1,1,1.000000,1,0,,,0,,
211772,2024-10-03,2024H2,post_rap_project_start,1,1,3.000000,1,0,,,0,,
211786,2024-11-07,2024H2,post_rap_project_start,1,1,0.000000,0,0,,,0,,
212437,2024-10-03,2024H2,post_rap_project_start,1,1,0.000000,0,0,,,0,,
212767,2024-05-15,2024H1,pre_rap_project_start,0,1,0.000000,0,1,0.000000,0,0,,
213095,2025-01-09,2025H1,post_rap_project_start,1,0,,,0,,,0,,
213421,2024-12-04,2024H2,post_rap_project_start,1,1,0.000000,0,0,,,0,,
213450,2024-10-08,2024H2,post_rap_project_start,1,1,0.000000,0,0,,,0,,
213770,2025-03-06,2025H1,post_rap_project_start,1,0,,,0,,,0,,
213789,2024-04-30,2024H1,pre_rap_project_start,0,1,0.000000,0,1,0.000000,0,0,,
214427,2024-10-10,2024H2,post_rap_project_start,1,1,0.000000,0,0,,,0,,
215419,2025-02-05,2025H1,post_rap_project_start,1,0,,,0,,,0,,
215435,2025-03-07,2025H1,post_rap_project_start,1,0,,,0,,,0,,
215731,2025-06-06,2025H1,post_rap_project_start,1,0,,,0,,,0,,
216062,2024-10-03,2024H2,post_rap_project_start,1,1,0.000000,0,0,,,0,,
216397,2025-01-03,2025H1,post_rap_project_start,1,0,,,0,,,0,,
217054,2024-10-30,2024H2,post_rap_project_start,1,1,0.000000,0,0,,,0,,
217390,2024-10-15,2024H2,post_rap_project_start,1,1,0.000000,0,0,,,0,,
217716,2024-10-10,2024H2,post_rap_project_start,1,1,0.000000,0,0,,,0,,
217728,2025-03-25,2025H1,post_rap_project_start,1,0,,,0,,,0,,
217744,2025-07-29,2025H2,post_rap_project_start,1,0,,,0,,,0,,
217763,2025-01-09,2025H1,post_rap_project_start,1,0,,,0,,,0,,
217771,2024-12-04,2024H2,post_rap_project_start,1,1,0.000000,0,0,,,0,,
217792,2024-11-27,2024H2,post_rap_project_start,1,1,1.000000,1,0,,,0,,
217802,2024-05-01,2024H1,pre_rap_project_start,0,1,0.000000,0,1,0.000000,0,0,,
217818,2024-11-07,2024H2,post_rap_project_start,1,1,0.000000,0,0,,,0,,
217841,2024-10-10,2024H2,post_rap_project_start,1,1,0.000000,0,0,,,0,,
217856,2024-10-15,2024H2,post_rap_project_start,1,1,0.000000,0,0,,,0,,
218074,2024-11-26,2024H2,post_rap_project_start,1,1,0.000000,0,0,,,0,,
218088,2024-05-08,2024H1,pre_rap_project_start,0,1,0.000000,0,1,0.000000,0,0,,
218100,2024-11-12,2024H2,post_rap_project_start,1,1,0.000000,0,0,,,0,,
218128,2025-05-15,2025H1,post_rap_project_start,1,0,,,0,,,0,,
218137,2024-11-27,2024H2,post_rap_project_start,1,1,0.000000,0,0,,,0,,
218723,2025-01-15,2025H1,post_rap_project_start,1,0,,,0,,,0,,
220028,2025-02-04,2025H1,post_rap_project_start,1,0,,,0,,,0,,
220351,2024-10-30,2024H2,post_rap_project_start,1,1,0.000000,0,0,,,0,,
220689,2024-04-30,2024H1,pre_rap_project_start,0,1,0.000000,0,1,0.000000,0,0,,
220691,2025-05-09,2025H1,post_rap_project_start,1,0,,,0,,,0,,
220720,2025-02-04,2025H1,post_rap_project_start,1,0,,,0,,,0,,
220731,2024-11-12,2024H2,post_rap_project_start,1,1,0.000000,0,0,,,0,,
220754,2024-11-11,2024H2,post_rap_project_start,1,1,0.000000,0,0,,,0,,
220765,2024-10-10,2024H2,post_rap_project_start,1,1,0.000000,0,0,,,0,,
221017,2025-02-04,2025H1,post_rap_project_start,1,0,,,0,,,0,,
221671,2024-10-15,2024H2,post_rap_project_start,1,1,0.500000,1,0,,,0,,
221685,2024-05-08,2024H1,pre_rap_project_start,0,1,0.000000,0,1,0.000000,0,0,,
221713,2024-10-21,2024H2,post_rap_project_start,1,1,0.000000,0,0,,,0,,
221732,2024-10-08,2024H2,post_rap_project_start,1,1,0.000000,0,0,,,0,,
221745,2025-01-29,2025H1,post_rap_project_start,1,0,,,0,,,0,,
222008,2024-11-04,2024H2,post_rap_project_start,1,1,0.000000,0,0,,,0,,
222012,2024-10-15,2024H2,post_rap_project_start,1,1,0.000000,0,0,,,0,,
223660,2024-10-03,2024H2,post_rap_project_start,1,1,0.000000,0,0,,,0,,
224336,2024-10-08,2024H2,post_rap_project_start,1,1,0.000000,0,0,,,0,,
224651,2024-12-04,2024H2,post_rap_project_start,1,1,0.000000,0,0,,,0,,
225316,2025-04-02,2025H1,post_rap_project_start,1,0,,,0,,,0,,
225634,2025-04-23,2025H1,post_rap_project_start,1,0,,,0,,,0,,
225964,2024-05-09,2024H1,pre_rap_project_start,0,1,0.000000,0,1,0.000000,0,0,,
225972,2024-10-03,2024H2,post_rap_project_start,1,1,0.000000,0,0,,,0,,
226006,2024-10-03,2024H2,post_rap_project_start,1,1,0.000000,0,0,,,0,,
226010,2024-10-08,2024H2,post_rap_project_start,1,1,0.000000,0,0,,,0,,
226023,2025-07-25,2025H2,post_rap_project_start,1,0,,,0,,,0,,
226291,2024-10-30,2024H2,post_rap_project_start,1,1,0.000000,0,0,,,0,,
226624,2025-08-19,2025H2,post_rap_project_start,1,0,,,0,,,0,,
226956,2024-11-01,2024H2,post_rap_project_start,1,1,0.000000,0,0,,,0,,
227617,2024-11-27,2024H2,post_rap_project_start,1,1,0.000000,0,0,,,0,,
227947,2024-10-30,2024H2,post_rap_project_start,1,1,3.000000,1,0,,,0,,
228271,2024-10-04,2024H2,post_rap_project_start,1,1,0.000000,0,0,,,0,,
228285,2025-07-25,2025H2,post_rap_project_start,1,0,,,0,,,0,,
228292,2024-10-08,2024H2,post_rap_project_start,1,1,0.000000,0,0,,,0,,
228302,2024-12-09,2024H2,post_rap_project_start,1,1,0.000000,0,0,,,0,,
228325,2024-06-18,2024H1,pre_rap_project_start,0,1,0.000000,0,1,0.000000,0,0,,
228974,2024-06-18,2024H1,pre_rap_project_start,0,1,0.000000,0,1,0.000000,0,0,,
229920,2024-10-30,2024H2,post_rap_project_start,1,1,0.000000,0,0,,,0,,
230583,2024-10-30,2024H2,post_rap_project_start,1,1,0.000000,0,0,,,0,,
231240,2025-04-18,2025H1,post_rap_project_start,1,0,,,0,,,0,,
232231,2025-08-19,2025H2,post_rap_project_start,1,0,,,0,,,0,,
232895,2024-10-30,2024H2,post_rap_project_start,1,1,0.000000,0,0,,,0,,
233227,2024-11-27,2024H2,post_rap_project_start,1,1,0.000000,0,0,,,0,,
233236,2024-10-23,2024H2,post_rap_project_start,1,1,0.000000,0,0,,,0,,
233551,2024-10-15,2024H2,post_rap_project_start,1,1,0.000000,0,0,,,0,,
233885,2025-01-03,2025H1,post_rap_project_start,1,0,,,0,,,0,,
234211,2024-12-04,2024H2,post_rap_project_start,1,1,0.000000,0,0,,,0,,
234540,2024-10-23,2024H2,post_rap_project_start,1,1,0.000000,0,0,,,0,,
235206,2024-11-27,2024H2,post_rap_project_start,1,1,0.000000,0,0,,,0,,
235537,2024-10-03,2024H2,post_rap_project_start,1,1,0.000000,0,0,,,0,,
236527,2025-02-28,2025H1,post_rap_project_start,1,0,,,0,,,0,,
236850,2025-06-16,2025H1,post_rap_project_start,1,0,,,0,,,0,,
237198,2024-11-27,2024H2,post_rap_project_start,1,1,0.000000,0,0,,,0,,
238503,2024-10-30,2024H2,post_rap_project_start,1,1,0.000000,0,0,,,0,,
238831,2025-01-09,2025H1,post_rap_project_start,1,0,,,0,,,0,,
239509,2024-11-21,2024H2,post_rap_project_start,1,1,0.000000,0,0,,,0,,
239827,2025-05-27,2025H1,post_rap_project_start,1,0,,,0,,,0,,
240151,2024-10-08,2024H2,post_rap_project_start,1,1,0.000000,0,0,,,0,,
240167,2025-06-12,2025H1,post_rap_project_start,1,0,,,0,,,0,,
240179,2025-02-13,2025H1,post_rap_project_start,1,0,,,0,,,0,,
240198,2025-06-26,2025H1,post_rap_project_start,1,0,,,0,,,0,,
240506,2024-11-04,2024H2,post_rap_project_start,1,1,0.000000,0,0,,,0,,
240510,2024-05-08,2024H1,pre_rap_project_start,0,1,0.000000,0,1,2.000000,1,0,,
240523,2024-12-17,2024H2,post_rap_project_start,1,1,0.000000,0,0,,,0,,
240547,2024-12-04,2024H2,post_rap_project_start,1,1,0.000000,0,0,,,0,,
240552,2024-10-03,2024H2,post_rap_project_start,1,1,0.000000,0,0,,,0,,
240568,2025-05-27,2025H1,post_rap_project_start,1,0,,,0,,,0,,
240581,2024-05-08,2024H1,pre_rap_project_start,0,1,0.000000,0,1,0.000000,0,0,,
240599,2024-10-03,2024H2,post_rap_project_start,1,1,0.000000,0,0,,,0,,
240608,2024-10-25,2024H2,post_rap_project_start,1,1,0.000000,0,0,,,0,,
240620,2025-02-13,2025H1,post_rap_project_start,1,0,,,0,,,0,,
240631,2025-06-09,2025H1,post_rap_project_start,1,0,,,0,,,0,,
240649,2025-12-18,2025H2,post_rap_project_start,1,0,,,0,,,0,,
240704,2024-10-03,2024H2,post_rap_project_start,1,1,0.000000,0,0,,,0,,
240715,2024-11-25,2024H2,post_rap_project_start,1,1,0.000000,0,0,,,0,,
240762,2024-10-16,2024H2,post_rap_project_start,1,1,1.000000,1,0,,,0,,
240770,2025-11-28,2025H2,post_rap_project_start,1,0,,,0,,,0,,
240789,2024-10-30,2024H2,post_rap_project_start,1,1,0.000000,0,0,,,0,,
240791,2025-08-26,2025H2,post_rap_project_start,1,0,,,0,,,0,,
240801,2024-10-23,2024H2,post_rap_project_start,1,1,0.000000,0,0,,,0,,
241477,2024-12-17,2024H2,post_rap_project_start,1,1,0.000000,0,0,,,0,,
241483,2024-10-15,2024H2,post_rap_project_start,1,1,0.000000,0,0,,,0,,
241800,2024-12-05,2024H2,post_rap_project_start,1,1,0.000000,0,0,,,0,,
241816,2024-11-26,2024H2,post_rap_project_start,1,1,0.000000,0,0,,,0,,
242138,2026-01-05,2026H1,post_rap_project_start,1,0,,,0,,,0,,
242460,2024-06-18,2024H1,pre_rap_project_start,0,1,0.000000,0,1,0.000000,0,0,,
242473,2024-10-03,2024H2,post_rap_project_start,1,1,0.000000,0,0,,,0,,
242487,2025-03-10,2025H1,post_rap_project_start,1,0,,,0,,,0,,
242500,2024-10-30,2024H2,post_rap_project_start,1,1,1.000000,1,0,,,0,,
242544,2025-01-30,2025H1,post_rap_project_start,1,0,,,0,,,0,,
242563,2024-11-11,2024H2,post_rap_project_start,1,1,0.000000,0,0,,,0,,
243130,2024-10-15,2024H2,post_rap_project_start,1,1,0.000000,0,0,,,0,,
243153,2025-04-25,2025H1,post_rap_project_start,1,0,,,0,,,0,,
243452,2025-04-17,2025H1,post_rap_project_start,1,0,,,0,,,0,,
244116,2025-04-02,2025H1,post_rap_project_start,1,0,,,0,,,0,,
245437,2024-12-17,2024H2,post_rap_project_start,1,1,0.000000,0,0,,,0,,
246093,2024-11-11,2024H2,post_rap_project_start,1,1,0.000000,0,0,,,0,,
246750,2025-02-04,2025H1,post_rap_project_start,1,0,,,0,,,0,,
246766,2024-10-23,2024H2,post_rap_project_start,1,1,0.000000,0,0,,,0,,
247741,2024-10-15,2024H2,post_rap_project_start,1,1,0.000000,0,0,,,0,,
248403,2024-10-22,2024H2,post_rap_project_start,1,1,0.000000,0,0,,,0,,
248731,2025-06-30,2025H1,post_rap_project_start,1,0,,,0,,,0,,
249065,2024-10-30,2024H2,post_rap_project_start,1,1,0.000000,0,0,,,0,,
249728,2024-10-09,2024H2,post_rap_project_start,1,1,1.000000,1,0,,,0,,
250388,2024-10-23,2024H2,post_rap_project_start,1,1,0.000000,0,0,,,0,,
251704,2025-01-30,2025H1,post_rap_project_start,1,0,,,0,,,0,,
252708,2024-12-11,2024H2,post_rap_project_start,1,1,0.000000,0,0,,,0,,
253681,2024-10-30,2024H2,post_rap_project_start,1,1,0.000000,0,0,,,0,,
254345,2024-10-03,2024H2,post_rap_project_start,1,1,0.000000,0,0,,,0,,
254674,2025-06-27,2025H1,post_rap_project_start,1,0,,,0,,,0,,
255331,2024-10-08,2024H2,post_rap_project_start,1,1,0.000000,0,0,,,0,,
256056,2024-11-11,2024H2,post_rap_project_start,1,1,0.000000,0,0,,,0,,
256324,2025-09-15,2025H2,post_rap_project_start,1,0,,,0,,,0,,
256655,2024-10-30,2024H2,post_rap_project_start,1,1,0.000000,0,0,,,0,,
258306,2024-10-03,2024H2,post_rap_project_start,1,1,0.000000,0,0,,,0,,
258637,2024-11-11,2024H2,post_rap_project_start,1,1,0.000000,0,0,,,0,,
258644,2025-08-19,2025H2,post_rap_project_start,1,0,,,0,,,0,,
260281,2025-09-10,2025H2,post_rap_project_start,1,0,,,0,,,0,,
260619,2025-01-09,2025H1,post_rap_project_start,1,0,,,0,,,0,,
260949,2025-01-09,2025H1,post_rap_project_start,1,0,,,0,,,0,,
261604,2025-01-09,2025H1,post_rap_project_start,1,0,,,0,,,0,,
262263,2025-08-05,2025H2,post_rap_project_start,1,0,,,0,,,0,,
262612,2024-10-10,2024H2,post_rap_project_start,1,1,2.000000,1,0,,,0,,
262935,2025-01-13,2025H1,post_rap_project_start,1,0,,,0,,,0,,
263250,2024-12-17,2024H2,post_rap_project_start,1,1,0.000000,0,0,,,0,,
263588,2024-10-03,2024H2,post_rap_project_start,1,1,0.000000,0,0,,,0,,
263910,2024-11-07,2024H2,post_rap_project_start,1,1,0.000000,0,0,,,0,,
264240,2024-10-30,2024H2,post_rap_project_start,1,1,0.000000,0,0,,,0,,
264576,2025-05-20,2025H1,post_rap_project_start,1,0,,,0,,,0,,
265890,2025-06-17,2025H1,post_rap_project_start,1,0,,,0,,,0,,
266550,2024-11-27,2024H2,post_rap_project_start,1,1,0.000000,0,0,,,0,,
266889,2024-10-25,2024H2,post_rap_project_start,1,1,0.000000,0,0,,,0,,
266891,2025-05-26,2025H1,post_rap_project_start,1,0,,,0,,,0,,
267212,2025-02-04,2025H1,post_rap_project_start,1,0,,,0,,,0,,
268533,2025-04-23,2025H1,post_rap_project_start,1,0,,,0,,,0,,
268863,2024-12-04,2024H2,post_rap_project_start,1,1,0.000000,0,0,,,0,,
269527,2025-05-30,2025H1,post_rap_project_start,1,0,,,0,,,0,,
270189,2024-10-15,2024H2,post_rap_project_start,1,1,0.000000,0,0,,,0,,
270849,2025-07-22,2025H2,post_rap_project_start,1,0,,,0,,,0,,
271171,2024-10-03,2024H2,post_rap_project_start,1,1,0.000000,0,0,,,0,,
272165,2024-10-22,2024H2,post_rap_project_start,1,1,0.000000,0,0,,,0,,
272827,2024-10-30,2024H2,post_rap_project_start,1,1,0.000000,0,0,,,0,,
273156,2024-10-29,2024H2,post_rap_project_start,1,1,0.000000,0,0,,,0,,
273810,2024-10-30,2024H2,post_rap_project_start,1,1,0.000000,0,0,,,0,,
274816,2024-12-17,2024H2,post_rap_project_start,1,1,0.000000,0,0,,,0,,
276123,2025-05-27,2025H1,post_rap_project_start,1,0,,,0,,,0,,
276785,2024-12-18,2024H2,post_rap_project_start,1,1,0.000000,0,0,,,0,,
276802,2024-12-19,2024H2,post_rap_project_start,1,1,0.000000,0,0,,,0,,
276825,2024-11-27,2024H2,post_rap_project_start,1,1,0.000000,0,0,,,0,,
277441,2024-10-28,2024H2,post_rap_project_start,1,1,0.000000,0,0,,,0,,
278107,2025-05-10,2025H1,post_rap_project_start,1,0,,,0,,,0,,
278764,2024-10-29,2024H2,post_rap_project_start,1,1,0.000000,0,0,,,0,,
280090,2024-11-11,2024H2,post_rap_project_start,1,1,0.000000,0,0,,,0,,
280100,2024-11-07,2024H2,post_rap_project_start,1,1,0.000000,0,0,,,0,,
280417,2024-10-25,2024H2,post_rap_project_start,1,1,1.000000,1,0,,,0,,
280752,2024-11-05,2024H2,post_rap_project_start,1,1,0.000000,0,0,,,0,,
281070,2024-11-27,2024H2,post_rap_project_start,1,1,0.000000,0,0,,,0,,
281730,2024-10-22,2024H2,post_rap_project_start,1,1,0.000000,0,0,,,0,,
282068,2025-02-04,2025H1,post_rap_project_start,1,0,,,0,,,0,,
282735,2025-07-25,2025H2,post_rap_project_start,1,0,,,0,,,0,,
282742,2024-10-29,2024H2,post_rap_project_start,1,1,0.000000,0,0,,,0,,
282757,2025-04-23,2025H1,post_rap_project_start,1,0,,,0,,,0,,
283055,2024-11-05,2024H2,post_rap_project_start,1,1,2.000000,1,0,,,0,,
283713,2024-10-30,2024H2,post_rap_project_start,1,1,0.000000,0,0,,,0,,
283721,2024-12-02,2024H2,post_rap_project_start,1,1,0.000000,0,0,,,0,,
284053,2024-12-17,2024H2,post_rap_project_start,1,1,0.000000,0,0,,,0,,
284704,2025-02-04,2025H1,post_rap_project_start,1,0,,,0,,,0,,
285049,2024-11-05,2024H2,post_rap_project_start,1,1,0.000000,0,0,,,0,,
285361,2025-04-05,2025H1,post_rap_project_start,1,0,,,0,,,0,,
285388,2024-10-21,2024H2,post_rap_project_start,1,1,1.000000,1,0,,,0,,
285697,2024-10-23,2024H2,post_rap_project_start,1,1,1.000000,1,0,,,0,,
286358,2024-10-30,2024H2,post_rap_project_start,1,1,0.000000,0,0,,,0,,
287346,2024-12-23,2024H2,post_rap_project_start,1,1,0.000000,0,0,,,0,,
287670,2024-12-18,2024H2,post_rap_project_start,1,1,0.000000,0,0,,,0,,
289324,2024-12-04,2024H2,post_rap_project_start,1,1,0.000000,0,0,,,0,,
289664,2025-02-04,2025H1,post_rap_project_start,1,0,,,0,,,0,,
290317,2025-01-30,2025H1,post_rap_project_start,1,0,,,0,,,0,,
290648,2024-11-05,2024H2,post_rap_project_start,1,1,0.000000,0,0,,,0,,
291300,2024-11-11,2024H2,post_rap_project_start,1,1,0.000000,0,0,,,0,,
291634,2024-11-05,2024H2,post_rap_project_start,1,1,0.000000,0,0,,,0,,
292298,2024-12-12,2024H2,post_rap_project_start,1,1,0.000000,0,0,,,0,,
292625,2025-05-26,2025H1,post_rap_project_start,1,0,,,0,,,0,,
292953,2025-06-09,2025H1,post_rap_project_start,1,0,,,0,,,0,,
293286,2025-09-02,2025H2,post_rap_project_start,1,0,,,0,,,0,,
293613,2024-10-23,2024H2,post_rap_project_start,1,1,0.000000,0,0,,,0,,
293943,2024-11-27,2024H2,post_rap_project_start,1,1,0.000000,0,0,,,0,,
294284,2025-01-09,2025H1,post_rap_project_start,1,0,,,0,,,0,,
294601,2025-12-08,2025H2,post_rap_project_start,1,0,,,0,,,0,,
294934,2024-11-15,2024H2,post_rap_project_start,1,1,0.000000,0,0,,,0,,
295265,2025-05-27,2025H1,post_rap_project_start,1,0,,,0,,,0,,
295277,2025-04-17,2025H1,post_rap_project_start,1,0,,,0,,,0,,
295922,2025-01-09,2025H1,post_rap_project_start,1,0,,,0,,,0,,
296586,2024-10-25,2024H2,post_rap_project_start,1,1,0.000000,0,0,,,0,,
297900,2024-11-07,2024H2,post_rap_project_start,1,1,0.000000,0,0,,,0,,
298563,2024-10-30,2024H2,post_rap_project_start,1,1,0.000000,0,0,,,0,,
299228,2025-06-03,2025H1,post_rap_project_start,1,0,,,0,,,0,,
299552,2025-05-14,2025H1,post_rap_project_start,1,0,,,0,,,0,,
300210,2024-11-27,2024H2,post_rap_project_start,1,1,0.000000,0,0,,,0,,
300879,2024-11-11,2024H2,post_rap_project_start,1,1,1.000000,1,0,,,0,,
300880,2024-11-27,2024H2,post_rap_project_start,1,1,0.000000,0,0,,,0,,
300908,2024-11-27,2024H2,post_rap_project_start,1,1,2.000000,1,0,,,0,,
301868,2024-10-24,2024H2,post_rap_project_start,1,1,0.000000,0,0,,,0,,
301899,2025-05-14,2025H1,post_rap_project_start,1,0,,,0,,,0,,
302523,2025-02-04,2025H1,post_rap_project_start,1,0,,,0,,,0,,
303189,2024-12-13,2024H2,post_rap_project_start,1,1,0.000000,0,0,,,0,,
303535,2025-02-21,2025H1,post_rap_project_start,1,0,,,0,,,0,,
303557,2025-05-12,2025H1,post_rap_project_start,1,0,,,0,,,0,,
303574,2025-02-04,2025H1,post_rap_project_start,1,0,,,0,,,0,,
303590,2025-05-02,2025H1,post_rap_project_start,1,0,,,0,,,0,,
303849,2025-01-22,2025H1,post_rap_project_start,1,0,,,0,,,0,,
304181,2025-05-28,2025H1,post_rap_project_start,1,0,,,0,,,0,,
304507,2025-05-07,2025H1,post_rap_project_start,1,0,,,0,,,0,,
304839,2025-09-02,2025H2,post_rap_project_start,1,0,,,0,,,0,,
304841,2024-10-04,2024H2,post_rap_project_start,1,1,0.000000,0,0,,,0,,
305169,2025-01-20,2025H1,post_rap_project_start,1,0,,,0,,,0,,
305176,2024-12-06,2024H2,post_rap_project_start,1,1,0.000000,0,0,,,0,,
306815,2024-11-28,2024H2,post_rap_project_start,1,1,0.000000,0,0,,,0,,
308132,2026-01-26,2026H1,post_rap_project_start,1,0,,,0,,,0,,
309781,2025-01-09,2025H1,post_rap_project_start,1,0,,,0,,,0,,
310110,2024-11-05,2024H2,post_rap_project_start,1,1,0.000000,0,0,,,0,,
310446,2025-04-10,2025H1,post_rap_project_start,1,0,,,0,,,0,,
310771,2024-12-11,2024H2,post_rap_project_start,1,1,0.000000,0,0,,,0,,
312092,2024-11-11,2024H2,post_rap_project_start,1,1,0.000000,0,0,,,0,,
312426,2025-01-07,2025H1,post_rap_project_start,1,0,,,0,,,0,,
313411,2024-11-25,2024H2,post_rap_project_start,1,1,0.000000,0,0,,,0,,
313741,2024-10-17,2024H2,post_rap_project_start,1,1,0.000000,0,0,,,0,,
314070,2024-12-03,2024H2,post_rap_project_start,1,1,0.000000,0,0,,,0,,
314402,2024-11-11,2024H2,post_rap_project_start,1,1,0.000000,0,0,,,0,,
314730,2025-01-09,2025H1,post_rap_project_start,1,0,,,0,,,0,,
315074,2025-01-09,2025H1,post_rap_project_start,1,0,,,0,,,0,,
316056,2025-04-14,2025H1,post_rap_project_start,1,0,,,0,,,0,,
316382,2025-03-05,2025H1,post_rap_project_start,1,0,,,0,,,0,,
317372,2024-12-18,2024H2,post_rap_project_start,1,1,0.000000,0,0,,,0,,
317703,2024-11-20,2024H2,post_rap_project_start,1,1,0.000000,0,0,,,0,,
318692,2025-04-14,2025H1,post_rap_project_start,1,0,,,0,,,0,,
319358,2025-02-04,2025H1,post_rap_project_start,1,0,,,0,,,0,,
319680,2024-12-20,2024H2,post_rap_project_start,1,1,0.000000,0,0,,,0,,
320019,2024-11-29,2024H2,post_rap_project_start,1,1,0.000000,0,0,,,0,,
320349,2025-01-09,2025H1,post_rap_project_start,1,0,,,0,,,0,,
321004,2025-01-22,2025H1,post_rap_project_start,1,0,,,0,,,0,,
322987,2024-11-12,2024H2,post_rap_project_start,1,1,0.000000,0,0,,,0,,
323310,2025-02-07,2025H1,post_rap_project_start,1,0,,,0,,,0,,
323644,2024-11-11,2024H2,post_rap_project_start,1,1,0.000000,0,0,,,0,,
324302,2024-11-27,2024H2,post_rap_project_start,1,1,0.000000,0,0,,,0,,
324631,2024-12-17,2024H2,post_rap_project_start,1,1,0.000000,0,0,,,0,,
326287,2025-08-28,2025H2,post_rap_project_start,1,0,,,0,,,0,,
327276,2025-03-25,2025H1,post_rap_project_start,1,0,,,0,,,0,,
327932,2025-09-18,2025H2,post_rap_project_start,1,0,,,0,,,0,,
328929,2024-12-16,2024H2,post_rap_project_start,1,1,0.000000,0,0,,,0,,
329250,2025-02-04,2025H1,post_rap_project_start,1,0,,,0,,,0,,
329588,2025-06-24,2025H1,post_rap_project_start,1,0,,,0,,,0,,
329910,2025-02-04,2025H1,post_rap_project_start,1,0,,,0,,,0,,
330244,2024-10-30,2024H2,post_rap_project_start,1,1,0.000000,0,0,,,0,,
331567,2024-10-30,2024H2,post_rap_project_start,1,1,0.000000,0,0,,,0,,
332898,2024-12-04,2024H2,post_rap_project_start,1,1,0.000000,0,0,,,0,,
332912,2024-10-15,2024H2,post_rap_project_start,1,1,2.000000,1,0,,,0,,
333218,2025-06-21,2025H1,post_rap_project_start,1,0,,,0,,,0,,
333549,2025-05-14,2025H1,post_rap_project_start,1,0,,,0,,,0,,
333554,2024-11-22,2024H2,post_rap_project_start,1,1,0.000000,0,0,,,0,,
334205,2025-04-30,2025H1,post_rap_project_start,1,0,,,0,,,0,,
335191,2024-11-27,2024H2,post_rap_project_start,1,1,0.500000,1,0,,,0,,
335526,2025-02-04,2025H1,post_rap_project_start,1,0,,,0,,,0,,
335854,2025-01-10,2025H1,post_rap_project_start,1,0,,,0,,,0,,
335865,2025-06-26,2025H1,post_rap_project_start,1,0,,,0,,,0,,
336541,2024-10-04,2024H2,post_rap_project_start,1,1,0.000000,0,0,,,0,,
336848,2024-11-22,2024H2,post_rap_project_start,1,1,0.000000,0,0,,,0,,
337509,2024-11-28,2024H2,post_rap_project_start,1,1,0.000000,0,0,,,0,,
337836,2025-04-25,2025H1,post_rap_project_start,1,0,,,0,,,0,,
338173,2025-02-13,2025H1,post_rap_project_start,1,0,,,0,,,0,,
339480,2024-11-05,2024H2,post_rap_project_start,1,1,0.000000,0,0,,,0,,
340476,2025-10-12,2025H2,post_rap_project_start,1,0,,,0,,,0,,
340804,2025-01-03,2025H1,post_rap_project_start,1,0,,,0,,,0,,
341130,2025-02-14,2025H1,post_rap_project_start,1,0,,,0,,,0,,
341468,2025-03-21,2025H1,post_rap_project_start,1,0,,,0,,,0,,
341475,2025-04-25,2025H1,post_rap_project_start,1,0,,,0,,,0,,
343445,2024-10-07,2024H2,post_rap_project_start,1,1,0.000000,0,0,,,0,,
343478,2025-07-29,2025H2,post_rap_project_start,1,0,,,0,,,0,,
344766,2025-01-09,2025H1,post_rap_project_start,1,0,,,0,,,0,,
345426,2024-10-04,2024H2,post_rap_project_start,1,1,0.000000,0,0,,,0,,
345754,2025-03-21,2025H1,post_rap_project_start,1,0,,,0,,,0,,
346418,2025-04-25,2025H1,post_rap_project_start,1,0,,,0,,,0,,
346753,2024-11-11,2024H2,post_rap_project_start,1,1,0.000000,0,0,,,0,,
347405,2024-11-25,2024H2,post_rap_project_start,1,1,0.000000,0,0,,,0,,
348061,2025-01-21,2025H1,post_rap_project_start,1,0,,,0,,,0,,
349052,2024-11-28,2024H2,post_rap_project_start,1,1,0.000000,0,0,,,0,,
349386,2024-12-11,2024H2,post_rap_project_start,1,1,0.000000,0,0,,,0,,
349719,2025-06-10,2025H1,post_rap_project_start,1,0,,,0,,,0,,
351033,2024-10-29,2024H2,post_rap_project_start,1,1,0.000000,0,0,,,0,,
351363,2025-05-23,2025H1,post_rap_project_start,1,0,,,0,,,0,,
351718,2024-10-29,2024H2,post_rap_project_start,1,1,0.000000,0,0,,,0,,
352035,2025-03-21,2025H1,post_rap_project_start,1,0,,,0,,,0,,
352687,2025-01-29,2025H1,post_rap_project_start,1,0,,,0,,,0,,
353684,2025-07-04,2025H2,post_rap_project_start,1,0,,,0,,,0,,
354002,2024-12-10,2024H2,post_rap_project_start,1,1,0.000000,0,0,,,0,,
354369,2025-04-28,2025H1,post_rap_project_start,1,0,,,0,,,0,,
354672,2025-06-03,2025H1,post_rap_project_start,1,0,,,0,,,0,,
354686,2024-11-14,2024H2,post_rap_project_start,1,1,0.000000,0,0,,,0,,
354999,2024-11-01,2024H2,post_rap_project_start,1,1,0.000000,0,0,,,0,,
356978,2024-10-08,2024H2,post_rap_project_start,1,1,0.000000,0,0,,,0,,
357304,2024-12-18,2024H2,post_rap_project_start,1,1,0.000000,0,0,,,0,,
357633,2025-02-04,2025H1,post_rap_project_start,1,0,,,0,,,0,,
357646,2025-01-09,2025H1,post_rap_project_start,1,0,,,0,,,0,,
358299,2024-10-28,2024H2,post_rap_project_start,1,1,0.000000,0,0,,,0,,
358626,2025-03-11,2025H1,post_rap_project_start,1,0,,,0,,,0,,
359942,2024-10-08,2024H2,post_rap_project_start,1,1,0.000000,0,0,,,0,,
360278,2025-11-19,2025H2,post_rap_project_start,1,0,,,0,,,0,,
360601,2026-01-30,2026H1,post_rap_project_start,1,0,,,0,,,0,,
360934,2024-10-28,2024H2,post_rap_project_start,1,1,0.000000,0,0,,,0,,
362584,2025-04-30,2025H1,post_rap_project_start,1,0,,,0,,,0,,
362917,2024-10-28,2024H2,post_rap_project_start,1,1,0.000000,0,0,,,0,,
363248,2024-10-24,2024H2,post_rap_project_start,1,1,0.000000,0,0,,,0,,
363586,2025-03-21,2025H1,post_rap_project_start,1,0,,,0,,,0,,
363909,2025-04-25,2025H1,post_rap_project_start,1,0,,,0,,,0,,
364567,2025-09-03,2025H2,post_rap_project_start,1,0,,,0,,,0,,
366217,2024-11-05,2024H2,post_rap_project_start,1,1,0.000000,0,0,,,0,,
366548,2024-11-22,2024H2,post_rap_project_start,1,1,0.000000,0,0,,,0,,
367867,2025-01-03,2025H1,post_rap_project_start,1,0,,,0,,,0,,
368520,2025-01-22,2025H1,post_rap_project_start,1,0,,,0,,,0,,
369848,2025-05-04,2025H1,post_rap_project_start,1,0,,,0,,,0,,
370173,2024-12-16,2024H2,post_rap_project_start,1,1,0.000000,0,0,,,0,,
370501,2025-05-12,2025H1,post_rap_project_start,1,0,,,0,,,0,,
371161,2024-10-07,2024H2,post_rap_project_start,1,1,0.000000,0,0,,,0,,
371491,2025-07-04,2025H2,post_rap_project_start,1,0,,,0,,,0,,
371824,2025-02-26,2025H1,post_rap_project_start,1,0,,,0,,,0,,
372152,2024-10-29,2024H2,post_rap_project_start,1,1,0.000000,0,0,,,0,,
372175,2024-11-28,2024H2,post_rap_project_start,1,1,0.000000,0,0,,,0,,
373472,2024-11-05,2024H2,post_rap_project_start,1,1,1.000000,1,0,,,0,,
374130,2025-04-19,2025H1,post_rap_project_start,1,0,,,0,,,0,,
376449,2025-06-20,2025H1,post_rap_project_start,1,0,,,0,,,0,,
376774,2025-03-21,2025H1,post_rap_project_start,1,0,,,0,,,0,,
377437,2024-11-21,2024H2,post_rap_project_start,1,1,0.000000,0,0,,,0,,
378095,2024-10-24,2024H2,post_rap_project_start,1,1,0.000000,0,0,,,0,,
379089,2025-05-04,2025H1,post_rap_project_start,1,0,,,0,,,0,,
379418,2024-10-29,2024H2,post_rap_project_start,1,1,0.000000,0,0,,,0,,
379748,2024-10-23,2024H2,post_rap_project_start,1,1,0.000000,0,0,,,0,,
380404,2024-11-05,2024H2,post_rap_project_start,1,1,0.000000,0,0,,,0,,
381060,2024-10-28,2024H2,post_rap_project_start,1,1,0.000000,0,0,,,0,,
381073,2025-03-24,2025H1,post_rap_project_start,1,0,,,0,,,0,,
383378,2024-12-04,2024H2,post_rap_project_start,1,1,0.000000,0,0,,,0,,
383384,2025-06-20,2025H1,post_rap_project_start,1,0,,,0,,,0,,
384363,2024-10-24,2024H2,post_rap_project_start,1,1,0.000000,0,0,,,0,,
384699,2025-02-04,2025H1,post_rap_project_start,1,0,,,0,,,0,,
387995,2025-01-09,2025H1,post_rap_project_start,1,0,,,0,,,0,,
388326,2024-12-19,2024H2,post_rap_project_start,1,1,0.000000,0,0,,,0,,
388335,2026-02-03,2026H1,post_rap_project_start,1,0,,,0,,,0,,
390304,2024-11-20,2024H2,post_rap_project_start,1,1,0.000000,0,0,,,0,,
391962,2024-11-01,2024H2,post_rap_project_start,1,1,0.000000,0,0,,,0,,
392951,2025-04-09,2025H1,post_rap_project_start,1,0,,,0,,,0,,
393270,2025-05-29,2025H1,post_rap_project_start,1,0,,,0,,,0,,
393607,2025-01-09,2025H1,post_rap_project_start,1,0,,,0,,,0,,
394269,2024-11-08,2024H2,post_rap_project_start,1,1,0.000000,0,0,,,0,,
394593,2025-01-09,2025H1,post_rap_project_start,1,0,,,0,,,0,,
394921,2025-04-25,2025H1,post_rap_project_start,1,0,,,0,,,0,,
395585,2025-10-30,2025H2,post_rap_project_start,1,0,,,0,,,0,,
397568,2025-01-09,2025H1,post_rap_project_start,1,0,,,0,,,0,,
397893,2024-11-27,2024H2,post_rap_project_start,1,1,0.000000,0,0,,,0,,
398221,2024-12-11,2024H2,post_rap_project_start,1,1,0.000000,0,0,,,0,,
398883,2025-01-30,2025H1,post_rap_project_start,1,0,,,0,,,0,,
399545,2025-01-09,2025H1,post_rap_project_start,1,0,,,0,,,0,,
401206,2025-04-17,2025H1,post_rap_project_start,1,0,,,0,,,0,,
401528,2025-07-21,2025H2,post_rap_project_start,1,0,,,0,,,0,,
402184,2024-11-11,2024H2,post_rap_project_start,1,1,0.000000,0,0,,,0,,
403830,2025-03-24,2025H1,post_rap_project_start,1,0,,,0,,,0,,
404497,2024-10-30,2024H2,post_rap_project_start,1,1,0.000000,0,0,,,0,,
405152,2025-01-10,2025H1,post_rap_project_start,1,0,,,0,,,0,,
406148,2025-09-05,2025H2,post_rap_project_start,1,0,,,0,,,0,,
406475,2024-11-29,2024H2,post_rap_project_start,1,1,1.000000,1,0,,,0,,
407461,2024-11-05,2024H2,post_rap_project_start,1,1,0.000000,0,0,,,0,,
408131,2024-12-06,2024H2,post_rap_project_start,1,1,0.000000,0,0,,,0,,
409444,2024-10-23,2024H2,post_rap_project_start,1,1,1.000000,1,0,,,0,,
409779,2025-06-04,2025H1,post_rap_project_start,1,0,,,0,,,0,,
410105,2024-12-03,2024H2,post_rap_project_start,1,1,0.000000,0,0,,,0,,
410432,2024-11-04,2024H2,post_rap_project_start,1,1,0.000000,0,0,,,0,,
411099,2024-11-08,2024H2,post_rap_project_start,1,1,0.000000,0,0,,,0,,
412140,2024-12-12,2024H2,post_rap_project_start,1,1,0.000000,0,0,,,0,,
414061,2025-06-26,2025H1,post_rap_project_start,1,0,,,0,,,0,,
415056,2025-02-04,2025H1,post_rap_project_start,1,0,,,0,,,0,,
415060,2025-02-13,2025H1,post_rap_project_start,1,0,,,0,,,0,,
415382,2025-02-05,2025H1,post_rap_project_start,1,0,,,0,,,0,,
415714,2025-04-13,2025H1,post_rap_project_start,1,0,,,0,,,0,,
416375,2025-04-26,2025H1,post_rap_project_start,1,0,,,0,,,0,,
417033,2024-12-18,2024H2,post_rap_project_start,1,1,0.000000,0,0,,,0,,
417363,2024-11-08,2024H2,post_rap_project_start,1,1,0.000000,0,0,,,0,,
417699,2024-11-13,2024H2,post_rap_project_start,1,1,0.000000,0,0,,,0,,
419012,2024-11-27,2024H2,post_rap_project_start,1,1,0.000000,0,0,,,0,,
419342,2024-10-07,2024H2,post_rap_project_start,1,1,0.000000,0,0,,,0,,
419678,2025-02-04,2025H1,post_rap_project_start,1,0,,,0,,,0,,
420999,2025-08-18,2025H2,post_rap_project_start,1,0,,,0,,,0,,
421320,2024-11-08,2024H2,post_rap_project_start,1,1,0.000000,0,0,,,0,,
421656,2025-03-24,2025H1,post_rap_project_start,1,0,,,0,,,0,,
422316,2024-11-27,2024H2,post_rap_project_start,1,1,0.000000,0,0,,,0,,
422647,2024-11-22,2024H2,post_rap_project_start,1,1,0.000000,0,0,,,0,,
423966,2024-11-01,2024H2,post_rap_project_start,1,1,0.000000,0,0,,,0,,
425612,2024-11-11,2024H2,post_rap_project_start,1,1,1.000000,1,0,,,0,,
425620,2025-04-19,2025H1,post_rap_project_start,1,0,,,0,,,0,,
425942,2025-06-30,2025H1,post_rap_project_start,1,0,,,0,,,0,,
426609,2024-11-12,2024H2,post_rap_project_start,1,1,0.000000,0,0,,,0,,
427592,2025-04-17,2025H1,post_rap_project_start,1,0,,,0,,,0,,
427920,2025-02-14,2025H1,post_rap_project_start,1,0,,,0,,,0,,
428260,2024-10-24,2024H2,post_rap_project_start,1,1,0.000000,0,0,,,0,,
428583,2025-09-25,2025H2,post_rap_project_start,1,0,,,0,,,0,,
429573,2024-12-12,2024H2,post_rap_project_start,1,1,0.000000,0,0,,,0,,
429905,2024-10-25,2024H2,post_rap_project_start,1,1,0.000000,0,0,,,0,,
430236,2024-12-18,2024H2,post_rap_project_start,1,1,0.000000,0,0,,,0,,
430567,2024-11-07,2024H2,post_rap_project_start,1,1,0.000000,0,0,,,0,,
430579,2024-11-11,2024H2,post_rap_project_start,1,1,0.000000,0,0,,,0,,
430892,2025-05-29,2025H1,post_rap_project_start,1,0,,,0,,,0,,
431566,2025-07-30,2025H2,post_rap_project_start,1,0,,,0,,,0,,
432214,2024-12-06,2024H2,post_rap_project_start,1,1,0.000000,0,0,,,0,,
432543,2025-07-03,2025H2,post_rap_project_start,1,0,,,0,,,0,,
433860,2025-07-15,2025H2,post_rap_project_start,1,0,,,0,,,0,,
435848,2025-06-12,2025H1,post_rap_project_start,1,0,,,0,,,0,,
435853,2024-11-18,2024H2,post_rap_project_start,1,1,0.000000,0,0,,,0,,
435869,2025-02-04,2025H1,post_rap_project_start,1,0,,,0,,,0,,
437499,2025-03-24,2025H1,post_rap_project_start,1,0,,,0,,,0,,
437826,2025-03-11,2025H1,post_rap_project_start,1,0,,,0,,,0,,
438487,2025-02-19,2025H1,post_rap_project_start,1,0,,,0,,,0,,
438814,2025-06-26,2025H1,post_rap_project_start,1,0,,,0,,,0,,
440468,2025-06-19,2025H1,post_rap_project_start,1,0,,,0,,,0,,
441451,2024-10-30,2024H2,post_rap_project_start,1,1,0.000000,0,0,,,0,,
442119,2025-06-25,2025H1,post_rap_project_start,1,0,,,0,,,0,,
442458,2025-01-10,2025H1,post_rap_project_start,1,0,,,0,,,0,,
444092,2025-01-23,2025H1,post_rap_project_start,1,0,,,0,,,0,,
444754,2024-11-12,2024H2,post_rap_project_start,1,1,0.000000,0,0,,,0,,
445418,2025-03-04,2025H1,post_rap_project_start,1,0,,,0,,,0,,
445748,2024-11-29,2024H2,post_rap_project_start,1,1,0.000000,0,0,,,0,,
446074,2025-09-28,2025H2,post_rap_project_start,1,0,,,0,,,0,,
446401,2025-03-04,2025H1,post_rap_project_start,1,0,,,0,,,0,,
446734,2024-10-15,2024H2,post_rap_project_start,1,1,0.000000,0,0,,,0,,
447069,2025-05-08,2025H1,post_rap_project_start,1,0,,,0,,,0,,
447727,2025-03-24,2025H1,post_rap_project_start,1,0,,,0,,,0,,
448056,2024-10-30,2024H2,post_rap_project_start,1,1,0.000000,0,0,,,0,,
450699,2025-01-16,2025H1,post_rap_project_start,1,0,,,0,,,0,,
450702,2025-03-11,2025H1,post_rap_project_start,1,0,,,0,,,0,,
450718,2025-09-03,2025H2,post_rap_project_start,1,0,,,0,,,0,,
451358,2025-01-30,2025H1,post_rap_project_start,1,0,,,0,,,0,,
451370,2024-11-28,2024H2,post_rap_project_start,1,1,0.000000,0,0,,,0,,
452018,2024-11-15,2024H2,post_rap_project_start,1,1,1.000000,1,0,,,0,,
453339,2024-12-11,2024H2,post_rap_project_start,1,1,0.000000,0,0,,,0,,
454659,2024-10-22,2024H2,post_rap_project_start,1,1,0.000000,0,0,,,0,,
454980,2025-03-27,2025H1,post_rap_project_start,1,0,,,0,,,0,,
455314,2024-10-30,2024H2,post_rap_project_start,1,1,0.000000,0,0,,,0,,
455643,2024-11-26,2024H2,post_rap_project_start,1,1,0.000000,0,0,,,0,,
456635,2024-11-26,2024H2,post_rap_project_start,1,1,0.000000,0,0,,,0,,
456965,2025-01-10,2025H1,post_rap_project_start,1,0,,,0,,,0,,
456996,2025-03-19,2025H1,post_rap_project_start,1,0,,,0,,,0,,
457621,2024-10-24,2024H2,post_rap_project_start,1,1,1.000000,1,0,,,0,,
457958,2025-05-06,2025H1,post_rap_project_start,1,0,,,0,,,0,,
458618,2024-10-30,2024H2,post_rap_project_start,1,1,1.000000,1,0,,,0,,
459270,2025-01-10,2025H1,post_rap_project_start,1,0,,,0,,,0,,
460265,2025-06-12,2025H1,post_rap_project_start,1,0,,,0,,,0,,
461588,2025-03-11,2025H1,post_rap_project_start,1,0,,,0,,,0,,
461910,2025-04-13,2025H1,post_rap_project_start,1,0,,,0,,,0,,
463234,2024-10-29,2024H2,post_rap_project_start,1,1,0.000000,0,0,,,0,,
465546,2024-11-28,2024H2,post_rap_project_start,1,1,0.000000,0,0,,,0,,
467192,2025-10-10,2025H2,post_rap_project_start,1,0,,,0,,,0,,
467527,2024-12-13,2024H2,post_rap_project_start,1,1,0.000000,0,0,,,0,,
468511,2025-01-03,2025H1,post_rap_project_start,1,0,,,0,,,0,,
468524,2025-02-04,2025H1,post_rap_project_start,1,0,,,0,,,0,,
468841,2025-02-27,2025H1,post_rap_project_start,1,0,,,0,,,0,,
469501,2025-02-04,2025H1,post_rap_project_start,1,0,,,0,,,0,,
470494,2024-10-30,2024H2,post_rap_project_start,1,1,0.000000,0,0,,,0,,
471488,2025-01-10,2025H1,post_rap_project_start,1,0,,,0,,,0,,
472146,2025-03-07,2025H1,post_rap_project_start,1,0,,,0,,,0,,
472151,2024-10-23,2024H2,post_rap_project_start,1,1,0.000000,0,0,,,0,,
472478,2025-11-10,2025H2,post_rap_project_start,1,0,,,0,,,0,,
473136,2024-10-30,2024H2,post_rap_project_start,1,1,0.000000,0,0,,,0,,
473463,2024-11-05,2024H2,post_rap_project_start,1,1,0.000000,0,0,,,0,,
473798,2024-11-01,2024H2,post_rap_project_start,1,1,0.000000,0,0,,,0,,
474792,2025-03-24,2025H1,post_rap_project_start,1,0,,,0,,,0,,
474802,2024-12-06,2024H2,post_rap_project_start,1,1,0.000000,0,0,,,0,,
475111,2025-03-20,2025H1,post_rap_project_start,1,0,,,0,,,0,,
475772,2025-08-05,2025H2,post_rap_project_start,1,0,,,0,,,0,,
475786,2024-11-11,2024H2,post_rap_project_start,1,1,0.000000,0,0,,,0,,
476108,2024-10-23,2024H2,post_rap_project_start,1,1,0.000000,0,0,,,0,,
476430,2024-11-07,2024H2,post_rap_project_start,1,1,0.000000,0,0,,,0,,
476760,2025-02-04,2025H1,post_rap_project_start,1,0,,,0,,,0,,
477093,2025-03-14,2025H1,post_rap_project_start,1,0,,,0,,,0,,
477103,2025-02-13,2025H1,post_rap_project_start,1,0,,,0,,,0,,
477119,2025-02-04,2025H1,post_rap_project_start,1,0,,,0,,,0,,
477126,2024-11-05,2024H2,post_rap_project_start,1,1,0.500000,1,0,,,0,,
477427,2025-05-17,2025H1,post_rap_project_start,1,0,,,0,,,0,,
478081,2025-03-24,2025H1,post_rap_project_start,1,0,,,0,,,0,,
479074,2025-01-08,2025H1,post_rap_project_start,1,0,,,0,,,0,,
479401,2024-12-20,2024H2,post_rap_project_start,1,1,1.000000,1,0,,,0,,
479734,2024-10-18,2024H2,post_rap_project_start,1,1,2.000000,1,0,,,0,,
481713,2025-03-24,2025H1,post_rap_project_start,1,0,,,0,,,0,,
482374,2025-04-10,2025H1,post_rap_project_start,1,0,,,0,,,0,,
482388,2025-06-26,2025H1,post_rap_project_start,1,0,,,0,,,0,,
482390,2024-12-16,2024H2,post_rap_project_start,1,1,0.000000,0,0,,,0,,
482700,2024-12-16,2024H2,post_rap_project_start,1,1,0.000000,0,0,,,0,,
483365,2025-05-23,2025H1,post_rap_project_start,1,0,,,0,,,0,,
485014,2025-03-17,2025H1,post_rap_project_start,1,0,,,0,,,0,,
485675,2024-12-04,2024H2,post_rap_project_start,1,1,0.000000,0,0,,,0,,
486006,2025-08-04,2025H2,post_rap_project_start,1,0,,,0,,,0,,
487655,2025-03-27,2025H1,post_rap_project_start,1,0,,,0,,,0,,
488654,2025-01-10,2025H1,post_rap_project_start,1,0,,,0,,,0,,
489309,2025-02-13,2025H1,post_rap_project_start,1,0,,,0,,,0,,
489635,2024-12-18,2024H2,post_rap_project_start,1,1,0.000000,0,0,,,0,,
489965,2025-06-09,2025H1,post_rap_project_start,1,0,,,0,,,0,,
490293,2025-07-17,2025H2,post_rap_project_start,1,0,,,0,,,0,,
491285,2025-01-02,2025H1,post_rap_project_start,1,0,,,0,,,0,,
491612,2025-03-10,2025H1,post_rap_project_start,1,0,,,0,,,0,,
491942,2025-08-12,2025H2,post_rap_project_start,1,0,,,0,,,0,,
491957,2024-11-12,2024H2,post_rap_project_start,1,1,0.000000,0,0,,,0,,
493261,2025-01-14,2025H1,post_rap_project_start,1,0,,,0,,,0,,
493597,2025-06-30,2025H1,post_rap_project_start,1,0,,,0,,,0,,
493929,2025-01-03,2025H1,post_rap_project_start,1,0,,,0,,,0,,
494252,2026-02-05,2026H1,post_rap_project_start,1,0,,,0,,,0,,
494912,2025-05-02,2025H1,post_rap_project_start,1,0,,,0,,,0,,
494920,2024-12-17,2024H2,post_rap_project_start,1,1,0.000000,0,0,,,0,,
495570,2025-04-01,2025H1,post_rap_project_start,1,0,,,0,,,0,,
495589,2025-02-04,2025H1,post_rap_project_start,1,0,,,0,,,0,,
497567,2024-12-04,2024H2,post_rap_project_start,1,1,0.000000,0,0,,,0,,
498212,2025-06-27,2025H1,post_rap_project_start,1,0,,,0,,,0,,
498876,2025-01-22,2025H1,post_rap_project_start,1,0,,,0,,,0,,
499202,2025-05-14,2025H1,post_rap_project_start,1,0,,,0,,,0,,
500529,2024-12-11,2024H2,post_rap_project_start,1,1,0.000000,0,0,,,0,,
501188,2024-12-09,2024H2,post_rap_project_start,1,1,0.000000,0,0,,,0,,
501518,2025-03-03,2025H1,post_rap_project_start,1,0,,,0,,,0,,
502175,2025-04-18,2025H1,post_rap_project_start,1,0,,,0,,,0,,
503493,2025-07-17,2025H2,post_rap_project_start,1,0,,,0,,,0,,
505149,2024-11-05,2024H2,post_rap_project_start,1,1,0.000000,0,0,,,0,,
506132,2024-11-27,2024H2,post_rap_project_start,1,1,0.000000,0,0,,,0,,
506790,2024-11-25,2024H2,post_rap_project_start,1,1,0.000000,0,0,,,0,,
508770,2025-09-04,2025H2,post_rap_project_start,1,0,,,0,,,0,,
509101,2025-06-13,2025H1,post_rap_project_start,1,0,,,0,,,0,,
509439,2025-06-05,2025H1,post_rap_project_start,1,0,,,0,,,0,,
509769,2025-05-28,2025H1,post_rap_project_start,1,0,,,0,,,0,,
511414,2025-04-14,2025H1,post_rap_project_start,1,0,,,0,,,0,,
511744,2025-03-24,2025H1,post_rap_project_start,1,0,,,0,,,0,,
511759,2025-01-14,2025H1,post_rap_project_start,1,0,,,0,,,0,,
512072,2025-11-25,2025H2,post_rap_project_start,1,0,,,0,,,0,,
515707,2025-05-22,2025H1,post_rap_project_start,1,0,,,0,,,0,,
516365,2025-05-23,2025H1,post_rap_project_start,1,0,,,0,,,0,,
516694,2025-03-29,2025H1,post_rap_project_start,1,0,,,0,,,0,,
517360,2024-12-12,2024H2,post_rap_project_start,1,1,0.000000,0,0,,,0,,
518018,2024-10-30,2024H2,post_rap_project_start,1,1,0.000000,0,0,,,0,,
518672,2024-12-04,2024H2,post_rap_project_start,1,1,0.000000,0,0,,,0,,
519005,2025-05-26,2025H1,post_rap_project_start,1,0,,,0,,,0,,
519993,2025-05-27,2025H1,post_rap_project_start,1,0,,,0,,,0,,
520321,2025-08-19,2025H2,post_rap_project_start,1,0,,,0,,,0,,
520983,2025-02-04,2025H1,post_rap_project_start,1,0,,,0,,,0,,
521978,2025-01-09,2025H1,post_rap_project_start,1,0,,,0,,,0,,
522631,2024-11-05,2024H2,post_rap_project_start,1,1,0.000000,0,0,,,0,,
523056,2025-01-09,2025H1,post_rap_project_start,1,0,,,0,,,0,,
523060,2025-05-29,2025H1,post_rap_project_start,1,0,,,0,,,0,,
523297,2025-05-12,2025H1,post_rap_project_start,1,0,,,0,,,0,,
524293,2025-08-12,2025H2,post_rap_project_start,1,0,,,0,,,0,,
525273,2025-01-02,2025H1,post_rap_project_start,1,0,,,0,,,0,,
525937,2025-11-27,2025H2,post_rap_project_start,1,0,,,0,,,0,,
526261,2025-03-24,2025H1,post_rap_project_start,1,0,,,0,,,0,,
526597,2024-12-13,2024H2,post_rap_project_start,1,1,0.000000,0,0,,,0,,
526929,2025-03-24,2025H1,post_rap_project_start,1,0,,,0,,,0,,
527914,2024-12-17,2024H2,post_rap_project_start,1,1,0.000000,0,0,,,0,,
528243,2024-12-12,2024H2,post_rap_project_start,1,1,0.000000,0,0,,,0,,
528579,2025-03-28,2025H1,post_rap_project_start,1,0,,,0,,,0,,
528902,2025-01-09,2025H1,post_rap_project_start,1,0,,,0,,,0,,
529233,2025-03-18,2025H1,post_rap_project_start,1,0,,,0,,,0,,
529562,2025-03-04,2025H1,post_rap_project_start,1,0,,,0,,,0,,
529897,2025-03-05,2025H1,post_rap_project_start,1,0,,,0,,,0,,
530229,2025-10-03,2025H2,post_rap_project_start,1,0,,,0,,,0,,
530904,2025-02-17,2025H1,post_rap_project_start,1,0,,,0,,,0,,
531216,2025-06-19,2025H1,post_rap_project_start,1,0,,,0,,,0,,
531547,2024-12-04,2024H2,post_rap_project_start,1,1,0.000000,0,0,,,0,,
531599,2026-04-05,2026H1,post_rap_project_start,1,0,,,0,,,0,,
531620,2025-06-12,2025H1,post_rap_project_start,1,0,,,0,,,0,,
531665,2025-05-27,2025H1,post_rap_project_start,1,0,,,0,,,0,,
531683,2025-05-06,2025H1,post_rap_project_start,1,0,,,0,,,0,,
531715,2025-10-14,2025H2,post_rap_project_start,1,0,,,0,,,0,,
531727,2025-06-26,2025H1,post_rap_project_start,1,0,,,0,,,0,,
531736,2025-03-05,2025H1,post_rap_project_start,1,0,,,0,,,0,,
531743,2025-02-05,2025H1,post_rap_project_start,1,0,,,0,,,0,,
531758,2025-06-26,2025H1,post_rap_project_start,1,0,,,0,,,0,,
531801,2025-03-19,2025H1,post_rap_project_start,1,0,,,0,,,0,,
531817,2025-05-14,2025H1,post_rap_project_start,1,0,,,0,,,0,,
531926,2025-02-04,2025H1,post_rap_project_start,1,0,,,0,,,0,,
531935,2025-06-13,2025H1,post_rap_project_start,1,0,,,0,,,0,,
532207,2025-11-20,2025H2,post_rap_project_start,1,0,,,0,,,0,,
532248,2025-04-20,2025H1,post_rap_project_start,1,0,,,0,,,0,,
532253,2025-04-30,2025H1,post_rap_project_start,1,0,,,0,,,0,,
532282,2025-04-05,2025H1,post_rap_project_start,1,0,,,0,,,0,,
532314,2025-04-05,2025H1,post_rap_project_start,1,0,,,0,,,0,,
532322,2025-04-01,2025H1,post_rap_project_start,1,0,,,0,,,0,,
532333,2024-12-06,2024H2,post_rap_project_start,1,1,1.000000,1,0,,,0,,
532346,2024-12-19,2024H2,post_rap_project_start,1,1,0.000000,0,0,,,0,,
532351,2025-04-05,2025H1,post_rap_project_start,1,0,,,0,,,0,,
532367,2025-05-15,2025H1,post_rap_project_start,1,0,,,0,,,0,,
532380,2025-02-12,2025H1,post_rap_project_start,1,0,,,0,,,0,,
532555,2025-02-04,2025H1,post_rap_project_start,1,0,,,0,,,0,,
532564,2024-12-18,2024H2,post_rap_project_start,1,1,2.000000,1,0,,,0,,
532586,2025-01-09,2025H1,post_rap_project_start,1,0,,,0,,,0,,
532604,2025-02-07,2025H1,post_rap_project_start,1,0,,,0,,,0,,
532627,2025-02-03,2025H1,post_rap_project_start,1,0,,,0,,,0,,
532636,2026-03-03,2026H1,post_rap_project_start,1,0,,,0,,,0,,
532643,2025-04-05,2025H1,post_rap_project_start,1,0,,,0,,,0,,
532658,2025-09-25,2025H2,post_rap_project_start,1,0,,,0,,,0,,
532689,2025-03-07,2025H1,post_rap_project_start,1,0,,,0,,,0,,
532708,2025-06-23,2025H1,post_rap_project_start,1,0,,,0,,,0,,
532754,2025-02-28,2025H1,post_rap_project_start,1,0,,,0,,,0,,
532777,2025-01-09,2025H1,post_rap_project_start,1,0,,,0,,,0,,
532783,2025-05-16,2025H1,post_rap_project_start,1,0,,,0,,,0,,
532796,2024-12-12,2024H2,post_rap_project_start,1,1,0.000000,0,0,,,0,,
532806,2025-05-19,2025H1,post_rap_project_start,1,0,,,0,,,0,,
532810,2026-01-28,2026H1,post_rap_project_start,1,0,,,0,,,0,,
532823,2025-01-09,2025H1,post_rap_project_start,1,0,,,0,,,0,,
532834,2025-01-16,2025H1,post_rap_project_start,1,0,,,0,,,0,,
532852,2025-04-05,2025H1,post_rap_project_start,1,0,,,0,,,0,,
532868,2025-02-04,2025H1,post_rap_project_start,1,0,,,0,,,0,,
532881,2025-02-05,2025H1,post_rap_project_start,1,0,,,0,,,0,,
532913,2025-05-27,2025H1,post_rap_project_start,1,0,,,0,,,0,,
532921,2025-04-25,2025H1,post_rap_project_start,1,0,,,0,,,0,,
532950,2025-01-09,2025H1,post_rap_project_start,1,0,,,0,,,0,,
532966,2025-03-20,2025H1,post_rap_project_start,1,0,,,0,,,0,,
533022,2025-07-16,2025H2,post_rap_project_start,1,0,,,0,,,0,,
533098,2025-05-06,2025H1,post_rap_project_start,1,0,,,0,,,0,,
533149,2025-04-14,2025H1,post_rap_project_start,1,0,,,0,,,0,,
533196,2025-06-10,2025H1,post_rap_project_start,1,0,,,0,,,0,,
533532,2025-08-05,2025H2,post_rap_project_start,1,0,,,0,,,0,,
534846,2024-12-10,2024H2,post_rap_project_start,1,1,0.000000,0,0,,,0,,
535504,2025-06-09,2025H1,post_rap_project_start,1,0,,,0,,,0,,
535832,2025-02-04,2025H1,post_rap_project_start,1,0,,,0,,,0,,
536162,2025-03-04,2025H1,post_rap_project_start,1,0,,,0,,,0,,
536492,2025-01-03,2025H1,post_rap_project_start,1,0,,,0,,,0,,
536820,2024-12-19,2024H2,post_rap_project_start,1,1,0.000000,0,0,,,0,,
537150,2026-02-10,2026H1,post_rap_project_start,1,0,,,0,,,0,,
537816,2025-02-24,2025H1,post_rap_project_start,1,0,,,0,,,0,,
538807,2025-03-24,2025H1,post_rap_project_start,1,0,,,0,,,0,,
539130,2026-03-02,2026H1,post_rap_project_start,1,0,,,0,,,0,,
539793,2025-03-24,2025H1,post_rap_project_start,1,0,,,0,,,0,,
540121,2025-01-03,2025H1,post_rap_project_start,1,0,,,0,,,0,,
540454,2024-12-04,2024H2,post_rap_project_start,1,1,0.000000,0,0,,,0,,
541112,2024-12-13,2024H2,post_rap_project_start,1,1,0.000000,0,0,,,0,,
542100,2025-07-03,2025H2,post_rap_project_start,1,0,,,0,,,0,,
543096,2025-02-04,2025H1,post_rap_project_start,1,0,,,0,,,0,,
543759,2025-02-21,2025H1,post_rap_project_start,1,0,,,0,,,0,,
544087,2025-01-30,2025H1,post_rap_project_start,1,0,,,0,,,0,,
544746,2025-03-24,2025H1,post_rap_project_start,1,0,,,0,,,0,,
545415,2025-05-27,2025H1,post_rap_project_start,1,0,,,0,,,0,,
545732,2025-04-30,2025H1,post_rap_project_start,1,0,,,0,,,0,,
546063,2025-04-07,2025H1,post_rap_project_start,1,0,,,0,,,0,,
546398,2025-05-08,2025H1,post_rap_project_start,1,0,,,0,,,0,,
547717,2025-01-30,2025H1,post_rap_project_start,1,0,,,0,,,0,,
547729,2025-06-25,2025H1,post_rap_project_start,1,0,,,0,,,0,,
548378,2025-10-07,2025H2,post_rap_project_start,1,0,,,0,,,0,,
548384,2025-05-15,2025H1,post_rap_project_start,1,0,,,0,,,0,,
548711,2024-12-18,2024H2,post_rap_project_start,1,1,1.000000,1,0,,,0,,
549360,2025-04-30,2025H1,post_rap_project_start,1,0,,,0,,,0,,
549696,2025-02-19,2025H1,post_rap_project_start,1,0,,,0,,,0,,
550024,2025-01-24,2025H1,post_rap_project_start,1,0,,,0,,,0,,
550356,2025-01-23,2025H1,post_rap_project_start,1,0,,,0,,,0,,
551010,2025-02-04,2025H1,post_rap_project_start,1,0,,,0,,,0,,
551355,2025-04-30,2025H1,post_rap_project_start,1,0,,,0,,,0,,
552004,2025-03-31,2025H1,post_rap_project_start,1,0,,,0,,,0,,
552996,2025-02-04,2025H1,post_rap_project_start,1,0,,,0,,,0,,
553327,2025-05-27,2025H1,post_rap_project_start,1,0,,,0,,,0,,
554312,2025-04-05,2025H1,post_rap_project_start,1,0,,,0,,,0,,
554976,2025-02-17,2025H1,post_rap_project_start,1,0,,,0,,,0,,
555638,2025-06-26,2025H1,post_rap_project_start,1,0,,,0,,,0,,
555968,2025-10-30,2025H2,post_rap_project_start,1,0,,,0,,,0,,
556296,2025-03-04,2025H1,post_rap_project_start,1,0,,,0,,,0,,
556628,2025-04-02,2025H1,post_rap_project_start,1,0,,,0,,,0,,
557288,2025-04-14,2025H1,post_rap_project_start,1,0,,,0,,,0,,
558604,2025-05-09,2025H1,post_rap_project_start,1,0,,,0,,,0,,
559595,2025-04-16,2025H1,post_rap_project_start,1,0,,,0,,,0,,
559927,2025-04-17,2025H1,post_rap_project_start,1,0,,,0,,,0,,
560251,2025-11-03,2025H2,post_rap_project_start,1,0,,,0,,,0,,
560589,2025-01-22,2025H1,post_rap_project_start,1,0,,,0,,,0,,
561908,2025-02-14,2025H1,post_rap_project_start,1,0,,,0,,,0,,
562567,2025-05-01,2025H1,post_rap_project_start,1,0,,,0,,,0,,
563556,2025-01-27,2025H1,post_rap_project_start,1,0,,,0,,,0,,
563882,2025-03-21,2025H1,post_rap_project_start,1,0,,,0,,,0,,
564216,2025-01-15,2025H1,post_rap_project_start,1,0,,,0,,,0,,
564547,2025-01-09,2025H1,post_rap_project_start,1,0,,,0,,,0,,
564872,2025-04-16,2025H1,post_rap_project_start,1,0,,,0,,,0,,
564886,2025-03-24,2025H1,post_rap_project_start,1,0,,,0,,,0,,
564893,2025-10-21,2025H2,post_rap_project_start,1,0,,,0,,,0,,
566195,2025-06-26,2025H1,post_rap_project_start,1,0,,,0,,,0,,
566857,2025-06-10,2025H1,post_rap_project_start,1,0,,,0,,,0,,
567187,2025-04-05,2025H1,post_rap_project_start,1,0,,,0,,,0,,
568177,2025-10-11,2025H2,post_rap_project_start,1,0,,,0,,,0,,
568183,2025-02-17,2025H1,post_rap_project_start,1,0,,,0,,,0,,
568509,2025-03-18,2025H1,post_rap_project_start,1,0,,,0,,,0,,
568836,2025-05-19,2025H1,post_rap_project_start,1,0,,,0,,,0,,
568843,2025-03-04,2025H1,post_rap_project_start,1,0,,,0,,,0,,
569492,2025-02-05,2025H1,post_rap_project_start,1,0,,,0,,,0,,
569503,2025-07-15,2025H2,post_rap_project_start,1,0,,,0,,,0,,
569519,2025-03-11,2025H1,post_rap_project_start,1,0,,,0,,,0,,
569820,2025-04-08,2025H1,post_rap_project_start,1,0,,,0,,,0,,
569831,2025-10-11,2025H2,post_rap_project_start,1,0,,,0,,,0,,
570157,2025-02-18,2025H1,post_rap_project_start,1,0,,,0,,,0,,
570161,2025-02-25,2025H1,post_rap_project_start,1,0,,,0,,,0,,
570174,2025-06-16,2025H1,post_rap_project_start,1,0,,,0,,,0,,
570188,2025-05-27,2025H1,post_rap_project_start,1,0,,,0,,,0,,
570811,2025-08-19,2025H2,post_rap_project_start,1,0,,,0,,,0,,
573460,2025-01-22,2025H1,post_rap_project_start,1,0,,,0,,,0,,
573782,2025-04-30,2025H1,post_rap_project_start,1,0,,,0,,,0,,
574448,2025-02-27,2025H1,post_rap_project_start,1,0,,,0,,,0,,
575761,2025-01-08,2025H1,post_rap_project_start,1,0,,,0,,,0,,
575774,2025-04-07,2025H1,post_rap_project_start,1,0,,,0,,,0,,
575800,2025-06-01,2025H1,post_rap_project_start,1,0,,,0,,,0,,
576095,2025-01-22,2025H1,post_rap_project_start,1,0,,,0,,,0,,
576421,2025-06-16,2025H1,post_rap_project_start,1,0,,,0,,,0,,
577088,2025-01-24,2025H1,post_rap_project_start,1,0,,,0,,,0,,
577752,2025-04-20,2025H1,post_rap_project_start,1,0,,,0,,,0,,
577799,2025-04-21,2025H1,post_rap_project_start,1,0,,,0,,,0,,
578077,2025-09-04,2025H2,post_rap_project_start,1,0,,,0,,,0,,
578096,2025-03-10,2025H1,post_rap_project_start,1,0,,,0,,,0,,
578405,2025-01-22,2025H1,post_rap_project_start,1,0,,,0,,,0,,
579063,2025-07-25,2025H2,post_rap_project_start,1,0,,,0,,,0,,
579398,2025-11-19,2025H2,post_rap_project_start,1,0,,,0,,,0,,
580382,2025-07-30,2025H2,post_rap_project_start,1,0,,,0,,,0,,
580395,2025-05-09,2025H1,post_rap_project_start,1,0,,,0,,,0,,
580400,2025-08-14,2025H2,post_rap_project_start,1,0,,,0,,,0,,
581042,2025-01-27,2025H1,post_rap_project_start,1,0,,,0,,,0,,
581377,2025-08-28,2025H2,post_rap_project_start,1,0,,,0,,,0,,
581706,2025-04-21,2025H1,post_rap_project_start,1,0,,,0,,,0,,
582371,2025-03-10,2025H1,post_rap_project_start,1,0,,,0,,,0,,
583028,2025-02-04,2025H1,post_rap_project_start,1,0,,,0,,,0,,
583037,2025-01-09,2025H1,post_rap_project_start,1,0,,,0,,,0,,
584010,2025-04-05,2025H1,post_rap_project_start,1,0,,,0,,,0,,
584340,2025-04-30,2025H1,post_rap_project_start,1,0,,,0,,,0,,
585007,2025-04-21,2025H1,post_rap_project_start,1,0,,,0,,,0,,
585990,2025-02-25,2025H1,post_rap_project_start,1,0,,,0,,,0,,
586650,2025-04-20,2025H1,post_rap_project_start,1,0,,,0,,,0,,
587313,2025-04-05,2025H1,post_rap_project_start,1,0,,,0,,,0,,
587642,2025-04-05,2025H1,post_rap_project_start,1,0,,,0,,,0,,
587977,2025-01-22,2025H1,post_rap_project_start,1,0,,,0,,,0,,
588633,2025-05-16,2025H1,post_rap_project_start,1,0,,,0,,,0,,
589296,2025-03-11,2025H1,post_rap_project_start,1,0,,,0,,,0,,
589951,2025-07-14,2025H2,post_rap_project_start,1,0,,,0,,,0,,
590610,2025-03-24,2025H1,post_rap_project_start,1,0,,,0,,,0,,
590940,2025-03-24,2025H1,post_rap_project_start,1,0,,,0,,,0,,
590955,2025-06-25,2025H1,post_rap_project_start,1,0,,,0,,,0,,
591937,2025-03-20,2025H1,post_rap_project_start,1,0,,,0,,,0,,
592266,2025-04-30,2025H1,post_rap_project_start,1,0,,,0,,,0,,
592923,2025-02-04,2025H1,post_rap_project_start,1,0,,,0,,,0,,
593259,2025-04-20,2025H1,post_rap_project_start,1,0,,,0,,,0,,
593263,2025-01-30,2025H1,post_rap_project_start,1,0,,,0,,,0,,
593599,2025-01-09,2025H1,post_rap_project_start,1,0,,,0,,,0,,
594249,2025-02-24,2025H1,post_rap_project_start,1,0,,,0,,,0,,
595230,2024-12-16,2024H2,post_rap_project_start,1,1,0.000000,0,0,,,0,,
595564,2025-04-20,2025H1,post_rap_project_start,1,0,,,0,,,0,,
595899,2025-04-20,2025H1,post_rap_project_start,1,0,,,0,,,0,,
595913,2025-07-07,2025H2,post_rap_project_start,1,0,,,0,,,0,,
595932,2025-04-30,2025H1,post_rap_project_start,1,0,,,0,,,0,,
596880,2025-07-01,2025H2,post_rap_project_start,1,0,,,0,,,0,,
596898,2025-05-27,2025H1,post_rap_project_start,1,0,,,0,,,0,,
597548,2025-04-01,2025H1,post_rap_project_start,1,0,,,0,,,0,,
597553,2025-05-07,2025H1,post_rap_project_start,1,0,,,0,,,0,,
597582,2025-03-04,2025H1,post_rap_project_start,1,0,,,0,,,0,,
597595,2025-01-10,2025H1,post_rap_project_start,1,0,,,0,,,0,,
598205,2025-07-03,2025H2,post_rap_project_start,1,0,,,0,,,0,,
599197,2025-04-21,2025H1,post_rap_project_start,1,0,,,0,,,0,,
599859,2025-06-26,2025H1,post_rap_project_start,1,0,,,0,,,0,,
600182,2025-06-13,2025H1,post_rap_project_start,1,0,,,0,,,0,,
600842,2025-08-27,2025H2,post_rap_project_start,1,0,,,0,,,0,,
602161,2025-02-13,2025H1,post_rap_project_start,1,0,,,0,,,0,,
602525,2025-04-20,2025H1,post_rap_project_start,1,0,,,0,,,0,,
602541,2025-04-30,2025H1,post_rap_project_start,1,0,,,0,,,0,,
602824,2025-02-25,2025H1,post_rap_project_start,1,0,,,0,,,0,,
603150,2025-06-19,2025H1,post_rap_project_start,1,0,,,0,,,0,,
603483,2025-02-04,2025H1,post_rap_project_start,1,0,,,0,,,0,,
604141,2025-04-17,2025H1,post_rap_project_start,1,0,,,0,,,0,,
604474,2025-04-05,2025H1,post_rap_project_start,1,0,,,0,,,0,,
605138,2025-04-13,2025H1,post_rap_project_start,1,0,,,0,,,0,,
605460,2025-02-07,2025H1,post_rap_project_start,1,0,,,0,,,0,,
606128,2025-04-18,2025H1,post_rap_project_start,1,0,,,0,,,0,,
606455,2025-02-07,2025H1,post_rap_project_start,1,0,,,0,,,0,,
606781,2025-05-09,2025H1,post_rap_project_start,1,0,,,0,,,0,,
607445,2025-04-22,2025H1,post_rap_project_start,1,0,,,0,,,0,,
608471,2025-06-02,2025H1,post_rap_project_start,1,0,,,0,,,0,,
608779,2025-04-30,2025H1,post_rap_project_start,1,0,,,0,,,0,,
609098,2025-11-10,2025H2,post_rap_project_start,1,0,,,0,,,0,,
609424,2025-08-19,2025H2,post_rap_project_start,1,0,,,0,,,0,,
609756,2025-04-05,2025H1,post_rap_project_start,1,0,,,0,,,0,,
609760,2025-05-14,2025H1,post_rap_project_start,1,0,,,0,,,0,,
610419,2025-04-29,2025H1,post_rap_project_start,1,0,,,0,,,0,,
611072,2025-07-30,2025H2,post_rap_project_start,1,0,,,0,,,0,,
611093,2025-06-02,2025H1,post_rap_project_start,1,0,,,0,,,0,,
611404,2025-03-11,2025H1,post_rap_project_start,1,0,,,0,,,0,,
611415,2025-04-10,2025H1,post_rap_project_start,1,0,,,0,,,0,,
611436,2025-05-06,2025H1,post_rap_project_start,1,0,,,0,,,0,,
611732,2025-07-29,2025H2,post_rap_project_start,1,0,,,0,,,0,,
613710,2026-01-16,2026H1,post_rap_project_start,1,0,,,0,,,0,,
615033,2025-03-20,2025H1,post_rap_project_start,1,0,,,0,,,0,,
615363,2025-04-08,2025H1,post_rap_project_start,1,0,,,0,,,0,,
615699,2025-04-02,2025H1,post_rap_project_start,1,0,,,0,,,0,,
616023,2025-03-24,2025H1,post_rap_project_start,1,0,,,0,,,0,,
617672,2025-04-30,2025H1,post_rap_project_start,1,0,,,0,,,0,,
617693,2025-07-23,2025H2,post_rap_project_start,1,0,,,0,,,0,,
617705,2025-04-01,2025H1,post_rap_project_start,1,0,,,0,,,0,,
618011,2025-07-25,2025H2,post_rap_project_start,1,0,,,0,,,0,,
619657,2025-04-07,2025H1,post_rap_project_start,1,0,,,0,,,0,,
619996,2025-04-17,2025H1,post_rap_project_start,1,0,,,0,,,0,,
620005,2025-03-28,2025H1,post_rap_project_start,1,0,,,0,,,0,,
620972,2025-06-06,2025H1,post_rap_project_start,1,0,,,0,,,0,,
621633,2025-12-04,2025H2,post_rap_project_start,1,0,,,0,,,0,,
622297,2025-08-05,2025H2,post_rap_project_start,1,0,,,0,,,0,,
622629,2025-04-29,2025H1,post_rap_project_start,1,0,,,0,,,0,,
622952,2025-03-24,2025H1,post_rap_project_start,1,0,,,0,,,0,,
624600,2025-02-24,2025H1,post_rap_project_start,1,0,,,0,,,0,,
624933,2025-01-29,2025H1,post_rap_project_start,1,0,,,0,,,0,,
625593,2025-02-10,2025H1,post_rap_project_start,1,0,,,0,,,0,,
626252,2025-03-19,2025H1,post_rap_project_start,1,0,,,0,,,0,,
627904,2025-04-14,2025H1,post_rap_project_start,1,0,,,0,,,0,,
627915,2025-04-21,2025H1,post_rap_project_start,1,0,,,0,,,0,,
627927,2025-04-21,2025H1,post_rap_project_start,1,0,,,0,,,0,,
628562,2025-08-20,2025H2,post_rap_project_start,1,0,,,0,,,0,,
628570,2025-03-11,2025H1,post_rap_project_start,1,0,,,0,,,0,,
629227,2025-02-19,2025H1,post_rap_project_start,1,0,,,0,,,0,,
629551,2025-08-06,2025H2,post_rap_project_start,1,0,,,0,,,0,,
629885,2025-01-30,2025H1,post_rap_project_start,1,0,,,0,,,0,,
630220,2025-01-30,2025H1,post_rap_project_start,1,0,,,0,,,0,,
630541,2025-04-05,2025H1,post_rap_project_start,1,0,,,0,,,0,,
630876,2025-08-06,2025H2,post_rap_project_start,1,0,,,0,,,0,,
631209,2025-03-04,2025H1,post_rap_project_start,1,0,,,0,,,0,,
632195,2025-03-24,2025H1,post_rap_project_start,1,0,,,0,,,0,,
632531,2025-11-04,2025H2,post_rap_project_start,1,0,,,0,,,0,,
632857,2025-03-21,2025H1,post_rap_project_start,1,0,,,0,,,0,,
632861,2025-06-29,2025H1,post_rap_project_start,1,0,,,0,,,0,,
632888,2025-04-17,2025H1,post_rap_project_start,1,0,,,0,,,0,,
633186,2025-05-09,2025H1,post_rap_project_start,1,0,,,0,,,0,,
633516,2025-08-19,2025H2,post_rap_project_start,1,0,,,0,,,0,,
634177,2025-04-03,2025H1,post_rap_project_start,1,0,,,0,,,0,,
634509,2025-06-04,2025H1,post_rap_project_start,1,0,,,0,,,0,,
635166,2025-03-26,2025H1,post_rap_project_start,1,0,,,0,,,0,,
635496,2025-04-09,2025H1,post_rap_project_start,1,0,,,0,,,0,,
635828,2025-07-21,2025H2,post_rap_project_start,1,0,,,0,,,0,,
636817,2025-06-26,2025H1,post_rap_project_start,1,0,,,0,,,0,,
637144,2025-10-17,2025H2,post_rap_project_start,1,0,,,0,,,0,,
637472,2025-05-26,2025H1,post_rap_project_start,1,0,,,0,,,0,,
638467,2025-05-08,2025H1,post_rap_project_start,1,0,,,0,,,0,,
638792,2026-02-20,2026H1,post_rap_project_start,1,0,,,0,,,0,,
639461,2025-04-17,2025H1,post_rap_project_start,1,0,,,0,,,0,,
641439,2025-04-30,2025H1,post_rap_project_start,1,0,,,0,,,0,,
642099,2025-04-25,2025H1,post_rap_project_start,1,0,,,0,,,0,,
642420,2025-04-14,2025H1,post_rap_project_start,1,0,,,0,,,0,,
642431,2025-03-28,2025H1,post_rap_project_start,1,0,,,0,,,0,,
645065,2025-02-20,2025H1,post_rap_project_start,1,0,,,0,,,0,,
645405,2025-04-03,2025H1,post_rap_project_start,1,0,,,0,,,0,,
647044,2025-05-10,2025H1,post_rap_project_start,1,0,,,0,,,0,,
647379,2025-03-11,2025H1,post_rap_project_start,1,0,,,0,,,0,,
648033,2025-04-15,2025H1,post_rap_project_start,1,0,,,0,,,0,,
648363,2025-02-04,2025H1,post_rap_project_start,1,0,,,0,,,0,,
649025,2025-05-26,2025H1,post_rap_project_start,1,0,,,0,,,0,,
649353,2025-04-01,2025H1,post_rap_project_start,1,0,,,0,,,0,,
649686,2025-03-21,2025H1,post_rap_project_start,1,0,,,0,,,0,,
651660,2025-12-18,2025H2,post_rap_project_start,1,0,,,0,,,0,,
652014,2025-04-14,2025H1,post_rap_project_start,1,0,,,0,,,0,,
652328,2025-12-04,2025H2,post_rap_project_start,1,0,,,0,,,0,,
653314,2025-05-12,2025H1,post_rap_project_start,1,0,,,0,,,0,,
653978,2025-07-15,2025H2,post_rap_project_start,1,0,,,0,,,0,,
654653,2025-06-30,2025H1,post_rap_project_start,1,0,,,0,,,0,,
654669,2025-04-21,2025H1,post_rap_project_start,1,0,,,0,,,0,,
654960,2025-04-14,2025H1,post_rap_project_start,1,0,,,0,,,0,,
654973,2025-03-24,2025H1,post_rap_project_start,1,0,,,0,,,0,,
656286,2025-03-20,2025H1,post_rap_project_start,1,0,,,0,,,0,,
656613,2025-03-04,2025H1,post_rap_project_start,1,0,,,0,,,0,,
657275,2025-02-24,2025H1,post_rap_project_start,1,0,,,0,,,0,,
660262,2025-09-28,2025H2,post_rap_project_start,1,0,,,0,,,0,,
660270,2025-05-26,2025H1,post_rap_project_start,1,0,,,0,,,0,,
662222,2025-03-24,2025H1,post_rap_project_start,1,0,,,0,,,0,,
662558,2025-05-17,2025H1,post_rap_project_start,1,0,,,0,,,0,,
663217,2025-10-02,2025H2,post_rap_project_start,1,0,,,0,,,0,,
663569,2025-04-10,2025H1,post_rap_project_start,1,0,,,0,,,0,,
663576,2025-03-18,2025H1,post_rap_project_start,1,0,,,0,,,0,,
663873,2025-11-11,2025H2,post_rap_project_start,1,0,,,0,,,0,,
665208,2025-02-24,2025H1,post_rap_project_start,1,0,,,0,,,0,,
666187,2025-04-28,2025H1,post_rap_project_start,1,0,,,0,,,0,,
666847,2025-03-06,2025H1,post_rap_project_start,1,0,,,0,,,0,,
667176,2025-02-24,2025H1,post_rap_project_start,1,0,,,0,,,0,,
667857,2025-05-26,2025H1,post_rap_project_start,1,0,,,0,,,0,,
668164,2025-07-29,2025H2,post_rap_project_start,1,0,,,0,,,0,,
668494,2025-06-17,2025H1,post_rap_project_start,1,0,,,0,,,0,,
670479,2025-06-12,2025H1,post_rap_project_start,1,0,,,0,,,0,,
671133,2025-09-09,2025H2,post_rap_project_start,1,0,,,0,,,0,,
672125,2025-11-13,2025H2,post_rap_project_start,1,0,,,0,,,0,,
672457,2025-03-04,2025H1,post_rap_project_start,1,0,,,0,,,0,,
673112,2025-04-07,2025H1,post_rap_project_start,1,0,,,0,,,0,,
673794,2025-05-23,2025H1,post_rap_project_start,1,0,,,0,,,0,,
674117,2025-04-07,2025H1,post_rap_project_start,1,0,,,0,,,0,,
674129,2025-03-20,2025H1,post_rap_project_start,1,0,,,0,,,0,,
674439,2025-06-06,2025H1,post_rap_project_start,1,0,,,0,,,0,,
675090,2026-01-22,2026H1,post_rap_project_start,1,0,,,0,,,0,,
675429,2025-04-11,2025H1,post_rap_project_start,1,0,,,0,,,0,,
675768,2025-04-17,2025H1,post_rap_project_start,1,0,,,0,,,0,,
676416,2025-05-27,2025H1,post_rap_project_start,1,0,,,0,,,0,,
676746,2025-08-04,2025H2,post_rap_project_start,1,0,,,0,,,0,,
677075,2025-06-27,2025H1,post_rap_project_start,1,0,,,0,,,0,,
677735,2025-04-21,2025H1,post_rap_project_start,1,0,,,0,,,0,,
678721,2025-02-24,2025H1,post_rap_project_start,1,0,,,0,,,0,,
678732,2025-07-23,2025H2,post_rap_project_start,1,0,,,0,,,0,,
679050,2025-04-17,2025H1,post_rap_project_start,1,0,,,0,,,0,,
679066,2025-09-28,2025H2,post_rap_project_start,1,0,,,0,,,0,,
680048,2025-10-11,2025H2,post_rap_project_start,1,0,,,0,,,0,,
680373,2025-03-10,2025H1,post_rap_project_start,1,0,,,0,,,0,,
681047,2025-06-26,2025H1,post_rap_project_start,1,0,,,0,,,0,,
681068,2025-07-21,2025H2,post_rap_project_start,1,0,,,0,,,0,,
681081,2025-04-20,2025H1,post_rap_project_start,1,0,,,0,,,0,,
681109,2025-03-20,2025H1,post_rap_project_start,1,0,,,0,,,0,,
682027,2025-08-20,2025H2,post_rap_project_start,1,0,,,0,,,0,,
682350,2025-11-19,2025H2,post_rap_project_start,1,0,,,0,,,0,,
682688,2025-05-27,2025H1,post_rap_project_start,1,0,,,0,,,0,,
682690,2025-04-17,2025H1,post_rap_project_start,1,0,,,0,,,0,,
684331,2025-03-17,2025H1,post_rap_project_start,1,0,,,0,,,0,,
684660,2025-03-24,2025H1,post_rap_project_start,1,0,,,0,,,0,,
686001,2025-05-15,2025H1,post_rap_project_start,1,0,,,0,,,0,,
686310,2026-02-13,2026H1,post_rap_project_start,1,0,,,0,,,0,,
686644,2025-10-13,2025H2,post_rap_project_start,1,0,,,0,,,0,,
687300,2025-04-03,2025H1,post_rap_project_start,1,0,,,0,,,0,,
687634,2025-04-17,2025H1,post_rap_project_start,1,0,,,0,,,0,,
688295,2025-02-24,2025H1,post_rap_project_start,1,0,,,0,,,0,,
689286,2025-04-01,2025H1,post_rap_project_start,1,0,,,0,,,0,,
689943,2025-11-10,2025H2,post_rap_project_start,1,0,,,0,,,0,,
690603,2026-01-21,2026H1,post_rap_project_start,1,0,,,0,,,0,,
691593,2025-04-22,2025H1,post_rap_project_start,1,0,,,0,,,0,,
692259,2025-07-03,2025H2,post_rap_project_start,1,0,,,0,,,0,,
693574,2025-06-30,2025H1,post_rap_project_start,1,0,,,0,,,0,,
693906,2025-09-28,2025H2,post_rap_project_start,1,0,,,0,,,0,,
694569,2025-06-16,2025H1,post_rap_project_start,1,0,,,0,,,0,,
694894,2025-04-01,2025H1,post_rap_project_start,1,0,,,0,,,0,,
695241,2025-05-05,2025H1,post_rap_project_start,1,0,,,0,,,0,,
695888,2025-03-11,2025H1,post_rap_project_start,1,0,,,0,,,0,,
696545,2025-05-14,2025H1,post_rap_project_start,1,0,,,0,,,0,,
696870,2025-08-01,2025H2,post_rap_project_start,1,0,,,0,,,0,,
696889,2025-04-01,2025H1,post_rap_project_start,1,0,,,0,,,0,,
696901,2025-06-13,2025H1,post_rap_project_start,1,0,,,0,,,0,,
696917,2026-02-19,2026H1,post_rap_project_start,1,0,,,0,,,0,,
698197,2025-07-02,2025H2,post_rap_project_start,1,0,,,0,,,0,,
698204,2025-05-22,2025H1,post_rap_project_start,1,0,,,0,,,0,,
698215,2025-04-01,2025H1,post_rap_project_start,1,0,,,0,,,0,,
698522,2025-03-19,2025H1,post_rap_project_start,1,0,,,0,,,0,,
699515,2025-04-01,2025H1,post_rap_project_start,1,0,,,0,,,0,,
699845,2025-04-29,2025H1,post_rap_project_start,1,0,,,0,,,0,,
700170,2025-03-11,2025H1,post_rap_project_start,1,0,,,0,,,0,,
700191,2025-06-12,2025H1,post_rap_project_start,1,0,,,0,,,0,,
700209,2025-11-19,2025H2,post_rap_project_start,1,0,,,0,,,0,,
700503,2025-09-04,2025H2,post_rap_project_start,1,0,,,0,,,0,,
700831,2025-11-19,2025H2,post_rap_project_start,1,0,,,0,,,0,,
701821,2025-04-07,2025H1,post_rap_project_start,1,0,,,0,,,0,,
702154,2025-10-02,2025H2,post_rap_project_start,1,0,,,0,,,0,,
702482,2025-06-16,2025H1,post_rap_project_start,1,0,,,0,,,0,,
702815,2025-09-03,2025H2,post_rap_project_start,1,0,,,0,,,0,,
703474,2025-06-06,2025H1,post_rap_project_start,1,0,,,0,,,0,,
703810,2025-05-07,2025H1,post_rap_project_start,1,0,,,0,,,0,,
703823,2025-09-09,2025H2,post_rap_project_start,1,0,,,0,,,0,,
704132,2025-04-28,2025H1,post_rap_project_start,1,0,,,0,,,0,,
704465,2025-07-02,2025H2,post_rap_project_start,1,0,,,0,,,0,,
705478,2025-04-17,2025H1,post_rap_project_start,1,0,,,0,,,0,,
705789,2025-04-30,2025H1,post_rap_project_start,1,0,,,0,,,0,,
705791,2025-05-22,2025H1,post_rap_project_start,1,0,,,0,,,0,,
705801,2025-04-22,2025H1,post_rap_project_start,1,0,,,0,,,0,,
706110,2025-04-28,2025H1,post_rap_project_start,1,0,,,0,,,0,,
706446,2025-04-30,2025H1,post_rap_project_start,1,0,,,0,,,0,,
707769,2025-04-28,2025H1,post_rap_project_start,1,0,,,0,,,0,,
708097,2025-05-14,2025H1,post_rap_project_start,1,0,,,0,,,0,,
708107,2025-11-24,2025H2,post_rap_project_start,1,0,,,0,,,0,,
708423,2025-05-26,2025H1,post_rap_project_start,1,0,,,0,,,0,,
708764,2025-08-04,2025H2,post_rap_project_start,1,0,,,0,,,0,,
709086,2025-07-30,2025H2,post_rap_project_start,1,0,,,0,,,0,,
709436,2025-06-12,2025H1,post_rap_project_start,1,0,,,0,,,0,,
710075,2025-10-21,2025H2,post_rap_project_start,1,0,,,0,,,0,,
710735,2025-06-24,2025H1,post_rap_project_start,1,0,,,0,,,0,,
711067,2025-12-03,2025H2,post_rap_project_start,1,0,,,0,,,0,,
712057,2025-06-10,2025H1,post_rap_project_start,1,0,,,0,,,0,,
712383,2025-07-25,2025H2,post_rap_project_start,1,0,,,0,,,0,,
712710,2025-05-27,2025H1,post_rap_project_start,1,0,,,0,,,0,,
713374,2025-05-27,2025H1,post_rap_project_start,1,0,,,0,,,0,,
714039,2025-04-28,2025H1,post_rap_project_start,1,0,,,0,,,0,,
714369,2025-06-26,2025H1,post_rap_project_start,1,0,,,0,,,0,,
714382,2025-04-01,2025H1,post_rap_project_start,1,0,,,0,,,0,,
714395,2025-04-18,2025H1,post_rap_project_start,1,0,,,0,,,0,,
714705,2025-04-17,2025H1,post_rap_project_start,1,0,,,0,,,0,,
714722,2025-04-01,2025H1,post_rap_project_start,1,0,,,0,,,0,,
714779,2025-10-30,2025H2,post_rap_project_start,1,0,,,0,,,0,,
716346,2025-09-18,2025H2,post_rap_project_start,1,0,,,0,,,0,,
716670,2025-04-01,2025H1,post_rap_project_start,1,0,,,0,,,0,,
716691,2025-10-14,2025H2,post_rap_project_start,1,0,,,0,,,0,,
716708,2025-09-11,2025H2,post_rap_project_start,1,0,,,0,,,0,,
716712,2025-04-17,2025H1,post_rap_project_start,1,0,,,0,,,0,,
716731,2025-03-27,2025H1,post_rap_project_start,1,0,,,0,,,0,,
716749,2025-04-09,2025H1,post_rap_project_start,1,0,,,0,,,0,,
717009,2025-04-09,2025H1,post_rap_project_start,1,0,,,0,,,0,,
717336,2025-06-16,2025H1,post_rap_project_start,1,0,,,0,,,0,,
717667,2025-07-23,2025H2,post_rap_project_start,1,0,,,0,,,0,,
718321,2025-11-19,2025H2,post_rap_project_start,1,0,,,0,,,0,,
718983,2025-07-22,2025H2,post_rap_project_start,1,0,,,0,,,0,,
719318,2025-06-06,2025H1,post_rap_project_start,1,0,,,0,,,0,,
719649,2025-04-28,2025H1,post_rap_project_start,1,0,,,0,,,0,,
720306,2025-04-18,2025H1,post_rap_project_start,1,0,,,0,,,0,,
720644,2025-12-18,2025H2,post_rap_project_start,1,0,,,0,,,0,,
720967,2025-07-11,2025H2,post_rap_project_start,1,0,,,0,,,0,,
722287,2025-10-11,2025H2,post_rap_project_start,1,0,,,0,,,0,,
722963,2025-04-01,2025H1,post_rap_project_start,1,0,,,0,,,0,,
722971,2025-09-19,2025H2,post_rap_project_start,1,0,,,0,,,0,,
723603,2025-05-29,2025H1,post_rap_project_start,1,0,,,0,,,0,,
723619,2025-04-30,2025H1,post_rap_project_start,1,0,,,0,,,0,,
724261,2025-04-01,2025H1,post_rap_project_start,1,0,,,0,,,0,,
724274,2025-10-14,2025H2,post_rap_project_start,1,0,,,0,,,0,,
724597,2025-04-01,2025H1,post_rap_project_start,1,0,,,0,,,0,,
724610,2025-11-19,2025H2,post_rap_project_start,1,0,,,0,,,0,,
724929,2025-04-07,2025H1,post_rap_project_start,1,0,,,0,,,0,,
725258,2025-05-30,2025H1,post_rap_project_start,1,0,,,0,,,0,,
726575,2025-04-18,2025H1,post_rap_project_start,1,0,,,0,,,0,,
726903,2025-10-02,2025H2,post_rap_project_start,1,0,,,0,,,0,,
727562,2025-05-11,2025H1,post_rap_project_start,1,0,,,0,,,0,,
727897,2025-09-04,2025H2,post_rap_project_start,1,0,,,0,,,0,,
728229,2025-11-20,2025H2,post_rap_project_start,1,0,,,0,,,0,,
728887,2025-09-24,2025H2,post_rap_project_start,1,0,,,0,,,0,,
729211,2025-08-04,2025H2,post_rap_project_start,1,0,,,0,,,0,,
729875,2025-07-22,2025H2,post_rap_project_start,1,0,,,0,,,0,,
730550,2025-06-30,2025H1,post_rap_project_start,1,0,,,0,,,0,,
730566,2025-08-05,2025H2,post_rap_project_start,1,0,,,0,,,0,,
730870,2026-07-14,2026H2,post_rap_project_start,1,0,,,0,,,0,,
732189,2025-05-28,2025H1,post_rap_project_start,1,0,,,0,,,0,,
733179,2025-06-11,2025H1,post_rap_project_start,1,0,,,0,,,0,,
733180,2025-05-27,2025H1,post_rap_project_start,1,0,,,0,,,0,,
733198,2025-06-26,2025H1,post_rap_project_start,1,0,,,0,,,0,,
733200,2025-04-20,2025H1,post_rap_project_start,1,0,,,0,,,0,,
733838,2025-07-25,2025H2,post_rap_project_start,1,0,,,0,,,0,,
733840,2025-06-26,2025H1,post_rap_project_start,1,0,,,0,,,0,,
734491,2025-05-12,2025H1,post_rap_project_start,1,0,,,0,,,0,,
734824,2025-10-21,2025H2,post_rap_project_start,1,0,,,0,,,0,,
735156,2025-06-06,2025H1,post_rap_project_start,1,0,,,0,,,0,,
735160,2025-07-11,2025H2,post_rap_project_start,1,0,,,0,,,0,,
736473,2025-06-13,2025H1,post_rap_project_start,1,0,,,0,,,0,,
737134,2025-04-18,2025H1,post_rap_project_start,1,0,,,0,,,0,,
737147,2025-04-01,2025H1,post_rap_project_start,1,0,,,0,,,0,,
737152,2025-04-09,2025H1,post_rap_project_start,1,0,,,0,,,0,,
737467,2025-06-26,2025H1,post_rap_project_start,1,0,,,0,,,0,,
737479,2025-06-27,2025H1,post_rap_project_start,1,0,,,0,,,0,,
737792,2026-04-10,2026H1,post_rap_project_start,1,0,,,0,,,0,,
738543,2025-04-01,2025H1,post_rap_project_start,1,0,,,0,,,0,,
739449,2025-09-15,2025H2,post_rap_project_start,1,0,,,0,,,0,,
739774,2025-08-19,2025H2,post_rap_project_start,1,0,,,0,,,0,,
740106,2025-05-21,2025H1,post_rap_project_start,1,0,,,0,,,0,,
740763,2025-06-19,2025H1,post_rap_project_start,1,0,,,0,,,0,,
741762,2025-04-17,2025H1,post_rap_project_start,1,0,,,0,,,0,,
742419,2025-04-17,2025H1,post_rap_project_start,1,0,,,0,,,0,,
744724,2025-08-04,2025H2,post_rap_project_start,1,0,,,0,,,0,,
745383,2025-08-20,2025H2,post_rap_project_start,1,0,,,0,,,0,,
745710,2025-06-10,2025H1,post_rap_project_start,1,0,,,0,,,0,,
746376,2025-10-12,2025H2,post_rap_project_start,1,0,,,0,,,0,,
747364,2025-06-24,2025H1,post_rap_project_start,1,0,,,0,,,0,,
747695,2025-07-29,2025H2,post_rap_project_start,1,0,,,0,,,0,,
748352,2025-04-17,2025H1,post_rap_project_start,1,0,,,0,,,0,,
748685,2025-07-16,2025H2,post_rap_project_start,1,0,,,0,,,0,,
748709,2025-10-17,2025H2,post_rap_project_start,1,0,,,0,,,0,,
749021,2025-05-23,2025H1,post_rap_project_start,1,0,,,0,,,0,,
749045,2025-07-23,2025H2,post_rap_project_start,1,0,,,0,,,0,,
749679,2025-05-14,2025H1,post_rap_project_start,1,0,,,0,,,0,,
750009,2025-07-04,2025H2,post_rap_project_start,1,0,,,0,,,0,,
751020,2025-06-26,2025H1,post_rap_project_start,1,0,,,0,,,0,,
751650,2025-07-31,2025H2,post_rap_project_start,1,0,,,0,,,0,,
752310,2025-04-17,2025H1,post_rap_project_start,1,0,,,0,,,0,,
752659,2025-04-20,2025H1,post_rap_project_start,1,0,,,0,,,0,,
753669,2025-07-25,2025H2,post_rap_project_start,1,0,,,0,,,0,,
753676,2025-04-17,2025H1,post_rap_project_start,1,0,,,0,,,0,,
753703,2025-08-21,2025H2,post_rap_project_start,1,0,,,0,,,0,,
753719,2025-07-03,2025H2,post_rap_project_start,1,0,,,0,,,0,,
753726,2025-07-23,2025H2,post_rap_project_start,1,0,,,0,,,0,,
753735,2025-06-30,2025H1,post_rap_project_start,1,0,,,0,,,0,,
753757,2025-04-28,2025H1,post_rap_project_start,1,0,,,0,,,0,,
753761,2025-11-20,2025H2,post_rap_project_start,1,0,,,0,,,0,,
754950,2026-03-02,2026H1,post_rap_project_start,1,0,,,0,,,0,,
755281,2025-07-23,2025H2,post_rap_project_start,1,0,,,0,,,0,,
755619,2026-03-11,2026H1,post_rap_project_start,1,0,,,0,,,0,,
755949,2025-06-17,2025H1,post_rap_project_start,1,0,,,0,,,0,,
756602,2025-06-03,2025H1,post_rap_project_start,1,0,,,0,,,0,,
757263,2025-06-05,2025H1,post_rap_project_start,1,0,,,0,,,0,,
757926,2025-09-28,2025H2,post_rap_project_start,1,0,,,0,,,0,,
758910,2025-06-27,2025H1,post_rap_project_start,1,0,,,0,,,0,,
759242,2026-03-23,2026H1,post_rap_project_start,1,0,,,0,,,0,,
759257,2025-09-03,2025H2,post_rap_project_start,1,0,,,0,,,0,,
759288,2025-05-23,2025H1,post_rap_project_start,1,0,,,0,,,0,,
759578,2025-08-05,2025H2,post_rap_project_start,1,0,,,0,,,0,,
759901,2025-05-23,2025H1,post_rap_project_start,1,0,,,0,,,0,,
760230,2026-01-12,2026H1,post_rap_project_start,1,0,,,0,,,0,,
760899,2025-11-04,2025H2,post_rap_project_start,1,0,,,0,,,0,,
760913,2025-07-29,2025H2,post_rap_project_start,1,0,,,0,,,0,,
760932,2025-09-18,2025H2,post_rap_project_start,1,0,,,0,,,0,,
761882,2025-06-24,2025H1,post_rap_project_start,1,0,,,0,,,0,,
762887,2025-05-20,2025H1,post_rap_project_start,1,0,,,0,,,0,,
762894,2025-05-02,2025H1,post_rap_project_start,1,0,,,0,,,0,,
762904,2025-08-11,2025H2,post_rap_project_start,1,0,,,0,,,0,,
763536,2025-06-24,2025H1,post_rap_project_start,1,0,,,0,,,0,,
764195,2025-07-22,2025H2,post_rap_project_start,1,0,,,0,,,0,,
764202,2025-06-10,2025H1,post_rap_project_start,1,0,,,0,,,0,,
764218,2025-04-17,2025H1,post_rap_project_start,1,0,,,0,,,0,,
764225,2025-06-24,2025H1,post_rap_project_start,1,0,,,0,,,0,,
764256,2025-06-06,2025H1,post_rap_project_start,1,0,,,0,,,0,,
765183,2025-05-29,2025H1,post_rap_project_start,1,0,,,0,,,0,,
765513,2025-07-03,2025H2,post_rap_project_start,1,0,,,0,,,0,,
765843,2025-05-23,2025H1,post_rap_project_start,1,0,,,0,,,0,,
765870,2026-02-04,2026H1,post_rap_project_start,1,0,,,0,,,0,,
767492,2025-04-30,2025H1,post_rap_project_start,1,0,,,0,,,0,,
768484,2025-07-28,2025H2,post_rap_project_start,1,0,,,0,,,0,,
768817,2025-06-11,2025H1,post_rap_project_start,1,0,,,0,,,0,,
769186,2025-08-20,2025H2,post_rap_project_start,1,0,,,0,,,0,,
769193,2025-04-28,2025H1,post_rap_project_start,1,0,,,0,,,0,,
769210,2025-04-30,2025H1,post_rap_project_start,1,0,,,0,,,0,,
769247,2025-04-17,2025H1,post_rap_project_start,1,0,,,0,,,0,,
769473,2025-07-18,2025H2,post_rap_project_start,1,0,,,0,,,0,,
770163,2025-07-23,2025H2,post_rap_project_start,1,0,,,0,,,0,,
770472,2025-07-30,2025H2,post_rap_project_start,1,0,,,0,,,0,,
771460,2025-06-26,2025H1,post_rap_project_start,1,0,,,0,,,0,,
771782,2026-02-16,2026H1,post_rap_project_start,1,0,,,0,,,0,,
771795,2025-08-12,2025H2,post_rap_project_start,1,0,,,0,,,0,,
772113,2025-07-10,2025H2,post_rap_project_start,1,0,,,0,,,0,,
772449,2025-06-27,2025H1,post_rap_project_start,1,0,,,0,,,0,,
772788,2025-06-06,2025H1,post_rap_project_start,1,0,,,0,,,0,,
773436,2025-08-12,2025H2,post_rap_project_start,1,0,,,0,,,0,,
773784,2025-11-19,2025H2,post_rap_project_start,1,0,,,0,,,0,,
774758,2025-07-30,2025H2,post_rap_project_start,1,0,,,0,,,0,,
775083,2025-04-20,2025H1,post_rap_project_start,1,0,,,0,,,0,,
775414,2025-04-28,2025H1,post_rap_project_start,1,0,,,0,,,0,,
775744,2025-04-28,2025H1,post_rap_project_start,1,0,,,0,,,0,,
776097,2025-05-23,2025H1,post_rap_project_start,1,0,,,0,,,0,,
776406,2025-07-09,2025H2,post_rap_project_start,1,0,,,0,,,0,,
776738,2025-07-09,2025H2,post_rap_project_start,1,0,,,0,,,0,,
777398,2025-08-11,2025H2,post_rap_project_start,1,0,,,0,,,0,,
777749,2025-06-27,2025H1,post_rap_project_start,1,0,,,0,,,0,,
778067,2025-05-23,2025H1,post_rap_project_start,1,0,,,0,,,0,,
778079,2025-05-23,2025H1,post_rap_project_start,1,0,,,0,,,0,,
778098,2025-07-18,2025H2,post_rap_project_start,1,0,,,0,,,0,,
778108,2025-08-29,2025H2,post_rap_project_start,1,0,,,0,,,0,,
778385,2025-07-09,2025H2,post_rap_project_start,1,0,,,0,,,0,,
778407,2025-06-27,2025H1,post_rap_project_start,1,0,,,0,,,0,,
778756,2025-06-13,2025H1,post_rap_project_start,1,0,,,0,,,0,,
778773,2025-07-23,2025H2,post_rap_project_start,1,0,,,0,,,0,,
778815,2025-11-20,2025H2,post_rap_project_start,1,0,,,0,,,0,,
778827,2025-05-23,2025H1,post_rap_project_start,1,0,,,0,,,0,,
779041,2025-06-06,2025H1,post_rap_project_start,1,0,,,0,,,0,,
779705,2025-07-31,2025H2,post_rap_project_start,1,0,,,0,,,0,,
780690,2025-05-23,2025H1,post_rap_project_start,1,0,,,0,,,0,,
780707,2025-12-18,2025H2,post_rap_project_start,1,0,,,0,,,0,,
781037,2025-07-23,2025H2,post_rap_project_start,1,0,,,0,,,0,,
781044,2025-06-20,2025H1,post_rap_project_start,1,0,,,0,,,0,,
781059,2025-06-17,2025H1,post_rap_project_start,1,0,,,0,,,0,,
781063,2025-07-24,2025H2,post_rap_project_start,1,0,,,0,,,0,,
781092,2025-05-23,2025H1,post_rap_project_start,1,0,,,0,,,0,,
781689,2025-07-14,2025H2,post_rap_project_start,1,0,,,0,,,0,,
782011,2025-05-27,2025H1,post_rap_project_start,1,0,,,0,,,0,,
782341,2025-05-29,2025H1,post_rap_project_start,1,0,,,0,,,0,,
783664,2025-07-23,2025H2,post_rap_project_start,1,0,,,0,,,0,,
783672,2025-11-04,2025H2,post_rap_project_start,1,0,,,0,,,0,,
783686,2025-05-27,2025H1,post_rap_project_start,1,0,,,0,,,0,,
783693,2025-12-24,2025H2,post_rap_project_start,1,0,,,0,,,0,,
783705,2025-07-30,2025H2,post_rap_project_start,1,0,,,0,,,0,,
783722,2025-11-05,2025H2,post_rap_project_start,1,0,,,0,,,0,,
783999,2025-07-23,2025H2,post_rap_project_start,1,0,,,0,,,0,,
784326,2025-07-29,2025H2,post_rap_project_start,1,0,,,0,,,0,,
784335,2025-09-25,2025H2,post_rap_project_start,1,0,,,0,,,0,,
784342,2025-07-03,2025H2,post_rap_project_start,1,0,,,0,,,0,,
784650,2025-11-11,2025H2,post_rap_project_start,1,0,,,0,,,0,,
784678,2025-10-02,2025H2,post_rap_project_start,1,0,,,0,,,0,,
784728,2025-06-12,2025H1,post_rap_project_start,1,0,,,0,,,0,,
784989,2025-09-17,2025H2,post_rap_project_start,1,0,,,0,,,0,,
785358,2025-09-12,2025H2,post_rap_project_start,1,0,,,0,,,0,,
785362,2025-06-06,2025H1,post_rap_project_start,1,0,,,0,,,0,,
785389,2025-06-24,2025H1,post_rap_project_start,1,0,,,0,,,0,,
785391,2025-08-19,2025H2,post_rap_project_start,1,0,,,0,,,0,,
785406,2025-06-25,2025H1,post_rap_project_start,1,0,,,0,,,0,,
785423,2025-06-23,2025H1,post_rap_project_start,1,0,,,0,,,0,,
785434,2025-06-13,2025H1,post_rap_project_start,1,0,,,0,,,0,,
785651,2025-07-23,2025H2,post_rap_project_start,1,0,,,0,,,0,,
786300,2025-08-04,2025H2,post_rap_project_start,1,0,,,0,,,0,,
786652,2025-06-24,2025H1,post_rap_project_start,1,0,,,0,,,0,,
786668,2025-10-30,2025H2,post_rap_project_start,1,0,,,0,,,0,,
786675,2025-07-29,2025H2,post_rap_project_start,1,0,,,0,,,0,,
786681,2025-05-22,2025H1,post_rap_project_start,1,0,,,0,,,0,,
786699,2025-05-19,2025H1,post_rap_project_start,1,0,,,0,,,0,,
786702,2025-08-28,2025H2,post_rap_project_start,1,0,,,0,,,0,,
786725,2025-05-27,2025H1,post_rap_project_start,1,0,,,0,,,0,,
786773,2025-05-27,2025H1,post_rap_project_start,1,0,,,0,,,0,,
786794,2025-06-06,2025H1,post_rap_project_start,1,0,,,0,,,0,,
786804,2025-06-24,2025H1,post_rap_project_start,1,0,,,0,,,0,,
786815,2025-09-04,2025H2,post_rap_project_start,1,0,,,0,,,0,,
786827,2025-06-06,2025H1,post_rap_project_start,1,0,,,0,,,0,,
786986,2025-07-23,2025H2,post_rap_project_start,1,0,,,0,,,0,,
787296,2025-12-05,2025H2,post_rap_project_start,1,0,,,0,,,0,,
787644,2025-07-21,2025H2,post_rap_project_start,1,0,,,0,,,0,,
788289,2025-06-25,2025H1,post_rap_project_start,1,0,,,0,,,0,,
788611,2025-06-03,2025H1,post_rap_project_start,1,0,,,0,,,0,,
788941,2026-02-18,2026H1,post_rap_project_start,1,0,,,0,,,0,,
789279,2025-05-28,2025H1,post_rap_project_start,1,0,,,0,,,0,,
789602,2025-07-23,2025H2,post_rap_project_start,1,0,,,0,,,0,,
791258,2025-06-09,2025H1,post_rap_project_start,1,0,,,0,,,0,,
791918,2025-05-18,2025H1,post_rap_project_start,1,0,,,0,,,0,,
792252,2025-05-28,2025H1,post_rap_project_start,1,0,,,0,,,0,,
792571,2025-06-24,2025H1,post_rap_project_start,1,0,,,0,,,0,,
793239,2025-12-18,2025H2,post_rap_project_start,1,0,,,0,,,0,,
793577,2025-11-19,2025H2,post_rap_project_start,1,0,,,0,,,0,,
793596,2025-07-30,2025H2,post_rap_project_start,1,0,,,0,,,0,,
793605,2025-07-18,2025H2,post_rap_project_start,1,0,,,0,,,0,,
794884,2025-07-03,2025H2,post_rap_project_start,1,0,,,0,,,0,,
794897,2025-11-19,2025H2,post_rap_project_start,1,0,,,0,,,0,,
794907,2025-09-10,2025H2,post_rap_project_start,1,0,,,0,,,0,,
794924,2025-12-04,2025H2,post_rap_project_start,1,0,,,0,,,0,,
794930,2025-05-15,2025H1,post_rap_project_start,1,0,,,0,,,0,,
794953,2025-10-09,2025H2,post_rap_project_start,1,0,,,0,,,0,,
795542,2025-06-23,2025H1,post_rap_project_start,1,0,,,0,,,0,,
796208,2025-07-23,2025H2,post_rap_project_start,1,0,,,0,,,0,,
796539,2025-06-30,2025H1,post_rap_project_start,1,0,,,0,,,0,,
797219,2025-06-26,2025H1,post_rap_project_start,1,0,,,0,,,0,,
797226,2025-09-02,2025H2,post_rap_project_start,1,0,,,0,,,0,,
797235,2025-08-19,2025H2,post_rap_project_start,1,0,,,0,,,0,,
797242,2025-08-04,2025H2,post_rap_project_start,1,0,,,0,,,0,,
797257,2025-07-23,2025H2,post_rap_project_start,1,0,,,0,,,0,,
797261,2025-06-26,2025H1,post_rap_project_start,1,0,,,0,,,0,,
797274,2025-07-23,2025H2,post_rap_project_start,1,0,,,0,,,0,,
797858,2025-07-23,2025H2,post_rap_project_start,1,0,,,0,,,0,,
798517,2025-06-24,2025H1,post_rap_project_start,1,0,,,0,,,0,,
798529,2025-07-23,2025H2,post_rap_project_start,1,0,,,0,,,0,,
799199,2025-09-02,2025H2,post_rap_project_start,1,0,,,0,,,0,,
799229,2025-06-11,2025H1,post_rap_project_start,1,0,,,0,,,0,,
799238,2025-06-18,2025H1,post_rap_project_start,1,0,,,0,,,0,,
799240,2025-07-29,2025H2,post_rap_project_start,1,0,,,0,,,0,,
799839,2025-06-10,2025H1,post_rap_project_start,1,0,,,0,,,0,,
800497,2025-08-05,2025H2,post_rap_project_start,1,0,,,0,,,0,,
800829,2025-07-11,2025H2,post_rap_project_start,1,0,,,0,,,0,,
801483,2025-06-17,2025H1,post_rap_project_start,1,0,,,0,,,0,,
801496,2025-07-23,2025H2,post_rap_project_start,1,0,,,0,,,0,,
801828,2025-09-03,2025H2,post_rap_project_start,1,0,,,0,,,0,,
801837,2025-06-11,2025H1,post_rap_project_start,1,0,,,0,,,0,,
802140,2025-08-18,2025H2,post_rap_project_start,1,0,,,0,,,0,,
802473,2025-11-06,2025H2,post_rap_project_start,1,0,,,0,,,0,,
803130,2025-10-30,2025H2,post_rap_project_start,1,0,,,0,,,0,,
803468,2025-06-21,2025H1,post_rap_project_start,1,0,,,0,,,0,,
803793,2025-08-12,2025H2,post_rap_project_start,1,0,,,0,,,0,,
804781,2025-06-23,2025H1,post_rap_project_start,1,0,,,0,,,0,,
805798,2025-06-27,2025H1,post_rap_project_start,1,0,,,0,,,0,,
805831,2025-11-06,2025H2,post_rap_project_start,1,0,,,0,,,0,,
806103,2025-07-23,2025H2,post_rap_project_start,1,0,,,0,,,0,,
806436,2025-06-11,2025H1,post_rap_project_start,1,0,,,0,,,0,,
806778,2025-08-12,2025H2,post_rap_project_start,1,0,,,0,,,0,,
807108,2025-10-11,2025H2,post_rap_project_start,1,0,,,0,,,0,,
807131,2025-09-03,2025H2,post_rap_project_start,1,0,,,0,,,0,,
807149,2025-07-17,2025H2,post_rap_project_start,1,0,,,0,,,0,,
807154,2025-08-26,2025H2,post_rap_project_start,1,0,,,0,,,0,,
807424,2025-08-05,2025H2,post_rap_project_start,1,0,,,0,,,0,,
808092,2025-05-26,2025H1,post_rap_project_start,1,0,,,0,,,0,,
808749,2025-08-01,2025H2,post_rap_project_start,1,0,,,0,,,0,,
808765,2025-08-19,2025H2,post_rap_project_start,1,0,,,0,,,0,,
809405,2025-06-26,2025H1,post_rap_project_start,1,0,,,0,,,0,,
809737,2025-05-27,2025H1,post_rap_project_start,1,0,,,0,,,0,,
809759,2025-07-02,2025H2,post_rap_project_start,1,0,,,0,,,0,,
809763,2025-07-29,2025H2,post_rap_project_start,1,0,,,0,,,0,,
810061,2025-06-27,2025H1,post_rap_project_start,1,0,,,0,,,0,,
810723,2025-06-24,2025H1,post_rap_project_start,1,0,,,0,,,0,,
811384,2025-08-04,2025H2,post_rap_project_start,1,0,,,0,,,0,,
811724,2025-09-11,2025H2,post_rap_project_start,1,0,,,0,,,0,,
812052,2025-09-28,2025H2,post_rap_project_start,1,0,,,0,,,0,,
813038,2025-07-23,2025H2,post_rap_project_start,1,0,,,0,,,0,,
813368,2026-01-03,2026H1,post_rap_project_start,1,0,,,0,,,0,,
814683,2025-10-30,2025H2,post_rap_project_start,1,0,,,0,,,0,,
815342,2026-03-13,2026H1,post_rap_project_start,1,0,,,0,,,0,,
815678,2025-07-03,2025H2,post_rap_project_start,1,0,,,0,,,0,,
816009,2025-08-05,2025H2,post_rap_project_start,1,0,,,0,,,0,,
816336,2025-06-24,2025H1,post_rap_project_start,1,0,,,0,,,0,,
816667,2025-07-29,2025H2,post_rap_project_start,1,0,,,0,,,0,,
817984,2025-07-22,2025H2,post_rap_project_start,1,0,,,0,,,0,,
818022,2025-06-27,2025H1,post_rap_project_start,1,0,,,0,,,0,,
818033,2025-07-02,2025H2,post_rap_project_start,1,0,,,0,,,0,,
818972,2025-07-23,2025H2,post_rap_project_start,1,0,,,0,,,0,,
819307,2026-02-12,2026H1,post_rap_project_start,1,0,,,0,,,0,,
819968,2025-07-30,2025H2,post_rap_project_start,1,0,,,0,,,0,,
819981,2025-07-03,2025H2,post_rap_project_start,1,0,,,0,,,0,,
820293,2025-08-28,2025H2,post_rap_project_start,1,0,,,0,,,0,,
820621,2025-10-09,2025H2,post_rap_project_start,1,0,,,0,,,0,,
820958,2025-10-09,2025H2,post_rap_project_start,1,0,,,0,,,0,,
821292,2025-07-15,2025H2,post_rap_project_start,1,0,,,0,,,0,,
821942,2025-08-29,2025H2,post_rap_project_start,1,0,,,0,,,0,,
822276,2025-09-03,2025H2,post_rap_project_start,1,0,,,0,,,0,,
822932,2025-12-01,2025H2,post_rap_project_start,1,0,,,0,,,0,,
823929,2025-10-02,2025H2,post_rap_project_start,1,0,,,0,,,0,,
823938,2025-07-30,2025H2,post_rap_project_start,1,0,,,0,,,0,,
823955,2025-06-03,2025H1,post_rap_project_start,1,0,,,0,,,0,,
823964,2025-06-24,2025H1,post_rap_project_start,1,0,,,0,,,0,,
823972,2026-02-20,2026H1,post_rap_project_start,1,0,,,0,,,0,,
823986,2025-07-29,2025H2,post_rap_project_start,1,0,,,0,,,0,,
823993,2026-03-17,2026H1,post_rap_project_start,1,0,,,0,,,0,,
824585,2025-06-24,2025H1,post_rap_project_start,1,0,,,0,,,0,,
825246,2025-07-25,2025H2,post_rap_project_start,1,0,,,0,,,0,,
825570,2025-07-23,2025H2,post_rap_project_start,1,0,,,0,,,0,,
825589,2025-07-17,2025H2,post_rap_project_start,1,0,,,0,,,0,,
825907,2026-03-23,2026H1,post_rap_project_start,1,0,,,0,,,0,,
826232,2025-08-21,2025H2,post_rap_project_start,1,0,,,0,,,0,,
826245,2025-07-23,2025H2,post_rap_project_start,1,0,,,0,,,0,,
826278,2025-08-21,2025H2,post_rap_project_start,1,0,,,0,,,0,,
826297,2025-10-07,2025H2,post_rap_project_start,1,0,,,0,,,0,,
826561,2026-01-19,2026H1,post_rap_project_start,1,0,,,0,,,0,,
827551,2025-08-19,2025H2,post_rap_project_start,1,0,,,0,,,0,,
827579,2025-09-18,2025H2,post_rap_project_start,1,0,,,0,,,0,,
827580,2025-12-04,2025H2,post_rap_project_start,1,0,,,0,,,0,,
827885,2025-07-28,2025H2,post_rap_project_start,1,0,,,0,,,0,,
829202,2025-07-09,2025H2,post_rap_project_start,1,0,,,0,,,0,,
829531,2025-10-30,2025H2,post_rap_project_start,1,0,,,0,,,0,,
830528,2025-07-18,2025H2,post_rap_project_start,1,0,,,0,,,0,,
832179,2025-07-30,2025H2,post_rap_project_start,1,0,,,0,,,0,,
832506,2025-07-03,2025H2,post_rap_project_start,1,0,,,0,,,0,,
832838,2025-07-23,2025H2,post_rap_project_start,1,0,,,0,,,0,,
833162,2025-06-10,2025H1,post_rap_project_start,1,0,,,0,,,0,,
833820,2025-07-28,2025H2,post_rap_project_start,1,0,,,0,,,0,,
834152,2026-02-10,2026H1,post_rap_project_start,1,0,,,0,,,0,,
836469,2025-07-30,2025H2,post_rap_project_start,1,0,,,0,,,0,,
836794,2025-08-08,2025H2,post_rap_project_start,1,0,,,0,,,0,,
837135,2025-07-04,2025H2,post_rap_project_start,1,0,,,0,,,0,,
837458,2025-10-12,2025H2,post_rap_project_start,1,0,,,0,,,0,,
837784,2025-07-22,2025H2,post_rap_project_start,1,0,,,0,,,0,,
838113,2025-07-04,2025H2,post_rap_project_start,1,0,,,0,,,0,,
838449,2025-07-01,2025H2,post_rap_project_start,1,0,,,0,,,0,,
838790,2025-12-15,2025H2,post_rap_project_start,1,0,,,0,,,0,,
839438,2025-09-26,2025H2,post_rap_project_start,1,0,,,0,,,0,,
839768,2025-08-21,2025H2,post_rap_project_start,1,0,,,0,,,0,,
840427,2025-07-09,2025H2,post_rap_project_start,1,0,,,0,,,0,,
840436,2025-07-23,2025H2,post_rap_project_start,1,0,,,0,,,0,,
840750,2025-11-28,2025H2,post_rap_project_start,1,0,,,0,,,0,,
840766,2025-09-10,2025H2,post_rap_project_start,1,0,,,0,,,0,,
840807,2025-10-12,2025H2,post_rap_project_start,1,0,,,0,,,0,,
841416,2025-09-17,2025H2,post_rap_project_start,1,0,,,0,,,0,,
841746,2025-09-04,2025H2,post_rap_project_start,1,0,,,0,,,0,,
842078,2025-11-20,2025H2,post_rap_project_start,1,0,,,0,,,0,,
842406,2025-07-09,2025H2,post_rap_project_start,1,0,,,0,,,0,,
842740,2025-10-06,2025H2,post_rap_project_start,1,0,,,0,,,0,,
842755,2025-07-30,2025H2,post_rap_project_start,1,0,,,0,,,0,,
843062,2025-11-19,2025H2,post_rap_project_start,1,0,,,0,,,0,,
843724,2025-07-16,2025H2,post_rap_project_start,1,0,,,0,,,0,,
844385,2025-09-04,2025H2,post_rap_project_start,1,0,,,0,,,0,,
844718,2025-06-27,2025H1,post_rap_project_start,1,0,,,0,,,0,,
845047,2025-07-10,2025H2,post_rap_project_start,1,0,,,0,,,0,,
845372,2025-06-24,2025H1,post_rap_project_start,1,0,,,0,,,0,,
846360,2025-07-16,2025H2,post_rap_project_start,1,0,,,0,,,0,,
847354,2025-07-23,2025H2,post_rap_project_start,1,0,,,0,,,0,,
847687,2025-06-13,2025H1,post_rap_project_start,1,0,,,0,,,0,,
848342,2025-12-24,2025H2,post_rap_project_start,1,0,,,0,,,0,,
848357,2025-08-18,2025H2,post_rap_project_start,1,0,,,0,,,0,,
849333,2025-07-02,2025H2,post_rap_project_start,1,0,,,0,,,0,,
849997,2025-07-29,2025H2,post_rap_project_start,1,0,,,0,,,0,,
850658,2025-08-05,2025H2,post_rap_project_start,1,0,,,0,,,0,,
850670,2025-07-23,2025H2,post_rap_project_start,1,0,,,0,,,0,,
850689,2025-11-04,2025H2,post_rap_project_start,1,0,,,0,,,0,,
850691,2025-09-01,2025H2,post_rap_project_start,1,0,,,0,,,0,,
850712,2025-11-04,2025H2,post_rap_project_start,1,0,,,0,,,0,,
851310,2025-09-28,2025H2,post_rap_project_start,1,0,,,0,,,0,,
852303,2025-06-27,2025H1,post_rap_project_start,1,0,,,0,,,0,,
852962,2025-09-04,2025H2,post_rap_project_start,1,0,,,0,,,0,,
853298,2025-10-02,2025H2,post_rap_project_start,1,0,,,0,,,0,,
853625,2025-07-04,2025H2,post_rap_project_start,1,0,,,0,,,0,,
853656,2025-08-05,2025H2,post_rap_project_start,1,0,,,0,,,0,,
854614,2025-09-17,2025H2,post_rap_project_start,1,0,,,0,,,0,,
854944,2025-07-30,2025H2,post_rap_project_start,1,0,,,0,,,0,,
855274,2025-07-23,2025H2,post_rap_project_start,1,0,,,0,,,0,,
855652,2025-11-04,2025H2,post_rap_project_start,1,0,,,0,,,0,,
855675,2026-02-12,2026H1,post_rap_project_start,1,0,,,0,,,0,,
856941,2025-06-24,2025H1,post_rap_project_start,1,0,,,0,,,0,,
857588,2025-12-24,2025H2,post_rap_project_start,1,0,,,0,,,0,,
858244,2025-08-27,2025H2,post_rap_project_start,1,0,,,0,,,0,,
858903,2025-06-24,2025H1,post_rap_project_start,1,0,,,0,,,0,,
859234,2025-07-31,2025H2,post_rap_project_start,1,0,,,0,,,0,,
859563,2025-07-03,2025H2,post_rap_project_start,1,0,,,0,,,0,,
859898,2025-08-07,2025H2,post_rap_project_start,1,0,,,0,,,0,,
860554,2025-09-17,2025H2,post_rap_project_start,1,0,,,0,,,0,,
860888,2026-03-04,2026H1,post_rap_project_start,1,0,,,0,,,0,,
861217,2025-07-09,2025H2,post_rap_project_start,1,0,,,0,,,0,,
861548,2025-07-30,2025H2,post_rap_project_start,1,0,,,0,,,0,,
861873,2025-06-24,2025H1,post_rap_project_start,1,0,,,0,,,0,,
861887,2025-10-14,2025H2,post_rap_project_start,1,0,,,0,,,0,,
862539,2025-07-30,2025H2,post_rap_project_start,1,0,,,0,,,0,,
862876,2025-08-27,2025H2,post_rap_project_start,1,0,,,0,,,0,,
862882,2025-07-21,2025H2,post_rap_project_start,1,0,,,0,,,0,,
862905,2025-09-18,2025H2,post_rap_project_start,1,0,,,0,,,0,,
863859,2025-07-22,2025H2,post_rap_project_start,1,0,,,0,,,0,,
864207,2025-07-30,2025H2,post_rap_project_start,1,0,,,0,,,0,,
866163,2025-07-04,2025H2,post_rap_project_start,1,0,,,0,,,0,,
866493,2025-09-19,2025H2,post_rap_project_start,1,0,,,0,,,0,,
867484,2025-08-05,2025H2,post_rap_project_start,1,0,,,0,,,0,,
868143,2025-07-09,2025H2,post_rap_project_start,1,0,,,0,,,0,,
869794,2025-07-03,2025H2,post_rap_project_start,1,0,,,0,,,0,,
870121,2025-08-18,2025H2,post_rap_project_start,1,0,,,0,,,0,,
870465,2025-07-22,2025H2,post_rap_project_start,1,0,,,0,,,0,,
871112,2025-07-22,2025H2,post_rap_project_start,1,0,,,0,,,0,,
871469,2025-10-12,2025H2,post_rap_project_start,1,0,,,0,,,0,,
872100,2025-07-30,2025H2,post_rap_project_start,1,0,,,0,,,0,,
872438,2025-09-09,2025H2,post_rap_project_start,1,0,,,0,,,0,,
872768,2025-06-24,2025H1,post_rap_project_start,1,0,,,0,,,0,,
873433,2025-11-04,2025H2,post_rap_project_start,1,0,,,0,,,0,,
873771,2025-06-19,2025H1,post_rap_project_start,1,0,,,0,,,0,,
874087,2025-07-29,2025H2,post_rap_project_start,1,0,,,0,,,0,,
874416,2025-08-06,2025H2,post_rap_project_start,1,0,,,0,,,0,,
875072,2025-07-21,2025H2,post_rap_project_start,1,0,,,0,,,0,,
875404,2025-08-19,2025H2,post_rap_project_start,1,0,,,0,,,0,,
875732,2025-10-11,2025H2,post_rap_project_start,1,0,,,0,,,0,,
876403,2025-09-03,2025H2,post_rap_project_start,1,0,,,0,,,0,,
876442,2026-04-05,2026H1,post_rap_project_start,1,0,,,0,,,0,,
876720,2025-08-07,2025H2,post_rap_project_start,1,0,,,0,,,0,,
876749,2025-07-03,2025H2,post_rap_project_start,1,0,,,0,,,0,,
877717,2025-09-28,2025H2,post_rap_project_start,1,0,,,0,,,0,,
878707,2025-09-24,2025H2,post_rap_project_start,1,0,,,0,,,0,,
879030,2025-08-05,2025H2,post_rap_project_start,1,0,,,0,,,0,,
879696,2025-07-09,2025H2,post_rap_project_start,1,0,,,0,,,0,,
880359,2025-08-05,2025H2,post_rap_project_start,1,0,,,0,,,0,,
881679,2025-11-05,2025H2,post_rap_project_start,1,0,,,0,,,0,,
882999,2025-10-02,2025H2,post_rap_project_start,1,0,,,0,,,0,,
883654,2025-07-16,2025H2,post_rap_project_start,1,0,,,0,,,0,,
884310,2026-02-20,2026H1,post_rap_project_start,1,0,,,0,,,0,,
884644,2026-04-01,2026H1,post_rap_project_start,1,0,,,0,,,0,,
884663,2025-08-05,2025H2,post_rap_project_start,1,0,,,0,,,0,,
885305,2025-09-15,2025H2,post_rap_project_start,1,0,,,0,,,0,,
885636,2025-09-28,2025H2,post_rap_project_start,1,0,,,0,,,0,,
885966,2025-07-22,2025H2,post_rap_project_start,1,0,,,0,,,0,,
885984,2025-07-09,2025H2,post_rap_project_start,1,0,,,0,,,0,,
886299,2026-01-22,2026H1,post_rap_project_start,1,0,,,0,,,0,,
886309,2025-07-23,2025H2,post_rap_project_start,1,0,,,0,,,0,,
886642,2026-01-26,2026H1,post_rap_project_start,1,0,,,0,,,0,,
887613,2025-07-04,2025H2,post_rap_project_start,1,0,,,0,,,0,,
888618,2025-09-19,2025H2,post_rap_project_start,1,0,,,0,,,0,,
889987,2025-07-03,2025H2,post_rap_project_start,1,0,,,0,,,0,,
889994,2025-08-19,2025H2,post_rap_project_start,1,0,,,0,,,0,,
892891,2025-10-02,2025H2,post_rap_project_start,1,0,,,0,,,0,,
893881,2025-11-28,2025H2,post_rap_project_start,1,0,,,0,,,0,,
896530,2025-07-29,2025H2,post_rap_project_start,1,0,,,0,,,0,,
896856,2025-09-04,2025H2,post_rap_project_start,1,0,,,0,,,0,,
897186,2025-09-03,2025H2,post_rap_project_start,1,0,,,0,,,0,,
898182,2025-09-03,2025H2,post_rap_project_start,1,0,,,0,,,0,,
898202,2026-02-04,2026H1,post_rap_project_start,1,0,,,0,,,0,,
898225,2026-01-06,2026H1,post_rap_project_start,1,0,,,0,,,0,,
898835,2025-08-05,2025H2,post_rap_project_start,1,0,,,0,,,0,,
899491,2025-07-23,2025H2,post_rap_project_start,1,0,,,0,,,0,,
899824,2025-11-19,2025H2,post_rap_project_start,1,0,,,0,,,0,,
899830,2025-09-24,2025H2,post_rap_project_start,1,0,,,0,,,0,,
900150,2025-09-08,2025H2,post_rap_project_start,1,0,,,0,,,0,,
902137,2025-08-19,2025H2,post_rap_project_start,1,0,,,0,,,0,,
902799,2025-07-03,2025H2,post_rap_project_start,1,0,,,0,,,0,,
903785,2025-09-15,2025H2,post_rap_project_start,1,0,,,0,,,0,,
904444,2025-07-29,2025H2,post_rap_project_start,1,0,,,0,,,0,,
904779,2026-02-18,2026H1,post_rap_project_start,1,0,,,0,,,0,,
904780,2025-12-04,2025H2,post_rap_project_start,1,0,,,0,,,0,,
904812,2025-08-19,2025H2,post_rap_project_start,1,0,,,0,,,0,,
905103,2025-09-17,2025H2,post_rap_project_start,1,0,,,0,,,0,,
905766,2025-10-02,2025H2,post_rap_project_start,1,0,,,0,,,0,,
905784,2025-07-24,2025H2,post_rap_project_start,1,0,,,0,,,0,,
906092,2025-10-12,2025H2,post_rap_project_start,1,0,,,0,,,0,,
906426,2025-08-05,2025H2,post_rap_project_start,1,0,,,0,,,0,,
907084,2025-10-06,2025H2,post_rap_project_start,1,0,,,0,,,0,,
907097,2025-07-24,2025H2,post_rap_project_start,1,0,,,0,,,0,,
907410,2025-09-03,2025H2,post_rap_project_start,1,0,,,0,,,0,,
907755,2025-11-20,2025H2,post_rap_project_start,1,0,,,0,,,0,,
908402,2025-09-18,2025H2,post_rap_project_start,1,0,,,0,,,0,,
909069,2025-09-17,2025H2,post_rap_project_start,1,0,,,0,,,0,,
909076,2025-07-22,2025H2,post_rap_project_start,1,0,,,0,,,0,,
910056,2025-09-27,2025H2,post_rap_project_start,1,0,,,0,,,0,,
911377,2025-07-30,2025H2,post_rap_project_start,1,0,,,0,,,0,,
911723,2025-11-13,2025H2,post_rap_project_start,1,0,,,0,,,0,,
911734,2025-09-08,2025H2,post_rap_project_start,1,0,,,0,,,0,,
911747,2025-09-28,2025H2,post_rap_project_start,1,0,,,0,,,0,,
912033,2026-01-12,2026H1,post_rap_project_start,1,0,,,0,,,0,,
912363,2025-07-11,2025H2,post_rap_project_start,1,0,,,0,,,0,,
912699,2025-09-24,2025H2,post_rap_project_start,1,0,,,0,,,0,,
913028,2025-12-10,2025H2,post_rap_project_start,1,0,,,0,,,0,,
914010,2025-10-12,2025H2,post_rap_project_start,1,0,,,0,,,0,,
914676,2025-09-04,2025H2,post_rap_project_start,1,0,,,0,,,0,,
915007,2025-09-19,2025H2,post_rap_project_start,1,0,,,0,,,0,,
915665,2025-09-02,2025H2,post_rap_project_start,1,0,,,0,,,0,,
916326,2025-10-30,2025H2,post_rap_project_start,1,0,,,0,,,0,,
916650,2025-10-27,2025H2,post_rap_project_start,1,0,,,0,,,0,,
916666,2025-07-10,2025H2,post_rap_project_start,1,0,,,0,,,0,,
916678,2025-10-30,2025H2,post_rap_project_start,1,0,,,0,,,0,,
916989,2025-09-04,2025H2,post_rap_project_start,1,0,,,0,,,0,,
917027,2026-01-12,2026H1,post_rap_project_start,1,0,,,0,,,0,,
917642,2025-07-21,2025H2,post_rap_project_start,1,0,,,0,,,0,,
917657,2025-07-29,2025H2,post_rap_project_start,1,0,,,0,,,0,,
917977,2025-11-19,2025H2,post_rap_project_start,1,0,,,0,,,0,,
917983,2025-11-20,2025H2,post_rap_project_start,1,0,,,0,,,0,,
918304,2026-01-05,2026H1,post_rap_project_start,1,0,,,0,,,0,,
918963,2025-08-05,2025H2,post_rap_project_start,1,0,,,0,,,0,,
919628,2025-07-29,2025H2,post_rap_project_start,1,0,,,0,,,0,,
920292,2025-07-17,2025H2,post_rap_project_start,1,0,,,0,,,0,,
920302,2025-12-15,2025H2,post_rap_project_start,1,0,,,0,,,0,,
920942,2025-10-02,2025H2,post_rap_project_start,1,0,,,0,,,0,,
921291,2025-07-23,2025H2,post_rap_project_start,1,0,,,0,,,0,,
921301,2025-11-19,2025H2,post_rap_project_start,1,0,,,0,,,0,,
921607,2025-09-17,2025H2,post_rap_project_start,1,0,,,0,,,0,,
922268,2026-03-23,2026H1,post_rap_project_start,1,0,,,0,,,0,,
922592,2025-10-30,2025H2,post_rap_project_start,1,0,,,0,,,0,,
922920,2025-10-17,2025H2,post_rap_project_start,1,0,,,0,,,0,,
925561,2025-09-04,2025H2,post_rap_project_start,1,0,,,0,,,0,,
926220,2025-10-02,2025H2,post_rap_project_start,1,0,,,0,,,0,,
926882,2025-11-05,2025H2,post_rap_project_start,1,0,,,0,,,0,,
927545,2025-08-01,2025H2,post_rap_project_start,1,0,,,0,,,0,,
928207,2025-09-18,2025H2,post_rap_project_start,1,0,,,0,,,0,,
928868,2025-11-19,2025H2,post_rap_project_start,1,0,,,0,,,0,,
929548,2025-10-27,2025H2,post_rap_project_start,1,0,,,0,,,0,,
929569,2025-08-19,2025H2,post_rap_project_start,1,0,,,0,,,0,,
929595,2025-11-11,2025H2,post_rap_project_start,1,0,,,0,,,0,,
929856,2025-09-03,2025H2,post_rap_project_start,1,0,,,0,,,0,,
930515,2025-09-04,2025H2,post_rap_project_start,1,0,,,0,,,0,,
931172,2025-10-02,2025H2,post_rap_project_start,1,0,,,0,,,0,,
932166,2025-07-30,2025H2,post_rap_project_start,1,0,,,0,,,0,,
932184,2025-08-11,2025H2,post_rap_project_start,1,0,,,0,,,0,,
932828,2025-10-12,2025H2,post_rap_project_start,1,0,,,0,,,0,,
933489,2025-08-26,2025H2,post_rap_project_start,1,0,,,0,,,0,,
933824,2025-09-24,2025H2,post_rap_project_start,1,0,,,0,,,0,,
933830,2025-07-29,2025H2,post_rap_project_start,1,0,,,0,,,0,,
934180,2025-09-24,2025H2,post_rap_project_start,1,0,,,0,,,0,,
934198,2025-08-27,2025H2,post_rap_project_start,1,0,,,0,,,0,,
935134,2025-09-17,2025H2,post_rap_project_start,1,0,,,0,,,0,,
935467,2025-09-04,2025H2,post_rap_project_start,1,0,,,0,,,0,,
935792,2025-08-28,2025H2,post_rap_project_start,1,0,,,0,,,0,,
936124,2025-09-18,2025H2,post_rap_project_start,1,0,,,0,,,0,,
936468,2025-10-31,2025H2,post_rap_project_start,1,0,,,0,,,0,,
936475,2025-09-24,2025H2,post_rap_project_start,1,0,,,0,,,0,,
937118,2025-11-21,2025H2,post_rap_project_start,1,0,,,0,,,0,,
937777,2026-03-27,2026H1,post_rap_project_start,1,0,,,0,,,0,,
938108,2025-08-19,2025H2,post_rap_project_start,1,0,,,0,,,0,,
938112,2026-01-14,2026H1,post_rap_project_start,1,0,,,0,,,0,,
938430,2025-10-12,2025H2,post_rap_project_start,1,0,,,0,,,0,,
938760,2025-08-20,2025H2,post_rap_project_start,1,0,,,0,,,0,,
939428,2025-08-07,2025H2,post_rap_project_start,1,0,,,0,,,0,,
940085,2025-08-07,2025H2,post_rap_project_start,1,0,,,0,,,0,,
940419,2025-07-29,2025H2,post_rap_project_start,1,0,,,0,,,0,,
940749,2025-08-19,2025H2,post_rap_project_start,1,0,,,0,,,0,,
941072,2025-10-24,2025H2,post_rap_project_start,1,0,,,0,,,0,,
942065,2025-07-30,2025H2,post_rap_project_start,1,0,,,0,,,0,,
942728,2025-09-17,2025H2,post_rap_project_start,1,0,,,0,,,0,,
944045,2025-09-24,2025H2,post_rap_project_start,1,0,,,0,,,0,,
944370,2025-10-27,2025H2,post_rap_project_start,1,0,,,0,,,0,,
946023,2025-10-30,2025H2,post_rap_project_start,1,0,,,0,,,0,,
946034,2026-01-15,2026H1,post_rap_project_start,1,0,,,0,,,0,,
946047,2025-08-15,2025H2,post_rap_project_start,1,0,,,0,,,0,,
946386,2025-09-03,2025H2,post_rap_project_start,1,0,,,0,,,0,,
946393,2026-02-20,2026H1,post_rap_project_start,1,0,,,0,,,0,,
946408,2025-11-05,2025H2,post_rap_project_start,1,0,,,0,,,0,,
947018,2025-11-04,2025H2,post_rap_project_start,1,0,,,0,,,0,,
948339,2025-09-03,2025H2,post_rap_project_start,1,0,,,0,,,0,,
948665,2025-09-03,2025H2,post_rap_project_start,1,0,,,0,,,0,,
948990,2025-10-11,2025H2,post_rap_project_start,1,0,,,0,,,0,,
949332,2025-09-03,2025H2,post_rap_project_start,1,0,,,0,,,0,,
950313,2025-10-09,2025H2,post_rap_project_start,1,0,,,0,,,0,,
950642,2025-11-04,2025H2,post_rap_project_start,1,0,,,0,,,0,,
951966,2025-09-28,2025H2,post_rap_project_start,1,0,,,0,,,0,,
952292,2025-09-11,2025H2,post_rap_project_start,1,0,,,0,,,0,,
952620,2025-08-20,2025H2,post_rap_project_start,1,0,,,0,,,0,,
952957,2025-08-06,2025H2,post_rap_project_start,1,0,,,0,,,0,,
953947,2025-08-18,2025H2,post_rap_project_start,1,0,,,0,,,0,,
954272,2025-08-06,2025H2,post_rap_project_start,1,0,,,0,,,0,,
955260,2025-08-06,2025H2,post_rap_project_start,1,0,,,0,,,0,,
955614,2025-10-30,2025H2,post_rap_project_start,1,0,,,0,,,0,,
955937,2025-11-11,2025H2,post_rap_project_start,1,0,,,0,,,0,,
956257,2025-11-04,2025H2,post_rap_project_start,1,0,,,0,,,0,,
956261,2025-09-03,2025H2,post_rap_project_start,1,0,,,0,,,0,,
956917,2025-08-06,2025H2,post_rap_project_start,1,0,,,0,,,0,,
957249,2025-11-11,2025H2,post_rap_project_start,1,0,,,0,,,0,,
957914,2025-09-24,2025H2,post_rap_project_start,1,0,,,0,,,0,,
959222,2025-08-20,2025H2,post_rap_project_start,1,0,,,0,,,0,,
959907,2025-09-04,2025H2,post_rap_project_start,1,0,,,0,,,0,,
960873,2025-08-06,2025H2,post_rap_project_start,1,0,,,0,,,0,,
961200,2026-02-11,2026H1,post_rap_project_start,1,0,,,0,,,0,,
961216,2025-11-25,2025H2,post_rap_project_start,1,0,,,0,,,0,,
961228,2025-09-03,2025H2,post_rap_project_start,1,0,,,0,,,0,,
961534,2026-01-08,2026H1,post_rap_project_start,1,0,,,0,,,0,,
962211,2025-08-18,2025H2,post_rap_project_start,1,0,,,0,,,0,,
962852,2025-08-26,2025H2,post_rap_project_start,1,0,,,0,,,0,,
963183,2025-11-28,2025H2,post_rap_project_start,1,0,,,0,,,0,,
964172,2025-09-03,2025H2,post_rap_project_start,1,0,,,0,,,0,,
964833,2025-10-09,2025H2,post_rap_project_start,1,0,,,0,,,0,,
965163,2025-09-15,2025H2,post_rap_project_start,1,0,,,0,,,0,,
965171,2025-08-19,2025H2,post_rap_project_start,1,0,,,0,,,0,,
965493,2025-12-08,2025H2,post_rap_project_start,1,0,,,0,,,0,,
965504,2025-09-04,2025H2,post_rap_project_start,1,0,,,0,,,0,,
965543,2026-02-04,2026H1,post_rap_project_start,1,0,,,0,,,0,,
965832,2025-10-12,2025H2,post_rap_project_start,1,0,,,0,,,0,,
966158,2025-09-28,2025H2,post_rap_project_start,1,0,,,0,,,0,,
966485,2025-08-15,2025H2,post_rap_project_start,1,0,,,0,,,0,,
967816,2025-11-28,2025H2,post_rap_project_start,1,0,,,0,,,0,,
967844,2025-12-18,2025H2,post_rap_project_start,1,0,,,0,,,0,,
967863,2025-10-30,2025H2,post_rap_project_start,1,0,,,0,,,0,,
968135,2025-09-17,2025H2,post_rap_project_start,1,0,,,0,,,0,,
968462,2025-11-11,2025H2,post_rap_project_start,1,0,,,0,,,0,,
968797,2025-11-11,2025H2,post_rap_project_start,1,0,,,0,,,0,,
969124,2025-10-14,2025H2,post_rap_project_start,1,0,,,0,,,0,,
969786,2025-08-19,2025H2,post_rap_project_start,1,0,,,0,,,0,,
970112,2025-09-03,2025H2,post_rap_project_start,1,0,,,0,,,0,,
971434,2025-11-19,2025H2,post_rap_project_start,1,0,,,0,,,0,,
971764,2025-09-28,2025H2,post_rap_project_start,1,0,,,0,,,0,,
972104,2026-01-03,2026H1,post_rap_project_start,1,0,,,0,,,0,,
974404,2025-09-24,2025H2,post_rap_project_start,1,0,,,0,,,0,,
977374,2025-09-19,2025H2,post_rap_project_start,1,0,,,0,,,0,,
977700,2025-10-30,2025H2,post_rap_project_start,1,0,,,0,,,0,,
978057,2025-11-06,2025H2,post_rap_project_start,1,0,,,0,,,0,,
979695,2025-09-15,2025H2,post_rap_project_start,1,0,,,0,,,0,,
979703,2025-09-04,2025H2,post_rap_project_start,1,0,,,0,,,0,,
980013,2026-02-04,2026H1,post_rap_project_start,1,0,,,0,,,0,,
980343,2025-11-11,2025H2,post_rap_project_start,1,0,,,0,,,0,,
980679,2025-08-19,2025H2,post_rap_project_start,1,0,,,0,,,0,,
981335,2025-08-15,2025H2,post_rap_project_start,1,0,,,0,,,0,,
981357,2026-04-01,2026H1,post_rap_project_start,1,0,,,0,,,0,,
981374,2025-10-30,2025H2,post_rap_project_start,1,0,,,0,,,0,,
981678,2025-08-19,2025H2,post_rap_project_start,1,0,,,0,,,0,,
981697,2026-04-02,2026H1,post_rap_project_start,1,0,,,0,,,0,,
982334,2025-08-19,2025H2,post_rap_project_start,1,0,,,0,,,0,,
982980,2025-09-04,2025H2,post_rap_project_start,1,0,,,0,,,0,,
983006,2025-11-10,2025H2,post_rap_project_start,1,0,,,0,,,0,,
983023,2025-09-15,2025H2,post_rap_project_start,1,0,,,0,,,0,,
983047,2025-09-04,2025H2,post_rap_project_start,1,0,,,0,,,0,,
983075,2025-09-09,2025H2,post_rap_project_start,1,0,,,0,,,0,,
983317,2025-09-24,2025H2,post_rap_project_start,1,0,,,0,,,0,,
983973,2025-10-29,2025H2,post_rap_project_start,1,0,,,0,,,0,,
984305,2025-10-30,2025H2,post_rap_project_start,1,0,,,0,,,0,,
985626,2025-10-16,2025H2,post_rap_project_start,1,0,,,0,,,0,,
986618,2025-09-28,2025H2,post_rap_project_start,1,0,,,0,,,0,,
986948,2025-08-20,2025H2,post_rap_project_start,1,0,,,0,,,0,,
987608,2025-12-04,2025H2,post_rap_project_start,1,0,,,0,,,0,,
988266,2025-09-24,2025H2,post_rap_project_start,1,0,,,0,,,0,,
988975,2025-09-28,2025H2,post_rap_project_start,1,0,,,0,,,0,,
988981,2025-10-17,2025H2,post_rap_project_start,1,0,,,0,,,0,,
988999,2025-09-28,2025H2,post_rap_project_start,1,0,,,0,,,0,,
989917,2025-10-06,2025H2,post_rap_project_start,1,0,,,0,,,0,,
990249,2025-09-17,2025H2,post_rap_project_start,1,0,,,0,,,0,,
990914,2025-11-21,2025H2,post_rap_project_start,1,0,,,0,,,0,,
990933,2025-09-03,2025H2,post_rap_project_start,1,0,,,0,,,0,,
991245,2025-09-17,2025H2,post_rap_project_start,1,0,,,0,,,0,,
991266,2025-09-24,2025H2,post_rap_project_start,1,0,,,0,,,0,,
991284,2025-11-11,2025H2,post_rap_project_start,1,0,,,0,,,0,,
991561,2025-10-23,2025H2,post_rap_project_start,1,0,,,0,,,0,,
992241,2025-10-11,2025H2,post_rap_project_start,1,0,,,0,,,0,,
992256,2025-11-03,2025H2,post_rap_project_start,1,0,,,0,,,0,,
993920,2025-09-26,2025H2,post_rap_project_start,1,0,,,0,,,0,,
993949,2026-01-14,2026H1,post_rap_project_start,1,0,,,0,,,0,,
993954,2025-09-03,2025H2,post_rap_project_start,1,0,,,0,,,0,,
994203,2026-03-16,2026H1,post_rap_project_start,1,0,,,0,,,0,,
994532,2025-10-10,2025H2,post_rap_project_start,1,0,,,0,,,0,,
995859,2025-10-30,2025H2,post_rap_project_start,1,0,,,0,,,0,,
996198,2026-02-04,2026H1,post_rap_project_start,1,0,,,0,,,0,,
996510,2025-09-15,2025H2,post_rap_project_start,1,0,,,0,,,0,,
996523,2025-11-19,2025H2,post_rap_project_start,1,0,,,0,,,0,,
996840,2026-01-27,2026H1,post_rap_project_start,1,0,,,0,,,0,,
996855,2025-09-16,2025H2,post_rap_project_start,1,0,,,0,,,0,,
996893,2025-10-02,2025H2,post_rap_project_start,1,0,,,0,,,0,,
997832,2025-12-15,2025H2,post_rap_project_start,1,0,,,0,,,0,,
998168,2025-11-28,2025H2,post_rap_project_start,1,0,,,0,,,0,,
998181,2026-03-03,2026H1,post_rap_project_start,1,0,,,0,,,0,,
998825,2025-10-07,2025H2,post_rap_project_start,1,0,,,0,,,0,,
998841,2025-09-15,2025H2,post_rap_project_start,1,0,,,0,,,0,,
999810,2025-09-04,2025H2,post_rap_project_start,1,0,,,0,,,0,,
999823,2025-09-04,2025H2,post_rap_project_start,1,0,,,0,,,0,,
1000805,2026-01-19,2026H1,post_rap_project_start,1,0,,,0,,,0,,
1001139,2026-02-23,2026H1,post_rap_project_start,1,0,,,0,,,0,,
1001461,2026-02-03,2026H1,post_rap_project_start,1,0,,,0,,,0,,
1002122,2025-09-24,2025H2,post_rap_project_start,1,0,,,0,,,0,,
1002450,2026-02-20,2026H1,post_rap_project_start,1,0,,,0,,,0,,
1002466,2025-11-05,2025H2,post_rap_project_start,1,0,,,0,,,0,,
1002478,2025-09-24,2025H2,post_rap_project_start,1,0,,,0,,,0,,
1003444,2026-01-03,2026H1,post_rap_project_start,1,0,,,0,,,0,,
1004433,2025-09-24,2025H2,post_rap_project_start,1,0,,,0,,,0,,
1005423,2025-10-30,2025H2,post_rap_project_start,1,0,,,0,,,0,,
1006098,2025-09-24,2025H2,post_rap_project_start,1,0,,,0,,,0,,
1006787,2026-01-19,2026H1,post_rap_project_start,1,0,,,0,,,0,,
1006794,2025-09-28,2025H2,post_rap_project_start,1,0,,,0,,,0,,
1006815,2026-02-20,2026H1,post_rap_project_start,1,0,,,0,,,0,,
1007072,2025-11-18,2025H2,post_rap_project_start,1,0,,,0,,,0,,
1007404,2025-11-28,2025H2,post_rap_project_start,1,0,,,0,,,0,,
1008726,2025-11-05,2025H2,post_rap_project_start,1,0,,,0,,,0,,
1008735,2025-10-02,2025H2,post_rap_project_start,1,0,,,0,,,0,,
1009383,2025-09-24,2025H2,post_rap_project_start,1,0,,,0,,,0,,
1009710,2025-09-24,2025H2,post_rap_project_start,1,0,,,0,,,0,,
1010374,2025-09-28,2025H2,post_rap_project_start,1,0,,,0,,,0,,
1011030,2025-09-28,2025H2,post_rap_project_start,1,0,,,0,,,0,,
1011373,2026-01-22,2026H1,post_rap_project_start,1,0,,,0,,,0,,
1011387,2025-09-28,2025H2,post_rap_project_start,1,0,,,0,,,0,,
1011394,2025-10-16,2025H2,post_rap_project_start,1,0,,,0,,,0,,
1011696,2025-10-02,2025H2,post_rap_project_start,1,0,,,0,,,0,,
1012028,2025-09-28,2025H2,post_rap_project_start,1,0,,,0,,,0,,
1012351,2026-02-13,2026H1,post_rap_project_start,1,0,,,0,,,0,,
1012691,2025-09-26,2025H2,post_rap_project_start,1,0,,,0,,,0,,
1014004,2025-10-15,2025H2,post_rap_project_start,1,0,,,0,,,0,,
1014015,2025-09-28,2025H2,post_rap_project_start,1,0,,,0,,,0,,
1014332,2025-10-31,2025H2,post_rap_project_start,1,0,,,0,,,0,,
1015003,2025-10-30,2025H2,post_rap_project_start,1,0,,,0,,,0,,
1015354,2025-09-26,2025H2,post_rap_project_start,1,0,,,0,,,0,,
1015365,2025-11-11,2025H2,post_rap_project_start,1,0,,,0,,,0,,
1016672,2025-09-29,2025H2,post_rap_project_start,1,0,,,0,,,0,,
1016975,2025-12-11,2025H2,post_rap_project_start,1,0,,,0,,,0,,
1017630,2026-04-10,2026H1,post_rap_project_start,1,0,,,0,,,0,,
1018296,2025-10-30,2025H2,post_rap_project_start,1,0,,,0,,,0,,
1020279,2025-09-28,2025H2,post_rap_project_start,1,0,,,0,,,0,,
1020298,2025-11-28,2025H2,post_rap_project_start,1,0,,,0,,,0,,
1020602,2025-09-28,2025H2,post_rap_project_start,1,0,,,0,,,0,,
1021268,2025-11-04,2025H2,post_rap_project_start,1,0,,,0,,,0,,
1021592,2025-11-19,2025H2,post_rap_project_start,1,0,,,0,,,0,,
1021931,2025-10-30,2025H2,post_rap_project_start,1,0,,,0,,,0,,
1022258,2025-12-24,2025H2,post_rap_project_start,1,0,,,0,,,0,,
1023249,2025-10-30,2025H2,post_rap_project_start,1,0,,,0,,,0,,
1023946,2025-10-02,2025H2,post_rap_project_start,1,0,,,0,,,0,,
1023951,2025-09-28,2025H2,post_rap_project_start,1,0,,,0,,,0,,
1023967,2025-10-28,2025H2,post_rap_project_start,1,0,,,0,,,0,,
1023980,2025-12-23,2025H2,post_rap_project_start,1,0,,,0,,,0,,
1023998,2025-09-26,2025H2,post_rap_project_start,1,0,,,0,,,0,,
1024568,2025-10-12,2025H2,post_rap_project_start,1,0,,,0,,,0,,
1024893,2025-10-02,2025H2,post_rap_project_start,1,0,,,0,,,0,,
1025229,2025-10-30,2025H2,post_rap_project_start,1,0,,,0,,,0,,
1025887,2026-04-05,2026H1,post_rap_project_start,1,0,,,0,,,0,,
1026218,2025-11-25,2025H2,post_rap_project_start,1,0,,,0,,,0,,
1026225,2025-11-06,2025H2,post_rap_project_start,1,0,,,0,,,0,,
1028203,2025-12-23,2025H2,post_rap_project_start,1,0,,,0,,,0,,
1029245,2025-09-28,2025H2,post_rap_project_start,1,0,,,0,,,0,,
1029266,2026-01-13,2026H1,post_rap_project_start,1,0,,,0,,,0,,
1029284,2025-09-26,2025H2,post_rap_project_start,1,0,,,0,,,0,,
1030855,2026-03-27,2026H1,post_rap_project_start,1,0,,,0,,,0,,
1030886,2025-11-28,2025H2,post_rap_project_start,1,0,,,0,,,0,,
1030893,2025-12-03,2025H2,post_rap_project_start,1,0,,,0,,,0,,
1030935,2025-10-08,2025H2,post_rap_project_start,1,0,,,0,,,0,,
1032155,2025-11-06,2025H2,post_rap_project_start,1,0,,,0,,,0,,
1033148,2025-10-02,2025H2,post_rap_project_start,1,0,,,0,,,0,,
1033176,2025-12-15,2025H2,post_rap_project_start,1,0,,,0,,,0,,
1033475,2025-09-28,2025H2,post_rap_project_start,1,0,,,0,,,0,,
1033803,2025-11-06,2025H2,post_rap_project_start,1,0,,,0,,,0,,
1034137,2025-10-30,2025H2,post_rap_project_start,1,0,,,0,,,0,,
1034464,2025-09-28,2025H2,post_rap_project_start,1,0,,,0,,,0,,
1034472,2025-09-28,2025H2,post_rap_project_start,1,0,,,0,,,0,,
1035127,2025-09-28,2025H2,post_rap_project_start,1,0,,,0,,,0,,
1035459,2026-01-06,2026H1,post_rap_project_start,1,0,,,0,,,0,,
1036443,2025-10-15,2025H2,post_rap_project_start,1,0,,,0,,,0,,
1036778,2025-12-15,2025H2,post_rap_project_start,1,0,,,0,,,0,,
1037112,2025-09-26,2025H2,post_rap_project_start,1,0,,,0,,,0,,
1038426,2025-10-17,2025H2,post_rap_project_start,1,0,,,0,,,0,,
1038754,2026-01-05,2026H1,post_rap_project_start,1,0,,,0,,,0,,
1039414,2025-11-19,2025H2,post_rap_project_start,1,0,,,0,,,0,,
1039422,2025-10-02,2025H2,post_rap_project_start,1,0,,,0,,,0,,
1039744,2025-10-11,2025H2,post_rap_project_start,1,0,,,0,,,0,,
1040079,2026-02-13,2026H1,post_rap_project_start,1,0,,,0,,,0,,
1040080,2026-01-22,2026H1,post_rap_project_start,1,0,,,0,,,0,,
1040098,2025-11-25,2025H2,post_rap_project_start,1,0,,,0,,,0,,
1040120,2025-10-11,2025H2,post_rap_project_start,1,0,,,0,,,0,,
1040154,2026-02-18,2026H1,post_rap_project_start,1,0,,,0,,,0,,
1040739,2026-03-27,2026H1,post_rap_project_start,1,0,,,0,,,0,,
1041740,2025-11-24,2025H2,post_rap_project_start,1,0,,,0,,,0,,
1042056,2025-10-11,2025H2,post_rap_project_start,1,0,,,0,,,0,,
1042722,2025-12-01,2025H2,post_rap_project_start,1,0,,,0,,,0,,
1043373,2025-11-26,2025H2,post_rap_project_start,1,0,,,0,,,0,,
1043387,2025-11-13,2025H2,post_rap_project_start,1,0,,,0,,,0,,
1044368,2025-11-13,2025H2,post_rap_project_start,1,0,,,0,,,0,,
1044692,2025-12-12,2025H2,post_rap_project_start,1,0,,,0,,,0,,
1044713,2025-09-28,2025H2,post_rap_project_start,1,0,,,0,,,0,,
1045037,2025-12-23,2025H2,post_rap_project_start,1,0,,,0,,,0,,
1045044,2025-09-28,2025H2,post_rap_project_start,1,0,,,0,,,0,,
1045063,2025-10-31,2025H2,post_rap_project_start,1,0,,,0,,,0,,
1045071,2026-04-09,2026H1,post_rap_project_start,1,0,,,0,,,0,,
1045085,2025-11-04,2025H2,post_rap_project_start,1,0,,,0,,,0,,
1045092,2025-10-11,2025H2,post_rap_project_start,1,0,,,0,,,0,,
1046027,2026-04-13,2026H1,post_rap_project_start,1,0,,,0,,,0,,
1046345,2025-10-14,2025H2,post_rap_project_start,1,0,,,0,,,0,,
1046688,2025-09-28,2025H2,post_rap_project_start,1,0,,,0,,,0,,
1047008,2025-11-24,2025H2,post_rap_project_start,1,0,,,0,,,0,,
1047666,2025-12-04,2025H2,post_rap_project_start,1,0,,,0,,,0,,
1047991,2025-10-12,2025H2,post_rap_project_start,1,0,,,0,,,0,,
1049648,2025-10-17,2025H2,post_rap_project_start,1,0,,,0,,,0,,
1049973,2025-11-28,2025H2,post_rap_project_start,1,0,,,0,,,0,,
1049987,2026-01-07,2026H1,post_rap_project_start,1,0,,,0,,,0,,
1050006,2025-10-21,2025H2,post_rap_project_start,1,0,,,0,,,0,,
1050630,2025-09-29,2025H2,post_rap_project_start,1,0,,,0,,,0,,
1050960,2026-01-28,2026H1,post_rap_project_start,1,0,,,0,,,0,,
1051972,2025-10-30,2025H2,post_rap_project_start,1,0,,,0,,,0,,
1052618,2026-01-22,2026H1,post_rap_project_start,1,0,,,0,,,0,,
1052625,2025-12-15,2025H2,post_rap_project_start,1,0,,,0,,,0,,
1052639,2026-02-12,2026H1,post_rap_project_start,1,0,,,0,,,0,,
1052948,2025-11-11,2025H2,post_rap_project_start,1,0,,,0,,,0,,
1052953,2025-12-04,2025H2,post_rap_project_start,1,0,,,0,,,0,,
1053272,2026-03-18,2026H1,post_rap_project_start,1,0,,,0,,,0,,
1053989,2025-10-09,2025H2,post_rap_project_start,1,0,,,0,,,0,,
1054018,2025-11-17,2025H2,post_rap_project_start,1,0,,,0,,,0,,
1054039,2025-10-21,2025H2,post_rap_project_start,1,0,,,0,,,0,,
1054297,2025-12-15,2025H2,post_rap_project_start,1,0,,,0,,,0,,
1054617,2025-11-26,2025H2,post_rap_project_start,1,0,,,0,,,0,,
1054923,2025-11-17,2025H2,post_rap_project_start,1,0,,,0,,,0,,
1054952,2025-11-13,2025H2,post_rap_project_start,1,0,,,0,,,0,,
1054981,2025-11-28,2025H2,post_rap_project_start,1,0,,,0,,,0,,
1054999,2025-12-18,2025H2,post_rap_project_start,1,0,,,0,,,0,,
1055001,2026-02-09,2026H1,post_rap_project_start,1,0,,,0,,,0,,
1056248,2025-10-30,2025H2,post_rap_project_start,1,0,,,0,,,0,,
1057239,2025-10-31,2025H2,post_rap_project_start,1,0,,,0,,,0,,
1057890,2025-11-21,2025H2,post_rap_project_start,1,0,,,0,,,0,,
1059216,2026-01-13,2026H1,post_rap_project_start,1,0,,,0,,,0,,
1059547,2026-03-05,2026H1,post_rap_project_start,1,0,,,0,,,0,,
1060209,2025-11-21,2025H2,post_rap_project_start,1,0,,,0,,,0,,
1060535,2025-11-19,2025H2,post_rap_project_start,1,0,,,0,,,0,,
1060865,2025-11-19,2025H2,post_rap_project_start,1,0,,,0,,,0,,
1061527,2025-11-13,2025H2,post_rap_project_start,1,0,,,0,,,0,,
1061536,2026-03-28,2026H1,post_rap_project_start,1,0,,,0,,,0,,
1061558,2025-10-03,2025H2,post_rap_project_start,1,0,,,0,,,0,,
1061562,2025-11-11,2025H2,post_rap_project_start,1,0,,,0,,,0,,
1061591,2026-01-09,2026H1,post_rap_project_start,1,0,,,0,,,0,,
1063501,2025-11-11,2025H2,post_rap_project_start,1,0,,,0,,,0,,
1063834,2025-12-01,2025H2,post_rap_project_start,1,0,,,0,,,0,,
1064505,2025-11-28,2025H2,post_rap_project_start,1,0,,,0,,,0,,
1064514,2025-12-24,2025H2,post_rap_project_start,1,0,,,0,,,0,,
1065151,2025-10-15,2025H2,post_rap_project_start,1,0,,,0,,,0,,
1065817,2025-10-30,2025H2,post_rap_project_start,1,0,,,0,,,0,,
1066147,2025-12-15,2025H2,post_rap_project_start,1,0,,,0,,,0,,
1066152,2025-11-11,2025H2,post_rap_project_start,1,0,,,0,,,0,,
1066479,2025-12-18,2025H2,post_rap_project_start,1,0,,,0,,,0,,
1066480,2026-03-05,2026H1,post_rap_project_start,1,0,,,0,,,0,,
1066802,2026-01-19,2026H1,post_rap_project_start,1,0,,,0,,,0,,
1067138,2026-02-04,2026H1,post_rap_project_start,1,0,,,0,,,0,,
1067460,2026-03-13,2026H1,post_rap_project_start,1,0,,,0,,,0,,
1067795,2025-11-28,2025H2,post_rap_project_start,1,0,,,0,,,0,,
1068481,2025-12-08,2025H2,post_rap_project_start,1,0,,,0,,,0,,
1068499,2026-02-11,2026H1,post_rap_project_start,1,0,,,0,,,0,,
1068512,2025-11-04,2025H2,post_rap_project_start,1,0,,,0,,,0,,
1068786,2025-10-17,2025H2,post_rap_project_start,1,0,,,0,,,0,,
1069778,2025-11-19,2025H2,post_rap_project_start,1,0,,,0,,,0,,
1071093,2026-02-20,2026H1,post_rap_project_start,1,0,,,0,,,0,,
1071750,2026-01-02,2026H1,post_rap_project_start,1,0,,,0,,,0,,
1072759,2026-03-02,2026H1,post_rap_project_start,1,0,,,0,,,0,,
1073074,2026-02-04,2026H1,post_rap_project_start,1,0,,,0,,,0,,
1074391,2026-02-09,2026H1,post_rap_project_start,1,0,,,0,,,0,,
1075051,2026-02-24,2026H1,post_rap_project_start,1,0,,,0,,,0,,
1075718,2026-01-08,2026H1,post_rap_project_start,1,0,,,0,,,0,,
1076703,2026-01-08,2026H1,post_rap_project_start,1,0,,,0,,,0,,
1077369,2026-01-14,2026H1,post_rap_project_start,1,0,,,0,,,0,,
1078024,2025-10-24,2025H2,post_rap_project_start,1,0,,,0,,,0,,
1078373,2025-11-04,2025H2,post_rap_project_start,1,0,,,0,,,0,,
1078387,2025-10-31,2025H2,post_rap_project_start,1,0,,,0,,,0,,
1078394,2025-11-28,2025H2,post_rap_project_start,1,0,,,0,,,0,,
1078409,2025-12-23,2025H2,post_rap_project_start,1,0,,,0,,,0,,
1079350,2025-10-30,2025H2,post_rap_project_start,1,0,,,0,,,0,,
1080001,2026-02-18,2026H1,post_rap_project_start,1,0,,,0,,,0,,
1080334,2026-04-13,2026H1,post_rap_project_start,1,0,,,0,,,0,,
1080663,2025-11-04,2025H2,post_rap_project_start,1,0,,,0,,,0,,
1080998,2025-10-12,2025H2,post_rap_project_start,1,0,,,0,,,0,,
1081330,2025-11-13,2025H2,post_rap_project_start,1,0,,,0,,,0,,
1081672,2026-03-26,2026H1,post_rap_project_start,1,0,,,0,,,0,,
1082315,2025-11-06,2025H2,post_rap_project_start,1,0,,,0,,,0,,
1082646,2025-11-21,2025H2,post_rap_project_start,1,0,,,0,,,0,,
1082971,2026-01-05,2026H1,post_rap_project_start,1,0,,,0,,,0,,
1083635,2025-12-24,2025H2,post_rap_project_start,1,0,,,0,,,0,,
1083642,2026-03-13,2026H1,post_rap_project_start,1,0,,,0,,,0,,
1083657,2026-01-05,2026H1,post_rap_project_start,1,0,,,0,,,0,,
1083977,2026-03-05,2026H1,post_rap_project_start,1,0,,,0,,,0,,
1084290,2026-01-29,2026H1,post_rap_project_start,1,0,,,0,,,0,,
1084623,2026-01-15,2026H1,post_rap_project_start,1,0,,,0,,,0,,
1085289,2025-12-10,2025H2,post_rap_project_start,1,0,,,0,,,0,,
1085301,2026-01-16,2026H1,post_rap_project_start,1,0,,,0,,,0,,
1085317,2025-11-11,2025H2,post_rap_project_start,1,0,,,0,,,0,,
1085941,2025-12-01,2025H2,post_rap_project_start,1,0,,,0,,,0,,
1086271,2026-01-05,2026H1,post_rap_project_start,1,0,,,0,,,0,,
1087279,2025-11-21,2025H2,post_rap_project_start,1,0,,,0,,,0,,
1087602,2025-12-04,2025H2,post_rap_project_start,1,0,,,0,,,0,,
1087641,2025-11-04,2025H2,post_rap_project_start,1,0,,,0,,,0,,
1087656,2025-12-18,2025H2,post_rap_project_start,1,0,,,0,,,0,,
1087924,2026-01-23,2026H1,post_rap_project_start,1,0,,,0,,,0,,
1087930,2025-11-04,2025H2,post_rap_project_start,1,0,,,0,,,0,,
1088582,2025-11-27,2025H2,post_rap_project_start,1,0,,,0,,,0,,
1088927,2026-02-12,2026H1,post_rap_project_start,1,0,,,0,,,0,,
1088943,2025-11-04,2025H2,post_rap_project_start,1,0,,,0,,,0,,
1088958,2025-11-03,2025H2,post_rap_project_start,1,0,,,0,,,0,,
1088962,2025-10-30,2025H2,post_rap_project_start,1,0,,,0,,,0,,
1088970,2026-03-20,2026H1,post_rap_project_start,1,0,,,0,,,0,,
1088989,2025-12-24,2025H2,post_rap_project_start,1,0,,,0,,,0,,
1088991,2025-11-04,2025H2,post_rap_project_start,1,0,,,0,,,0,,
1089000,2026-01-22,2026H1,post_rap_project_start,1,0,,,0,,,0,,
1089028,2026-01-13,2026H1,post_rap_project_start,1,0,,,0,,,0,,
1089248,2025-12-23,2025H2,post_rap_project_start,1,0,,,0,,,0,,
1089572,2026-01-04,2026H1,post_rap_project_start,1,0,,,0,,,0,,
1089586,2025-11-06,2025H2,post_rap_project_start,1,0,,,0,,,0,,
1089913,2026-03-05,2026H1,post_rap_project_start,1,0,,,0,,,0,,
1090239,2025-12-04,2025H2,post_rap_project_start,1,0,,,0,,,0,,
1090256,2026-01-08,2026H1,post_rap_project_start,1,0,,,0,,,0,,
1090273,2026-01-26,2026H1,post_rap_project_start,1,0,,,0,,,0,,
1090577,2025-11-14,2025H2,post_rap_project_start,1,0,,,0,,,0,,
1090583,2026-01-19,2026H1,post_rap_project_start,1,0,,,0,,,0,,
1090596,2025-11-24,2025H2,post_rap_project_start,1,0,,,0,,,0,,
1090605,2025-11-04,2025H2,post_rap_project_start,1,0,,,0,,,0,,
1090622,2025-12-12,2025H2,post_rap_project_start,1,0,,,0,,,0,,
1090890,2025-11-26,2025H2,post_rap_project_start,1,0,,,0,,,0,,
1091229,2025-11-04,2025H2,post_rap_project_start,1,0,,,0,,,0,,
1092212,2025-11-04,2025H2,post_rap_project_start,1,0,,,0,,,0,,
1092541,2025-11-21,2025H2,post_rap_project_start,1,0,,,0,,,0,,
1092876,2025-11-28,2025H2,post_rap_project_start,1,0,,,0,,,0,,
1092882,2025-11-19,2025H2,post_rap_project_start,1,0,,,0,,,0,,
1093204,2026-04-10,2026H1,post_rap_project_start,1,0,,,0,,,0,,
1093533,2025-11-21,2025H2,post_rap_project_start,1,0,,,0,,,0,,
1093863,2026-03-28,2026H1,post_rap_project_start,1,0,,,0,,,0,,
1094194,2025-12-04,2025H2,post_rap_project_start,1,0,,,0,,,0,,
1094529,2026-02-23,2026H1,post_rap_project_start,1,0,,,0,,,0,,
1094875,2026-04-21,2026H1,post_rap_project_start,1,0,,,0,,,0,,
1094881,2026-03-10,2026H1,post_rap_project_start,1,0,,,0,,,0,,
1094899,2025-11-06,2025H2,post_rap_project_start,1,0,,,0,,,0,,
1094909,2025-11-11,2025H2,post_rap_project_start,1,0,,,0,,,0,,
1094913,2025-11-04,2025H2,post_rap_project_start,1,0,,,0,,,0,,
1094921,2026-02-26,2026H1,post_rap_project_start,1,0,,,0,,,0,,
1094932,2025-11-03,2025H2,post_rap_project_start,1,0,,,0,,,0,,
1095846,2025-11-11,2025H2,post_rap_project_start,1,0,,,0,,,0,,
1095851,2025-11-21,2025H2,post_rap_project_start,1,0,,,0,,,0,,
1095867,2026-02-04,2026H1,post_rap_project_start,1,0,,,0,,,0,,
1095879,2025-11-21,2025H2,post_rap_project_start,1,0,,,0,,,0,,
1095880,2025-11-11,2025H2,post_rap_project_start,1,0,,,0,,,0,,
1096171,2026-03-23,2026H1,post_rap_project_start,1,0,,,0,,,0,,
1097167,2026-02-17,2026H1,post_rap_project_start,1,0,,,0,,,0,,
1097497,2025-11-19,2025H2,post_rap_project_start,1,0,,,0,,,0,,
1098158,2025-11-06,2025H2,post_rap_project_start,1,0,,,0,,,0,,
1098812,2025-11-19,2025H2,post_rap_project_start,1,0,,,0,,,0,,
1099482,2025-12-15,2025H2,post_rap_project_start,1,0,,,0,,,0,,
1099827,2026-01-03,2026H1,post_rap_project_start,1,0,,,0,,,0,,
1099836,2025-11-28,2025H2,post_rap_project_start,1,0,,,0,,,0,,
1100463,2025-11-28,2025H2,post_rap_project_start,1,0,,,0,,,0,,
1101781,2025-11-21,2025H2,post_rap_project_start,1,0,,,0,,,0,,
1101799,2025-11-28,2025H2,post_rap_project_start,1,0,,,0,,,0,,
1101809,2025-11-28,2025H2,post_rap_project_start,1,0,,,0,,,0,,
1102112,2026-02-13,2026H1,post_rap_project_start,1,0,,,0,,,0,,
1102448,2025-12-04,2025H2,post_rap_project_start,1,0,,,0,,,0,,
1102773,2026-02-13,2026H1,post_rap_project_start,1,0,,,0,,,0,,
1103118,2026-03-18,2026H1,post_rap_project_start,1,0,,,0,,,0,,
1103187,2025-12-23,2025H2,post_rap_project_start,1,0,,,0,,,0,,
1103435,2025-11-26,2025H2,post_rap_project_start,1,0,,,0,,,0,,
1103442,2025-11-07,2025H2,post_rap_project_start,1,0,,,0,,,0,,
1103765,2025-11-19,2025H2,post_rap_project_start,1,0,,,0,,,0,,
1104099,2026-01-14,2026H1,post_rap_project_start,1,0,,,0,,,0,,
1104420,2025-12-01,2025H2,post_rap_project_start,1,0,,,0,,,0,,
1104757,2025-12-15,2025H2,post_rap_project_start,1,0,,,0,,,0,,
1105082,2026-01-14,2026H1,post_rap_project_start,1,0,,,0,,,0,,
1105413,2025-11-19,2025H2,post_rap_project_start,1,0,,,0,,,0,,
1106077,2026-02-24,2026H1,post_rap_project_start,1,0,,,0,,,0,,
1106405,2025-12-04,2025H2,post_rap_project_start,1,0,,,0,,,0,,
1107070,2026-04-10,2026H1,post_rap_project_start,1,0,,,0,,,0,,
1107089,2026-02-23,2026H1,post_rap_project_start,1,0,,,0,,,0,,
1108389,2025-11-13,2025H2,post_rap_project_start,1,0,,,0,,,0,,
1108406,2025-11-21,2025H2,post_rap_project_start,1,0,,,0,,,0,,
1108717,2026-01-06,2026H1,post_rap_project_start,1,0,,,0,,,0,,
1109072,2026-02-09,2026H1,post_rap_project_start,1,0,,,0,,,0,,
1109119,2026-03-26,2026H1,post_rap_project_start,1,0,,,0,,,0,,
1109161,2026-01-20,2026H1,post_rap_project_start,1,0,,,0,,,0,,
1109709,2026-04-13,2026H1,post_rap_project_start,1,0,,,0,,,0,,
1109721,2025-11-28,2025H2,post_rap_project_start,1,0,,,0,,,0,,
1110034,2025-12-18,2025H2,post_rap_project_start,1,0,,,0,,,0,,
1110047,2025-12-15,2025H2,post_rap_project_start,1,0,,,0,,,0,,
1110075,2026-01-22,2026H1,post_rap_project_start,1,0,,,0,,,0,,
1110081,2025-12-01,2025H2,post_rap_project_start,1,0,,,0,,,0,,
1110109,2026-04-17,2026H1,post_rap_project_start,1,0,,,0,,,0,,
1110113,2026-01-03,2026H1,post_rap_project_start,1,0,,,0,,,0,,
1110132,2025-12-24,2025H2,post_rap_project_start,1,0,,,0,,,0,,
1110364,2026-03-13,2026H1,post_rap_project_start,1,0,,,0,,,0,,
1110695,2025-11-12,2025H2,post_rap_project_start,1,0,,,0,,,0,,
1111359,2025-12-18,2025H2,post_rap_project_start,1,0,,,0,,,0,,
1111363,2026-01-26,2026H1,post_rap_project_start,1,0,,,0,,,0,,
1112042,2025-11-19,2025H2,post_rap_project_start,1,0,,,0,,,0,,
1112057,2025-11-21,2025H2,post_rap_project_start,1,0,,,0,,,0,,
1112088,2026-03-10,2026H1,post_rap_project_start,1,0,,,0,,,0,,
1112673,2026-01-06,2026H1,post_rap_project_start,1,0,,,0,,,0,,
1113991,2025-11-14,2025H2,post_rap_project_start,1,0,,,0,,,0,,
1114664,2025-12-10,2025H2,post_rap_project_start,1,0,,,0,,,0,,
1114981,2025-12-04,2025H2,post_rap_project_start,1,0,,,0,,,0,,
1115979,2025-12-15,2025H2,post_rap_project_start,1,0,,,0,,,0,,
1116314,2026-02-04,2026H1,post_rap_project_start,1,0,,,0,,,0,,
1116322,2026-04-10,2026H1,post_rap_project_start,1,0,,,0,,,0,,
1117633,2026-03-10,2026H1,post_rap_project_start,1,0,,,0,,,0,,
1118299,2026-01-14,2026H1,post_rap_project_start,1,0,,,0,,,0,,
1119612,2025-12-18,2025H2,post_rap_project_start,1,0,,,0,,,0,,
1119620,2026-03-17,2026H1,post_rap_project_start,1,0,,,0,,,0,,
1120265,2025-12-15,2025H2,post_rap_project_start,1,0,,,0,,,0,,
1120616,2026-01-05,2026H1,post_rap_project_start,1,0,,,0,,,0,,
1121250,2025-12-15,2025H2,post_rap_project_start,1,0,,,0,,,0,,
1121588,2025-12-24,2025H2,post_rap_project_start,1,0,,,0,,,0,,
1121934,2025-12-15,2025H2,post_rap_project_start,1,0,,,0,,,0,,
1121952,2026-03-10,2026H1,post_rap_project_start,1,0,,,0,,,0,,
1123563,2026-01-16,2026H1,post_rap_project_start,1,0,,,0,,,0,,
1124550,2025-12-18,2025H2,post_rap_project_start,1,0,,,0,,,0,,
1124889,2026-03-10,2026H1,post_rap_project_start,1,0,,,0,,,0,,
1125546,2026-01-28,2026H1,post_rap_project_start,1,0,,,0,,,0,,
1125871,2025-12-15,2025H2,post_rap_project_start,1,0,,,0,,,0,,
1126200,2025-12-24,2025H2,post_rap_project_start,1,0,,,0,,,0,,
1126534,2025-12-15,2025H2,post_rap_project_start,1,0,,,0,,,0,,
1126547,2026-01-21,2026H1,post_rap_project_start,1,0,,,0,,,0,,
1126864,2025-11-28,2025H2,post_rap_project_start,1,0,,,0,,,0,,
1127192,2026-04-05,2026H1,post_rap_project_start,1,0,,,0,,,0,,
1127878,2025-12-24,2025H2,post_rap_project_start,1,0,,,0,,,0,,
1127897,2026-02-17,2026H1,post_rap_project_start,1,0,,,0,,,0,,
1127907,2025-12-15,2025H2,post_rap_project_start,1,0,,,0,,,0,,
1127911,2025-12-23,2025H2,post_rap_project_start,1,0,,,0,,,0,,
1128181,2025-12-22,2025H2,post_rap_project_start,1,0,,,0,,,0,,
1128582,2026-02-17,2026H1,post_rap_project_start,1,0,,,0,,,0,,
1128609,2025-11-27,2025H2,post_rap_project_start,1,0,,,0,,,0,,
1128841,2025-12-24,2025H2,post_rap_project_start,1,0,,,0,,,0,,
1129224,2026-03-16,2026H1,post_rap_project_start,1,0,,,0,,,0,,
1129230,2026-02-04,2026H1,post_rap_project_start,1,0,,,0,,,0,,
1129276,2025-11-25,2025H2,post_rap_project_start,1,0,,,0,,,0,,
1129501,2026-01-15,2026H1,post_rap_project_start,1,0,,,0,,,0,,
1130177,2026-01-16,2026H1,post_rap_project_start,1,0,,,0,,,0,,
1130183,2025-12-18,2025H2,post_rap_project_start,1,0,,,0,,,0,,
1131169,2026-01-15,2026H1,post_rap_project_start,1,0,,,0,,,0,,
1131176,2026-03-05,2026H1,post_rap_project_start,1,0,,,0,,,0,,
1131819,2026-02-26,2026H1,post_rap_project_start,1,0,,,0,,,0,,
1132471,2026-01-05,2026H1,post_rap_project_start,1,0,,,0,,,0,,
1132492,2026-01-06,2026H1,post_rap_project_start,1,0,,,0,,,0,,
1132808,2025-12-04,2025H2,post_rap_project_start,1,0,,,0,,,0,,
1134458,2025-12-04,2025H2,post_rap_project_start,1,0,,,0,,,0,,
1134784,2026-01-03,2026H1,post_rap_project_start,1,0,,,0,,,0,,
1135118,2026-03-05,2026H1,post_rap_project_start,1,0,,,0,,,0,,
1135442,2025-12-17,2025H2,post_rap_project_start,1,0,,,0,,,0,,
1137096,2025-11-28,2025H2,post_rap_project_start,1,0,,,0,,,0,,
1138088,2025-12-04,2025H2,post_rap_project_start,1,0,,,0,,,0,,
1138116,2025-12-24,2025H2,post_rap_project_start,1,0,,,0,,,0,,
1138417,2026-01-12,2026H1,post_rap_project_start,1,0,,,0,,,0,,
1138747,2025-12-04,2025H2,post_rap_project_start,1,0,,,0,,,0,,
1138752,2026-01-03,2026H1,post_rap_project_start,1,0,,,0,,,0,,
1138781,2026-02-26,2026H1,post_rap_project_start,1,0,,,0,,,0,,
1138799,2025-12-18,2025H2,post_rap_project_start,1,0,,,0,,,0,,
1140390,2026-01-12,2026H1,post_rap_project_start,1,0,,,0,,,0,,
1140414,2026-01-30,2026H1,post_rap_project_start,1,0,,,0,,,0,,
1140728,2026-01-28,2026H1,post_rap_project_start,1,0,,,0,,,0,,
1141053,2025-12-22,2025H2,post_rap_project_start,1,0,,,0,,,0,,
1141715,2026-01-06,2026H1,post_rap_project_start,1,0,,,0,,,0,,
1141727,2026-03-22,2026H1,post_rap_project_start,1,0,,,0,,,0,,
1142379,2025-12-18,2025H2,post_rap_project_start,1,0,,,0,,,0,,
1143363,2026-01-05,2026H1,post_rap_project_start,1,0,,,0,,,0,,
1144707,2026-01-05,2026H1,post_rap_project_start,1,0,,,0,,,0,,
1144724,2025-12-24,2025H2,post_rap_project_start,1,0,,,0,,,0,,
1144730,2026-03-04,2026H1,post_rap_project_start,1,0,,,0,,,0,,
1145019,2026-02-26,2026H1,post_rap_project_start,1,0,,,0,,,0,,
1145349,2026-02-23,2026H1,post_rap_project_start,1,0,,,0,,,0,,
1146722,2026-01-03,2026H1,post_rap_project_start,1,0,,,0,,,0,,
1146733,2026-02-09,2026H1,post_rap_project_start,1,0,,,0,,,0,,
1146751,2026-02-09,2026H1,post_rap_project_start,1,0,,,0,,,0,,
1146767,2025-12-23,2025H2,post_rap_project_start,1,0,,,0,,,0,,
1146780,2026-01-16,2026H1,post_rap_project_start,1,0,,,0,,,0,,
1146999,2026-01-06,2026H1,post_rap_project_start,1,0,,,0,,,0,,
1147329,2026-01-14,2026H1,post_rap_project_start,1,0,,,0,,,0,,
1147653,2026-02-09,2026H1,post_rap_project_start,1,0,,,0,,,0,,
1147987,2025-12-18,2025H2,post_rap_project_start,1,0,,,0,,,0,,
1149963,2026-03-19,2026H1,post_rap_project_start,1,0,,,0,,,0,,
1150294,2026-02-10,2026H1,post_rap_project_start,1,0,,,0,,,0,,
1150622,2026-02-09,2026H1,post_rap_project_start,1,0,,,0,,,0,,
1150959,2026-03-04,2026H1,post_rap_project_start,1,0,,,0,,,0,,
1152277,2026-03-23,2026H1,post_rap_project_start,1,0,,,0,,,0,,
1153262,2026-02-13,2026H1,post_rap_project_start,1,0,,,0,,,0,,
1153956,2026-01-12,2026H1,post_rap_project_start,1,0,,,0,,,0,,
1153973,2026-03-18,2026H1,post_rap_project_start,1,0,,,0,,,0,,
1154253,2026-03-05,2026H1,post_rap_project_start,1,0,,,0,,,0,,
1154586,2026-01-13,2026H1,post_rap_project_start,1,0,,,0,,,0,,
1155571,2026-01-15,2026H1,post_rap_project_start,1,0,,,0,,,0,,
1155585,2025-12-18,2025H2,post_rap_project_start,1,0,,,0,,,0,,
1155908,2026-01-12,2026H1,post_rap_project_start,1,0,,,0,,,0,,
1156562,2026-01-13,2026H1,post_rap_project_start,1,0,,,0,,,0,,
1156897,2026-02-12,2026H1,post_rap_project_start,1,0,,,0,,,0,,
1158221,2026-01-12,2026H1,post_rap_project_start,1,0,,,0,,,0,,
1158557,2026-01-05,2026H1,post_rap_project_start,1,0,,,0,,,0,,
1158561,2026-03-30,2026H1,post_rap_project_start,1,0,,,0,,,0,,
1158601,2026-01-13,2026H1,post_rap_project_start,1,0,,,0,,,0,,
1158640,2026-03-11,2026H1,post_rap_project_start,1,0,,,0,,,0,,
1158877,2026-01-21,2026H1,post_rap_project_start,1,0,,,0,,,0,,
1159532,2026-03-28,2026H1,post_rap_project_start,1,0,,,0,,,0,,
1159889,2026-01-19,2026H1,post_rap_project_start,1,0,,,0,,,0,,
1160529,2026-04-05,2026H1,post_rap_project_start,1,0,,,0,,,0,,
1160538,2026-01-03,2026H1,post_rap_project_start,1,0,,,0,,,0,,
1160540,2026-04-05,2026H1,post_rap_project_start,1,0,,,0,,,0,,
1160593,2025-12-24,2025H2,post_rap_project_start,1,0,,,0,,,0,,
1162175,2025-12-23,2025H2,post_rap_project_start,1,0,,,0,,,0,,
1162524,2025-12-24,2025H2,post_rap_project_start,1,0,,,0,,,0,,
1162548,2026-01-04,2026H1,post_rap_project_start,1,0,,,0,,,0,,
1163493,2026-03-19,2026H1,post_rap_project_start,1,0,,,0,,,0,,
1163821,2026-03-19,2026H1,post_rap_project_start,1,0,,,0,,,0,,
1164153,2026-02-06,2026H1,post_rap_project_start,1,0,,,0,,,0,,
1164182,2026-03-09,2026H1,post_rap_project_start,1,0,,,0,,,0,,
1165149,2026-03-16,2026H1,post_rap_project_start,1,0,,,0,,,0,,
1165154,2026-01-26,2026H1,post_rap_project_start,1,0,,,0,,,0,,
1165476,2026-03-05,2026H1,post_rap_project_start,1,0,,,0,,,0,,
1165804,2026-01-04,2026H1,post_rap_project_start,1,0,,,0,,,0,,
1166800,2026-01-19,2026H1,post_rap_project_start,1,0,,,0,,,0,,
1168445,2026-02-23,2026H1,post_rap_project_start,1,0,,,0,,,0,,
1169101,2026-01-19,2026H1,post_rap_project_start,1,0,,,0,,,0,,
1169769,2026-01-19,2026H1,post_rap_project_start,1,0,,,0,,,0,,
1170090,2026-04-10,2026H1,post_rap_project_start,1,0,,,0,,,0,,
1171089,2026-02-13,2026H1,post_rap_project_start,1,0,,,0,,,0,,
1171418,2026-02-26,2026H1,post_rap_project_start,1,0,,,0,,,0,,
1171748,2026-01-20,2026H1,post_rap_project_start,1,0,,,0,,,0,,
1172121,2026-01-14,2026H1,post_rap_project_start,1,0,,,0,,,0,,
1172132,2026-01-23,2026H1,post_rap_project_start,1,0,,,0,,,0,,
1172735,2026-02-16,2026H1,post_rap_project_start,1,0,,,0,,,0,,
1173064,2026-01-14,2026H1,post_rap_project_start,1,0,,,0,,,0,,
1173399,2026-01-21,2026H1,post_rap_project_start,1,0,,,0,,,0,,
1173721,2026-01-20,2026H1,post_rap_project_start,1,0,,,0,,,0,,
1174715,2026-03-16,2026H1,post_rap_project_start,1,0,,,0,,,0,,
1175049,2026-04-20,2026H1,post_rap_project_start,1,0,,,0,,,0,,
1175374,2026-01-28,2026H1,post_rap_project_start,1,0,,,0,,,0,,
1175700,2026-01-12,2026H1,post_rap_project_start,1,0,,,0,,,0,,
1176410,2026-02-12,2026H1,post_rap_project_start,1,0,,,0,,,0,,
1176698,2026-02-13,2026H1,post_rap_project_start,1,0,,,0,,,0,,
1177351,2026-01-12,2026H1,post_rap_project_start,1,0,,,0,,,0,,
1178699,2026-03-02,2026H1,post_rap_project_start,1,0,,,0,,,0,,
1179002,2026-01-29,2026H1,post_rap_project_start,1,0,,,0,,,0,,
1179664,2026-01-15,2026H1,post_rap_project_start,1,0,,,0,,,0,,
1179999,2026-01-19,2026H1,post_rap_project_start,1,0,,,0,,,0,,
1180983,2026-04-05,2026H1,post_rap_project_start,1,0,,,0,,,0,,
1181978,2026-01-23,2026H1,post_rap_project_start,1,0,,,0,,,0,,
1181984,2026-02-20,2026H1,post_rap_project_start,1,0,,,0,,,0,,
1182302,2026-04-09,2026H1,post_rap_project_start,1,0,,,0,,,0,,
1182677,2026-01-05,2026H1,post_rap_project_start,1,0,,,0,,,0,,
1182715,2026-01-26,2026H1,post_rap_project_start,1,0,,,0,,,0,,
1183297,2026-01-23,2026H1,post_rap_project_start,1,0,,,0,,,0,,
1183640,2026-03-04,2026H1,post_rap_project_start,1,0,,,0,,,0,,
1183952,2026-03-26,2026H1,post_rap_project_start,1,0,,,0,,,0,,
1183968,2026-01-14,2026H1,post_rap_project_start,1,0,,,0,,,0,,
1184286,2026-02-20,2026H1,post_rap_project_start,1,0,,,0,,,0,,
1185605,2026-02-04,2026H1,post_rap_project_start,1,0,,,0,,,0,,
1185944,2026-03-26,2026H1,post_rap_project_start,1,0,,,0,,,0,,
1186597,2026-03-11,2026H1,post_rap_project_start,1,0,,,0,,,0,,
1186623,2026-01-13,2026H1,post_rap_project_start,1,0,,,0,,,0,,
1186634,2026-03-28,2026H1,post_rap_project_start,1,0,,,0,,,0,,
1186652,2026-03-18,2026H1,post_rap_project_start,1,0,,,0,,,0,,
1187254,2026-02-19,2026H1,post_rap_project_start,1,0,,,0,,,0,,
1188243,2026-01-13,2026H1,post_rap_project_start,1,0,,,0,,,0,,
1188258,2026-01-16,2026H1,post_rap_project_start,1,0,,,0,,,0,,
1188902,2026-01-13,2026H1,post_rap_project_start,1,0,,,0,,,0,,
1188925,2026-02-09,2026H1,post_rap_project_start,1,0,,,0,,,0,,
1188941,2026-02-20,2026H1,post_rap_project_start,1,0,,,0,,,0,,
1188960,2026-03-28,2026H1,post_rap_project_start,1,0,,,0,,,0,,
1189074,2026-03-18,2026H1,post_rap_project_start,1,0,,,0,,,0,,
1189233,2026-04-08,2026H1,post_rap_project_start,1,0,,,0,,,0,,
1189562,2026-01-26,2026H1,post_rap_project_start,1,0,,,0,,,0,,
1189897,2026-03-04,2026H1,post_rap_project_start,1,0,,,0,,,0,,
1190228,2026-03-17,2026H1,post_rap_project_start,1,0,,,0,,,0,,
1190599,2026-01-13,2026H1,post_rap_project_start,1,0,,,0,,,0,,
1191215,2026-02-25,2026H1,post_rap_project_start,1,0,,,0,,,0,,
1192537,2026-01-14,2026H1,post_rap_project_start,1,0,,,0,,,0,,
1193195,2026-03-17,2026H1,post_rap_project_start,1,0,,,0,,,0,,
1193520,2026-01-14,2026H1,post_rap_project_start,1,0,,,0,,,0,,
1193857,2026-01-14,2026H1,post_rap_project_start,1,0,,,0,,,0,,
1193874,2026-02-23,2026H1,post_rap_project_start,1,0,,,0,,,0,,
1193888,2026-03-11,2026H1,post_rap_project_start,1,0,,,0,,,0,,
1193937,2026-04-15,2026H1,post_rap_project_start,1,0,,,0,,,0,,
1195503,2026-01-23,2026H1,post_rap_project_start,1,0,,,0,,,0,,
1196491,2026-03-11,2026H1,post_rap_project_start,1,0,,,0,,,0,,
1196830,2026-04-15,2026H1,post_rap_project_start,1,0,,,0,,,0,,
1196848,2026-01-20,2026H1,post_rap_project_start,1,0,,,0,,,0,,
1196853,2026-01-13,2026H1,post_rap_project_start,1,0,,,0,,,0,,
1196895,2026-02-17,2026H1,post_rap_project_start,1,0,,,0,,,0,,
1197154,2026-01-26,2026H1,post_rap_project_start,1,0,,,0,,,0,,
1197482,2026-04-12,2026H1,post_rap_project_start,1,0,,,0,,,0,,
1197815,2026-03-06,2026H1,post_rap_project_start,1,0,,,0,,,0,,
1198141,2026-02-04,2026H1,post_rap_project_start,1,0,,,0,,,0,,
1198490,2026-01-19,2026H1,post_rap_project_start,1,0,,,0,,,0,,
1198834,2026-03-28,2026H1,post_rap_project_start,1,0,,,0,,,0,,
1198847,2026-01-26,2026H1,post_rap_project_start,1,0,,,0,,,0,,
1198852,2026-03-05,2026H1,post_rap_project_start,1,0,,,0,,,0,,
1199467,2026-04-02,2026H1,post_rap_project_start,1,0,,,0,,,0,,
1201448,2026-03-19,2026H1,post_rap_project_start,1,0,,,0,,,0,,
1202100,2026-03-03,2026H1,post_rap_project_start,1,0,,,0,,,0,,
1203422,2026-04-15,2026H1,post_rap_project_start,1,0,,,0,,,0,,
1204416,2026-01-22,2026H1,post_rap_project_start,1,0,,,0,,,0,,
1204746,2026-02-04,2026H1,post_rap_project_start,1,0,,,0,,,0,,
1204751,2026-02-10,2026H1,post_rap_project_start,1,0,,,0,,,0,,
1204767,2026-04-09,2026H1,post_rap_project_start,1,0,,,0,,,0,,
1206063,2026-03-28,2026H1,post_rap_project_start,1,0,,,0,,,0,,
1208043,2026-01-27,2026H1,post_rap_project_start,1,0,,,0,,,0,,
1208707,2026-03-19,2026H1,post_rap_project_start,1,0,,,0,,,0,,
1209696,2026-02-13,2026H1,post_rap_project_start,1,0,,,0,,,0,,
1211349,2026-03-19,2026H1,post_rap_project_start,1,0,,,0,,,0,,
1212005,2026-01-27,2026H1,post_rap_project_start,1,0,,,0,,,0,,
1212337,2026-03-05,2026H1,post_rap_project_start,1,0,,,0,,,0,,
1213984,2026-03-16,2026H1,post_rap_project_start,1,0,,,0,,,0,,
1214648,2026-03-05,2026H1,post_rap_project_start,1,0,,,0,,,0,,
1214973,2026-02-09,2026H1,post_rap_project_start,1,0,,,0,,,0,,
1215631,2026-03-23,2026H1,post_rap_project_start,1,0,,,0,,,0,,
1215961,2026-03-28,2026H1,post_rap_project_start,1,0,,,0,,,0,,
1216958,2026-02-25,2026H1,post_rap_project_start,1,0,,,0,,,0,,
1217949,2026-02-06,2026H1,post_rap_project_start,1,0,,,0,,,0,,
1219922,2026-02-06,2026H1,post_rap_project_start,1,0,,,0,,,0,,
1220926,2026-01-21,2026H1,post_rap_project_start,1,0,,,0,,,0,,
1220942,2026-01-21,2026H1,post_rap_project_start,1,0,,,0,,,0,,
1220990,2026-03-28,2026H1,post_rap_project_start,1,0,,,0,,,0,,
1221010,2026-04-07,2026H1,post_rap_project_start,1,0,,,0,,,0,,
1221902,2026-02-09,2026H1,post_rap_project_start,1,0,,,0,,,0,,
1222268,2026-02-20,2026H1,post_rap_project_start,1,0,,,0,,,0,,
1222281,2026-02-20,2026H1,post_rap_project_start,1,0,,,0,,,0,,
1222299,2026-03-26,2026H1,post_rap_project_start,1,0,,,0,,,0,,
1223225,2026-02-13,2026H1,post_rap_project_start,1,0,,,0,,,0,,
1224233,2026-02-23,2026H1,post_rap_project_start,1,0,,,0,,,0,,
1224279,2026-01-26,2026H1,post_rap_project_start,1,0,,,0,,,0,,
1224280,2026-02-26,2026H1,post_rap_project_start,1,0,,,0,,,0,,
1224298,2026-03-28,2026H1,post_rap_project_start,1,0,,,0,,,0,,
1224312,2026-01-26,2026H1,post_rap_project_start,1,0,,,0,,,0,,
1224320,2026-04-10,2026H1,post_rap_project_start,1,0,,,0,,,0,,
1224558,2026-03-19,2026H1,post_rap_project_start,1,0,,,0,,,0,,
1225561,2026-03-30,2026H1,post_rap_project_start,1,0,,,0,,,0,,
1225574,2026-03-10,2026H1,post_rap_project_start,1,0,,,0,,,0,,
1226190,2026-02-26,2026H1,post_rap_project_start,1,0,,,0,,,0,,
1226525,2026-03-26,2026H1,post_rap_project_start,1,0,,,0,,,0,,
1227196,2026-02-25,2026H1,post_rap_project_start,1,0,,,0,,,0,,
1227843,2026-02-20,2026H1,post_rap_project_start,1,0,,,0,,,0,,
1228501,2026-03-10,2026H1,post_rap_project_start,1,0,,,0,,,0,,
1229168,2026-02-20,2026H1,post_rap_project_start,1,0,,,0,,,0,,
1229825,2026-03-28,2026H1,post_rap_project_start,1,0,,,0,,,0,,
1232132,2026-03-23,2026H1,post_rap_project_start,1,0,,,0,,,0,,
1232790,2026-04-10,2026H1,post_rap_project_start,1,0,,,0,,,0,,
1232844,2026-02-20,2026H1,post_rap_project_start,1,0,,,0,,,0,,
1232885,2026-02-04,2026H1,post_rap_project_start,1,0,,,0,,,0,,
1232892,2026-02-23,2026H1,post_rap_project_start,1,0,,,0,,,0,,
1233126,2026-02-18,2026H1,post_rap_project_start,1,0,,,0,,,0,,
1234122,2026-02-16,2026H1,post_rap_project_start,1,0,,,0,,,0,,
1234445,2026-02-16,2026H1,post_rap_project_start,1,0,,,0,,,0,,
1235106,2026-03-10,2026H1,post_rap_project_start,1,0,,,0,,,0,,
1236423,2026-02-23,2026H1,post_rap_project_start,1,0,,,0,,,0,,
1237419,2026-02-18,2026H1,post_rap_project_start,1,0,,,0,,,0,,
1239722,2026-02-17,2026H1,post_rap_project_start,1,0,,,0,,,0,,
1240059,2026-03-06,2026H1,post_rap_project_start,1,0,,,0,,,0,,
1240398,2026-02-20,2026H1,post_rap_project_start,1,0,,,0,,,0,,
1240419,2026-04-09,2026H1,post_rap_project_start,1,0,,,0,,,0,,
1241709,2026-03-13,2026H1,post_rap_project_start,1,0,,,0,,,0,,
1242031,2026-03-28,2026H1,post_rap_project_start,1,0,,,0,,,0,,
1242361,2026-03-05,2026H1,post_rap_project_start,1,0,,,0,,,0,,
1244343,2026-02-20,2026H1,post_rap_project_start,1,0,,,0,,,0,,
1245359,2026-04-20,2026H1,post_rap_project_start,1,0,,,0,,,0,,
1245371,2026-04-12,2026H1,post_rap_project_start,1,0,,,0,,,0,,
1246329,2026-04-15,2026H1,post_rap_project_start,1,0,,,0,,,0,,
1246653,2026-03-28,2026H1,post_rap_project_start,1,0,,,0,,,0,,
1246676,2026-03-05,2026H1,post_rap_project_start,1,0,,,0,,,0,,
1246987,2026-03-10,2026H1,post_rap_project_start,1,0,,,0,,,0,,
1248961,2026-02-20,2026H1,post_rap_project_start,1,0,,,0,,,0,,
1249626,2026-03-26,2026H1,post_rap_project_start,1,0,,,0,,,0,,
1249954,2026-02-13,2026H1,post_rap_project_start,1,0,,,0,,,0,,
1250281,2026-02-23,2026H1,post_rap_project_start,1,0,,,0,,,0,,
1250299,2026-03-26,2026H1,post_rap_project_start,1,0,,,0,,,0,,
1250309,2026-03-16,2026H1,post_rap_project_start,1,0,,,0,,,0,,
1250313,2026-03-26,2026H1,post_rap_project_start,1,0,,,0,,,0,,
1250635,2026-02-13,2026H1,post_rap_project_start,1,0,,,0,,,0,,
1250642,2026-03-19,2026H1,post_rap_project_start,1,0,,,0,,,0,,
1252926,2026-03-16,2026H1,post_rap_project_start,1,0,,,0,,,0,,
1254904,2026-04-05,2026H1,post_rap_project_start,1,0,,,0,,,0,,
1256550,2026-02-25,2026H1,post_rap_project_start,1,0,,,0,,,0,,
1256889,2026-04-12,2026H1,post_rap_project_start,1,0,,,0,,,0,,
1258871,2026-03-19,2026H1,post_rap_project_start,1,0,,,0,,,0,,
1259527,2026-03-17,2026H1,post_rap_project_start,1,0,,,0,,,0,,
1260199,2026-03-10,2026H1,post_rap_project_start,1,0,,,0,,,0,,
1260511,2026-02-20,2026H1,post_rap_project_start,1,0,,,0,,,0,,
1260524,2026-03-05,2026H1,post_rap_project_start,1,0,,,0,,,0,,
1261179,2026-03-16,2026H1,post_rap_project_start,1,0,,,0,,,0,,
1261838,2026-03-28,2026H1,post_rap_project_start,1,0,,,0,,,0,,
1261840,2026-03-10,2026H1,post_rap_project_start,1,0,,,0,,,0,,
1262517,2026-03-16,2026H1,post_rap_project_start,1,0,,,0,,,0,,
1263154,2026-04-05,2026H1,post_rap_project_start,1,0,,,0,,,0,,
1263482,2026-02-23,2026H1,post_rap_project_start,1,0,,,0,,,0,,
1264140,2026-03-19,2026H1,post_rap_project_start,1,0,,,0,,,0,,
1264172,2026-03-11,2026H1,post_rap_project_start,1,0,,,0,,,0,,
1266127,2026-03-11,2026H1,post_rap_project_start,1,0,,,0,,,0,,
1267449,2026-04-05,2026H1,post_rap_project_start,1,0,,,0,,,0,,
1269755,2026-03-23,2026H1,post_rap_project_start,1,0,,,0,,,0,,
1270098,2026-04-05,2026H1,post_rap_project_start,1,0,,,0,,,0,,
1270120,2026-03-10,2026H1,post_rap_project_start,1,0,,,0,,,0,,
1270741,2026-04-05,2026H1,post_rap_project_start,1,0,,,0,,,0,,
1271410,2026-04-10,2026H1,post_rap_project_start,1,0,,,0,,,0,,
1271447,2026-03-28,2026H1,post_rap_project_start,1,0,,,0,,,0,,
1273076,2026-03-12,2026H1,post_rap_project_start,1,0,,,0,,,0,,
1273122,2026-02-25,2026H1,post_rap_project_start,1,0,,,0,,,0,,
1273151,2026-04-20,2026H1,post_rap_project_start,1,0,,,0,,,0,,
1273387,2026-02-23,2026H1,post_rap_project_start,1,0,,,0,,,0,,
1274375,2026-03-23,2026H1,post_rap_project_start,1,0,,,0,,,0,,
1274399,2026-03-10,2026H1,post_rap_project_start,1,0,,,0,,,0,,
1274709,2026-04-05,2026H1,post_rap_project_start,1,0,,,0,,,0,,
1276690,2026-03-18,2026H1,post_rap_project_start,1,0,,,0,,,0,,
1280315,2026-03-13,2026H1,post_rap_project_start,1,0,,,0,,,0,,
1280646,2026-03-18,2026H1,post_rap_project_start,1,0,,,0,,,0,,
1280667,2026-03-26,2026H1,post_rap_project_start,1,0,,,0,,,0,,
1280701,2026-04-08,2026H1,post_rap_project_start,1,0,,,0,,,0,,
1280717,2026-03-18,2026H1,post_rap_project_start,1,0,,,0,,,0,,
1282323,2026-03-16,2026H1,post_rap_project_start,1,0,,,0,,,0,,
1282637,2026-03-26,2026H1,post_rap_project_start,1,0,,,0,,,0,,
1283289,2026-03-17,2026H1,post_rap_project_start,1,0,,,0,,,0,,
1284604,2026-03-16,2026H1,post_rap_project_start,1,0,,,0,,,0,,
1285920,2026-04-05,2026H1,post_rap_project_start,1,0,,,0,,,0,,
1287903,2026-03-23,2026H1,post_rap_project_start,1,0,,,0,,,0,,
1290541,2026-03-18,2026H1,post_rap_project_start,1,0,,,0,,,0,,
1294509,2026-03-12,2026H1,post_rap_project_start,1,0,,,0,,,0,,
1307703,2026-04-05,2026H1,post_rap_project_start,1,0,,,0,,,0,,
1312325,2026-03-16,2026H1,post_rap_project_start,1,0,,,0,,,0,,
1315294,2026-04-05,2026H1,post_rap_project_start,1,0,,,0,,,0,,
1315622,2026-03-26,2026H1,post_rap_project_start,1,0,,,0,,,0,,
1316610,2026-04-12,2026H1,post_rap_project_start,1,0,,,0,,,0,,
1318939,2026-03-28,2026H1,post_rap_project_start,1,0,,,0,,,0,,
1318956,2026-04-05,2026H1,post_rap_project_start,1,0,,,0,,,0,,
1322283,2026-03-31,2026H1,post_rap_project_start,1,0,,,0,,,0,,
1323939,2026-04-20,2026H1,post_rap_project_start,1,0,,,0,,,0,,
1323941,2026-04-10,2026H1,post_rap_project_start,1,0,,,0,,,0,,
1324868,2026-04-10,2026H1,post_rap_project_start,1,0,,,0,,,0,,
1325851,2026-04-10,2026H1,post_rap_project_start,1,0,,,0,,,0,,
1328492,2026-04-05,2026H1,post_rap_project_start,1,0,,,0,,,0,,
1329482,2026-04-10,2026H1,post_rap_project_start,1,0,,,0,,,0,,
1330823,2026-04-10,2026H1,post_rap_project_start,1,0,,,0,,,0,,
1339089,2026-04-21,2026H1,post_rap_project_start,1,0,,,0,,,0,,
1355703,2026-04-07,2026H1,post_rap_project_start,1,0,,,0,,,0,,
1465797,2026-08-17,2026H2,post_rap_project_start,1,0,,,0,,,0,,
