app_id,start_date,policy_period,expansion_layer,previous_classification,previous_confidence,proposed_new_classification,evidence_type,evidence_source,source_timing,supporting_text_excerpt,inferred_underlying_data_product_or_rap_use,matched_term_or_expression,evidence_dictionary_term_id,confidence,manual_review_flag,manual_review_reason,source_pub_id,source_pub_date,source_doi,previous_already_rap_modalities,previous_legacy_route_modalities,schema27_title,website_url
7089,2015-01-01,before_policy,C0,ALREADY_RAP_BOUND,HIGH,CONTROL_CANDIDATE_C0,current_conservative_classifier,data/intermediate/rap_classification/stage3_project_rap_exposure_classification.csv,stage3_current_classifier,"WES [schema27_title]: Exome Sequencing of All Premature Coronary Artery Disease Participants in UK Biobank || GENERIC_GENETIC_LANGUAGE [schema27_notes]: ...ipants with and without CAD. Successful completion of this study should result in the identification of novel genetic causes for MI, the leading cause of death in the UK. Genomic variation discovered in the UK Biobank associate... || GENERIC_SEQUENCE_LANGUAGE [schema27_title]: Exome Sequencing of All Premature Coronary Artery Disease Participants in UK Biobank",WES,WES,C0_CURRENT_STAGE3_ALREADY_RAP_BOUND,HIGH_BASELINE,no,fixed_C0_baseline_from_current_classifier,,,,WES,,Exome Sequencing of All Premature Coronary Artery Disease Participants in UK Biobank,https://www.ukbiobank.ac.uk/projects/exome-sequencing-of-all-premature-coronary-artery-disease-participants-in-uk-biobank/
53279,2019-12-23,before_policy,C0,ALREADY_RAP_BOUND,HIGH,CONTROL_CANDIDATE_C0,current_conservative_classifier,data/intermediate/rap_classification/stage3_project_rap_exposure_classification.csv,stage3_current_classifier,"WES [schema27_notes]: ...were associated with the response of the immunotherapy. Mutational profile can be acquired through UK Biobank whole-exome sequencing data in cancer patients, and can be analyzed effectively by using machine learning algorithm. We will eval... || GENERIC_SEQUENCE_LANGUAGE [schema27_notes]: ...ted with the response of the immunotherapy. Mutational profile can be acquired through UK Biobank whole-exome sequencing data in cancer patients, and can be analyzed effectively by using machine learning algorithm. We will evaluat... || PHYSICAL_SAMPLE_OR_EXTERNAL_ASSAY_LANGUAGE [schema27_notes]: ...se of immunotherapy. Several researches reported that mutational profile derived from primary tumor tissue or blood samples were associated with the response of the immunotherapy. Mutational profile can be acquired through UK Biobank...",WES,WES,C0_CURRENT_STAGE3_ALREADY_RAP_BOUND,HIGH_BASELINE,no,fixed_C0_baseline_from_current_classifier,,,,WES,,Prediction of the tumor mutation burden and its predictive value in UK biobank cancer patients: using machine learning algorithm,https://www.ukbiobank.ac.uk/projects/prediction-of-the-tumor-mutation-burden-and-its-predictive-value-in-uk-biobank-cancer-patients-using-machine-learning-algorithm/
53589,2021-01-27,before_policy,C0,ALREADY_RAP_BOUND,HIGH,CONTROL_CANDIDATE_C0,current_conservative_classifier,data/intermediate/rap_classification/stage3_project_rap_exposure_classification.csv,stage3_current_classifier,"WGS [schema27_notes]: ...ank to address these questions. We anticipate that this study will take 36 months and will be updated as more whole genome sequencing data becomes available. If we find a strong association with a medical condition, it may be possible to sc... || GENERIC_GENETIC_LANGUAGE [schema27_notes]: ...we do not know if people whose genome contains HHV-6 are at increased risk of medical conditions. We will use genetic and phenotypic data collected by UK Biobank to address these questions. We anticipate that this study will ta... || GENERIC_SEQUENCE_LANGUAGE [schema27_notes]: ...s these questions. We anticipate that this study will take 36 months and will be updated as more whole genome sequencing data becomes available. If we find a strong association with a medical condition, it may be possible to scree...",WGS,WGS,C0_CURRENT_STAGE3_ALREADY_RAP_BOUND,HIGH_BASELINE,no,fixed_C0_baseline_from_current_classifier,,,,WGS,,Evolution and consequence of endogenous HHV-6,https://www.ukbiobank.ac.uk/projects/evolution-and-consequence-of-endogenous-hhv-6/
58864,2020-04-20,before_policy,C0,ALREADY_RAP_BOUND,HIGH,CONTROL_CANDIDATE_C0,current_conservative_classifier,data/intermediate/rap_classification/stage3_project_rap_exposure_classification.csv,stage3_current_classifier,WGS [schema27_title]: Monitoring tumour burden in circulating free DNA by low coverage whole genome sequencing || GENERIC_GENETIC_LANGUAGE [schema27_title]: Monitoring tumour burden in circulating free DNA by low coverage whole genome sequencing || GENERIC_SEQUENCE_LANGUAGE [schema27_title]: Monitoring tumour burden in circulating free DNA by low coverage whole genome sequencing,WGS,WGS,C0_CURRENT_STAGE3_ALREADY_RAP_BOUND,HIGH_BASELINE,no,fixed_C0_baseline_from_current_classifier,,,,WGS,,Monitoring tumour burden in circulating free DNA by low coverage whole genome sequencing,https://www.ukbiobank.ac.uk/projects/monitoring-tumour-burden-in-circulating-free-dna-by-low-coverage-whole-genome-sequencing/
59252,2021-02-08,before_policy,C0,ALREADY_RAP_BOUND,HIGH,CONTROL_CANDIDATE_C0,current_conservative_classifier,data/intermediate/rap_classification/stage3_project_rap_exposure_classification.csv,stage3_current_classifier,"WES [schema27_notes]: ...es and probably ageing. While somatic mutations in genomic DNA have been widely analyzed from whole-genome or whole-exome sequencing, those that occur in mitochondrial genome have been rarely assessed due to the technical difficulties. As... || GENERIC_GENETIC_LANGUAGE [schema27_notes]: ...the causes of many disease including cancer, complex diseases and probably ageing. While somatic mutations in genomic DNA have been widely analyzed from whole-genome or whole-exome sequencing, those that occur in mitochondrial... || GENERIC_SEQUENCE_LANGUAGE [schema27_notes]: ...bly ageing. While somatic mutations in genomic DNA have been widely analyzed from whole-genome or whole-exome sequencing, those that occur in mitochondrial genome have been rarely assessed due to the technical difficulties. As mit...",WES,WES,C0_CURRENT_STAGE3_ALREADY_RAP_BOUND,HIGH_BASELINE,no,fixed_C0_baseline_from_current_classifier,,,,WES,,Analysis of mitochondrial heteroplasmy and its association to age and health conditions,https://www.ukbiobank.ac.uk/projects/analysis-of-mitochondrial-heteroplasmy-and-its-association-to-age-and-health-conditions/
60111,2020-08-17,before_policy,C0,ALREADY_RAP_BOUND,HIGH,CONTROL_CANDIDATE_C0,current_conservative_classifier,data/intermediate/rap_classification/stage3_project_rap_exposure_classification.csv,stage3_current_classifier,WES [schema27_title]: Using whole exome sequencing to identify rare functional variants of severe neurological disorders || GENERIC_GENETIC_LANGUAGE [schema27_title]: Using whole exome sequencing to identify rare functional variants of severe neurological disorders || GENERIC_SEQUENCE_LANGUAGE [schema27_title]: Using whole exome sequencing to identify rare functional variants of severe neurological disorders,WES,WES,C0_CURRENT_STAGE3_ALREADY_RAP_BOUND,HIGH_BASELINE,no,fixed_C0_baseline_from_current_classifier,,,,WES,,Using whole exome sequencing to identify rare functional variants of severe neurological disorders,https://www.ukbiobank.ac.uk/projects/using-whole-exome-sequencing-to-identify-rare-functional-variants-of-severe-neurological-disorders/
62659,2021-01-11,before_policy,C0,ALREADY_RAP_BOUND,HIGH,CONTROL_CANDIDATE_C0,current_conservative_classifier,data/intermediate/rap_classification/stage3_project_rap_exposure_classification.csv,stage3_current_classifier,WES [schema27_title]: Co-analysis of the International Mouse Phenotyping Consortium (IMPC) data and the UK Biobank exome sequencing and blood screen data to identify gene-phenotype associations || GENERIC_GENETIC_LANGUAGE [schema27_title]: ...ouse Phenotyping Consortium (IMPC) data and the UK Biobank exome sequencing and blood screen data to identify gene-phenotype associations || GENERIC_SEQUENCE_LANGUAGE [schema27_title]: Co-analysis of the International Mouse Phenotyping Consortium (IMPC) data and the UK Biobank exome sequencing and blood screen data to identify gene-phenotype associations,WES,WES,C0_CURRENT_STAGE3_ALREADY_RAP_BOUND,HIGH_BASELINE,no,fixed_C0_baseline_from_current_classifier,,,,WES,,Co-analysis of the International Mouse Phenotyping Consortium (IMPC) data and the UK Biobank exome sequencing and blood screen data to identify gene-phenotype associations,https://www.ukbiobank.ac.uk/projects/co-analysis-of-the-international-mouse-phenotyping-consortium-impc-data-and-the-uk-biobank-exome-sequencing-and-blood-screen-data-to-identify-gene-phenotype-associations/
62824,2020-08-19,before_policy,C0,ALREADY_RAP_BOUND,MEDIUM,CONTROL_CANDIDATE_C0,current_conservative_classifier,data/intermediate/rap_classification/stage3_project_rap_exposure_classification.csv,stage3_current_classifier,OMOP_RAP_ONLY [schema27_title]: UK Biobank OMOP based analyses (including COVID-19 network study),OMOP_RAP_ONLY,OMOP_RAP_ONLY,C0_CURRENT_STAGE3_ALREADY_RAP_BOUND,HIGH_BASELINE,no,fixed_C0_baseline_from_current_classifier,,,,OMOP_RAP_ONLY,,UK Biobank OMOP based analyses (including COVID-19 network study),https://www.ukbiobank.ac.uk/projects/uk-biobank-omop-based-analyses-including-covid-19-network-study/
62905,2020-07-27,before_policy,C0,ALREADY_RAP_BOUND,HIGH,CONTROL_CANDIDATE_C0,current_conservative_classifier,data/intermediate/rap_classification/stage3_project_rap_exposure_classification.csv,stage3_current_classifier,"WES [schema27_title]: Analyzing unmappable (""camouflaged"") genome regions in UK Biobank exome sequencing data using the LPA gene as a model. || GENERIC_GENETIC_LANGUAGE [schema27_title]: Analyzing unmappable (""camouflaged"") genome regions in UK Biobank exome sequencing data using the LPA gene as a model. || GENERIC_SEQUENCE_LANGUAGE [schema27_title]: Analyzing unmappable (""camouflaged"") genome regions in UK Biobank exome sequencing data using the LPA gene as a model.",WES,WES,C0_CURRENT_STAGE3_ALREADY_RAP_BOUND,HIGH_BASELINE,no,fixed_C0_baseline_from_current_classifier,,,,WES,,"Analyzing unmappable (""camouflaged"") genome regions in UK Biobank exome sequencing data using the LPA gene as a model.",https://www.ukbiobank.ac.uk/projects/analyzing-unmappable-camouflaged-genome-regions-in-uk-biobank-exome-sequencing-data-using-the-lpa-gene-as-a-model/
65027,2021-10-18,before_policy,C0,ALREADY_RAP_BOUND,HIGH,CONTROL_CANDIDATE_C0,current_conservative_classifier,data/intermediate/rap_classification/stage3_project_rap_exposure_classification.csv,stage3_current_classifier,WGS [schema27_title]: Large-scale genome-wide rare-variant analysis of asthma in a diverse cohort of patients with whole genome sequencing data || GENERIC_GENETIC_LANGUAGE [schema27_title]: Large-scale genome-wide rare-variant analysis of asthma in a diverse cohort of patients with whole genome sequencing data || GENERIC_SEQUENCE_LANGUAGE [schema27_title]: Large-scale genome-wide rare-variant analysis of asthma in a diverse cohort of patients with whole genome sequencing data,WGS,WGS,C0_CURRENT_STAGE3_ALREADY_RAP_BOUND,HIGH_BASELINE,no,fixed_C0_baseline_from_current_classifier,,,,WGS,,Large-scale genome-wide rare-variant analysis of asthma in a diverse cohort of patients with whole genome sequencing data,https://www.ukbiobank.ac.uk/projects/large-scale-genome-wide-rare-variant-analysis-of-asthma-in-a-diverse-cohort-of-patients-with-whole-genome-sequencing-data/
71870,2021-05-28,before_policy,C0,ALREADY_RAP_BOUND,HIGH,CONTROL_CANDIDATE_C0,current_conservative_classifier,data/intermediate/rap_classification/stage3_project_rap_exposure_classification.csv,stage3_current_classifier,"WES [schema27_notes]: ...se targets. The UK Biobank data represents by far the largest available data set of humans with both complete exome sequencing and deep clinical data, and therefore the most powerful available source of information on the impact of p... || GENERIC_GENETIC_LANGUAGE [schema27_notes]: ...of-function (pLoF) variants - variants predicted to break the normal function of protein-coding genes - are a genetic model of gene disruption and can be extremely powerful tools for understanding the potential impact of pharma... || GENERIC_SEQUENCE_LANGUAGE [schema27_notes]: ...gets. The UK Biobank data represents by far the largest available data set of humans with both complete exome sequencing and deep clinical data, and therefore the most powerful available source of information on the impact of pLoF...",WES,WES,C0_CURRENT_STAGE3_ALREADY_RAP_BOUND,HIGH_BASELINE,no,fixed_C0_baseline_from_current_classifier,,,,WES,,Large scale association analyses of UK Biobank data,https://www.ukbiobank.ac.uk/projects/large-scale-association-analyses-of-uk-biobank-data/
72911,2021-06-22,before_policy,C0,ALREADY_RAP_BOUND,HIGH,CONTROL_CANDIDATE_C0,current_conservative_classifier,data/intermediate/rap_classification/stage3_project_rap_exposure_classification.csv,stage3_current_classifier,WES [schema27_notes]: ...nform patient diagnostics or management. Our study aims to harness the power of the UK BioBank cohort and the whole exome sequencing of its participants to better understand the specific genes causing disease within individual patients. We... || GENERIC_GENETIC_LANGUAGE [schema27_notes]: ...the specific genes causing disease within individual patients. We will apply novel methods that integrate all genetic differences across whole genes in a patient specific manner and examine the relationship with the specific di... || GENERIC_SEQUENCE_LANGUAGE [schema27_notes]: ...t diagnostics or management. Our study aims to harness the power of the UK BioBank cohort and the whole exome sequencing of its participants to better understand the specific genes causing disease within individual patients. We wi...,WES,WES,C0_CURRENT_STAGE3_ALREADY_RAP_BOUND,HIGH_BASELINE,no,fixed_C0_baseline_from_current_classifier,,,,WES,,Stratification of complex phenotypes focusing on Inflammatory Bowel Disease and co-morbidities: trialling novel methods,https://www.ukbiobank.ac.uk/projects/stratification-of-complex-phenotypes-focusing-on-inflammatory-bowel-disease-and-co-morbidities-trialling-novel-methods/
78210,2022-01-10,before_policy,C0,ALREADY_RAP_BOUND,HIGH,CONTROL_CANDIDATE_C0,current_conservative_classifier,data/intermediate/rap_classification/stage3_project_rap_exposure_classification.csv,stage3_current_classifier,WES [schema27_title]: Replication of candidate genes associated with Parkinon's disease and cutaneous malignant melanoma using whole-exome sequencing data. || GENERIC_GENETIC_LANGUAGE [schema27_title]: Replication of candidate genes associated with Parkinon's disease and cutaneous malignant melanoma using whole-exome sequencing data. || GENERIC_SEQUENCE_LANGUAGE [schema27_title]: ...tion of candidate genes associated with Parkinon's disease and cutaneous malignant melanoma using whole-exome sequencing data.,WES,WES,C0_CURRENT_STAGE3_ALREADY_RAP_BOUND,HIGH_BASELINE,no,fixed_C0_baseline_from_current_classifier,,,,WES,,Replication of candidate genes associated with Parkinon's disease and cutaneous malignant melanoma using whole-exome sequencing data.,https://www.ukbiobank.ac.uk/projects/replication-of-candidate-genes-associated-with-parkinons-disease-and-cutaneous-malignant-melanoma-using-whole-exome-sequencing-data/
78769,2022-08-10,before_policy,C0,ALREADY_RAP_BOUND,HIGH,CONTROL_CANDIDATE_C0,current_conservative_classifier,data/intermediate/rap_classification/stage3_project_rap_exposure_classification.csv,stage3_current_classifier,"WES [schema27_notes]: ...tribute but that large sample sizes are needed to appropriately test this hypothesis. This study plans to use whole exome sequencing from cases from the Epi4K consortium, which recruited individuals who both had epilepsy and at least 2 oth... || GENERIC_GENETIC_LANGUAGE [schema27_title]: Examining role of rare genetic variation on risk of common epilepsy disorders || GENERIC_SEQUENCE_LANGUAGE [schema27_notes]: ...that large sample sizes are needed to appropriately test this hypothesis. This study plans to use whole exome sequencing from cases from the Epi4K consortium, which recruited individuals who both had epilepsy and at least 2 other...",WES,WES,C0_CURRENT_STAGE3_ALREADY_RAP_BOUND,HIGH_BASELINE,no,fixed_C0_baseline_from_current_classifier,,,,WES,,Examining role of rare genetic variation on risk of common epilepsy disorders,https://www.ukbiobank.ac.uk/projects/examining-role-of-rare-genetic-variation-on-risk-of-common-epilepsy-disorders/
80917,2022-02-22,before_policy,C0,ALREADY_RAP_BOUND,HIGH,CONTROL_CANDIDATE_C0,current_conservative_classifier,data/intermediate/rap_classification/stage3_project_rap_exposure_classification.csv,stage3_current_classifier,WES [schema27_title]: Whole exome sequencing to identify rare variants in autoinflammatory disease || GENERIC_GENETIC_LANGUAGE [schema27_title]: Whole exome sequencing to identify rare variants in autoinflammatory disease || GENERIC_SEQUENCE_LANGUAGE [schema27_title]: Whole exome sequencing to identify rare variants in autoinflammatory disease,WES,WES,C0_CURRENT_STAGE3_ALREADY_RAP_BOUND,HIGH_BASELINE,no,fixed_C0_baseline_from_current_classifier,,,,WES,,Whole exome sequencing to identify rare variants in autoinflammatory disease,https://www.ukbiobank.ac.uk/projects/whole-exome-sequencing-to-identify-rare-variants-in-autoinflammatory-disease/
81793,2022-04-20,before_policy,C0,ALREADY_RAP_BOUND,HIGH,CONTROL_CANDIDATE_C0,current_conservative_classifier,data/intermediate/rap_classification/stage3_project_rap_exposure_classification.csv,stage3_current_classifier,"WES [schema27_notes]: ...ence of which increases with ageing, lead to some gene activations and inflammatory effects. We intend to use Whole Exome Sequencing data from the UK Biobank to investigate whether clonal haematopoiesis of indeterminate potential is a risk... || GENERIC_GENETIC_LANGUAGE [schema27_notes]: ...ity. It has been discovered that these mutations, the prevalence of which increases with ageing, lead to some gene activations and inflammatory effects. We intend to use Whole Exome Sequencing data from the UK Biobank to inv... || GENERIC_SEQUENCE_LANGUAGE [schema27_notes]: ...h increases with ageing, lead to some gene activations and inflammatory effects. We intend to use Whole Exome Sequencing data from the UK Biobank to investigate whether clonal haematopoiesis of indeterminate potential is a risk fa...",WES,WES,C0_CURRENT_STAGE3_ALREADY_RAP_BOUND,HIGH_BASELINE,no,fixed_C0_baseline_from_current_classifier,,,,WES,,A UK Biobank longitudinal study of clonal haematopoiesis and risk of Alzheimer's Disease,https://www.ukbiobank.ac.uk/projects/a-uk-biobank-longitudinal-study-of-clonal-haematopoiesis-and-risk-of-alzheimers-disease/
81963,2022-02-22,before_policy,C0,ALREADY_RAP_BOUND,HIGH,CONTROL_CANDIDATE_C0,current_conservative_classifier,data/intermediate/rap_classification/stage3_project_rap_exposure_classification.csv,stage3_current_classifier,"WGS [schema27_notes]: ...mplete understanding. This study will develop methods to tackle this problem using both genetic data (such as whole genome sequencing), as well as non-genetic data available in UK Biobank. It will discover new genetic makers, and develop me... || GENERIC_GENETIC_LANGUAGE [schema27_title]: New methods to assess the role of coding and non-coding genetic variation in human complex diseases || GENERIC_SEQUENCE_LANGUAGE [schema27_notes]: ...tanding. This study will develop methods to tackle this problem using both genetic data (such as whole genome sequencing), as well as non-genetic data available in UK Biobank. It will discover new genetic makers, and develop metho...",WGS,WGS,C0_CURRENT_STAGE3_ALREADY_RAP_BOUND,HIGH_BASELINE,no,fixed_C0_baseline_from_current_classifier,,,,WGS,,New methods to assess the role of coding and non-coding genetic variation in human complex diseases,https://www.ukbiobank.ac.uk/projects/new-methods-to-assess-the-role-of-coding-and-non-coding-genetic-variation-in-human-complex-diseases/
82590,2022-06-07,before_policy,C0,ALREADY_RAP_BOUND,HIGH,CONTROL_CANDIDATE_C0,current_conservative_classifier,data/intermediate/rap_classification/stage3_project_rap_exposure_classification.csv,stage3_current_classifier,WGS [schema27_notes]: ...uses warrants further investigation of discovering novel FTD and PD genes. Whole-exome/genome sequencing (WES/WGS) allows the systematic analyses of genetic variants to identify (rare) causative mutations and to investigate... || WES [schema27_notes]: ...c causes warrants further investigation of discovering novel FTD and PD genes. Whole-exome/genome sequencing (WES/WGS) allows the systematic analyses of genetic variants to identify (rare) causative mutations and to investi... || GENERIC_GENETIC_LANGUAGE [schema27_title]: Elucidating the Genetic Landscape of Frontotemporal Dementia (FTD) and Parkinson's Disease (PD) || GENERIC_SEQUENCE_LANGUAGE [schema27_notes]: ...known genetic causes warrants further investigation of discovering novel FTD and PD genes. Whole-exome/genome sequencing (WES/WGS) allows the systematic analyses of genetic variants to identify (rare) causative mutations and to in...,WES|WGS,WES|WGS,C0_CURRENT_STAGE3_ALREADY_RAP_BOUND,HIGH_BASELINE,no,fixed_C0_baseline_from_current_classifier,,,,WES|WGS,,Elucidating the Genetic Landscape of Frontotemporal Dementia (FTD) and Parkinson's Disease (PD),https://www.ukbiobank.ac.uk/projects/elucidating-the-genetic-landscape-of-frontotemporal-dementia-ftd-and-parkinsons-disease-pd/
82664,2022-04-06,before_policy,C0,ALREADY_RAP_BOUND,HIGH,CONTROL_CANDIDATE_C0,current_conservative_classifier,data/intermediate/rap_classification/stage3_project_rap_exposure_classification.csv,stage3_current_classifier,WGS [schema27_title]: Germline risk prediction model in bladder cancer: Whole Genome Sequencing of UK Biobank || GENERIC_GENETIC_LANGUAGE [schema27_notes]: The aim of this project is to identify difference in genetic expression between individuals who develop bladder cancer and those who did not. By identifying certain genet... || GENERIC_SEQUENCE_LANGUAGE [schema27_title]: Germline risk prediction model in bladder cancer: Whole Genome Sequencing of UK Biobank,WGS,WGS,C0_CURRENT_STAGE3_ALREADY_RAP_BOUND,HIGH_BASELINE,no,fixed_C0_baseline_from_current_classifier,,,,WGS,,Germline risk prediction model in bladder cancer: Whole Genome Sequencing of UK Biobank,https://www.ukbiobank.ac.uk/projects/germline-risk-prediction-model-in-bladder-cancer-whole-genome-sequencing-of-uk-biobank/
83180,2022-03-21,before_policy,C0,ALREADY_RAP_BOUND,HIGH,CONTROL_CANDIDATE_C0,current_conservative_classifier,data/intermediate/rap_classification/stage3_project_rap_exposure_classification.csv,stage3_current_classifier,WGS [schema27_title]: Leveraging whole genome sequencing to identify genes with protective expression increase variants || GENERIC_GENETIC_LANGUAGE [schema27_title]: Leveraging whole genome sequencing to identify genes with protective expression increase variants || GENERIC_SEQUENCE_LANGUAGE [schema27_title]: Leveraging whole genome sequencing to identify genes with protective expression increase variants,WGS,WGS,C0_CURRENT_STAGE3_ALREADY_RAP_BOUND,HIGH_BASELINE,no,fixed_C0_baseline_from_current_classifier,,,,WGS,,Leveraging whole genome sequencing to identify genes with protective expression increase variants,https://www.ukbiobank.ac.uk/projects/leveraging-whole-genome-sequencing-to-identify-genes-with-protective-expression-increase-variants/
84404,2023-09-13,before_policy,C0,ALREADY_RAP_BOUND,HIGH,CONTROL_CANDIDATE_C0,current_conservative_classifier,data/intermediate/rap_classification/stage3_project_rap_exposure_classification.csv,stage3_current_classifier,WES [schema27_title]: Performance of regional enrichment methods using exome data from the UK Biobank || GENERIC_GENETIC_LANGUAGE [schema27_notes]: ...dividuals have had their DNA sequenced. The initial DNA sequencing was designed to capture the most amount of genetic variation by only sequencing a small number of points in the genome; the human genome is three billion data p... || GENERIC_SEQUENCE_LANGUAGE [schema27_notes]: ...n of large data sets where hundreds of thousands of individuals have had their DNA sequenced. The initial DNA sequencing was designed to capture the most amount of genetic variation by only sequencing a small number of points in t...,WES,WES,C0_CURRENT_STAGE3_ALREADY_RAP_BOUND,HIGH_BASELINE,no,fixed_C0_baseline_from_current_classifier,,,,WES,,Performance of regional enrichment methods using exome data from the UK Biobank,https://www.ukbiobank.ac.uk/projects/performance-of-regional-enrichment-methods-using-exome-data-from-the-uk-biobank/
88747,2022-09-15,before_policy,C0,ALREADY_RAP_BOUND,HIGH,CONTROL_CANDIDATE_C0,current_conservative_classifier,data/intermediate/rap_classification/stage3_project_rap_exposure_classification.csv,stage3_current_classifier,WGS [schema27_notes]: ...t will be verified using the UK Biobank will be performed in the following 2 years. The use of the UK Biobank Whole Genome data is to expand the mutation search into regions (non-coding) that were not covered by the TCGA Whole Exome Data... || WES [schema27_notes]: ...enome data is to expand the mutation search into regions (non-coding) that were not covered by the TCGA Whole Exome Data.,WES|WGS,WES|WGS,C0_CURRENT_STAGE3_ALREADY_RAP_BOUND,HIGH_BASELINE,no,fixed_C0_baseline_from_current_classifier,,,,WES|WGS,,The identification of insertion/deletions in cancer genomes to establish new bio markers,https://www.ukbiobank.ac.uk/projects/the-identification-of-insertion-deletions-in-cancer-genomes-to-establish-new-bio-markers/
89184,2025-06-26,after_policy,C0,ALREADY_RAP_BOUND,HIGH,CONTROL_CANDIDATE_C0,current_conservative_classifier,data/intermediate/rap_classification/stage3_project_rap_exposure_classification.csv,stage3_current_classifier,WGS [schema27_title]: Widespread genomic influences on phenotype in Dravet syndrome: a whole genome sequencing project || GENERIC_GENETIC_LANGUAGE [schema27_title]: Widespread genomic influences on phenotype in Dravet syndrome: a whole genome sequencing project || GENERIC_SEQUENCE_LANGUAGE [schema27_title]: Widespread genomic influences on phenotype in Dravet syndrome: a whole genome sequencing project,WGS,WGS,C0_CURRENT_STAGE3_ALREADY_RAP_BOUND,HIGH_BASELINE,no,fixed_C0_baseline_from_current_classifier,,,,WGS,,Widespread genomic influences on phenotype in Dravet syndrome: a whole genome sequencing project,https://www.ukbiobank.ac.uk/projects/widespread-genomic-influences-on-phenotype-in-dravet-syndrome-a-whole-genome-sequencing-project/
91144,2023-04-05,before_policy,C0,ALREADY_RAP_BOUND,HIGH,CONTROL_CANDIDATE_C0,current_conservative_classifier,data/intermediate/rap_classification/stage3_project_rap_exposure_classification.csv,stage3_current_classifier,"WGS [schema27_title]: Develop an in-house WGS solution for exploring rare disease insights || GENERIC_GENETIC_LANGUAGE [schema27_notes]: ...d to have benchmark data for testing the efficacy of our solution. As rare diseases are complex - finding the genetic needle in the haystack - having a solution that will explore the entire human genome, both the coding and the...",WGS,WGS,C0_CURRENT_STAGE3_ALREADY_RAP_BOUND,HIGH_BASELINE,no,fixed_C0_baseline_from_current_classifier,,,,WGS,,Develop an in-house WGS solution for exploring rare disease insights,https://www.ukbiobank.ac.uk/projects/develop-an-in-house-wgs-solution-for-exploring-rare-disease-insights/
95547,2023-02-16,before_policy,C0,ALREADY_RAP_BOUND,HIGH,CONTROL_CANDIDATE_C0,current_conservative_classifier,data/intermediate/rap_classification/stage3_project_rap_exposure_classification.csv,stage3_current_classifier,WES [schema27_notes]: ...s. We can determine the sequence of DNA that makes up these genes using techniques that cover the genes only (exome sequencing) or all of the genome (genes and the DNA in between genes). When we compare the gene sequences between unr... || GENERIC_GENETIC_LANGUAGE [schema27_title]: Identification of phenotypic associations of rare variants in genes predisposing to rare inherited disorders in UK Biobank exome and genome data. || GENERIC_SEQUENCE_LANGUAGE [schema27_notes]: ...can determine the sequence of DNA that makes up these genes using techniques that cover the genes only (exome sequencing) or all of the genome (genes and the DNA in between genes). When we compare the gene sequences between unrela...,WES,WES,C0_CURRENT_STAGE3_ALREADY_RAP_BOUND,HIGH_BASELINE,no,fixed_C0_baseline_from_current_classifier,,,,WES,,Identification of phenotypic associations of rare variants in genes predisposing to rare inherited disorders in UK Biobank exome and genome data.,https://www.ukbiobank.ac.uk/projects/identification-of-phenotypic-associations-of-rare-variants-in-genes-predisposing-to-rare-inherited-disorders-in-uk-biobank-exome-and-genome-data/
96759,2023-01-18,before_policy,C0,ALREADY_RAP_BOUND,HIGH,CONTROL_CANDIDATE_C0,current_conservative_classifier,data/intermediate/rap_classification/stage3_project_rap_exposure_classification.csv,stage3_current_classifier,"WES [schema27_notes]: ...tanding of the molecular pathogenesis specific to the Asian population. The extensive whole exome sequencing (WES) data of such a large number of participants in the UK Biobank allows this study to answer the study objectiv... || GENERIC_GENETIC_LANGUAGE [schema27_notes]: ...one-third of all cancer-related deaths. Previous studies demonstrated that those of Asian ancestry have some genetic predisposition to develop cancers of the digestive system, e.g., gastric cancer. Although there are advanceme... || GENERIC_SEQUENCE_LANGUAGE [schema27_notes]: ...mited understanding of the molecular pathogenesis specific to the Asian population. The extensive whole exome sequencing (WES) data of such a large number of participants in the UK Biobank allows this study to answer the study obj...",WES,WES,C0_CURRENT_STAGE3_ALREADY_RAP_BOUND,HIGH_BASELINE,no,fixed_C0_baseline_from_current_classifier,,,,WES,,"Identification, Characterisation and Structural Elucidation of Significant Exome Variations in Cancers of Digestive System in Asians",https://www.ukbiobank.ac.uk/projects/identification-characterisation-and-structural-elucidation-of-significant-exome-variations-in-cancers-of-digestive-system-in-asians/
98772,2023-05-24,before_policy,C0,ALREADY_RAP_BOUND,HIGH,CONTROL_CANDIDATE_C0,current_conservative_classifier,data/intermediate/rap_classification/stage3_project_rap_exposure_classification.csv,stage3_current_classifier,"WGS [schema27_title]: Search for inborn errors of immunity underlying infectious diseases using whole exome and whole genome sequencing data. || WES [schema27_notes]: ...IEI underlying these infectious diseases. We have already collected unique cohorts of patients with available WES or WGS data for all the infections we are studying, including > 800 patients with MSMD, >1500 with tuberculos... || GENERIC_GENETIC_LANGUAGE [schema27_notes]: Over the last 25 years, we have discovered genetic etiologies of a large number of viral (including COVID-19), bacterial, and fungal diseases. We intend to sear... || GENERIC_SEQUENCE_LANGUAGE [schema27_title]: Search for inborn errors of immunity underlying infectious diseases using whole exome and whole genome sequencing data.",WES|WGS,WES|WGS,C0_CURRENT_STAGE3_ALREADY_RAP_BOUND,HIGH_BASELINE,no,fixed_C0_baseline_from_current_classifier,,,,WES|WGS,,Search for inborn errors of immunity underlying infectious diseases using whole exome and whole genome sequencing data.,https://www.ukbiobank.ac.uk/projects/search-for-inborn-errors-of-immunity-underlying-infectious-diseases-using-whole-exome-and-whole-genome-sequencing-data/
107152,2023-11-01,before_policy,C0,ALREADY_RAP_BOUND,HIGH,CONTROL_CANDIDATE_C0,current_conservative_classifier,data/intermediate/rap_classification/stage3_project_rap_exposure_classification.csv,stage3_current_classifier,"WGS [schema27_title]: Quantifying the dynamics of clonal haematopoiesis in individuals using snapshot whole genome sequencing data || GENERIC_GENETIC_LANGUAGE [schema27_notes]: ...nditions linked to inflammation like common ""wear and tear"" arthritis, develop when normal body cells acquire genetic, and other damage, that causes abnormal cell growth and dysfunction. Early diagnosis and intervention have pr... || GENERIC_SEQUENCE_LANGUAGE [schema27_title]: Quantifying the dynamics of clonal haematopoiesis in individuals using snapshot whole genome sequencing data",WGS,WGS,C0_CURRENT_STAGE3_ALREADY_RAP_BOUND,HIGH_BASELINE,no,fixed_C0_baseline_from_current_classifier,,,,WGS,,Quantifying the dynamics of clonal haematopoiesis in individuals using snapshot whole genome sequencing data,https://www.ukbiobank.ac.uk/projects/quantifying-the-dynamics-of-clonal-haematopoiesis-in-individuals-using-snapshot-whole-genome-sequencing-data/
116200,2023-11-22,before_policy,C0,ALREADY_RAP_BOUND,HIGH,CONTROL_CANDIDATE_C0,current_conservative_classifier,data/intermediate/rap_classification/stage3_project_rap_exposure_classification.csv,stage3_current_classifier,"WGS [schema27_notes]: ...is a substantial research gap, the UK Biobank, one of the world's largest biomedical databases, is conducting whole-genome sequencing on all of its 500,000 British participants, with the results expected to be released in late 2023. This da... || GENERIC_GENETIC_LANGUAGE [schema27_title]: Influences of rare non-protein-coding genetic variants across the phenome || GENERIC_SEQUENCE_LANGUAGE [schema27_notes]: ...ial research gap, the UK Biobank, one of the world's largest biomedical databases, is conducting whole-genome sequencing on all of its 500,000 British participants, with the results expected to be released in late 2023. This datas...",WGS,WGS,C0_CURRENT_STAGE3_ALREADY_RAP_BOUND,HIGH_BASELINE,no,fixed_C0_baseline_from_current_classifier,,,,WGS,,Influences of rare non-protein-coding genetic variants across the phenome,https://www.ukbiobank.ac.uk/projects/influences-of-rare-non-protein-coding-genetic-variants-across-the-phenome/
117723,2024-12-17,after_policy,C0,ALREADY_RAP_BOUND,HIGH,CONTROL_CANDIDATE_C0,current_conservative_classifier,data/intermediate/rap_classification/stage3_project_rap_exposure_classification.csv,stage3_current_classifier,WES [schema27_notes]: ...on of rare variants to SLE or SD; only small studies have investigated this. The goal of this study is to use whole exome sequencing to determine whether rare variants contribute to SLE and SD risk and clinical features. The aims are: 1) I... || GENERIC_GENETIC_LANGUAGE [schema27_title]: The role of rare coding variants in Systemic Lupus Erythematosus and Sjögen's Disease risk and phenotypes || GENERIC_SEQUENCE_LANGUAGE [schema27_notes]: ...ariants to SLE or SD; only small studies have investigated this. The goal of this study is to use whole exome sequencing to determine whether rare variants contribute to SLE and SD risk and clinical features. The aims are: 1) Iden...,WES,WES,C0_CURRENT_STAGE3_ALREADY_RAP_BOUND,HIGH_BASELINE,no,fixed_C0_baseline_from_current_classifier,,,,WES,,The role of rare coding variants in Systemic Lupus Erythematosus and Sjögen's Disease risk and phenotypes,https://www.ukbiobank.ac.uk/projects/the-role-of-rare-coding-variants-in-systemic-lupus-erythematosus-and-sjogens-disease-risk-and-phenotypes/
177789,2024-05-13,before_policy,C0,ALREADY_RAP_BOUND,HIGH,CONTROL_CANDIDATE_C0,current_conservative_classifier,data/intermediate/rap_classification/stage3_project_rap_exposure_classification.csv,stage3_current_classifier,"WES [schema27_notes]: ...varian insufficiency (POI) history. The family has several POI individuals. However, by whole exon sequencing(WES), we didn't identify a single gene mutation that was directly associated with the disease phenotype. Instead,... || GENERIC_GENETIC_LANGUAGE [schema27_title]: Correlation study of double gene mutations with the onset of Premature Ovarian Insufficiency || GENERIC_SEQUENCE_LANGUAGE [schema27_notes]: ...Premature ovarian insufficiency (POI) history. The family has several POI individuals. However, by whole exon sequencing(WES), we didn't identify a single gene mutation that was directly associated with the disease phenotype. Inst...",WES,WES,C0_CURRENT_STAGE3_ALREADY_RAP_BOUND,HIGH_BASELINE,no,fixed_C0_baseline_from_current_classifier,,,,WES,,Correlation study of double gene mutations with the onset of Premature Ovarian Insufficiency,https://www.ukbiobank.ac.uk/projects/correlation-study-of-double-gene-mutations-with-the-onset-of-premature-ovarian-insufficiency/
190333,2025-07-22,after_policy,C0,ALREADY_RAP_BOUND,HIGH,CONTROL_CANDIDATE_C0,current_conservative_classifier,data/intermediate/rap_classification/stage3_project_rap_exposure_classification.csv,stage3_current_classifier,"WES [schema27_notes]: ...ty of life and the ability to perform daily tasks. Genetics play a role in glaucoma. Previous research, using whole exome sequencing data from 110,260 participants in the UK Biobank (UKB), identified 40 novel rare variant genes associated... || GENERIC_GENETIC_LANGUAGE [schema27_title]: Whole-genome identification of rare variants in UK Biobank Glaucoma patients || GENERIC_SEQUENCE_LANGUAGE [schema27_notes]: ...nd the ability to perform daily tasks. Genetics play a role in glaucoma. Previous research, using whole exome sequencing data from 110,260 participants in the UK Biobank (UKB), identified 40 novel rare variant genes associated wit...",WES,WES,C0_CURRENT_STAGE3_ALREADY_RAP_BOUND,HIGH_BASELINE,no,fixed_C0_baseline_from_current_classifier,,,,WES,,Whole-genome identification of rare variants in UK Biobank Glaucoma patients,https://www.ukbiobank.ac.uk/projects/whole-genome-identification-of-rare-variants-in-uk-biobank-glaucoma-patients/
242460,2024-06-18,before_policy,C0,ALREADY_RAP_BOUND,HIGH,CONTROL_CANDIDATE_C0,current_conservative_classifier,data/intermediate/rap_classification/stage3_project_rap_exposure_classification.csv,stage3_current_classifier,"WGS [schema27_notes]: ...mals. One of the ways in which TAAR1 can become inactive is through mutations. In this study, we will use the whole genome sequencing data from UK Biobank to investigate the presence of mutations in schizophrenia patients. Long term benefit... || GENERIC_GENETIC_LANGUAGE [schema27_notes]: ...tigate whether presence of mutations cause therapeutic failures, side-effects or toxicity. * Potentially find genetic markers that can predict schizophrenia using genetic tests (e.g. Blueprint Genetics Parkinson Disease Panel f... || GENERIC_SEQUENCE_LANGUAGE [schema27_notes]: ...the ways in which TAAR1 can become inactive is through mutations. In this study, we will use the whole genome sequencing data from UK Biobank to investigate the presence of mutations in schizophrenia patients. Long term benefits o...",WGS,WGS,C0_CURRENT_STAGE3_ALREADY_RAP_BOUND,HIGH_BASELINE,no,fixed_C0_baseline_from_current_classifier,,,,WGS,,Investigation of single nucleotide varaints in Trace Amine-Associated Receptor 1 (TAAR1) among schizophrenia patients,https://www.ukbiobank.ac.uk/projects/investigation-of-single-nucleotide-varaints-in-trace-amine-associated-receptor-1-taar1-among-schizophrenia-patients/
309781,2025-01-09,after_policy,C0,ALREADY_RAP_BOUND,HIGH,CONTROL_CANDIDATE_C0,current_conservative_classifier,data/intermediate/rap_classification/stage3_project_rap_exposure_classification.csv,stage3_current_classifier,"WES [schema27_notes]: ...of inherited mutations in ovarian cancer cases and non-cases in the UK Biobank using whole exome sequencing (WES) data, 2) to examine how these inherited mutations relate to clinical characteristics of the ovarian cancer p... || GENERIC_GENETIC_LANGUAGE [schema27_title]: Genomic Predictors of Ovarian Cancer Risk || GENERIC_SEQUENCE_LANGUAGE [schema27_notes]: ...he frequency of inherited mutations in ovarian cancer cases and non-cases in the UK Biobank using whole exome sequencing (WES) data, 2) to examine how these inherited mutations relate to clinical characteristics of the ovarian can... || PHYSICAL_SAMPLE_OR_EXTERNAL_ASSAY_LANGUAGE [schema27_notes]: ...varian cancer clinical characteristics in a group of patients with ovarian cancer who also have pre-diagnosis DNA samples. Our proposal is unique, in that other studies evaluating gene-environment interactions have focused on commo...",WES,WES,C0_CURRENT_STAGE3_ALREADY_RAP_BOUND,HIGH_BASELINE,no,fixed_C0_baseline_from_current_classifier,,,,WES,,Genomic Predictors of Ovarian Cancer Risk,https://www.ukbiobank.ac.uk/projects/genomic-predictors-of-ovarian-cancer-risk/
317703,2024-11-20,after_policy,C0,ALREADY_RAP_BOUND,HIGH,CONTROL_CANDIDATE_C0,current_conservative_classifier,data/intermediate/rap_classification/stage3_project_rap_exposure_classification.csv,stage3_current_classifier,"WGS [schema27_notes]: ...rs, cardiovascular diseases, rare diseases, etc.) and various types of genomic data (such as chip, exome, and whole-genome sequencing), are urgently needed to comprehensively investigate the relationship between variants and human diseases.... || GENERIC_GENETIC_LANGUAGE [schema27_title]: Investigating the impact of genome-wide variants on human diseases || GENERIC_SEQUENCE_LANGUAGE [schema27_notes]: ...cular diseases, rare diseases, etc.) and various types of genomic data (such as chip, exome, and whole-genome sequencing), are urgently needed to comprehensively investigate the relationship between variants and human diseases. Pr...",WGS,WGS,C0_CURRENT_STAGE3_ALREADY_RAP_BOUND,HIGH_BASELINE,no,fixed_C0_baseline_from_current_classifier,,,,WGS,,Investigating the impact of genome-wide variants on human diseases,https://www.ukbiobank.ac.uk/projects/investigating-the-impact-of-genome-wide-variants-on-human-diseases/
505149,2024-11-05,after_policy,C0,ALREADY_RAP_BOUND,HIGH,CONTROL_CANDIDATE_C0,current_conservative_classifier,data/intermediate/rap_classification/stage3_project_rap_exposure_classification.csv,stage3_current_classifier,"WGS [schema27_notes]: ...- Explore the associations between metabolic risk factors, kidney diseases, and cardiovascular diseases using whole-genome sequencing data from UKB. Identify differentially expressed genes related to metabolic factors and kidney diseases an... || GENERIC_GENETIC_LANGUAGE [schema27_notes]: ...s, and cardiovascular diseases using whole-genome sequencing data from UKB. Identify differentially expressed genes related to metabolic factors and kidney diseases and investigate their potential functional roles in cardiova... || GENERIC_SEQUENCE_LANGUAGE [schema27_notes]: ...associations between metabolic risk factors, kidney diseases, and cardiovascular diseases using whole-genome sequencing data from UKB. Identify differentially expressed genes related to metabolic factors and kidney diseases and i...",WGS,WGS,C0_CURRENT_STAGE3_ALREADY_RAP_BOUND,HIGH_BASELINE,no,fixed_C0_baseline_from_current_classifier,,,,WGS,,"Impact of Metabolic Risk Factors and Kidney Function on the Incidence, Progression, and Prognosis of Cardiovascular Diseases",https://www.ukbiobank.ac.uk/projects/impact-of-metabolic-risk-factors-and-kidney-function-on-the-incidence-progression-and-prognosis-of-cardiovascular-diseases/
555968,2025-10-30,after_policy,C0,ALREADY_RAP_BOUND,HIGH,CONTROL_CANDIDATE_C0,current_conservative_classifier,data/intermediate/rap_classification/stage3_project_rap_exposure_classification.csv,stage3_current_classifier,"WGS [schema27_notes]: ...dentify noncoding variants with impact on mRNA levels We have developed an integrated framework that combines WGS and RNA-Seq to identify noncoding variants with impact on target genes (within the same TAD domain, or near t... || GENERIC_GENETIC_LANGUAGE [schema27_notes]: ...out the characteristics of its noncoding genome. Non-coding regions contain regulatory elements essential for gene expression, and mutations in these areas can disrupt cellular functions critical to OC development and diseas...",WGS,WGS,C0_CURRENT_STAGE3_ALREADY_RAP_BOUND,HIGH_BASELINE,no,fixed_C0_baseline_from_current_classifier,,,,WGS,,Identification and Characterisation of Somatic Cis-regulatory Non-coding Mutations in Ovarian Cancer,https://www.ukbiobank.ac.uk/projects/identification-and-characterisation-of-somatic-cis-regulatory-non-coding-mutations-in-ovarian-cancer/
600182,2025-06-13,after_policy,C0,ALREADY_RAP_BOUND,HIGH,CONTROL_CANDIDATE_C0,current_conservative_classifier,data/intermediate/rap_classification/stage3_project_rap_exposure_classification.csv,stage3_current_classifier,"WES [schema27_notes]: ...m exome-wide gene-based tests across relevant medical conditions and quantitative cardiometabolic traits from WES data in UK Biobank to identify disease-associated genes. 2. We will map the disease-associated genes to publi... || GENERIC_GENETIC_LANGUAGE [schema27_notes]: ...ir relationship to tissue types where the target is highly expressed. 5. Finally, we will integrate extensive genetic and biomedical data to identify physiologically-informed clusters of a particular cardio-metabolic disease an...",WES,WES,C0_CURRENT_STAGE3_ALREADY_RAP_BOUND,HIGH_BASELINE,no,fixed_C0_baseline_from_current_classifier,,,,WES,,Identification and characterisation of genetically validated drug targets in cardiometabolic diseases using UK Biobank data,https://www.ukbiobank.ac.uk/projects/identification-and-characterisation-of-genetically-validated-drug-targets-in-cardiometabolic-diseases-using-uk-biobank-data/
786986,2025-07-23,after_policy,C0,ALREADY_RAP_BOUND,HIGH,CONTROL_CANDIDATE_C0,current_conservative_classifier,data/intermediate/rap_classification/stage3_project_rap_exposure_classification.csv,stage3_current_classifier,"WES [schema27_notes]: ...by the aberrant immunologic response in CHIP carriers with diabetes. We thus aim to analyze individuals with whole-exome sequencing data to compare the incidence of diabetes-related complications (e.g., nephropathy, retinopathy, neuropath... || GENERIC_SEQUENCE_LANGUAGE [schema27_notes]: ...rant immunologic response in CHIP carriers with diabetes. We thus aim to analyze individuals with whole-exome sequencing data to compare the incidence of diabetes-related complications (e.g., nephropathy, retinopathy, neuropathy)...",WES,WES,C0_CURRENT_STAGE3_ALREADY_RAP_BOUND,HIGH_BASELINE,no,fixed_C0_baseline_from_current_classifier,,,,WES,,A longitudinal study on clonal hematopoiesis of indeterminate potential (CHIP) and its impact on diabetic micro-vascular complications,https://www.ukbiobank.ac.uk/projects/a-longitudinal-study-on-clonal-hematopoiesis-of-indeterminate-potential-chip-and-its-impact-on-diabetic-micro-vascular-complications/
829531,2025-10-30,after_policy,C0,ALREADY_RAP_BOUND,HIGH,CONTROL_CANDIDATE_C0,current_conservative_classifier,data/intermediate/rap_classification/stage3_project_rap_exposure_classification.csv,stage3_current_classifier,"WGS [schema27_notes]: ...ic cells carrying the corresponding germline variants. This project aims to leverage whole-genome sequencing (WGS) data from 470,000 UK Biobank participants (released in 2023) to identify somatic mutational signatures in he... || GENERIC_GENETIC_LANGUAGE [schema27_notes]: ...lthy tissues at the population level has not yet been explored. Given that mutations in well-known DNA repair genes have been linked to mutational signatures in cancer, we would like to investigate if such signatures could al... || GENERIC_SEQUENCE_LANGUAGE [schema27_notes]: ...rge in somatic cells carrying the corresponding germline variants. This project aims to leverage whole-genome sequencing (WGS) data from 470,000 UK Biobank participants (released in 2023) to identify somatic mutational signatures... || PHYSICAL_SAMPLE_OR_EXTERNAL_ASSAY_LANGUAGE [schema27_notes]: ...from 470,000 UK Biobank participants (released in 2023) to identify somatic mutational signatures in healthy blood samples and explore the population diversity of these patterns. Using Non-negative Matrix Factorization (NMF), the pr...",WGS,WGS,C0_CURRENT_STAGE3_ALREADY_RAP_BOUND,HIGH_BASELINE,no,fixed_C0_baseline_from_current_classifier,,,,WGS,,Mutational signatures in the general population,https://www.ukbiobank.ac.uk/projects/mutational-signatures-in-the-general-population/
1080334,2026-04-13,after_policy,C0,ALREADY_RAP_BOUND,HIGH,CONTROL_CANDIDATE_C0,current_conservative_classifier,data/intermediate/rap_classification/stage3_project_rap_exposure_classification.csv,stage3_current_classifier,"WGS [schema27_notes]: ...ociated incidence, and (2) Patients from US, Japan, and Italy, with familial and sporadic mesothelioma. Using WGS and WES, we will identify rare germline variants in select DNA repair and cancer predisposition genes. Cases... || WES [schema27_notes]: ...incidence, and (2) Patients from US, Japan, and Italy, with familial and sporadic mesothelioma. Using WGS and WES, we will identify rare germline variants in select DNA repair and cancer predisposition genes. Cases will be... || GENERIC_GENETIC_LANGUAGE [schema27_title]: Genetic predisposition to mesothelioma: discovery of cancer susceptibility genes in asbestos-exposed and familial mes...",WES|WGS,WES|WGS,C0_CURRENT_STAGE3_ALREADY_RAP_BOUND,HIGH_BASELINE,no,fixed_C0_baseline_from_current_classifier,,,,WES|WGS,,Genetic predisposition to mesothelioma: discovery of cancer susceptibility genes in asbestos-exposed and familial mesothelioma cohorts.,https://www.ukbiobank.ac.uk/projects/genetic-predisposition-to-mesothelioma-discovery-of-cancer-susceptibility-genes-in-asbestos-exposed-and-familial-mesothelioma-cohorts/
1124889,2026-03-10,after_policy,C0,ALREADY_RAP_BOUND,HIGH,CONTROL_CANDIDATE_C0,current_conservative_classifier,data/intermediate/rap_classification/stage3_project_rap_exposure_classification.csv,stage3_current_classifier,"WGS [schema27_notes]: ...y identify and characterize viral integration events and their frequencies across human individuals using the whole genome sequencing data. By analyzing structural variants and insertions/deletions (indels), we will identify and quantitativ... || GENERIC_GENETIC_LANGUAGE [schema27_notes]: Background: Certain DNA viruses and retroviruses have been reported to integrate their genetic material into the human genome. Such integration events can disrupt genome stability, alter gene regulation,... || GENERIC_SEQUENCE_LANGUAGE [schema27_notes]: ...d characterize viral integration events and their frequencies across human individuals using the whole genome sequencing data. By analyzing structural variants and insertions/deletions (indels), we will identify and quantitatively...",WGS,WGS,C0_CURRENT_STAGE3_ALREADY_RAP_BOUND,HIGH_BASELINE,no,fixed_C0_baseline_from_current_classifier,,,,WGS,,Systematic Analysis of Viral Integration Events in the Human Pan-Genome,https://www.ukbiobank.ac.uk/projects/systematic-analysis-of-viral-integration-events-in-the-human-pan-genome/
648,2012-11-01,before_policy,C1,MIXED,HIGH,CONTROL_CANDIDATE_C1,explicit_sequence_data_wording,Schema 27 title/notes plus UKB Projects website excerpt,pre_policy_project_text,schema27_title: Common and rare genetic variants in respiratory health: the UK Biobank Lung Exome Variant Evaluation (UK BiLEVE) consortium schema27_notes: Lung function is an important indicator of respiratory health and mortality. Measures of lung function show irreversible airway o...,Whole exome sequencing data,exome data / exome variants,C1_EXOME_DATA,HIGH_NEEDS_MIXED_REVIEW,yes,previous_stage3_classification_was_mixed,,,,WES,PHYSICAL_MEASURES|QUESTIONNAIRES_ASSESSMENT,Common and rare genetic variants in respiratory health: the UK Biobank Lung Exome Variant Evaluation (UK BiLEVE) consortium,https://www.ukbiobank.ac.uk/projects/common-and-rare-genetic-variants-in-respiratory-health-the-uk-biobank-lung-exome-variant-evaluation-uk-bileve-consortium/
4477,2016-06-01,before_policy,C1,MIXED,HIGH,CONTROL_CANDIDATE_C1,explicit_sequence_data_wording,Schema 27 title/notes plus UKB Projects website excerpt,pre_policy_project_text,...cohort. We will look for samples with long runs of homozygosity (autozygosity) using an algorithm we have developed and validated. Step 2: we will request DNA samples and perform whole exome sequencing on an expected 2000 - 5000 individuals with substantial autozygosity (F>0.05 approx). We expect to sequence all individuals with this level of autozygosity with DNA available. Ste...,Whole exome sequencing data,whole exome sequencing / whole-exome sequence,C1_WHOLE_EXOME_SEQUENCE,HIGH_NEEDS_MIXED_REVIEW,yes,previous_stage3_classification_was_mixed,,,,WES,GENOTYPING_IMPUTATION,Identification and characterisation of naturally-occurring human gene knockouts.,https://www.ukbiobank.ac.uk/projects/identification-and-characterisation-of-naturally-occurring-human-gene-knockouts/
9616,2016-01-01,before_policy,C1,MIXED,HIGH,CONTROL_CANDIDATE_C1,explicit_sequence_data_wording,Schema 27 title/notes plus UKB Projects website excerpt,pre_policy_project_text,...ith the results from our other blood cell genomics studies. Genomics England Ltd and the NIHR BioResource ? Rare Diseases have secured an agreement with Illumina Cambridge Ltd for WGS analysis. Funds have been identified to WGS analyse up to 2000 UK Biobank volunteers. website_excerpt: We are interested in the association between variants in our DNA code and bl...,Whole genome sequencing data,WGS,C1_WGS_ABBREVIATION,HIGH_NEEDS_MIXED_REVIEW,yes,previous_stage3_classification_was_mixed,,,,WGS,GENOTYPING_IMPUTATION|QUESTIONNAIRES_ASSESSMENT,The Genetics of Extreme Blood Indices by Whole Genome Sequencing,https://www.ukbiobank.ac.uk/projects/the-genetics-of-extreme-blood-indices-by-whole-genome-sequencing/
24299,2017-01-01,before_policy,C1,MIXED,HIGH,CONTROL_CANDIDATE_C1,explicit_sequence_data_wording,Schema 27 title/notes plus UKB Projects website excerpt,pre_policy_project_text,"...icate in our dataset. We have many novel variants associating with COPD, requiring follow up in a large dataset like the UKBiLEVE cohort, in particular rare variants identified by whole genome sequencing of the Icelanders. Our aim is to use existing genotypes or where necessary to undertake further genotyping of samples from UKBiLEVE subjects to confirm associations found in the I...",Whole genome sequencing data,whole genome sequencing / whole-genome sequence,C1_WHOLE_GENOME_SEQUENCE,HIGH_NEEDS_MIXED_REVIEW,yes,previous_stage3_classification_was_mixed,,,,WGS,GENOTYPING_IMPUTATION|LINKED_HEALTH_RECORDS|PHYSICAL_MEASURES|QUESTIONNAIRES_ASSESSMENT,COPD follow up ? access to genotype and phenotype information and DNA samples,https://www.ukbiobank.ac.uk/projects/copd-follow-up-access-to-genotype-and-phenotype-information-and-dna-samples/
26041,2017-01-03,before_policy,C1,MIXED,HIGH,CONTROL_CANDIDATE_C1,explicit_sequence_data_wording,Schema 27 title/notes plus UKB Projects website excerpt,pre_policy_project_text,"...r of de-identified phenotypic data and genotype data to joint Applicants (RGC and GSK), (ii) transfer of biospecimens from UK Biobank to the Regeneron Genetics Center (RGC), (iii) whole exome sequencing of DNA samples by the RGC, (iv) transfer of genomic sequence data to GSK and UK Biobank by RGC and (v) analyses of the datasets in accordance with the goals, aims, and study desig...",Whole exome sequencing data,whole exome sequencing / whole-exome sequence,C1_WHOLE_EXOME_SEQUENCE,HIGH_NEEDS_MIXED_REVIEW,yes,previous_stage3_classification_was_mixed,,,,WES|WGS,BIOMARKERS_ASSAYS|GENOTYPING_IMPUTATION,"Large-Scale Sequencing in the UK Biobank to Facilitate Gene Discovery, Genome Sciences, and Precision Medicine",https://www.ukbiobank.ac.uk/projects/large-scale-sequencing-in-the-uk-biobank-to-facilitate-gene-discovery-genome-sciences-and-precision-medicine/
36371,2018-11-15,before_policy,C1,MIXED,HIGH,CONTROL_CANDIDATE_C1,explicit_sequence_data_wording,Schema 27 title/notes plus UKB Projects website excerpt,pre_policy_project_text,"...fferences in health profiles between ethnicities. The proposed study is important as it will provide new quantified evidence comparing physical behaviours/patterns between SAs and WEs, the extent to which differences in these factors are independent or modified by sociodemographic factors and whether they contribute to the increased risk of chronic disease in S...",Whole exome sequencing data,WES,C1_WES_ABBREVIATION,HIGH_NEEDS_MIXED_REVIEW,yes,previous_stage3_classification_was_mixed,,,,WES,QUESTIONNAIRES_ASSESSMENT,Associations between physical activity patterns and measures of physical function in South Asians and White Europeans,https://www.ukbiobank.ac.uk/projects/associations-between-physical-activity-patterns-and-measures-of-physical-function-in-south-asians-and-white-europeans/
40436,2018-07-24,before_policy,C1,MIXED,HIGH,CONTROL_CANDIDATE_C1,explicit_sequence_data_wording,Schema 27 title/notes plus UKB Projects website excerpt,pre_policy_project_text,"...d two venture capital firms in 2015, with the mission to empower every person to improve their life through DNA. Helix sequences our users' Exome+, a combination of clinical-grade exome sequencing plus sequences that overlap SNPs traditionally found in genotyping arrays. Helix enables every person to access interpretations from their germline genomes through third party par...",Whole exome sequencing data,exome sequencing / exome sequence,C1_EXOME_SEQUENCE,HIGH_NEEDS_MIXED_REVIEW,yes,previous_stage3_classification_was_mixed,,,,WES,GENOTYPING_IMPUTATION|PHYSICAL_MEASURES|QUESTIONNAIRES_ASSESSMENT,"Prediction models of health and wellness traits based on genetics, anthropometric, and clinical data",https://www.ukbiobank.ac.uk/projects/prediction-models-of-health-and-wellness-traits-based-on-genetics-anthropometric-and-clinical-data/
40518,2021-07-29,before_policy,C1,MIXED,HIGH,CONTROL_CANDIDATE_C1,explicit_sequence_data_wording,Schema 27 title/notes plus UKB Projects website excerpt,pre_policy_project_text,"...mic mtDNA variants. As a result, low levels of pathogenic mtDNA variants may not be detected. We aim to use the raw fluorescent probe data from the UK Biobank genotyping array and whole exome sequencing data to determine the level of heteroplasmic mtDNA variants within individuals. This will allow us to determine the frequency of pathogenic mtDNA variants in the UK Biobank cohort...",Whole exome sequencing data,whole exome sequencing / whole-exome sequence,C1_WHOLE_EXOME_SEQUENCE,HIGH_NEEDS_MIXED_REVIEW,yes,previous_stage3_classification_was_mixed,,,,WES,GENOTYPING_IMPUTATION,Determining the carrier frequency of pathogenic heteroplasmic mitochondrial DNA variations in the UK Biobank cohort and their potential contribution to common traits.,https://www.ukbiobank.ac.uk/projects/determining-the-carrier-frequency-of-pathogenic-heteroplasmic-mitochondrial-dna-variations-in-the-uk-biobank-cohort-and-their-potential-contribution-to-common-traits/
40721,2018-12-07,before_policy,C1,MIXED,HIGH,CONTROL_CANDIDATE_C1,explicit_sequence_data_wording,Schema 27 title/notes plus UKB Projects website excerpt,pre_policy_project_text,schema27_title: Low-density lipoprotein cholesterol (LDL-C) polygenic risk score and whole exome sequencing to diagnose individuals affected by familial hypercholesterolaemia schema27_notes: Familial Hypercholesterolaemia (FH) is an inherited disease of dangerously high 'bad' cholestero...,Whole exome sequencing data,whole exome sequencing / whole-exome sequence,C1_WHOLE_EXOME_SEQUENCE,HIGH_NEEDS_MIXED_REVIEW,yes,previous_stage3_classification_was_mixed,,,,WES,GENOTYPING_IMPUTATION,Low-density lipoprotein cholesterol (LDL-C) polygenic risk score and whole exome sequencing to diagnose individuals affected by familial hypercholesterolaemia,https://www.ukbiobank.ac.uk/projects/low-density-lipoprotein-cholesterol-ldl-c-polygenic-risk-score-and-whole-exome-sequencing-to-diagnose-individuals-affected-by-familial-hypercholesterolaemia/
41250,2021-01-25,before_policy,C1,MIXED,HIGH,CONTROL_CANDIDATE_C1,explicit_sequence_data_wording,Schema 27 title/notes plus UKB Projects website excerpt,pre_policy_project_text,schema27_title: Prioritizing Mendelian variants using GWAS and exome sequencing data schema27_notes: We intend to improve the understanding of genetic diseases for patients with severe clinical syndromes using data from individuals with common or less severe...,Whole exome sequencing data,exome sequencing / exome sequence,C1_EXOME_SEQUENCE,HIGH_NEEDS_MIXED_REVIEW,yes,previous_stage3_classification_was_mixed,,,,WES,GENOTYPING_IMPUTATION,Prioritizing Mendelian variants using GWAS and exome sequencing data,https://www.ukbiobank.ac.uk/projects/prioritizing-mendelian-variants-using-gwas-and-exome-sequencing-data/
44870,2018-11-08,before_policy,C1,MIXED,HIGH,CONTROL_CANDIDATE_C1,explicit_sequence_data_wording,Schema 27 title/notes plus UKB Projects website excerpt,pre_policy_project_text,"...sed application capable of processing spectrum of genetic data that a patient or institution may have: (i) Genome Wide Association Studies (GWAS), (ii) Exome Sequencing, and (iii) Whole Genome Sequencing. This development will be independent of the data obtained from the UK Biobank, which will only be used in the development and validation of our predictive model. website_excerpt:...",Whole genome sequencing data,whole genome sequencing / whole-genome sequence,C1_WHOLE_GENOME_SEQUENCE,HIGH_NEEDS_MIXED_REVIEW,yes,previous_stage3_classification_was_mixed,,,,WES|WGS,GENOTYPING_IMPUTATION,Development of Perioperative Risk Quantification Algorithm and Intraoperative Clinical Support System using Integrated Medical History and Patient Genotype,https://www.ukbiobank.ac.uk/projects/development-of-perioperative-risk-quantification-algorithm-and-intraoperative-clinical-support-system-using-integrated-medical-history-and-patient-genotype/
46114,2019-11-04,before_policy,C1,MIXED,HIGH,CONTROL_CANDIDATE_C1,explicit_sequence_data_wording,Schema 27 title/notes plus UKB Projects website excerpt,pre_policy_project_text,"...into the biology of both diseases and to build up new predictive models of high blood pressure and kidney disease. We will utilise genetic information derived from Axiom array and exome sequencing, data on environmental exposure and lifestyle choices and various dimensions of the collected clinical information in relation to blood pressure and measures of kidney health. We...",Whole exome sequencing data,exome sequencing / exome sequence,C1_EXOME_SEQUENCE,HIGH_NEEDS_MIXED_REVIEW,yes,previous_stage3_classification_was_mixed,,,,WES,ENVIRONMENT_GEOSPATIAL|PHYSICAL_MEASURES|QUESTIONNAIRES_ASSESSMENT,"Genetic, environmental and clinical determinants of blood pressure, kidney health and disease.",https://www.ukbiobank.ac.uk/projects/genetic-environmental-and-clinical-determinants-of-blood-pressure-kidney-health-and-disease/
48511,2019-04-18,before_policy,C1,MIXED,HIGH,CONTROL_CANDIDATE_C1,explicit_sequence_data_wording,Schema 27 title/notes plus UKB Projects website excerpt,pre_policy_project_text,"...alysis and open release via dedicated portals schema27_notes: rationale, project duration and public health impact (up to 5000 characters or 400 words): The UK Biobank is creating exome data for its 500,000 participants - this is the sequence data of all the genes of each participants. Over the next 3 years, we would like to process this data to make it consistent wit...",Whole exome sequencing data,exome data / exome variants,C1_EXOME_DATA,HIGH_NEEDS_MIXED_REVIEW,yes,previous_stage3_classification_was_mixed,,,,WES,GENOTYPING_IMPUTATION|QUESTIONNAIRES_ASSESSMENT,"Reprocessing and joint calling of UKBB exomes with gnomAD, genotype-phenotype analysis and open release via dedicated portals",https://www.ukbiobank.ac.uk/projects/reprocessing-and-joint-calling-of-ukbb-exomes-with-gnomad-genotype-phenotype-analysis-and-open-release-via-dedicated-portals/
48991,2019-04-18,before_policy,C1,MIXED,HIGH,CONTROL_CANDIDATE_C1,explicit_sequence_data_wording,Schema 27 title/notes plus UKB Projects website excerpt,pre_policy_project_text,...and validation of polygenic risk score models for human traits and disease schema27_notes: MyOme's mission is to provide actionable insights from genetic information. We will use whole genome sequencing to provide users with information pertaining to disease risk for a variety of common diseases such as coronary heart disease and more rare conditions such as Lynch syndrome. We wi...,Whole genome sequencing data,whole genome sequencing / whole-genome sequence,C1_WHOLE_GENOME_SEQUENCE,HIGH_NEEDS_MIXED_REVIEW,yes,previous_stage3_classification_was_mixed,,,,WGS,GENOTYPING_IMPUTATION,Development and validation of polygenic risk score models for human traits and disease,https://www.ukbiobank.ac.uk/projects/development-and-validation-of-polygenic-risk-score-models-for-human-traits-and-disease/
49899,2020-01-15,before_policy,C1,MIXED,HIGH,CONTROL_CANDIDATE_C1,explicit_sequence_data_wording,Schema 27 title/notes plus UKB Projects website excerpt,pre_policy_project_text,"schema27_title: Exome sequence analysis of endometriosis schema27_notes: Endometriosis is a common disorder affecting up to 10% of women of childbearing age. Its cause is not well defined, and it often goes und...",Whole exome sequencing data,exome sequencing / exome sequence,C1_EXOME_SEQUENCE,HIGH_NEEDS_MIXED_REVIEW,yes,previous_stage3_classification_was_mixed,,,,WES,GENOTYPING_IMPUTATION,Exome sequence analysis of endometriosis,https://www.ukbiobank.ac.uk/projects/exome-sequence-analysis-of-endometriosis/
49978,2019-10-10,before_policy,C1,MIXED,HIGH,CONTROL_CANDIDATE_C1,explicit_sequence_data_wording,Schema 27 title/notes plus UKB Projects website excerpt,pre_policy_project_text,schema27_title: Copy number variation from whole exome sequencing in the UK Biobank schema27_notes: Copy number variation (CNV) is an important source of genetic differences between individuals and can give raise to observable traits. Certain CN...,Whole exome sequencing data,whole exome sequencing / whole-exome sequence,C1_WHOLE_EXOME_SEQUENCE,HIGH_NEEDS_MIXED_REVIEW,yes,previous_stage3_classification_was_mixed,,,,WES,GENOTYPING_IMPUTATION,Copy number variation from whole exome sequencing in the UK Biobank,https://www.ukbiobank.ac.uk/projects/copy-number-variation-from-whole-exome-sequencing-in-the-uk-biobank/
50000,2019-05-29,before_policy,C1,UNCLEAR,LOW,CONTROL_CANDIDATE_C1,explicit_sequence_data_wording,Schema 27 title/notes plus UKB Projects website excerpt,pre_policy_project_text,"...th a mutation is important to understand genetic diseases, and identify new personalised treatment options. This project will assess, over the next 18 months, the ability of human genomic sequencing data to identify the functionally important regions of all human proteins. This will provide insight into how these proteins work, and importantly, how mutations that disrupt these fun...",Whole genome sequencing data,genome sequence data / genomic sequence data,C1_GENOME_SEQUENCE_DATA,HIGH,no,,,,,,,Using human population sequencing data to explore protein structure and function,https://www.ukbiobank.ac.uk/projects/using-human-population-sequencing-data-to-explore-protein-structure-and-function/
50187,2021-02-01,before_policy,C1,MIXED,HIGH,CONTROL_CANDIDATE_C1,explicit_sequence_data_wording,Schema 27 title/notes plus UKB Projects website excerpt,pre_policy_project_text,"...harbor any mutations in the predisposition genes, and we lack a systematic approach other than the clinical panel sequencing to assess the patients. To address this, we performed whole genome sequencing on multiple familial cancer families to gain information not only on the list of known predisposition genes, but also on whole genetic material of the patients. Leveraging this da...",Whole genome sequencing data,whole genome sequencing / whole-genome sequence,C1_WHOLE_GENOME_SEQUENCE,HIGH_NEEDS_MIXED_REVIEW,yes,previous_stage3_classification_was_mixed,,,,WGS,GENOTYPING_IMPUTATION,Using multi-generational computational genomic analysis to identify cancer predisposition alterations in familial cancer case,https://www.ukbiobank.ac.uk/projects/using-multi-generational-computational-genomic-analysis-to-identify-cancer-predisposition-alterations-in-familial-cancer-case/
50662,2019-05-29,before_policy,C1,MIXED,HIGH,CONTROL_CANDIDATE_C1,explicit_sequence_data_wording,Schema 27 title/notes plus UKB Projects website excerpt,pre_policy_project_text,"...have genetic mutations in several other genes, 7 of which have been identified and other genes that are yet to be identified. We have leveraged over 90,000 whole exome sequences (WES) linkable to electronic health records (EHR) in the Geisinger-MyCode DiscovEHR cohort to determine penetrance of variants of PKD1 and PKD2 and identify genes whose variants contri...",Whole exome sequencing data,WES,C1_WES_ABBREVIATION,HIGH_NEEDS_MIXED_REVIEW,yes,previous_stage3_classification_was_mixed,,,,WES,LINKED_HEALTH_RECORDS,Genetic causes of polycystic kidney disease,https://www.ukbiobank.ac.uk/projects/genetic-causes-of-polycystic-kidney-disease/
51368,2019-11-28,before_policy,C1,MIXED,HIGH,CONTROL_CANDIDATE_C1,explicit_sequence_data_wording,Schema 27 title/notes plus UKB Projects website excerpt,pre_policy_project_text,schema27_title: Evaluation of a hybrid whole exome sequencing panel combined with microarray data for genotype imputation into GWAS cohorts schema27_notes: Genome-wide association studies (GWAS) aim to identify genetic variants that are corr...,Whole exome sequencing data,whole exome sequencing / whole-exome sequence,C1_WHOLE_EXOME_SEQUENCE,HIGH_NEEDS_MIXED_REVIEW,yes,previous_stage3_classification_was_mixed,,,,WES,GENOTYPING_IMPUTATION,Evaluation of a hybrid whole exome sequencing panel combined with microarray data for genotype imputation into GWAS cohorts,https://www.ukbiobank.ac.uk/projects/evaluation-of-a-hybrid-whole-exome-sequencing-panel-combined-with-microarray-data-for-genotype-imputation-into-gwas-cohorts/
51811,2019-08-30,before_policy,C1,MIXED,HIGH,CONTROL_CANDIDATE_C1,explicit_sequence_data_wording,Schema 27 title/notes plus UKB Projects website excerpt,pre_policy_project_text,"...o disease is more than what can currently be explained by known genes. Our group is interested in discovering genes associated with risk of dystonia and Parkinson's disease. Using exome sequencing and SNP genotyping arrays, we have obtained genetic information from 1000+ individuals afflicted with these disorders, mostly of European descent. The analysis involves identifyin...",Whole exome sequencing data,exome sequencing / exome sequence,C1_EXOME_SEQUENCE,HIGH_NEEDS_MIXED_REVIEW,yes,previous_stage3_classification_was_mixed,,,,WES,GENOTYPING_IMPUTATION,Genomic analysis to discover genetic risk factors for dystonia and Parkinson's disease,https://www.ukbiobank.ac.uk/projects/genomic-analysis-to-discover-genetic-risk-factors-for-dystonia-and-parkinsons-disease/
52293,2020-02-03,before_policy,C1,MIXED,HIGH,CONTROL_CANDIDATE_C1,explicit_sequence_data_wording,Schema 27 title/notes plus UKB Projects website excerpt,pre_policy_project_text,"schema27_title: Large-scale whole genome sequencing of the UK Biobank cohort to generate and evaluate therapeutic hypotheses regarding targets, biomarkers and pathways implicated in disease schema27_notes: Whole genome sequencing o...",Whole genome sequencing data,whole genome sequencing / whole-genome sequence,C1_WHOLE_GENOME_SEQUENCE,HIGH_NEEDS_MIXED_REVIEW,yes,previous_stage3_classification_was_mixed,,,,WGS,BIOMARKERS_ASSAYS|GENOTYPING_IMPUTATION,"Large-scale whole genome sequencing of the UK Biobank cohort to generate and evaluate therapeutic hypotheses regarding targets, biomarkers and pathways implicated in disease",https://www.ukbiobank.ac.uk/projects/large-scale-whole-genome-sequencing-of-the-uk-biobank-cohort-to-generate-and-evaluate-therapeutic-hypotheses-regarding-targets-biomarkers-and-pathways-implicated-in-disease/
52303,2020-08-07,before_policy,C1,MIXED,HIGH,CONTROL_CANDIDATE_C1,explicit_sequence_data_wording,Schema 27 title/notes plus UKB Projects website excerpt,pre_policy_project_text,"...ted genetic variation in major genes, including ACD, CDKN2A, CDK4, MITF, POT1, SLC45A2, TERF2IP, and TERT, that result in familial melanoma is limited. We plan to use genotype and whole-exome sequencing data available in the UKBB resource to agnostically determine associations with other (non-melanoma) cancers and non-cancer phenotypes through linkage to cancer registry, hospital...",Whole exome sequencing data,whole exome sequencing / whole-exome sequence,C1_WHOLE_EXOME_SEQUENCE,HIGH_NEEDS_MIXED_REVIEW,yes,previous_stage3_classification_was_mixed,,,,WES,GENOTYPING_IMPUTATION|LINKED_HEALTH_RECORDS,A CONTEMPORARY ASSESSMENT OF HIGH-PENETRANCE MELANOMA GENES,https://www.ukbiobank.ac.uk/projects/a-contemporary-assessment-of-high-penetrance-melanoma-genes/
52467,2019-11-01,before_policy,C1,NEWLY_RAP_BOUND,HIGH,CONTROL_CANDIDATE_C1,explicit_sequence_data_wording,Schema 27 title/notes plus UKB Projects website excerpt,pre_policy_project_text,"...ability, we aim to focus explorations on the genetic variants which have a role in the person-to-person variability of drug responses in a systematic manner. Using whole-exome- or genome sequencing data, we will provide optimized algorithms that suggest top-ranked variants or genes for each defined drug-induced adverse reaction with possible genetic associations to unexpected dru...",Whole genome sequencing data,genome sequence data / genomic sequence data,C1_GENOME_SEQUENCE_DATA,HIGH,no,,,,,,GENOTYPING_IMPUTATION,Systematic identification of genetic associations with drug-induced adverse reactions,https://www.ukbiobank.ac.uk/projects/systematic-identification-of-genetic-associations-with-drug-induced-adverse-reactions/
52650,2019-08-30,before_policy,C1,MIXED,HIGH,CONTROL_CANDIDATE_C1,explicit_sequence_data_wording,Schema 27 title/notes plus UKB Projects website excerpt,pre_policy_project_text,"schema27_title: ""Integration of UK Biobank data to improve diagnostic yield of exomes for rare genetic disorders"" schema27_notes: Whole exome sequencing (WES) is increasingly being utilized as part of diagnostic odyssey; however, a large proportion of patients remain undiagnosed, creating a need for a systematic approach to increase th...",Whole exome sequencing data,WES,C1_WES_ABBREVIATION,HIGH_NEEDS_MIXED_REVIEW,yes,previous_stage3_classification_was_mixed,,,,WES,GENOTYPING_IMPUTATION,"""Integration of UK Biobank data to improve diagnostic yield of exomes for rare genetic disorders""",https://www.ukbiobank.ac.uk/projects/integration-of-uk-biobank-data-to-improve-diagnostic-yield-of-exomes-for-rare-genetic-disorders/
53251,2020-04-06,before_policy,C1,MIXED,HIGH,CONTROL_CANDIDATE_C1,explicit_sequence_data_wording,Schema 27 title/notes plus UKB Projects website excerpt,pre_policy_project_text,"...to disease and safety profiles. For aim (1) we will conduct two main analyses: a GWAS of common variants using the genotype chip data and a rare variant aggregation test using the WES data. The common variant GWAS will be a standard logistic regression at each common variant passing quality control, including all patients with diabetic nephropathy as cases and...",Whole exome sequencing data,WES,C1_WES_ABBREVIATION,HIGH_NEEDS_MIXED_REVIEW,yes,previous_stage3_classification_was_mixed,,,,WES,GENOTYPING_IMPUTATION|LINKED_HEALTH_RECORDS,Genome-wide association studies of kidney diseases and phenome-wide association studies of putative targets,https://www.ukbiobank.ac.uk/projects/genome-wide-association-studies-of-kidney-diseases-and-phenome-wide-association-studies-of-putative-targets/
54021,2019-10-30,before_policy,C1,MIXED,HIGH,CONTROL_CANDIDATE_C1,explicit_sequence_data_wording,Schema 27 title/notes plus UKB Projects website excerpt,pre_policy_project_text,"...y formed in 2014 in Shenzhen, Guangdong, China. We are dedicated to providing consumer genetic testing and personalized healthcare services. SNP array and whole-genome sequencing (WGS) are our main products provide to customers which are mainly Chinese. With these powerful DNA test results, we can help users to better understand their ancestry, sports genes, nu...",Whole genome sequencing data,WGS,C1_WGS_ABBREVIATION,HIGH_NEEDS_MIXED_REVIEW,yes,previous_stage3_classification_was_mixed,,,,WGS,GENOTYPING_IMPUTATION,Effective risk prediction and classification for complex diseases across global populations,https://www.ukbiobank.ac.uk/projects/effective-risk-prediction-and-classification-for-complex-diseases-across-global-populations/
55891,2020-06-17,before_policy,C1,MIXED,HIGH,CONTROL_CANDIDATE_C1,explicit_sequence_data_wording,Schema 27 title/notes plus UKB Projects website excerpt,pre_policy_project_text,"...Anxiety - Arterial stiffness - Body size measures - Bone size, mineral and density by DXA - Bone-densitometry of heel - Brain MRI - Bread/pasta/rice yesterday - Breathing - Broad WGS pilot - COPD outcomes - Cancer register - Cancer screening - Dementia outcomes - Depression - Diet - Diet questionnaire performance - Early life factors - Education - Ethnicity -...",Whole genome sequencing data,WGS,C1_WGS_ABBREVIATION,HIGH_NEEDS_MIXED_REVIEW,yes,previous_stage3_classification_was_mixed,,,,WGS,ENVIRONMENT_GEOSPATIAL|GENOTYPING_IMPUTATION|IMAGING|PHYSICAL_MEASURES|QUESTIONNAIRES_ASSESSMENT,Identifying potential gene-by-environment interactions for lung cancer based on genome-wide single nucleotide polymorphisms (SNPs) using newly developed robust inference methods,https://www.ukbiobank.ac.uk/projects/identifying-potential-gene-by-environment-interactions-for-lung-cancer-based-on-genome-wide-single-nucleotide-polymorphisms-snps-using-newly-developed-robust-inference-methods/
56941,2020-08-19,before_policy,C1,MIXED,HIGH,CONTROL_CANDIDATE_C1,explicit_sequence_data_wording,Schema 27 title/notes plus UKB Projects website excerpt,pre_policy_project_text,"...with genetic data. Currently the genetic data comprises of only a few million variants directly measured across individuals, but within a few years all 500,000 subjects will have whole-genome sequencing, which will increase that number to over a billion variants. The goal of genetic research is to discover biologically connections between genotypes and disease-related phenotype t...",Whole genome sequencing data,whole genome sequencing / whole-genome sequence,C1_WHOLE_GENOME_SEQUENCE,HIGH_NEEDS_MIXED_REVIEW,yes,previous_stage3_classification_was_mixed,,,,WGS,GENOTYPING_IMPUTATION|LINKED_HEALTH_RECORDS,"Mixed model methods and toolsets for analysis of large-scare genetic, genomic and phenotype data.",https://www.ukbiobank.ac.uk/projects/mixed-model-methods-and-toolsets-for-analysis-of-large-scare-genetic-genomic-and-phenotype-data/
59619,2020-06-24,before_policy,C1,MIXED,HIGH,CONTROL_CANDIDATE_C1,explicit_sequence_data_wording,Schema 27 title/notes plus UKB Projects website excerpt,pre_policy_project_text,"schema27_title: Associations between the PER3 VNTR polymorphism and sleep, circadian, cognitive and health phenotypes in the UK Biobank WES data schema27_notes: The circadian body clock regulates the daily temporal organisation of many of the body's 24h rhythms including metabolism, immune function, cell growth, cogni...",Whole exome sequencing data,WES,C1_WES_ABBREVIATION,HIGH_NEEDS_MIXED_REVIEW,yes,previous_stage3_classification_was_mixed,,,,WES,QUESTIONNAIRES_ASSESSMENT,"Associations between the PER3 VNTR polymorphism and sleep, circadian, cognitive and health phenotypes in the UK Biobank WES data",https://www.ukbiobank.ac.uk/projects/associations-between-the-per3-vntr-polymorphism-and-sleep-circadian-cognitive-and-health-phenotypes-in-the-uk-biobank-wes-data/
60928,2020-07-10,before_policy,C1,MIXED,HIGH,CONTROL_CANDIDATE_C1,explicit_sequence_data_wording,Schema 27 title/notes plus UKB Projects website excerpt,pre_policy_project_text,"...ient outcome in ACEi/ARB-induced angioedema and HAE, we will use the UK Biobank data and perform state-of-the-art molecular genetic analyses (including genome-wide association and exome sequencing analyses) to (i) identify genetic and non-genetic risk factors for ACEi/ARB-induced angioedema, (ii) assess the frequencies of known monogenic HAE forms within the general populat...",Whole exome sequencing data,exome sequencing / exome sequence,C1_EXOME_SEQUENCE,HIGH_NEEDS_MIXED_REVIEW,yes,previous_stage3_classification_was_mixed,,,,WES,GENOTYPING_IMPUTATION,Angioedema: Investigation of genetic and environmental risk factors,https://www.ukbiobank.ac.uk/projects/angioedema-investigation-of-genetic-and-environmental-risk-factors/
61106,2021-01-25,before_policy,C1,MIXED,HIGH,CONTROL_CANDIDATE_C1,explicit_sequence_data_wording,Schema 27 title/notes plus UKB Projects website excerpt,pre_policy_project_text,"...n genetic variation associated with CM1/SM risk using GWAS data from the UKBiobank, 2) Identify genes with increased burden of rare genetic variants associated with CM1 risk using exome sequencing data from the UKbiobank and 3) Identify radiological biomarkers that correlate with CM1 using MRI scans from the UKBiobank. This project will have a duration of 3 years with the p...",Whole exome sequencing data,exome sequencing / exome sequence,C1_EXOME_SEQUENCE,HIGH_NEEDS_MIXED_REVIEW,yes,previous_stage3_classification_was_mixed,,,,WES,BIOMARKERS_ASSAYS|GENOTYPING_IMPUTATION|IMAGING,Identification of genetic variation associated with Chiari I malformation,https://www.ukbiobank.ac.uk/projects/identification-of-genetic-variation-associated-with-chiari-i-malformation/
63653,2021-03-01,before_policy,C1,MIXED,HIGH,CONTROL_CANDIDATE_C1,explicit_sequence_data_wording,Schema 27 title/notes plus UKB Projects website excerpt,pre_policy_project_text,"...ommon determinism: they are considered as complex disorders in the majority of cases with a high genetic component. For both disorders, we built a cohort of patients and performed whole exome sequencing, i.e. the sequencing of all the coding regions of the genome. We aim to find novel genes with an excess of rare deleterious genetic variants in cases, independently for each disea...",Whole exome sequencing data,whole exome sequencing / whole-exome sequence,C1_WHOLE_EXOME_SEQUENCE,HIGH_NEEDS_MIXED_REVIEW,yes,previous_stage3_classification_was_mixed,,,,WES,GENOTYPING_IMPUTATION,Case-control analyses in neuropsychiatric disorders,https://www.ukbiobank.ac.uk/projects/case-control-analyses-in-neuropsychiatric-disorders/
63837,2021-09-08,before_policy,C1,MIXED,HIGH,CONTROL_CANDIDATE_C1,explicit_sequence_data_wording,Schema 27 title/notes plus UKB Projects website excerpt,pre_policy_project_text,"...the pathophysiologic and genetic mechanisms behind arthrofibrosis will ultimately permit clinical implementation of a theragnostic approach for this disorder. After receiving the whole exome sequencing and the genotyping data from UK Biobank, analysis and publication will be completed within a 1 year period. website_excerpt: Arthrofibrosis is a debilitating complication after ro...",Whole exome sequencing data,whole exome sequencing / whole-exome sequence,C1_WHOLE_EXOME_SEQUENCE,HIGH_NEEDS_MIXED_REVIEW,yes,previous_stage3_classification_was_mixed,,,,WES,GENOTYPING_IMPUTATION,Identification of genetic variants associated to the pathogenesis of arthrofibrosis after total knee arthroplasty,https://www.ukbiobank.ac.uk/projects/identification-of-genetic-variants-associated-to-the-pathogenesis-of-arthrofibrosis-after-total-knee-arthroplasty/
65748,2020-10-06,before_policy,C1,MIXED,HIGH,CONTROL_CANDIDATE_C1,explicit_sequence_data_wording,Schema 27 title/notes plus UKB Projects website excerpt,pre_policy_project_text,"...y genetic dataset across multiple variant classes, including SVs, that can be used to study the effect of SVs on disease. This dataset has been created from whole-genome sequence (WGS) data on 3,202 samples from 26 populations around the world through an international collaboration known as the 1000 Genomes Project. This dataset can be used as a reference for g...",Whole genome sequencing data,WGS,C1_WGS_ABBREVIATION,HIGH_NEEDS_MIXED_REVIEW,yes,previous_stage3_classification_was_mixed,,,,WGS,GENOTYPING_IMPUTATION|PHYSICAL_MEASURES,Assessing the Role of Structural Variation in Human Disease using Genotype Imputation with a Cosmopolitan Reference Panel of Diverse Variants,https://www.ukbiobank.ac.uk/projects/assessing-the-role-of-structural-variation-in-human-disease-using-genotype-imputation-with-a-cosmopolitan-reference-panel-of-diverse-variants/
67387,2021-01-25,before_policy,C1,MIXED,HIGH,CONTROL_CANDIDATE_C1,explicit_sequence_data_wording,Schema 27 title/notes plus UKB Projects website excerpt,pre_policy_project_text,"...ind support in UK biobank can be translated to local Qatari population. As an instance we are performing GWAS on Coronary Artery Disease (CAD) and for Type II Diabetes (T2D) using whole genome sequencing data which is part of the Qatar Cardiovascular Biorepository. The data consists of ~1000 Qatari CAD patients and ~6000 controls. In this project, we will dissect the genetic archi...",Whole genome sequencing data,whole genome sequencing / whole-genome sequence,C1_WHOLE_GENOME_SEQUENCE,HIGH_NEEDS_MIXED_REVIEW,yes,previous_stage3_classification_was_mixed,,,,WGS,GENOTYPING_IMPUTATION|QUESTIONNAIRES_ASSESSMENT,Evaluating and benchmarking Qatar Biobank data with the UK Biobank for various disease states,https://www.ukbiobank.ac.uk/projects/evaluating-and-benchmarking-qatar-biobank-data-with-the-uk-biobank-for-various-disease-states/
68485,2021-06-22,before_policy,C1,MIXED,HIGH,CONTROL_CANDIDATE_C1,explicit_sequence_data_wording,Schema 27 title/notes plus UKB Projects website excerpt,pre_policy_project_text,"...ulties in collecting large datasets. Therefore, the aim of this study is to make a comprehensive analysis of the genetic risk factors of ARHL, which would be greatly helped by the whole exome sequencing and hearing test data of 500,000 participants in the UK biobank database. At the same time, we hope to compare UKB's data with the data of 1,000 Han Chinese we collected, in order...",Whole exome sequencing data,whole exome sequencing / whole-exome sequence,C1_WHOLE_EXOME_SEQUENCE,HIGH_NEEDS_MIXED_REVIEW,yes,previous_stage3_classification_was_mixed,,,,WES,GENOTYPING_IMPUTATION,Genetic studies of age-related hearing loss,https://www.ukbiobank.ac.uk/projects/genetic-studies-of-age-related-hearing-loss/
68601,2020-10-22,before_policy,C1,MIXED,HIGH,CONTROL_CANDIDATE_C1,explicit_sequence_data_wording,Schema 27 title/notes plus UKB Projects website excerpt,pre_policy_project_text,"schema27_title: Large-scale whole genome sequencing of the UK Biobank cohort to generate and evaluate therapeutic hypotheses regarding targets, biomarkers and pathways implicated in disease schema27_notes: Whole genome sequencing o...",Whole genome sequencing data,whole genome sequencing / whole-genome sequence,C1_WHOLE_GENOME_SEQUENCE,HIGH_NEEDS_MIXED_REVIEW,yes,previous_stage3_classification_was_mixed,,,,WGS,BIOMARKERS_ASSAYS|GENOTYPING_IMPUTATION,"Large-scale whole genome sequencing of the UK Biobank cohort to generate and evaluate therapeutic hypotheses regarding targets, biomarkers and pathways implicated in disease",https://www.ukbiobank.ac.uk/projects/large-scale-whole-genome-sequencing-of-the-uk-biobank-cohort-to-generate-and-evaluate-therapeutic-hypotheses-regarding-targets-biomarkers-and-pathways-implicated-in-disease-2/
69804,2020-11-17,before_policy,C1,MIXED,HIGH,CONTROL_CANDIDATE_C1,explicit_sequence_data_wording,Schema 27 title/notes plus UKB Projects website excerpt,pre_policy_project_text,"schema27_title: Large-scale whole genome sequencing of the UK Biobank cohort to generate and evaluate therapeutic hypotheses regarding targets, biomarkers and pathways implicated in disease schema27_notes: Whole genome sequencing o...",Whole genome sequencing data,whole genome sequencing / whole-genome sequence,C1_WHOLE_GENOME_SEQUENCE,HIGH_NEEDS_MIXED_REVIEW,yes,previous_stage3_classification_was_mixed,,,,WGS,BIOMARKERS_ASSAYS|GENOTYPING_IMPUTATION,"Large-scale whole genome sequencing of the UK Biobank cohort to generate and evaluate therapeutic hypotheses regarding targets, biomarkers and pathways implicated in disease",https://www.ukbiobank.ac.uk/projects/large-scale-whole-genome-sequencing-of-the-uk-biobank-cohort-to-generate-and-evaluate-therapeutic-hypotheses-regarding-targets-biomarkers-and-pathways-implicated-in-disease-3/
70956,2021-03-01,before_policy,C1,NEWLY_RAP_BOUND,HIGH,CONTROL_CANDIDATE_C1,explicit_sequence_data_wording,Schema 27 title/notes plus UKB Projects website excerpt,pre_policy_project_text,"...tics studies will be leveraged to differentiate functional vs natural variation. For the analysis of the genetic data, we will use a combination of the imputed data as well as the exome-sequence data from jointly-called VCF files. website_excerpt: There is a disconnect between the study of the role of common genetic variation and the study of rare protein coding variants...",Whole exome sequencing data,exome sequencing / exome sequence,C1_EXOME_SEQUENCE,HIGH,no,,,,,,BIOMARKERS_ASSAYS|GENOTYPING_IMPUTATION,Understanding of the genetic interplay of rare and common variation in shaping human disease,https://www.ukbiobank.ac.uk/projects/understanding-of-the-genetic-interplay-of-rare-and-common-variation-in-shaping-human-disease/
71699,2021-12-07,before_policy,C1,NEWLY_RAP_BOUND,HIGH,CONTROL_CANDIDATE_C1,explicit_sequence_data_wording,Schema 27 title/notes plus UKB Projects website excerpt,pre_policy_project_text,"...ging markers), and their interaction on cardio-metabolic function; risk of diabetes and complications; and other associated conditions. We will be exploring novel information from genome sequence data which will be released by the UKBB this year and the opportunity to integrate non-invasive imaging data using machine learning methods to improve disease risk prediction for indiv...",Whole genome sequencing data,genome sequence data / genomic sequence data,C1_GENOME_SEQUENCE_DATA,HIGH,no,,,,,,BIOMARKERS_ASSAYS|IMAGING|QUESTIONNAIRES_ASSESSMENT,"Identifying mechanisms and risk markers for metabolic dysfunction, diabetes and diabetes related complications: Data science approaches integrating clinical, genetic and environmental factors",https://www.ukbiobank.ac.uk/projects/identifying-mechanisms-and-risk-markers-for-metabolic-dysfunction-diabetes-and-diabetes-related-complications-data-science-approaches-integrating-clinical-genetic-and-environmental-factors/
72074,2021-05-04,before_policy,C1,MIXED,HIGH,CONTROL_CANDIDATE_C1,explicit_sequence_data_wording,Schema 27 title/notes plus UKB Projects website excerpt,pre_policy_project_text,"...S are suitable only for investigating association with common SNPs, where the minor allele frequency (MAF) - the frequency of the least common version of SNP - is greater than 5%. Whole-exome sequencing is an alternative approach to GWAS with many advantages. In this approach, genetic information is collected from areas of the genome (exomic regions) having a significant proporti...",Whole exome sequencing data,whole exome sequencing / whole-exome sequence,C1_WHOLE_EXOME_SEQUENCE,HIGH_NEEDS_MIXED_REVIEW,yes,previous_stage3_classification_was_mixed,,,,WES,GENOTYPING_IMPUTATION,"Development of methodology and computationally efficient software for the analysis of genetic studies of complex ""time-to-event"" outcomes",https://www.ukbiobank.ac.uk/projects/development-of-methodology-and-computationally-efficient-software-for-the-analysis-of-genetic-studies-of-complex-time-to-event-outcomes/
73576,2021-11-05,before_policy,C1,MIXED,HIGH,CONTROL_CANDIDATE_C1,explicit_sequence_data_wording,Schema 27 title/notes plus UKB Projects website excerpt,pre_policy_project_text,"...say high risk vs. low risk). Rare genetic variants analysis. Rare genetic variants can be identified in large cohorts like the ukbb profield with whole or exome genome sequencing (WES). The information from these patients is priceless for identifying drugs for many diseases. E.g. Observing that rare variants in the PCSK9 gene, which destroy the function of the...",Whole exome sequencing data,WES,C1_WES_ABBREVIATION,HIGH_NEEDS_MIXED_REVIEW,yes,previous_stage3_classification_was_mixed,,,,WES,BIOMARKERS_ASSAYS|GENOTYPING_IMPUTATION|IMAGING,Machine-Learning-Enabled Target Discovery and Patient Insights in Human Diseases,https://www.ukbiobank.ac.uk/projects/machine-learning-enabled-target-discovery-and-patient-insights-in-human-diseases/
73697,2022-04-05,before_policy,C1,MIXED,HIGH,CONTROL_CANDIDATE_C1,explicit_sequence_data_wording,Schema 27 title/notes plus UKB Projects website excerpt,pre_policy_project_text,"...ic and mental conditions, physical measures (grip strength, bone density, arterial stiffness and carotid structures), metabolic syndrome, genetic information (genotypes, genomics, whole-genome sequencing, exome sequencing and telomeres), medical diseases, immune inflammation (human leukocyte antigen), and cognitive function. Based on the follow-up data, participants without HF and...",Whole genome sequencing data,whole genome sequencing / whole-genome sequence,C1_WHOLE_GENOME_SEQUENCE,HIGH_NEEDS_MIXED_REVIEW,yes,previous_stage3_classification_was_mixed,,,,WES|WGS,GENOTYPING_IMPUTATION|IMAGING|PHYSICAL_MEASURES|QUESTIONNAIRES_ASSESSMENT,"Interactive effects of ageing, lifestyle factors, metabolism, immunity and genotypes on different aetiologies and outcomes of heart failure with preserved or reduced left ventricular ejection fraction",https://www.ukbiobank.ac.uk/projects/interactive-effects-of-ageing-lifestyle-factors-metabolism-immunity-and-genotypes-on-different-aetiologies-and-outcomes-of-heart-failure-with-preserved-or-reduced-left-ventricular-ejection-fraction/
74348,2021-08-03,before_policy,C1,MIXED,HIGH,CONTROL_CANDIDATE_C1,explicit_sequence_data_wording,Schema 27 title/notes plus UKB Projects website excerpt,pre_policy_project_text,"...ally when they are admixed. In this 3-year project, we wish to compare how characteristics and diseases are found in UK Biobank and in a Brazilian group of individuals, which were whole genome sequenced and are genetically admixed. After that, we will test if the combinations of mutations that predict a disease in UK Biobank can also be used in the Brazilian group. Finally, we w...",Whole genome sequencing data,whole genome sequencing / whole-genome sequence,C1_WHOLE_GENOME_SEQUENCE,HIGH_NEEDS_MIXED_REVIEW,yes,previous_stage3_classification_was_mixed,,,,WGS,GENOTYPING_IMPUTATION,Assessing and evaluating polygenic scores of complex phenotypic traits in admixed populations,https://www.ukbiobank.ac.uk/projects/assessing-and-evaluating-polygenic-scores-of-complex-phenotypic-traits-in-admixed-populations/
74655,2022-06-21,before_policy,C1,MIXED,HIGH,CONTROL_CANDIDATE_C1,explicit_sequence_data_wording,Schema 27 title/notes plus UKB Projects website excerpt,pre_policy_project_text,"...It has been suggested that rare genetic variants account for much of the risk of developing Type 1 Diabetes. However, identification of such rare variants requires large cohorts, whole-genome sequencing data, and detailed phenotypes in order to identify sub-types of the disease that are caused by different genetic variants. The UK Biobank data includes all of these features. We i...",Whole genome sequencing data,whole genome sequencing / whole-genome sequence,C1_WHOLE_GENOME_SEQUENCE,HIGH_NEEDS_MIXED_REVIEW,yes,previous_stage3_classification_was_mixed,,,,WGS,BIOMARKERS_ASSAYS,Elucidating the genetic basis of type 1 diabetes,https://www.ukbiobank.ac.uk/projects/elucidating-the-genetic-basis-of-type-1-diabetes/
77605,2022-02-24,before_policy,C1,MIXED,HIGH,CONTROL_CANDIDATE_C1,explicit_sequence_data_wording,Schema 27 title/notes plus UKB Projects website excerpt,pre_policy_project_text,...tors to kidney outcomes. We will also investigate rare variants with presumed larger effect size and their interaction with environmental exposures using whole exome sequencing or whole genome sequencing data of UK biobank. We expect to complete this study in the next 3 years. This study will contribute to deeper understanding of genetic and environmental risk factors of CKD and e...,Whole genome sequencing data,whole genome sequencing / whole-genome sequence,C1_WHOLE_GENOME_SEQUENCE,HIGH_NEEDS_MIXED_REVIEW,yes,previous_stage3_classification_was_mixed,,,,WES|WGS,BIOMARKERS_ASSAYS|ENVIRONMENT_GEOSPATIAL|GENOTYPING_IMPUTATION|QUESTIONNAIRES_ASSESSMENT,Identification of causal relationship and interactions between genetic and environmental risk factors related to chronic kidney disease,https://www.ukbiobank.ac.uk/projects/identification-of-causal-relationship-and-interactions-between-genetic-and-environmental-risk-factors-related-to-chronic-kidney-disease/
78795,2021-11-01,before_policy,C1,MIXED,HIGH,CONTROL_CANDIDATE_C1,explicit_sequence_data_wording,Schema 27 title/notes plus UKB Projects website excerpt,pre_policy_project_text,"...es are still urgently needed. This application proposes to develop fast and accurate regression methods which can be used to fully utilize phenotypes with complex structure. Since whole genome sequencing can accurately identify and genotype rare variants, scalable and powerful methods to evaluate rare variant associations will also be proposed in this application. In addition, the...",Whole genome sequencing data,whole genome sequencing / whole-genome sequence,C1_WHOLE_GENOME_SEQUENCE,HIGH_NEEDS_MIXED_REVIEW,yes,previous_stage3_classification_was_mixed,,,,WGS,GENOTYPING_IMPUTATION|IMAGING|LINKED_HEALTH_RECORDS,Regression methods for phenome-wide association analysis on large-scale biobank data,https://www.ukbiobank.ac.uk/projects/regression-methods-for-phenome-wide-association-analysis-on-large-scale-biobank-data/
79237,2022-03-25,before_policy,C1,MIXED,HIGH,CONTROL_CANDIDATE_C1,explicit_sequence_data_wording,Schema 27 title/notes plus UKB Projects website excerpt,pre_policy_project_text,"...e through GWAS. However, these common variants make up only a proportion of the human genome and a vast majority of variants in the human genome are rare. Whole genome sequencing (WGS) association studies allow studying rare variant effects. Therefore, it is of substantial interest to conduct WGS studies among these 660 binary traits for identifying additional...",Whole genome sequencing data,WGS,C1_WGS_ABBREVIATION,HIGH_NEEDS_MIXED_REVIEW,yes,previous_stage3_classification_was_mixed,,,,WGS,BIOMARKERS_ASSAYS|GENOTYPING_IMPUTATION|LINKED_HEALTH_RECORDS|QUESTIONNAIRES_ASSESSMENT,Distribution and correlation free high-dimensional signal region detection with applications to whole genome association studies,https://www.ukbiobank.ac.uk/projects/distribution-and-correlation-free-high-dimensional-signal-region-detection-with-applications-to-whole-genome-association-studies/
79450,2022-03-18,before_policy,C1,MIXED,HIGH,CONTROL_CANDIDATE_C1,explicit_sequence_data_wording,Schema 27 title/notes plus UKB Projects website excerpt,pre_policy_project_text,"...ariants (SNVs) and other types of mutations promoting neurodegenerative diseases. schema27_notes: We will use genotyping, whole exome sequencing (WES) and whole genome sequencing (WGS) data in UK Biobank as predictive variables in machine learning approaches to distinguish people with neurodegenerative diseases and healthy controls. The correctly classified gen...",Whole genome sequencing data,WGS,C1_WGS_ABBREVIATION,HIGH_NEEDS_MIXED_REVIEW,yes,previous_stage3_classification_was_mixed,,,,WES|WGS,GENOTYPING_IMPUTATION,Discover synergistic effects among single nucleotide variants (SNVs) and other types of mutations promoting neurodegenerative diseases.,https://www.ukbiobank.ac.uk/projects/discover-synergistic-effects-among-single-nucleotide-variants-snvs-and-other-types-of-mutations-promoting-neurodegenerative-diseases/
81066,2022-04-08,before_policy,C1,MIXED,HIGH,CONTROL_CANDIDATE_C1,explicit_sequence_data_wording,Schema 27 title/notes plus UKB Projects website excerpt,pre_policy_project_text,"...variants play an important role in understanding the heritability of CAD and regulation of genes that influence the risk of CAD and related CAD traits. As whole genome sequencing (WGS) data becomes more widely available, the ability to study the role of these variants is become increasingly important. Our goal is to evaluate the role of rare genetic variants in...",Whole genome sequencing data,WGS,C1_WGS_ABBREVIATION,HIGH_NEEDS_MIXED_REVIEW,yes,previous_stage3_classification_was_mixed,,,,WGS,GENOTYPING_IMPUTATION|QUESTIONNAIRES_ASSESSMENT,The role of rare genetic variants in coronary artery disease and related risk factors,https://www.ukbiobank.ac.uk/projects/the-role-of-rare-genetic-variants-in-coronary-artery-disease-and-related-risk-factors/
81097,2022-03-18,before_policy,C1,MIXED,HIGH,CONTROL_CANDIDATE_C1,explicit_sequence_data_wording,Schema 27 title/notes plus UKB Projects website excerpt,pre_policy_project_text,"...isk factors for CVD and AD and study their causal relationship. In addition, we will search rare variants associated with CVD, AD and their risk factors using the whole genome and whole exome sequencing data from the UK Biobank. website_excerpt: Alzheimer’s disease (AD) is a highly heritable, common and fatal neurodegenerative disease among older people. Many putative risk factor...",Whole exome sequencing data,whole exome sequencing / whole-exome sequence,C1_WHOLE_EXOME_SEQUENCE,HIGH_NEEDS_MIXED_REVIEW,yes,previous_stage3_classification_was_mixed,,,,WES,GENOTYPING_IMPUTATION,Polygenic risk scores and causal contributions between cardiovascular disease and Alzheimer's disease,https://www.ukbiobank.ac.uk/projects/polygenic-risk-scores-and-causal-contributions-between-cardiovascular-disease-and-alzheimers-disease/
81874,2022-11-16,before_policy,C1,MIXED,HIGH,CONTROL_CANDIDATE_C1,explicit_sequence_data_wording,Schema 27 title/notes plus UKB Projects website excerpt,pre_policy_project_text,"...this proposal is to apply our knowledge in genetics, statistics and artificial intelligence (AI) to identify and validate associated genetic factors using whole genome sequencing (WGS) data from UK Biobank. Those genetic factors coupled with other nongenetic risk factors will allow better evaluation and prediction of AD risk and age at onset. This research will...",Whole genome sequencing data,WGS,C1_WGS_ABBREVIATION,HIGH_NEEDS_MIXED_REVIEW,yes,previous_stage3_classification_was_mixed,,,,WGS,GENOTYPING_IMPUTATION,"Using statistical genetics and artificial intelligence to predict risk, resilience and age-of-onset in Alzheimer's disease",https://www.ukbiobank.ac.uk/projects/using-statistical-genetics-and-artificial-intelligence-to-predict-risk-resilience-and-age-of-onset-in-alzheimers-disease/
82910,2022-08-10,before_policy,C1,MIXED,HIGH,CONTROL_CANDIDATE_C1,explicit_sequence_data_wording,Schema 27 title/notes plus UKB Projects website excerpt,pre_policy_project_text,schema27_title: Low coverage Whole Genome Sequencing (LC-WGS) Validation for Pharmacogenetics and Risk Prediction Assessment schema27_notes: Recent technological advances have made it possible to sequence the entire genome of an individual...,Whole genome sequencing data,WGS,C1_WGS_ABBREVIATION,HIGH_NEEDS_MIXED_REVIEW,yes,previous_stage3_classification_was_mixed,,,,WGS,GENOTYPING_IMPUTATION,Low coverage Whole Genome Sequencing (LC-WGS) Validation for Pharmacogenetics and Risk Prediction Assessment,https://www.ukbiobank.ac.uk/projects/low-coverage-whole-genome-sequencing-lc-wgs-validation-for-pharmacogenetics-and-risk-prediction-assessment/
83534,2022-09-09,before_policy,C1,MIXED,HIGH,CONTROL_CANDIDATE_C1,explicit_sequence_data_wording,Schema 27 title/notes plus UKB Projects website excerpt,pre_policy_project_text,"...are related to mitochondrial dysfunction and brain iron deposition, which may provide new insight into promising drug targets for future treatments. Specifically, we will use the whole genome sequencing data to obtain blood measures related to mitochondria, including mitochondrial DNA copy number (i.e. the number of mitochondrial DNA genomes per cell), heteroplasmy load (i.e. the...",Whole genome sequencing data,whole genome sequencing / whole-genome sequence,C1_WHOLE_GENOME_SEQUENCE,HIGH_NEEDS_MIXED_REVIEW,yes,previous_stage3_classification_was_mixed,,,,WGS,BIOMARKERS_ASSAYS|GENOTYPING_IMPUTATION|IMAGING,Understanding two novel factors related to motor impairment in the development of dementia - UK Biobank,https://www.ukbiobank.ac.uk/projects/understanding-two-novel-factors-related-to-motor-impairment-in-the-development-of-dementia-uk-biobank/
84208,2022-07-06,before_policy,C1,MIXED,HIGH,CONTROL_CANDIDATE_C1,explicit_sequence_data_wording,Schema 27 title/notes plus UKB Projects website excerpt,pre_policy_project_text,"...s are not optimal or directed by knowledge of pathophysiology. In other psychiatric disorders (e.g., autism, intellectual disability, schizophrenia, ADHD), whole exome sequencing (WES) in large numbers of subjects has begun to deliver fundamental knowledge about genetic architecture, identify specific loci for biological follow-up and localize pathways altered...",Whole exome sequencing data,WES,C1_WES_ABBREVIATION,HIGH_NEEDS_MIXED_REVIEW,yes,previous_stage3_classification_was_mixed,,,,WES,GENOTYPING_IMPUTATION,Rare Genetic Variation and Risk for Obsessive Compulsive Disorder,https://www.ukbiobank.ac.uk/projects/rare-genetic-variation-and-risk-for-obsessive-compulsive-disorder/
85156,2022-09-20,before_policy,C1,MIXED,HIGH,CONTROL_CANDIDATE_C1,explicit_sequence_data_wording,Schema 27 title/notes plus UKB Projects website excerpt,pre_policy_project_text,"schema27_title: Linking genetic and graph-theoretic phenotypes of psychiatric illness from WGS and effective connectivity. schema27_notes: Although many researchers have struggled to uncover the genetic background and understand the brain mechanism of psychiatric illness, t...",Whole genome sequencing data,WGS,C1_WGS_ABBREVIATION,HIGH_NEEDS_MIXED_REVIEW,yes,previous_stage3_classification_was_mixed,,,,WGS,GENOTYPING_IMPUTATION|IMAGING,Linking genetic and graph-theoretic phenotypes of psychiatric illness from WGS and effective connectivity.,https://www.ukbiobank.ac.uk/projects/linking-genetic-and-graph-theoretic-phenotypes-of-psychiatric-illness-from-wgs-and-effective-connectivity/
86585,2022-06-27,before_policy,C1,MIXED,HIGH,CONTROL_CANDIDATE_C1,explicit_sequence_data_wording,Schema 27 title/notes plus UKB Projects website excerpt,pre_policy_project_text,"...ses. Because the project does not require monitoring of participants, the research can be concluded in a timely fashion. However, despite the efforts, the time it takes to process whole genome sequencing data, as well as training of the models may take time. Given 36 months the project would be able to reach a conclusion. With the model shows a good performance, we would be one st...",Whole genome sequencing data,whole genome sequencing / whole-genome sequence,C1_WHOLE_GENOME_SEQUENCE,HIGH_NEEDS_MIXED_REVIEW,yes,previous_stage3_classification_was_mixed,,,,WGS,BIOMARKERS_ASSAYS|GENOTYPING_IMPUTATION,Improving PRS of autoimmune diseases by inferring effect sizes from associations with other diseases,https://www.ukbiobank.ac.uk/projects/improving-prs-of-autoimmune-diseases-by-inferring-effect-sizes-from-associations-with-other-diseases/
86920,2022-06-13,before_policy,C1,MIXED,HIGH,CONTROL_CANDIDATE_C1,explicit_sequence_data_wording,Schema 27 title/notes plus UKB Projects website excerpt,pre_policy_project_text,"...nts. Since Genome-Wide Association Study (GWAS) hits only explain a small portion of disease variance by testing common variants, rare variants detected by whole-exome sequencing (WES), which are more deleterious and have larger effect sizes than their common counterparts. The UK Biobank has provided considerable resource of multidimensional data, including gen...",Whole exome sequencing data,WES,C1_WES_ABBREVIATION,HIGH_NEEDS_MIXED_REVIEW,yes,previous_stage3_classification_was_mixed,,,,WES,GENOTYPING_IMPUTATION|IMAGING|QUESTIONNAIRES_ASSESSMENT,Evaluating rare and common genetic variants and interaction with environment affecting mental diseases,https://www.ukbiobank.ac.uk/projects/evaluating-rare-and-common-genetic-variants-and-interaction-with-environment-affecting-mental-diseases/
87582,2023-01-16,before_policy,C1,MIXED,HIGH,CONTROL_CANDIDATE_C1,explicit_sequence_data_wording,Schema 27 title/notes plus UKB Projects website excerpt,pre_policy_project_text,"...ncreased risk of CSVD and MRI abnormalities in a more diverse population using UK Biobank. To clarify this issue, we would identify carriers with rare variants of NOTCH3 using the whole-exome sequencing data in UK Biobank. Then, we would group the carriers and non-carriers and compare their risk of CSVD and MRI abnormalities. We would also identify individuals carrying rare varia...",Whole exome sequencing data,whole exome sequencing / whole-exome sequence,C1_WHOLE_EXOME_SEQUENCE,HIGH_NEEDS_MIXED_REVIEW,yes,previous_stage3_classification_was_mixed,,,,WES,IMAGING,The Role of Rare Variants on NOTCH3 in Brain White Matter Hyperintensities and Cerebral Small Vascular Disease in UK Biobank Participants,https://www.ukbiobank.ac.uk/projects/the-role-of-rare-variants-on-notch3-in-brain-white-matter-hyperintensities-and-cerebral-small-vascular-disease-in-uk-biobank-participants/
88969,2022-09-16,before_policy,C1,NEWLY_RAP_BOUND,HIGH,CONTROL_CANDIDATE_C1,explicit_sequence_data_wording,Schema 27 title/notes plus UKB Projects website excerpt,pre_policy_project_text,schema27_title: Using the UK Biobank genome sequencing data as a reference panel for genotype imputation and genetic ancestry analysis in statistical genetics applications schema27_notes: Genomics plc is engaged in a broad range of use cas...,Whole genome sequencing data,genome sequence data / genomic sequence data,C1_GENOME_SEQUENCE_DATA,HIGH,no,,,,,,BIOMARKERS_ASSAYS|GENOTYPING_IMPUTATION,Using the UK Biobank genome sequencing data as a reference panel for genotype imputation and genetic ancestry analysis in statistical genetics applications,https://www.ukbiobank.ac.uk/projects/using-the-uk-biobank-genome-sequencing-data-as-a-reference-panel-for-genotype-imputation-and-genetic-ancestry-analysis-in-statistical-genetics-applications/
89197,2023-06-29,before_policy,C1,MIXED,HIGH,CONTROL_CANDIDATE_C1,explicit_sequence_data_wording,Schema 27 title/notes plus UKB Projects website excerpt,pre_policy_project_text,"...ment resulting in alterations in motor function, learning, language and/or nonverbal communication. Despite considerable advances in gene discovery thanks to large-scale exome and whole genome sequencing studies conducted in the last decade, it is estimated that more than 1,000 genes conferring risk for NDDs within the spectrum have yet to be described. Recently, pathogenic struct...",Whole genome sequencing data,whole genome sequencing / whole-genome sequence,C1_WHOLE_GENOME_SEQUENCE,HIGH_NEEDS_MIXED_REVIEW,yes,previous_stage3_classification_was_mixed,,,,WGS,GENOTYPING_IMPUTATION|IMAGING,Effects of copy number variants on the morphological structure of the brain across several neurodevelopmental disorders.,https://www.ukbiobank.ac.uk/projects/effects-of-copy-number-variants-on-the-morphological-structure-of-the-brain-across-several-neurodevelopmental-disorders/
90952,2022-12-16,before_policy,C1,UNCLEAR,LOW,CONTROL_CANDIDATE_C1,explicit_sequence_data_wording,Schema 27 title/notes plus UKB Projects website excerpt,pre_policy_project_text,"schema27_title: Leveraging large genome sequencing datasets to enhance the interpretation of rare genomic variants in developmental disorders. schema27_notes: Up to 1 in 20 children are born with a ""spelling change"" in their genes whic...",Whole genome sequencing data,genome sequence data / genomic sequence data,C1_GENOME_SEQUENCE_DATA,HIGH,no,,,,,,,Leveraging large genome sequencing datasets to enhance the interpretation of rare genomic variants in developmental disorders.,https://www.ukbiobank.ac.uk/projects/leveraging-large-genome-sequencing-datasets-to-enhance-the-interpretation-of-rare-genomic-variants-in-developmental-disorders/
91747,2022-08-25,before_policy,C1,NEWLY_RAP_BOUND,HIGH,CONTROL_CANDIDATE_C1,explicit_sequence_data_wording,Schema 27 title/notes plus UKB Projects website excerpt,pre_policy_project_text,"...l. Expected milestone: quantification of delays in diagnosis on survival and characteristics of patients at greatest risk of late diagnosis. Objective 3) HNC genetics: Whole exome/genome sequencing data will be used to explore the previously identified genome-wide HNC risk loci associations with age at diagnosis, ethnicity and other co-morbidities. Additional analyses, including...",Whole genome sequencing data,genome sequence data / genomic sequence data,C1_GENOME_SEQUENCE_DATA,HIGH,no,,,,,,GENOTYPING_IMPUTATION|LINKED_HEALTH_RECORDS|PHYSICAL_MEASURES|QUESTIONNAIRES_ASSESSMENT,Racial Disparities in Head and Neck Cancer Diagnosis and Surgical Outcomes in the UK: A Retrospective Cohort Analysis,https://www.ukbiobank.ac.uk/projects/racial-disparities-in-head-and-neck-cancer-diagnosis-and-surgical-outcomes-in-the-uk-a-retrospective-cohort-analysis/
91775,2022-08-25,before_policy,C1,MIXED,HIGH,CONTROL_CANDIDATE_C1,explicit_sequence_data_wording,Schema 27 title/notes plus UKB Projects website excerpt,pre_policy_project_text,"...dy by using another step called, ""genotype imputation."" Genotype imputation is the process of inferring DNA for areas in the genome not covered by genotyping microarrays. By using whole-genome sequenced reference data - in this case UKBB Whole Genome Sequence data - we can predict, or impute, the missing letters of genetic data. This will greatly improve our ability to analyze 2...",Whole genome sequencing data,whole genome sequencing / whole-genome sequence,C1_WHOLE_GENOME_SEQUENCE,HIGH_NEEDS_MIXED_REVIEW,yes,previous_stage3_classification_was_mixed,,,,WGS,GENOTYPING_IMPUTATION,Highly accurate whole genome imputation for use in massive genome wide association studies,https://www.ukbiobank.ac.uk/projects/highly-accurate-whole-genome-imputation-for-use-in-massive-genome-wide-association-studies/
93379,2022-12-06,before_policy,C1,NEWLY_RAP_BOUND,HIGH,CONTROL_CANDIDATE_C1,explicit_sequence_data_wording,Schema 27 title/notes plus UKB Projects website excerpt,pre_policy_project_text,"...the immune response, recognising foreign antigens and differentiating into to plasma cells, which producing large quantities of antibodies specific to the invading antigen. Using genome sequencing datasets from B and plasma cells, we have identified thousands of cis-regulatory elements which regulate the expression of genes crucial to B cell differentiation. This project aims to...",Whole genome sequencing data,genome sequence data / genomic sequence data,C1_GENOME_SEQUENCE_DATA,HIGH,no,,,,,,BIOMARKERS_ASSAYS,Identifying non-coding regulatory variants associated with mature B cell neoplasms and B cell mediated autoimmune diseases.,https://www.ukbiobank.ac.uk/projects/identifying-non-coding-regulatory-variants-associated-with-mature-b-cell-neoplasms-and-b-cell-mediated-autoimmune-diseases/
95030,2022-11-08,before_policy,C1,MIXED,HIGH,CONTROL_CANDIDATE_C1,explicit_sequence_data_wording,Schema 27 title/notes plus UKB Projects website excerpt,pre_policy_project_text,"...project, we propose to develop computational workflows to identify common and novel variants in rare dementia syndromes using both genomic data, including Whole Genome Sequencing (WGS) and Whole Exome Sequencing (WES) data, and non-genomic data (e.g., phenotypic and image data) from multiple sources including UK Biobank. In the experimental design, we will perf...",Whole genome sequencing data,WGS,C1_WGS_ABBREVIATION,HIGH_NEEDS_MIXED_REVIEW,yes,previous_stage3_classification_was_mixed,,,,WES|WGS,GENOTYPING_IMPUTATION,Whole genome and exome sequencing to implicate genetic variants in rare dementia syndromes,https://www.ukbiobank.ac.uk/projects/whole-genome-and-exome-sequencing-to-implicate-genetic-variants-in-rare-dementia-syndromes/
97908,2023-11-30,before_policy,C1,MIXED,HIGH,CONTROL_CANDIDATE_C1,explicit_sequence_data_wording,Schema 27 title/notes plus UKB Projects website excerpt,pre_policy_project_text,"schema27_title: Scalable and accurate methods for understanding human complex traits schema27_notes: The UK Biobank recently released a whole genome sequence data with information from more than 150,000 people and over 585 million single nucleotide polymorphisms (SNPs). This information has the potential to help us better understand th...",Whole genome sequencing data,whole genome sequencing / whole-genome sequence,C1_WHOLE_GENOME_SEQUENCE,HIGH_NEEDS_MIXED_REVIEW,yes,previous_stage3_classification_was_mixed,,,,WGS,GENOTYPING_IMPUTATION,Scalable and accurate methods for understanding human complex traits,https://www.ukbiobank.ac.uk/projects/scalable-and-accurate-methods-for-understanding-human-complex-traits/
98740,2023-09-18,before_policy,C1,MIXED,HIGH,CONTROL_CANDIDATE_C1,explicit_sequence_data_wording,Schema 27 title/notes plus UKB Projects website excerpt,pre_policy_project_text,"...sugar, high blood pressure (hypertension), cholesterol imbalance (dyslipidemia) and obesity, is a significant public health concern. The objective of this study is to use genomic (whole genome sequencing, metabolomics, etc.) and clinical data regarding patient symptoms from the UK Biobank to provide insight into the genomic contributors to cardiometabolic disease and its component...",Whole genome sequencing data,whole genome sequencing / whole-genome sequence,C1_WHOLE_GENOME_SEQUENCE,HIGH_NEEDS_MIXED_REVIEW,yes,previous_stage3_classification_was_mixed,,,,WGS,BIOMARKERS_ASSAYS|GENOTYPING_IMPUTATION|PHYSICAL_MEASURES,Identification and Characterization of Loci Associated with Cardiometabolic Disease,https://www.ukbiobank.ac.uk/projects/identification-and-characterization-of-loci-associated-with-cardiometabolic-disease/
100014,2023-03-08,before_policy,C1,MIXED,HIGH,CONTROL_CANDIDATE_C1,explicit_sequence_data_wording,Schema 27 title/notes plus UKB Projects website excerpt,pre_policy_project_text,schema27_title: Whole-genome sequencing studies for disease-related and imaging phenotypes using UKBB data. schema27_notes: Whole-genome sequencing (WGS) studies including gene-based tests and single variant tests (GWAS) have identified numerous genes and variants associated with a variety of human diseases and traits. We perform...,Whole genome sequencing data,WGS,C1_WGS_ABBREVIATION,HIGH_NEEDS_MIXED_REVIEW,yes,previous_stage3_classification_was_mixed,,,,WGS,GENOTYPING_IMPUTATION|IMAGING|PHYSICAL_MEASURES,Whole-genome sequencing studies for disease-related and imaging phenotypes using UKBB data.,https://www.ukbiobank.ac.uk/projects/whole-genome-sequencing-studies-for-disease-related-and-imaging-phenotypes-using-ukbb-data/
101066,2023-06-21,before_policy,C1,MIXED,HIGH,CONTROL_CANDIDATE_C1,explicit_sequence_data_wording,Schema 27 title/notes plus UKB Projects website excerpt,pre_policy_project_text,"...ring the genome the target of interest in order to identify the disease-causing biological mechanisms. The project will use a combination of genotype data, whole exome sequencing, whole genome sequencing, and metabolomics data from the UK Biobank to gain a comprehensive view of the underlying causes of allergic diseases. By integrating data from different sources, the project will...",Whole genome sequencing data,whole genome sequencing / whole-genome sequence,C1_WHOLE_GENOME_SEQUENCE,HIGH_NEEDS_MIXED_REVIEW,yes,previous_stage3_classification_was_mixed,,,,WES|WGS,BIOMARKERS_ASSAYS|GENOTYPING_IMPUTATION,Unraveling the Genetic and Molecular Basis of allergic diseases,https://www.ukbiobank.ac.uk/projects/unraveling-the-genetic-and-molecular-basis-of-allergic-diseases/
101287,2023-06-02,before_policy,C1,MIXED,HIGH,CONTROL_CANDIDATE_C1,explicit_sequence_data_wording,Schema 27 title/notes plus UKB Projects website excerpt,pre_policy_project_text,"...tracting features, we will perform genetic analyses studying these features on all participants. This will include adapting and applying methods for imputed data, whole-exome, and whole-genome sequencing. Finally, we will study the relationship between these newly extracted phenotypes and traits to causal links with disease outcomes. Public health impact: Many medical conditions,...",Whole genome sequencing data,whole genome sequencing / whole-genome sequence,C1_WHOLE_GENOME_SEQUENCE,HIGH_NEEDS_MIXED_REVIEW,yes,previous_stage3_classification_was_mixed,,,,WGS,GENOTYPING_IMPUTATION|IMAGING|LINKED_HEALTH_RECORDS|QUESTIONNAIRES_ASSESSMENT,Investigating human physiology and disease by integrating multimodal data in the UK biobank,https://www.ukbiobank.ac.uk/projects/investigating-human-physiology-and-disease-by-integrating-multimodal-data-in-the-uk-biobank/
101336,2024-05-08,before_policy,C1,MIXED,HIGH,CONTROL_CANDIDATE_C1,explicit_sequence_data_wording,Schema 27 title/notes plus UKB Projects website excerpt,pre_policy_project_text,"...in patients with inflammatory diseases and that CH is associated with higher inflammatory activity in these diseases. In this UKBB project, we will leverage CHIP information from whole exome sequencing and mCA information from SNP arrays to evaluate their association with inflammatory diseases using multivariable models. We will also perform Mendelian randomization to understand...",Whole exome sequencing data,whole exome sequencing / whole-exome sequence,C1_WHOLE_EXOME_SEQUENCE,HIGH_NEEDS_MIXED_REVIEW,yes,previous_stage3_classification_was_mixed,,,,WES,GENOTYPING_IMPUTATION,Clonal hematopoiesis and inflammatory diseases,https://www.ukbiobank.ac.uk/projects/clonal-hematopoiesis-and-inflammatory-diseases/
102127,2023-05-26,before_policy,C1,MIXED,HIGH,CONTROL_CANDIDATE_C1,explicit_sequence_data_wording,Schema 27 title/notes plus UKB Projects website excerpt,pre_policy_project_text,"...lenging to identify the actual causal gene, establishing clear genotype-phenotype correlations and translating genetic advances into improved patient care. Whole exome sequencing (WES) studies have been conducted to help understand genetic abnormalities associated with HF, with a focus on protein-coding regions. This may lead to the identification of biomarkers...",Whole exome sequencing data,WES,C1_WES_ABBREVIATION,HIGH_NEEDS_MIXED_REVIEW,yes,previous_stage3_classification_was_mixed,,,,WES,BIOMARKERS_ASSAYS|GENOTYPING_IMPUTATION,"Identification, Characterization and Structural Elucidation of Significant Exome Variations in Population of Asian Ancestry with Heart Failure",https://www.ukbiobank.ac.uk/projects/identification-characterization-and-structural-elucidation-of-significant-exome-variations-in-population-of-asian-ancestry-with-heart-failure/
102638,2023-05-15,before_policy,C1,MIXED,HIGH,CONTROL_CANDIDATE_C1,explicit_sequence_data_wording,Schema 27 title/notes plus UKB Projects website excerpt,pre_policy_project_text,"...es to data from the UK Biobank and Danish population-based case-cohort sample for genome-wide association studies (GWAS), whole-exome sequencing (WES) and whole-genome sequencing (WGS) studies. The goal is to identify novel genetic risks and advance our knowledge of the genetic architecture of these disorders, with a focus on the role of common and rare genetic...",Whole genome sequencing data,WGS,C1_WGS_ABBREVIATION,HIGH_NEEDS_MIXED_REVIEW,yes,previous_stage3_classification_was_mixed,,,,WES|WGS,GENOTYPING_IMPUTATION|IMAGING|LINKED_HEALTH_RECORDS,Advancing understanding of psychiatric disorders via genetic analyses,https://www.ukbiobank.ac.uk/projects/advancing-understanding-of-psychiatric-disorders-via-genetic-analyses/
102672,2023-06-02,before_policy,C1,MIXED,HIGH,CONTROL_CANDIDATE_C1,explicit_sequence_data_wording,Schema 27 title/notes plus UKB Projects website excerpt,pre_policy_project_text,"schema27_title: Identification of novel copy number variants involved in deafness phenotypes using whole-genome sequencing data schema27_notes: Hearing loss is the most common sensory disorder, affecting approximately one in 500 newborns worldwide. Genetic causes are estimated to be responsible for he...",Whole genome sequencing data,whole genome sequencing / whole-genome sequence,C1_WHOLE_GENOME_SEQUENCE,HIGH_NEEDS_MIXED_REVIEW,yes,previous_stage3_classification_was_mixed,,,,WGS,GENOTYPING_IMPUTATION,Identification of novel copy number variants involved in deafness phenotypes using whole-genome sequencing data,https://www.ukbiobank.ac.uk/projects/identification-of-novel-copy-number-variants-involved-in-deafness-phenotypes-using-whole-genome-sequencing-data/
105141,2023-08-03,before_policy,C1,MIXED,HIGH,CONTROL_CANDIDATE_C1,explicit_sequence_data_wording,Schema 27 title/notes plus UKB Projects website excerpt,pre_policy_project_text,"...x genomic data from whole human genome sequencing and convert it to a usable outcome that can be used to support decision making in healthcare. Therefore, this project aims to use whole genome sequencing data in advanced ML techniques to improve the accuracy, adaptability, and comprehensiveness of health characteristic predictions and provide personalised recommendations for healt...",Whole genome sequencing data,whole genome sequencing / whole-genome sequence,C1_WHOLE_GENOME_SEQUENCE,HIGH_NEEDS_MIXED_REVIEW,yes,previous_stage3_classification_was_mixed,,,,WGS,IMAGING,Transfer Learning for Genome Analysis and Personalised Healthcare Recommendation,https://www.ukbiobank.ac.uk/projects/transfer-learning-for-genome-analysis-and-personalised-healthcare-recommendation/
106252,2025-03-05,after_policy,C1,MIXED,HIGH,CONTROL_CANDIDATE_C1,explicit_sequence_data_wording,Schema 27 title/notes plus UKB Projects website excerpt,post_policy_project_text,...e MRI as a screening tool to evaluate novel genetic mutations that could lead to PFBC. Project duration: We estimate a project duration of three years to establish the imaging and WES processing and analysis pipelines and to analyze the large amount of data. The expected value of the research (public interest): The project could lead to the identification of no...,Whole exome sequencing data,WES,C1_WES_ABBREVIATION,HIGH_NEEDS_MIXED_REVIEW,yes,previous_stage3_classification_was_mixed,,,,WES,IMAGING,Imaging phenotypes and genetic underpinnings of Primary familial brain calcifications (PFBC),https://www.ukbiobank.ac.uk/projects/imaging-phenotypes-and-genetic-underpinnings-of-primary-familial-brain-calcifications-pfbc/
107825,2023-09-27,before_policy,C1,MIXED,HIGH,CONTROL_CANDIDATE_C1,explicit_sequence_data_wording,Schema 27 title/notes plus UKB Projects website excerpt,pre_policy_project_text,"...research aims to develop an advanced disease prediction model for complex diseases by integrating both common and rare genetic variants identified through whole-exome sequencing (WES) data. One of the primary objectives of our study is to evaluate the heritability of complex diseases using WES data, shedding light on the underlying genetic factors contributing...",Whole exome sequencing data,WES,C1_WES_ABBREVIATION,HIGH_NEEDS_MIXED_REVIEW,yes,previous_stage3_classification_was_mixed,,,,WES,GENOTYPING_IMPUTATION,A diseases prediction model based on common variants (polygenic risk score) and rare variants (variant weighted gene burden scores) in whole exome sequencing data,https://www.ukbiobank.ac.uk/projects/a-diseases-prediction-model-based-on-common-variants-polygenic-risk-score-and-rare-variants-variant-weighted-gene-burden-scores-in-whole-exome-sequencing-data/
135872,2024-04-10,before_policy,C1,MIXED,HIGH,CONTROL_CANDIDATE_C1,explicit_sequence_data_wording,Schema 27 title/notes plus UKB Projects website excerpt,pre_policy_project_text,"...ding protein (TDP43) which is mutated in rare form of neuromuscular disease. Here we will leverage cross-sectional data from UK-biobank with large whole genome-sequencing dataset (WGS), biomarker and imaging data to identify genetic variants that increase individual risk of developing severe forms of viral infection and subsequent AD through a dysregulation of...",Whole genome sequencing data,WGS,C1_WGS_ABBREVIATION,HIGH_NEEDS_MIXED_REVIEW,yes,previous_stage3_classification_was_mixed,,,,WGS,BIOMARKERS_ASSAYS|IMAGING,Innate Immune system in Alzheimer's disease (AD) risk : The role of TDP43 in microglia,https://www.ukbiobank.ac.uk/projects/innate-immune-system-in-alzheimers-disease-ad-risk-the-role-of-tdp43-in-microglia/
140494,2024-12-04,after_policy,C1,MIXED,HIGH,CONTROL_CANDIDATE_C1,explicit_sequence_data_wording,Schema 27 title/notes plus UKB Projects website excerpt,post_policy_project_text,"...ion studies have identified many common genetic variants of chronic diseases, such as cancer, cardiovascular disease, and type 2 diabetes. However, the rare variants identified by whole-exome sequencing are very limited. Combined with common and rare variants of major chronic disease, an aggregated polygenic risk score will be constructed to indicate the contribution to the disea...",Whole exome sequencing data,whole exome sequencing / whole-exome sequence,C1_WHOLE_EXOME_SEQUENCE,HIGH_NEEDS_MIXED_REVIEW,yes,previous_stage3_classification_was_mixed,,,,WES,GENOTYPING_IMPUTATION,Genome- and exposome-wide analysis for major chronic diseases,https://www.ukbiobank.ac.uk/projects/genome-and-exposome-wide-analysis-for-major-chronic-diseases/
144841,2024-11-11,after_policy,C1,MIXED,HIGH,CONTROL_CANDIDATE_C1,explicit_sequence_data_wording,Schema 27 title/notes plus UKB Projects website excerpt,post_policy_project_text,"...to clonal expansion in regenerating hematopoietic stem cell populations has recently been associated with both hematological cancer and coronary heart disease. Analyses of somatic whole-genome sequences provide the opportunity to identify root causes of CH. To investigate the prevalence and dynamics of genetic alterations among healthy elderly individuals, a cohort of 200 people...",Whole genome sequencing data,whole genome sequencing / whole-genome sequence,C1_WHOLE_GENOME_SEQUENCE,HIGH_NEEDS_MIXED_REVIEW,yes,previous_stage3_classification_was_mixed,,,,WGS,GENOTYPING_IMPUTATION,Prevalence and dynamics of clonal hematopoiesis in elderly individuals without hematologic disorders,https://www.ukbiobank.ac.uk/projects/prevalence-and-dynamics-of-clonal-hematopoiesis-in-elderly-individuals-without-hematologic-disorders/
151138,2024-02-08,before_policy,C1,MIXED,HIGH,CONTROL_CANDIDATE_C1,explicit_sequence_data_wording,Schema 27 title/notes plus UKB Projects website excerpt,pre_policy_project_text,"...ually only based on single types of data and are inaccurate. Recent availability of multimodal datasets integrating physical activity, patient-reported outcomes, and genotypic and whole exome sequencing information promise to improve the ability to predict risk and phenotype patients with chronic illness to facilitate targeted interventions. In this study, we will develop disease...",Whole exome sequencing data,whole exome sequencing / whole-exome sequence,C1_WHOLE_EXOME_SEQUENCE,HIGH_NEEDS_MIXED_REVIEW,yes,previous_stage3_classification_was_mixed,,,,WES,GENOTYPING_IMPUTATION|QUESTIONNAIRES_ASSESSMENT,"Using longitudinal multimodal data to predict adverse events among patients with cancer, COPD, and heart failure",https://www.ukbiobank.ac.uk/projects/using-longitudinal-multimodal-data-to-predict-adverse-events-among-patients-with-cancer-copd-and-heart-failure/
162378,2024-03-26,before_policy,C1,MIXED,HIGH,CONTROL_CANDIDATE_C1,explicit_sequence_data_wording,Schema 27 title/notes plus UKB Projects website excerpt,pre_policy_project_text,"...is interested in discovering the genes and pathophysiologically significant imaging and protein biomarkers associated with the risk of dystonia and other related disorders. Using whole genome sequencing data, we will identify genetic variations that are enriched in the dystonia cohort in the UK Biobank in comparison to the general population. We will layer this information with p...",Whole genome sequencing data,whole genome sequencing / whole-genome sequence,C1_WHOLE_GENOME_SEQUENCE,HIGH_NEEDS_MIXED_REVIEW,yes,previous_stage3_classification_was_mixed,,,,WGS,BIOMARKERS_ASSAYS|IMAGING,Genetic and neuroimaging biomarkers of dystonia and related disorders,https://www.ukbiobank.ac.uk/projects/genetic-and-neuroimaging-biomarkers-of-dystonia-and-related-disorders/
162931,2025-01-07,after_policy,C1,MIXED,HIGH,CONTROL_CANDIDATE_C1,explicit_sequence_data_wording,Schema 27 title/notes plus UKB Projects website excerpt,post_policy_project_text,"...success rate (PMID:26121088). Recent work has demonstrated that the majority of variance in mRNA expression is promoter-driven, and deep learning models like ExPecto can leverage genomic sequence data to make tissue-specific predictions of RNA expression (PMID:30013180), providing a potential surrogate for tissue-based RNA-seq data, which are unavailable at larger scale, beyond...",Whole genome sequencing data,genome sequence data / genomic sequence data,C1_GENOME_SEQUENCE_DATA,HIGH_NEEDS_MIXED_REVIEW,yes,previous_stage3_classification_was_mixed,,,,WGS,GENOTYPING_IMPUTATION,Prediction of phenotypic and clinical outcomes as a function of genetic variation and its relationship to RNA levels,https://www.ukbiobank.ac.uk/projects/prediction-of-phenotypic-and-clinical-outcomes-as-a-function-of-genetic-variation-and-its-relationship-to-rna-levels/
176536,2024-12-17,after_policy,C1,MIXED,HIGH,CONTROL_CANDIDATE_C1,explicit_sequence_data_wording,Schema 27 title/notes plus UKB Projects website excerpt,post_policy_project_text,"...tic variants. We will conduct a genome-wide association study (GWAS), a method that allows us to find genetic variants associated with the condition. In addition, we will also use whole-genome sequencing and RNA-seq to get a detailed view of these genetic variants and how they are expressed in the body. To ensure the findings are robust and applicable in the real world, we will as...",Whole genome sequencing data,whole genome sequencing / whole-genome sequence,C1_WHOLE_GENOME_SEQUENCE,HIGH_NEEDS_MIXED_REVIEW,yes,previous_stage3_classification_was_mixed,,,,WGS,BIOMARKERS_ASSAYS|GENOTYPING_IMPUTATION|PHYSICAL_MEASURES,Predicting Preeclampsia Severity: A Machine Learning Approach Using Genomic Data and Clinical Information,https://www.ukbiobank.ac.uk/projects/predicting-preeclampsia-severity-a-machine-learning-approach-using-genomic-data-and-clinical-information/
176625,2024-04-16,before_policy,C1,MIXED,HIGH,CONTROL_CANDIDATE_C1,explicit_sequence_data_wording,Schema 27 title/notes plus UKB Projects website excerpt,pre_policy_project_text,"...patients), colorectal (16,431 Black patients), Prostate (36,231 Black patients), Lung (9,729 Black patients), and Liver (17,548 Black patients). We then plan to use the UK Biobank whole exome sequencing data to: A) validate comorbidities and determine relevant genetic evidence to the in-house findings, by discovering associations between genes, proteins, variants and pathways cau...",Whole exome sequencing data,whole exome sequencing / whole-exome sequence,C1_WHOLE_EXOME_SEQUENCE,HIGH_NEEDS_MIXED_REVIEW,yes,previous_stage3_classification_was_mixed,,,,WES,BIOMARKERS_ASSAYS,Investigating the Racial Disparities Between Black and White patients with Cancer Using Bioinformatics and Artificial Intelligence,https://www.ukbiobank.ac.uk/projects/investigating-the-racial-disparities-between-black-and-white-patients-with-cancer-using-bioinformatics-and-artificial-intelligence/
180759,2024-11-27,after_policy,C1,MIXED,HIGH,CONTROL_CANDIDATE_C1,explicit_sequence_data_wording,Schema 27 title/notes plus UKB Projects website excerpt,post_policy_project_text,"schema27_title: Whole genome sequencing analysis of rare and common variants in relation to lipids. schema27_notes: Familial Hypercholesterolaemia (FH) is a disease of high ""bad cholesterol"" in blood, which leads to 1 i...",Whole genome sequencing data,whole genome sequencing / whole-genome sequence,C1_WHOLE_GENOME_SEQUENCE,HIGH_NEEDS_MIXED_REVIEW,yes,previous_stage3_classification_was_mixed,,,,WGS,QUESTIONNAIRES_ASSESSMENT,Whole genome sequencing analysis of rare and common variants in relation to lipids.,https://www.ukbiobank.ac.uk/projects/whole-genome-sequencing-analysis-of-rare-and-common-variants-in-relation-to-lipids/
191001,2024-12-04,after_policy,C1,MIXED,HIGH,CONTROL_CANDIDATE_C1,explicit_sequence_data_wording,Schema 27 title/notes plus UKB Projects website excerpt,post_policy_project_text,"...is study, we aimed to identify genetic risk factors for AD and develop a risk prediction model. People with AD benefit more from early intervention before obvious symptoms appear. Whole-genome sequencing data, proteomic data, and magnetic resonance imaging (MRI) data provide different information about AD. Genetic data from healthy subjects and patients can help identify genetic r...",Whole genome sequencing data,whole genome sequencing / whole-genome sequence,C1_WHOLE_GENOME_SEQUENCE,HIGH_NEEDS_MIXED_REVIEW,yes,previous_stage3_classification_was_mixed,,,,WGS,BIOMARKERS_ASSAYS|IMAGING,Integrating omics data and imaging data to identify risk factors and predict disease risk for Alzheimer's disease,https://www.ukbiobank.ac.uk/projects/integrating-omics-data-and-imaging-data-to-identify-risk-factors-and-predict-disease-risk-for-alzheimers-disease/
194423,2024-10-30,after_policy,C1,NEWLY_RAP_BOUND,HIGH,CONTROL_CANDIDATE_C1,explicit_sequence_data_wording,Schema 27 title/notes plus UKB Projects website excerpt,post_policy_project_text,"...factors in the lifestyle-NCD association and develop a quantitative measurement of the genetic risk based on the combination of multiple SNPs with the use of metabolomics data and genome sequencing data. Multimodal medical prediction covers various data types, including medical imaging, pathological images, omics data, and clinical text data. In the fusion model of multimodal med...",Whole genome sequencing data,genome sequence data / genomic sequence data,C1_GENOME_SEQUENCE_DATA,HIGH,no,,,,,,BIOMARKERS_ASSAYS|GENOTYPING_IMPUTATION|IMAGING|QUESTIONNAIRES_ASSESSMENT,"Interplay among dietary pattern, lifestyles, mental well-being, and genetic predispositions in non-communicable diseases",https://www.ukbiobank.ac.uk/projects/interplay-among-dietary-pattern-lifestyles-mental-well-being-and-genetic-predispositions-in-non-communicable-diseases/
196939,2024-10-15,after_policy,C1,MIXED,HIGH,CONTROL_CANDIDATE_C1,explicit_sequence_data_wording,Schema 27 title/notes plus UKB Projects website excerpt,post_policy_project_text,"...by joint analyses of the UK Biobank and Genomics England datasets in the National Genomic Research Library (NGRL) schema27_notes: Genomics England partners with the NHS to enable whole genome sequencing diagnostics. Our aim is to improve genomic healthcare and contribute to scientific research. We focus on identifying new genetic factors related to disease, particularly rare dise...",Whole genome sequencing data,whole genome sequencing / whole-genome sequence,C1_WHOLE_GENOME_SEQUENCE,HIGH_NEEDS_MIXED_REVIEW,yes,previous_stage3_classification_was_mixed,,,,WGS,BIOMARKERS_ASSAYS,Assessing genomic determinants underlying disease pathogenesis and clinical course by joint analyses of the UK Biobank and Genomics England datasets in the National Genomic Research Library (NGRL),https://www.ukbiobank.ac.uk/projects/assessing-genomic-determinants-underlying-disease-pathogenesis-and-clinical-course-by-joint-analyses-of-the-uk-biobank-and-genomics-england-datasets-in-the-national-genomic-research-library-ngrl/
199635,2024-10-30,after_policy,C1,MIXED,HIGH,CONTROL_CANDIDATE_C1,explicit_sequence_data_wording,Schema 27 title/notes plus UKB Projects website excerpt,post_policy_project_text,"...pression of lung cancer biomarkers. Moving forward, our project spans 36 months and aims to comprehensively explore the biological impact of Poldip2 SNPs in humans. We plan to use whole-genome sequencing data to validate associations in infectious conditions and organ failure. Integrating multiomic platforms, including genotypic, transcriptomic, metabolomic, and proteomic data, wi...",Whole genome sequencing data,whole genome sequencing / whole-genome sequence,C1_WHOLE_GENOME_SEQUENCE,HIGH_NEEDS_MIXED_REVIEW,yes,previous_stage3_classification_was_mixed,,,,WGS,BIOMARKERS_ASSAYS|GENOTYPING_IMPUTATION,Elucidation of the biological consequences given a single nucleotide polymorphism in Polymerase-delta interacting protein (Poldip2) region in patients with infectious diseases,https://www.ukbiobank.ac.uk/projects/elucidation-of-the-biological-consequences-given-a-single-nucleotide-polymorphism-in-polymerase-delta-interacting-protein-poldip2-region-in-patients-with-infectious-diseases/
200249,2025-02-07,after_policy,C1,MIXED,HIGH,CONTROL_CANDIDATE_C1,explicit_sequence_data_wording,Schema 27 title/notes plus UKB Projects website excerpt,post_policy_project_text,"schema27_title: Exploring WGS Data, Clinical Biomarkers, Proteomics, and Metabolomics in Age-Related Disorders and Hard-to-Diagnose Disorders schema27_notes: Scientists are using advanced methods to study the...",Whole genome sequencing data,WGS,C1_WGS_ABBREVIATION,HIGH_NEEDS_MIXED_REVIEW,yes,previous_stage3_classification_was_mixed,,,,WGS,BIOMARKERS_ASSAYS,"Exploring WGS Data, Clinical Biomarkers, Proteomics, and Metabolomics in Age-Related Disorders and Hard-to-Diagnose Disorders",https://www.ukbiobank.ac.uk/projects/exploring-wgs-data-clinical-biomarkers-proteomics-and-metabolomics-in-age-related-disorders-and-hard-to-diagnose-disorders/
200882,2025-02-13,after_policy,C1,MIXED,HIGH,CONTROL_CANDIDATE_C1,explicit_sequence_data_wording,Schema 27 title/notes plus UKB Projects website excerpt,post_policy_project_text,schema27_title: Improving Organ Aging Models Using WGS and Proteomics Data from UK Biobank schema27_notes: Lay Summary of the Research Project: Aims: Our research aims to improve how we understand and predict the aging process in huma...,Whole genome sequencing data,WGS,C1_WGS_ABBREVIATION,HIGH_NEEDS_MIXED_REVIEW,yes,previous_stage3_classification_was_mixed,,,,WGS,BIOMARKERS_ASSAYS,Improving Organ Aging Models Using WGS and Proteomics Data from UK Biobank,https://www.ukbiobank.ac.uk/projects/improving-organ-aging-models-using-wgs-and-proteomics-data-from-uk-biobank/
211447,2024-11-11,after_policy,C1,MIXED,HIGH,CONTROL_CANDIDATE_C1,explicit_sequence_data_wording,Schema 27 title/notes plus UKB Projects website excerpt,post_policy_project_text,"...cancers and cardiovascular diseases, have a complex genetic basis with multiple risk factors, yet many genetic variants influencing these diseases remain unidentified. Large-scale whole genome sequencing studies present a unique opportunity to investigate the impact of common and rare variants on human diseases or traits, especially for the noncoding genome. Our project's primary...",Whole genome sequencing data,whole genome sequencing / whole-genome sequence,C1_WHOLE_GENOME_SEQUENCE,HIGH_NEEDS_MIXED_REVIEW,yes,previous_stage3_classification_was_mixed,,,,WGS,ENVIRONMENT_GEOSPATIAL,Statistical methods and scalable cloud-based toolset for integrative analysis of biobank-scale sequencing studies and biobanks for complex diseases,https://www.ukbiobank.ac.uk/projects/statistical-methods-and-scalable-cloud-based-toolset-for-integrative-analysis-of-biobank-scale-sequencing-studies-and-biobanks-for-complex-diseases/
220731,2024-11-12,after_policy,C1,MIXED,HIGH,CONTROL_CANDIDATE_C1,explicit_sequence_data_wording,Schema 27 title/notes plus UKB Projects website excerpt,post_policy_project_text,"...n techniques to study underlying human biology have expanded our ability to study chronic diseases with complex etiologies, including technical advancement in proteomic profiling, whole genome sequencing, and detection of changes in DNA methylation. Furthermore, the expansion of the use of artificial intelligence and machine learning based models in healthcare holds great promise...",Whole genome sequencing data,whole genome sequencing / whole-genome sequence,C1_WHOLE_GENOME_SEQUENCE,HIGH_NEEDS_MIXED_REVIEW,yes,previous_stage3_classification_was_mixed,,,,WGS,BIOMARKERS_ASSAYS|QUESTIONNAIRES_ASSESSMENT,Integrative Approaches to Precision Medicine,https://www.ukbiobank.ac.uk/projects/integrative-approaches-to-precision-medicine/
248731,2025-06-30,after_policy,C1,MIXED,HIGH,CONTROL_CANDIDATE_C1,explicit_sequence_data_wording,Schema 27 title/notes plus UKB Projects website excerpt,post_policy_project_text,"...tion that DDIs are not always indicative of DGIs, suggesting a gap in our understanding that could be pivotal for drug safety and efficacy. The goal is to bridge this gap by using whole genome sequencing data to conduct a comprehensive analysis of how genetic factors affect drug interactions and their outcomes. This includes using sophisticated statistical models to account for a...",Whole genome sequencing data,whole genome sequencing / whole-genome sequence,C1_WHOLE_GENOME_SEQUENCE,HIGH_NEEDS_MIXED_REVIEW,yes,previous_stage3_classification_was_mixed,,,,WGS,GENOTYPING_IMPUTATION,Formulate and validate a pharmacogenomics hypothesis based on drug-drug interaction (DDI)-adverse drug reaction (ADR) signals using a biobank database,https://www.ukbiobank.ac.uk/projects/formulate-and-validate-a-pharmacogenomics-hypothesis-based-on-drug-drug-interaction-ddi-adverse-drug-reaction-adr-signals-using-a-biobank-database/
250388,2024-10-23,after_policy,C1,MIXED,HIGH,CONTROL_CANDIDATE_C1,explicit_sequence_data_wording,Schema 27 title/notes plus UKB Projects website excerpt,post_policy_project_text,"...ses. However, the clinical implications of SNPs in TRF2 gene are not clear. This study proposes to establish a cohort of general populations by requesting the general information, whole exome sequencing, biomarkers, survival times, lifestyle, family history and disease status, from the UK Biobank. We will explore whether SNPs in TRF2 gene have clinical implications related to tel...",Whole exome sequencing data,whole exome sequencing / whole-exome sequence,C1_WHOLE_EXOME_SEQUENCE,HIGH_NEEDS_MIXED_REVIEW,yes,previous_stage3_classification_was_mixed,,,,WES,BIOMARKERS_ASSAYS|GENOTYPING_IMPUTATION|QUESTIONNAIRES_ASSESSMENT,Study on the clinical implications of SNPs in TRF2 gene in the UK Biobank,https://www.ukbiobank.ac.uk/projects/study-on-the-clinical-implications-of-snps-in-trf2-gene-in-the-uk-biobank/
256056,2024-11-11,after_policy,C1,MIXED,HIGH,CONTROL_CANDIDATE_C1,explicit_sequence_data_wording,Schema 27 title/notes plus UKB Projects website excerpt,post_policy_project_text,"...everely undercutting the rich diversity within human genetics. Our current research proposal leverages the UK Biobank's genetic and health data, including whole-genome sequencing (WGS) data from around 500,000 individuals. This unique resource offers us an opportunity to develop novel deep learning models that can better predict the functional roles of genetic...",Whole genome sequencing data,WGS,C1_WGS_ABBREVIATION,HIGH_NEEDS_MIXED_REVIEW,yes,previous_stage3_classification_was_mixed,,,,WGS,BIOMARKERS_ASSAYS,Deep learning and genomic analyses of functional genetic variants and region specific genes in human diseases,https://www.ukbiobank.ac.uk/projects/deep-learning-and-genomic-analyses-of-functional-genetic-variants-and-region-specific-genes-in-human-diseases/
260281,2025-09-10,after_policy,C1,MIXED,HIGH,CONTROL_CANDIDATE_C1,explicit_sequence_data_wording,Schema 27 title/notes plus UKB Projects website excerpt,post_policy_project_text,"...morigenesis, investigate their impact on tumor progression, and explore intervention strategies. The project will utilize whole exome sequencing (WES) and whole genome sequencing (WGS) data, along with detailed clinicopathological metadata, to assess the influence of various risk factors on lung cancer survival. Additionally, the study will compare the prevalen...",Whole genome sequencing data,WGS,C1_WGS_ABBREVIATION,HIGH_NEEDS_MIXED_REVIEW,yes,previous_stage3_classification_was_mixed,,,,WES|WGS,GENOTYPING_IMPUTATION|QUESTIONNAIRES_ASSESSMENT,Assessment the impact of risk factors on lung adenocarcinoma,https://www.ukbiobank.ac.uk/projects/assessment-the-impact-of-risk-factors-on-lung-adenocarcinoma/
268863,2024-12-04,after_policy,C1,MIXED,HIGH,CONTROL_CANDIDATE_C1,explicit_sequence_data_wording,Schema 27 title/notes plus UKB Projects website excerpt,post_policy_project_text,"...ter delineate the genomic landscape of obesity using innovative approaches. Our group leverages the Turkish Obesity Study database, which now consists of 4,626 whole exome and 830 whole genome sequenced individuals from ~800 families. In addition to detailed pedigree information, there is robust clinical phenotyping and an accompanying database. We have identified homozygous and...",Whole genome sequencing data,whole genome sequencing / whole-genome sequence,C1_WHOLE_GENOME_SEQUENCE,HIGH_NEEDS_MIXED_REVIEW,yes,previous_stage3_classification_was_mixed,,,,WGS,PHYSICAL_MEASURES,Heterozygotes in human disease: Leveraging rare genetic variation in a consanguineous population for discovery in obesity and related conditions in the UK Biobank,https://www.ukbiobank.ac.uk/projects/heterozygotes-in-human-disease-leveraging-rare-genetic-variation-in-a-consanguineous-population-for-discovery-in-obesity-and-related-conditions-in-the-uk-biobank/
280100,2024-11-07,after_policy,C1,MIXED,HIGH,CONTROL_CANDIDATE_C1,explicit_sequence_data_wording,Schema 27 title/notes plus UKB Projects website excerpt,post_policy_project_text,"...oductive and sexual health information, exploring common and rare variant loci associated with reproductive and sexual health disorders through genome-wide association studies and whole-genome sequencing. Integrating functional genomic data including promoters, enhancers, UTRs, TADs, etc., variants will be categorized to explore their impact on reproductive and sexual health; (2)...",Whole genome sequencing data,whole genome sequencing / whole-genome sequence,C1_WHOLE_GENOME_SEQUENCE,HIGH_NEEDS_MIXED_REVIEW,yes,previous_stage3_classification_was_mixed,,,,WGS,ENVIRONMENT_GEOSPATIAL|GENOTYPING_IMPUTATION,The Influence of Genetic and Environmental Factors on Reproductive and Sexual Health,https://www.ukbiobank.ac.uk/projects/the-influence-of-genetic-and-environmental-factors-on-reproductive-and-sexual-health/
285049,2024-11-05,after_policy,C1,MIXED,HIGH,CONTROL_CANDIDATE_C1,explicit_sequence_data_wording,Schema 27 title/notes plus UKB Projects website excerpt,post_policy_project_text,"...ctors. Analyzing the interplay may help understand individual and group vulnerabilities and focus efforts on their avoidance. The UK Biobank provides a unique cohort that has both whole-genome sequencing data and rich information about the participants' medical conditions, lifestyle factors (such as diet and exercise) and environment. We plan to apply advanced machine learning and...",Whole genome sequencing data,whole genome sequencing / whole-genome sequence,C1_WHOLE_GENOME_SEQUENCE,HIGH_NEEDS_MIXED_REVIEW,yes,previous_stage3_classification_was_mixed,,,,WGS,ENVIRONMENT_GEOSPATIAL|QUESTIONNAIRES_ASSESSMENT,Investigating the interplay of genetics and environment in human health and disease,https://www.ukbiobank.ac.uk/projects/investigating-the-interplay-of-genetics-and-environment-in-human-health-and-disease/
292625,2025-05-26,after_policy,C1,MIXED,HIGH,CONTROL_CANDIDATE_C1,explicit_sequence_data_wording,Schema 27 title/notes plus UKB Projects website excerpt,post_policy_project_text,schema27_title: Statistical aspects of Genome Wide Association Study for a large cohort with WGS based SNPs. schema27_notes: It is currently very difficult to find a statistical method that can analyse sequencing data in a short time and with high accuracy. Especially when we...,Whole genome sequencing data,WGS,C1_WGS_ABBREVIATION,HIGH_NEEDS_MIXED_REVIEW,yes,previous_stage3_classification_was_mixed,,,,WGS,GENOTYPING_IMPUTATION,Statistical aspects of Genome Wide Association Study for a large cohort with WGS based SNPs.,https://www.ukbiobank.ac.uk/projects/statistical-aspects-of-genome-wide-association-study-for-a-large-cohort-with-wgs-based-snps/
295265,2025-05-27,after_policy,C1,NEWLY_RAP_BOUND,HIGH,CONTROL_CANDIDATE_C1,explicit_sequence_data_wording,Schema 27 title/notes plus UKB Projects website excerpt,post_policy_project_text,"...ims to develop artificial intelligence based models to interpret the 95% of the genome that creates the instructions for complex life. We plan to use these models to interpret the genome sequencing datasets in UK biobank to find new genes that are associated with human phenotypes and disease. In addition, the large datasets in the UK biobank could be used to test whether our mode...",Whole genome sequencing data,genome sequence data / genomic sequence data,C1_GENOME_SEQUENCE_DATA,HIGH,no,,,,,,GENOTYPING_IMPUTATION,Decoding the non-coding genome using deep neural networks and high resolution functional genomics,https://www.ukbiobank.ac.uk/projects/decoding-the-non-coding-genome-using-deep-neural-networks-and-high-resolution-functional-genomics/
314730,2025-01-09,after_policy,C1,MIXED,HIGH,CONTROL_CANDIDATE_C1,explicit_sequence_data_wording,Schema 27 title/notes plus UKB Projects website excerpt,post_policy_project_text,"...and non-disease phenotypes, aiming to unravel the mechanisms behind the occurrence of complex diseases/traits. We will integrate multi-level and multimodal genetic data, including WGS, WES, imaging data, and metabolomic data, to explore the proportional impact of genetic and environmental factors on the onset of complex diseases/traits. Data obtained from the U...",Whole genome sequencing data,WGS,C1_WGS_ABBREVIATION,HIGH_NEEDS_MIXED_REVIEW,yes,previous_stage3_classification_was_mixed,,,,WES|WGS,BIOMARKERS_ASSAYS|GENOTYPING_IMPUTATION|IMAGING,Association between multi-omic features and various phenotypes for identification of biomarkers and therapeutic targets for complex brain disorders.,https://www.ukbiobank.ac.uk/projects/association-between-multi-omic-features-and-various-phenotypes-for-identification-of-biomarkers-and-therapeutic-targets-for-complex-brain-disorders/
331567,2024-10-30,after_policy,C1,MIXED,HIGH,CONTROL_CANDIDATE_C1,explicit_sequence_data_wording,Schema 27 title/notes plus UKB Projects website excerpt,post_policy_project_text,"...analysis techniques such as Cox regression and Kaplan-Meier plots. These methods will refine how absolute risks are quantified and communicated. Additionally, we plan to integrate whole genome sequencing data into the PRS models. This integration allows for the consideration of both common genetic variants, typically assessed in PRS, and rare pathogenic variants that significantly...",Whole genome sequencing data,whole genome sequencing / whole-genome sequence,C1_WHOLE_GENOME_SEQUENCE,HIGH_NEEDS_MIXED_REVIEW,yes,previous_stage3_classification_was_mixed,,,,WGS,GENOTYPING_IMPUTATION,Enhancing Precision in Polygenic Risk Scores through Absolute Risk Modeling and Rare Variant Integration,https://www.ukbiobank.ac.uk/projects/enhancing-precision-in-polygenic-risk-scores-through-absolute-risk-modeling-and-rare-variant-integration/
349052,2024-11-28,after_policy,C1,MIXED,HIGH,CONTROL_CANDIDATE_C1,explicit_sequence_data_wording,Schema 27 title/notes plus UKB Projects website excerpt,post_policy_project_text,schema27_title: Knockoff-Based Statistics for the Identification of Putative Causal Genes in Genetic Studies schema27_notes: Whole-genome sequencing studies including gene-based tests and single variant tests (GWAS) have identified numerous genes and variants associated with a variety of human diseases and traits. We perform l...,Whole genome sequencing data,whole genome sequencing / whole-genome sequence,C1_WHOLE_GENOME_SEQUENCE,HIGH_NEEDS_MIXED_REVIEW,yes,previous_stage3_classification_was_mixed,,,,WGS,GENOTYPING_IMPUTATION|LINKED_HEALTH_RECORDS|PHYSICAL_MEASURES,Knockoff-Based Statistics for the Identification of Putative Causal Genes in Genetic Studies,https://www.ukbiobank.ac.uk/projects/knockoff-based-statistics-for-the-identification-of-putative-causal-genes-in-genetic-studies/
397568,2025-01-09,after_policy,C1,MIXED,HIGH,CONTROL_CANDIDATE_C1,explicit_sequence_data_wording,Schema 27 title/notes plus UKB Projects website excerpt,post_policy_project_text,"...and post-trauma support and coping skills. People with PTSD often show unique brain changes and genetic differences. Recent genetic research, such as gene expression analysis and whole-genome sequencing, provides new insights into PTSD. These techniques help identify which genes are involved in the stress response and offer a detailed view of genetic variations contributing to PT...",Whole genome sequencing data,whole genome sequencing / whole-genome sequence,C1_WHOLE_GENOME_SEQUENCE,HIGH_NEEDS_MIXED_REVIEW,yes,previous_stage3_classification_was_mixed,,,,WGS,IMAGING,Investigating Genetic Influences on Brain Morphology and Vulnerability to PTSD Using UK Biobank Data,https://www.ukbiobank.ac.uk/projects/investigating-genetic-influences-on-brain-morphology-and-vulnerability-to-ptsd-using-uk-biobank-data/
454659,2024-10-22,after_policy,C1,MIXED,HIGH,CONTROL_CANDIDATE_C1,explicit_sequence_data_wording,Schema 27 title/notes plus UKB Projects website excerpt,post_policy_project_text,"...erested in the genetic epidemiology of clonal hematopoiesis - a phenomenon common in elderly individuals, where a clonal expansion in blood driven by a driver mutation occurs. The whole-genome sequencing available in UKB (of blood samples) will enable these analyses. We plan to identify recurrent somatic mutations in the UK Biobank, and then perform GWAS using the somatic mutation...",Whole genome sequencing data,whole genome sequencing / whole-genome sequence,C1_WHOLE_GENOME_SEQUENCE,HIGH_NEEDS_MIXED_REVIEW,yes,previous_stage3_classification_was_mixed,,,,WGS,BIOMARKERS_ASSAYS|GENOTYPING_IMPUTATION,Statistical methods development for the discovery and characterization of genetic variation associated with complex traits,https://www.ukbiobank.ac.uk/projects/statistical-methods-development-for-the-discovery-and-characterization-of-genetic-variation-associated-with-complex-traits/
472478,2025-11-10,after_policy,C1,MIXED,HIGH,CONTROL_CANDIDATE_C1,explicit_sequence_data_wording,Schema 27 title/notes plus UKB Projects website excerpt,post_policy_project_text,"...al records, questionnaires, laboratory test results, metabolomics results, and image data. The genome data used for analysis include the genotyping as well as the whole genome and whole exome sequencing data. website_excerpt: Cancers are known for the racial disparities in terms of germline mutations, type of somatic driver mutations, distribution of histology subtypes, and assoc...",Whole exome sequencing data,whole exome sequencing / whole-exome sequence,C1_WHOLE_EXOME_SEQUENCE,HIGH_NEEDS_MIXED_REVIEW,yes,previous_stage3_classification_was_mixed,,,,WES,BIOMARKERS_ASSAYS|ENVIRONMENT_GEOSPATIAL|GENOTYPING_IMPUTATION|LINKED_HEALTH_RECORDS|QUESTIONNAIRES_ASSESSMENT,"Genome-phenome association studies on disease susceptibility, treatment responses, and disease outcomes",https://www.ukbiobank.ac.uk/projects/genome-phenome-association-studies-on-disease-susceptibility-treatment-responses-and-disease-outcomes/
476760,2025-02-04,after_policy,C1,MIXED,HIGH,CONTROL_CANDIDATE_C1,explicit_sequence_data_wording,Schema 27 title/notes plus UKB Projects website excerpt,post_policy_project_text,"...ods to examine the impact of environmental factors on the SNPs and bioinformatics tools to utilize the full potential o health outcomes, online survey and Whole Genome Sequencing (WGS) data tracing the role of environmental factors. website_excerpt: This study aims to understand the role of genetics interacting with various environmental risk factors that direc...",Whole genome sequencing data,WGS,C1_WGS_ABBREVIATION,HIGH_NEEDS_MIXED_REVIEW,yes,previous_stage3_classification_was_mixed,,,,WGS,GENOTYPING_IMPUTATION|QUESTIONNAIRES_ASSESSMENT,Genetic interactions with environmental risk factors on IBS patients,https://www.ukbiobank.ac.uk/projects/genetic-interactions-with-environmental-risk-factors-on-ibs-patients/
490293,2025-07-17,after_policy,C1,MIXED,HIGH,CONTROL_CANDIDATE_C1,explicit_sequence_data_wording,Schema 27 title/notes plus UKB Projects website excerpt,post_policy_project_text,"...han White Europeans but may exhibit lower all-cause and cancer mortality (1,2). The reasons for these disparities remain unclear. Omics data-covering metabolomics, proteomics, and whole-genome sequencing-offer a robust lens to uncover the biological mechanisms behind these differences. Data Sources 1. South Asia Biobank - ~100,000 South Asian participants in the UK, with up to 20...",Whole genome sequencing data,whole genome sequencing / whole-genome sequence,C1_WHOLE_GENOME_SEQUENCE,HIGH_NEEDS_MIXED_REVIEW,yes,previous_stage3_classification_was_mixed,,,,WGS,BIOMARKERS_ASSAYS|GENOTYPING_IMPUTATION|LINKED_HEALTH_RECORDS|QUESTIONNAIRES_ASSESSMENT,A Multi-Omics Investigation of Risk Factors Contributing to the Health Disparities in South Asians and White Europeans,https://www.ukbiobank.ac.uk/projects/a-multi-omics-investigation-of-risk-factors-contributing-to-the-health-disparities-in-south-asians-and-white-europeans/
509769,2025-05-28,after_policy,C1,MIXED,HIGH,CONTROL_CANDIDATE_C1,explicit_sequence_data_wording,Schema 27 title/notes plus UKB Projects website excerpt,post_policy_project_text,"...ing complex traits to demographic and genetic outcomes, and employing machine learning for imaging analysis. We will combine multiple modalities (e.g. imaging, ECG, genotype data, WGS, and the exposome) to study psychiatric traits and treatment success, as well as other complex traits. website_excerpt: The aim of this research is to uncover factors that contrib...",Whole genome sequencing data,WGS,C1_WGS_ABBREVIATION,HIGH_NEEDS_MIXED_REVIEW,yes,previous_stage3_classification_was_mixed,,,,WGS,GENOTYPING_IMPUTATION|IMAGING,"Understanding individual differences in human behaviours, diseases, and other complex traits",https://www.ukbiobank.ac.uk/projects/understanding-individual-differences-in-human-behaviours-diseases-and-other-complex-traits/
532207,2025-11-20,after_policy,C1,MIXED,HIGH,CONTROL_CANDIDATE_C1,explicit_sequence_data_wording,Schema 27 title/notes plus UKB Projects website excerpt,post_policy_project_text,...nteractions between loci and decipher the role of non-additive genetic effects in human disease. Our primary research objective is to develop a foundation model that is trained on genomic sequence data for a large population in order to learn representations of human genetic variation. Research Questions: We want to establish whether unsupervised pretraining on a large populatio...,Whole genome sequencing data,genome sequence data / genomic sequence data,C1_GENOME_SEQUENCE_DATA,HIGH_NEEDS_MIXED_REVIEW,yes,previous_stage3_classification_was_mixed,,,,WGS,BIOMARKERS_ASSAYS|GENOTYPING_IMPUTATION,Ultra-long-range sequence modeling for capturing non-additive genetic effects,https://www.ukbiobank.ac.uk/projects/ultra-long-range-sequence-modeling-for-capturing-non-additive-genetic-effects/
532555,2025-02-04,after_policy,C1,MIXED,HIGH,CONTROL_CANDIDATE_C1,explicit_sequence_data_wording,Schema 27 title/notes plus UKB Projects website excerpt,post_policy_project_text,"...a Authority registries) to create clinically relevant subgroups/clusters. Identifying drivers of these clusters, we will replicate the clustering in the UKBB data and then analyse WGS in the clusters found. Deep learning methods based on neural networks can capture non-linear correlations and thus represent and identify biologically relevant information. We hav...",Whole genome sequencing data,WGS,C1_WGS_ABBREVIATION,HIGH_NEEDS_MIXED_REVIEW,yes,previous_stage3_classification_was_mixed,,,,WGS,ENVIRONMENT_GEOSPATIAL|GENOTYPING_IMPUTATION,"Clinically relevant stratification through deep learning analysis of registry data and extensive genetic data, and identification of functionally relevant disease-associated focus genes",https://www.ukbiobank.ac.uk/projects/clinically-relevant-stratification-through-deep-learning-analysis-of-registry-data-and-extensive-genetic-data-and-identification-of-functionally-relevant-disease-associated-focus-genes/
532796,2024-12-12,after_policy,C1,NEWLY_RAP_BOUND,HIGH,CONTROL_CANDIDATE_C1,explicit_sequence_data_wording,Schema 27 title/notes plus UKB Projects website excerpt,post_policy_project_text,"...s (T2DM) patients using UK Biobank data, especially the crosstalk between IGF-1 and RAS systems. Our methodology includes identifying T2DM participants through self-reported data, genome sequence data, and medical records, excluding those with a prior cancer history. Statistical analysis will assess associations between the IGF-1, RAS systems, and AMPK pathway and cancer incide...",Whole genome sequencing data,genome sequence data / genomic sequence data,C1_GENOME_SEQUENCE_DATA,HIGH,no,,,,,,LINKED_HEALTH_RECORDS|QUESTIONNAIRES_ASSESSMENT,"Role of AMPK System, and Cross-talk between IGF-1 and RAS System in All-site and Site-specific Cancer in Type 2 Diabetes Mellitus",https://www.ukbiobank.ac.uk/projects/role-of-ampk-system-and-cross-talk-between-igf-1-and-ras-system-in-all-site-and-site-specific-cancer-in-type-2-diabetes-mellitus/
532810,2026-01-28,after_policy,C1,MIXED,HIGH,CONTROL_CANDIDATE_C1,explicit_sequence_data_wording,Schema 27 title/notes plus UKB Projects website excerpt,post_policy_project_text,"...d PRS will be validated using YOBC cases and healthy controls from independent cohorts including the Breast Cancer Association Consortium (BCAC). The availability of rich genetic (WGS and SNP array) and phenotypic data (Cancer registry, hospital episodes, GP records, death registry, health questionnaires, etc) from the UK Biobank will be used to determine, carr...",Whole genome sequencing data,WGS,C1_WGS_ABBREVIATION,HIGH_NEEDS_MIXED_REVIEW,yes,previous_stage3_classification_was_mixed,,,,WGS,GENOTYPING_IMPUTATION|LINKED_HEALTH_RECORDS|PHYSICAL_MEASURES|QUESTIONNAIRES_ASSESSMENT,Polygenic risk scores to predict breast cancer in young women,https://www.ukbiobank.ac.uk/projects/polygenic-risk-scores-to-predict-breast-cancer-in-young-women/
532921,2025-04-25,after_policy,C1,MIXED,HIGH,CONTROL_CANDIDATE_C1,explicit_sequence_data_wording,Schema 27 title/notes plus UKB Projects website excerpt,post_policy_project_text,...E/CFS to facilitate further testing and characterization in collaboration with clinical researchers and wet lab biologists. This opportunity arises from the recent availability of whole genome sequencing data from large-scale biobanks such as UK Biobank. We can now categorize all protein-altering variants within a gene or other genomic structures like transcription factor binding...,Whole genome sequencing data,whole genome sequencing / whole-genome sequence,C1_WHOLE_GENOME_SEQUENCE,HIGH_NEEDS_MIXED_REVIEW,yes,previous_stage3_classification_was_mixed,,,,WGS,GENOTYPING_IMPUTATION,Genetic architecture of chronic fatigue syndrome,https://www.ukbiobank.ac.uk/projects/genetic-architecture-of-chronic-fatigue-syndrome/
533532,2025-08-05,after_policy,C1,MIXED,HIGH,CONTROL_CANDIDATE_C1,explicit_sequence_data_wording,Schema 27 title/notes plus UKB Projects website excerpt,post_policy_project_text,"...ne response likelihood, thereby exposing many to toxicity without benefit. There is critical need to identify biomarkers to help predict response and determine treatment. In-house whole exome sequencing of LARC patients revealed conserved single nucleotide polymorphisms (SNPs) within coding regions of genes involved in DR were associated with radiation response. Specifically, enr...",Whole exome sequencing data,whole exome sequencing / whole-exome sequence,C1_WHOLE_EXOME_SEQUENCE,HIGH_NEEDS_MIXED_REVIEW,yes,previous_stage3_classification_was_mixed,,,,WES,BIOMARKERS_ASSAYS|GENOTYPING_IMPUTATION,Validation of Genetic Alterations Associated with Therapeutic Response Disparity in Cancers using the UK Biobank,https://www.ukbiobank.ac.uk/projects/validation-of-genetic-alterations-associated-with-therapeutic-response-disparity-in-cancers-using-the-uk-biobank/
545732,2025-04-30,after_policy,C1,MIXED,HIGH,CONTROL_CANDIDATE_C1,explicit_sequence_data_wording,Schema 27 title/notes plus UKB Projects website excerpt,post_policy_project_text,"...contributed to the high incidence of NCDs. With the rapid advancements in omics sequencing technologies, various omics levels provide a multidimensional analysis of disease risk: whole-genome sequencing reveals genetic risk factors, proteomics reflects changes in blood protein levels, and metabolomics reveals the metabolic characteristics of the human body. website_excerpt: Resea...",Whole genome sequencing data,whole genome sequencing / whole-genome sequence,C1_WHOLE_GENOME_SEQUENCE,HIGH_NEEDS_MIXED_REVIEW,yes,previous_stage3_classification_was_mixed,,,,WGS,BIOMARKERS_ASSAYS|ENVIRONMENT_GEOSPATIAL|GENOTYPING_IMPUTATION|QUESTIONNAIRES_ASSESSMENT,"Study on the Impact of Genetic Variation, Environmental Exposure, and Lifestyle Behaviors on Disease Progression and Health Outcomes in Patients with Chronic Infectious Diseases",https://www.ukbiobank.ac.uk/projects/study-on-the-impact-of-genetic-variation-environmental-exposure-and-lifestyle-behaviors-on-disease-progression-and-health-outcomes-in-patients-with-chronic-infectious-diseases/
546063,2025-04-07,after_policy,C1,MIXED,HIGH,CONTROL_CANDIDATE_C1,explicit_sequence_data_wording,Schema 27 title/notes plus UKB Projects website excerpt,post_policy_project_text,"...health record data. Our key research objectives: - Identify novel genetic variants and proteomic biomarkers associated with both cardiac and skeletal muscle function by analyzing whole genome sequencing data, proteomic profiles, and multi-modal imaging phenotypes (cardiac imaging and derived phenotypes) from the UK Biobank cohort. - Investigate the relationship between muscle met...",Whole genome sequencing data,whole genome sequencing / whole-genome sequence,C1_WHOLE_GENOME_SEQUENCE,HIGH_NEEDS_MIXED_REVIEW,yes,previous_stage3_classification_was_mixed,,,,WGS,BIOMARKERS_ASSAYS|IMAGING|LINKED_HEALTH_RECORDS,"Integrating genomic, proteomic, phenotypic, and medical data to identify novel biomarkers and therapeutic targets for diseases of impaired muscle function",https://www.ukbiobank.ac.uk/projects/integrating-genomic-proteomic-phenotypic-and-medical-data-to-identify-novel-biomarkers-and-therapeutic-targets-for-diseases-of-impaired-muscle-function/
548711,2024-12-18,after_policy,C1,MIXED,HIGH,CONTROL_CANDIDATE_C1,explicit_sequence_data_wording,Schema 27 title/notes plus UKB Projects website excerpt,post_policy_project_text,"...play a critical role in disease susceptibility and impact the gene pool. Yet, their role across multiple cancers and skin diseases remains underexplored. Whole-genome sequencing (WGS) is essential for this work, as it offers a complete view of both coding and non-coding regions, covering rare and common variants missed in exome sequencing and imputed genotype...",Whole genome sequencing data,WGS,C1_WGS_ABBREVIATION,HIGH_NEEDS_MIXED_REVIEW,yes,previous_stage3_classification_was_mixed,,,,WES|WGS,GENOTYPING_IMPUTATION,Unveiling distinct and shared germline genetic landscapes of multiple cancers and skin diseases through comparative whole-genome analysis,https://www.ukbiobank.ac.uk/projects/unveiling-distinct-and-shared-germline-genetic-landscapes-of-multiple-cancers-and-skin-diseases-through-comparative-whole-genome-analysis/
551010,2025-02-04,after_policy,C1,MIXED,HIGH,CONTROL_CANDIDATE_C1,explicit_sequence_data_wording,Schema 27 title/notes plus UKB Projects website excerpt,post_policy_project_text,"...way, the full phenotypic spectrum is included, thereby increasing the power for the detection of modifying factors. Scientific rationale With the increasing use of whole exome and whole genome sequencing in routine clinical care, milder phenotypes associated with variants in genes known to cause severe monogenic disorders are increasingly recognised and identified. This creates ch...",Whole genome sequencing data,whole genome sequencing / whole-genome sequence,C1_WHOLE_GENOME_SEQUENCE,HIGH_NEEDS_MIXED_REVIEW,yes,previous_stage3_classification_was_mixed,,,,WGS,GENOTYPING_IMPUTATION,A genotype first- approach in medical genomics: understanding the phenotypic spectrum of monogenic disorders,https://www.ukbiobank.ac.uk/projects/a-genotype-first-approach-in-medical-genomics-understanding-the-phenotypic-spectrum-of-monogenic-disorders/
568509,2025-03-18,after_policy,C1,NEWLY_RAP_BOUND,HIGH,CONTROL_CANDIDATE_C1,explicit_sequence_data_wording,Schema 27 title/notes plus UKB Projects website excerpt,post_policy_project_text,"...presents an ideal data source for MPE studies due to the availability of large-scale genomic data and electronic health records (EHRs). In the proposed project, we will use whole-genomic sequencing data linked to EHRs for a series of MPE studies to assess whether genetic variants can affect the effectiveness and safety of commonly prescribed medications, with a primary focus on c...",Whole genome sequencing data,genome sequence data / genomic sequence data,C1_GENOME_SEQUENCE_DATA,HIGH,no,,,,,,LINKED_HEALTH_RECORDS,Molecular pharmacoepidemiology: The assessment of the effectiveness and safety of commonly prescribed medications in routine clinical practice according to genetic variability,https://www.ukbiobank.ac.uk/projects/molecular-pharmacoepidemiology-the-assessment-of-the-effectiveness-and-safety-of-commonly-prescribed-medications-in-routine-clinical-practice-according-to-genetic-variability/
569820,2025-04-08,after_policy,C1,MIXED,HIGH,CONTROL_CANDIDATE_C1,explicit_sequence_data_wording,Schema 27 title/notes plus UKB Projects website excerpt,post_policy_project_text,"...isms for AF cardiomyopathies and arrhythmias through a range of studies. We have enrolled more than 1000 individuals with early-onset AF in Norway and are performing both GWAS and WGS on these data. Further, we will 1) identify new rare variants for AF through whole-genome sequencing data; 2) identify new common variants for AF through GWAS; 3) identifify patho...",Whole genome sequencing data,WGS,C1_WGS_ABBREVIATION,HIGH_NEEDS_MIXED_REVIEW,yes,previous_stage3_classification_was_mixed,,,,WGS,GENOTYPING_IMPUTATION,GENAF Norway - Precision Medicine for Atrial Fibrillation in Norway,https://www.ukbiobank.ac.uk/projects/genaf-norway-precision-medicine-for-atrial-fibrillation-in-norway/
577088,2025-01-24,after_policy,C1,MIXED,HIGH,CONTROL_CANDIDATE_C1,explicit_sequence_data_wording,Schema 27 title/notes plus UKB Projects website excerpt,post_policy_project_text,"...tched for clinical factors such as age, sex, and smoking status. To identify CH mutations in all subjects within the case and control cohorts, we will use whole genome sequencing (WGS) and whole exome sequencing (WXS) data. Additionally, we will leverage high-throughput genotyping arrays and/or WGS data to identify mCAs across the samples. Multivariable regress...",Whole genome sequencing data,WGS,C1_WGS_ABBREVIATION,HIGH_NEEDS_MIXED_REVIEW,yes,previous_stage3_classification_was_mixed,,,,WES|WGS,GENOTYPING_IMPUTATION|QUESTIONNAIRES_ASSESSMENT,Clonal hematopoiesis and risk of solid cancer,https://www.ukbiobank.ac.uk/projects/clonal-hematopoiesis-and-risk-of-solid-cancer/
585007,2025-04-21,after_policy,C1,MIXED,HIGH,CONTROL_CANDIDATE_C1,explicit_sequence_data_wording,Schema 27 title/notes plus UKB Projects website excerpt,post_policy_project_text,"...underlying mitochondrial dysfunction in human health. Aim and objectives We aim to identify and characterize individuals with nuclear-mtDNA mismatch using whole genome sequencing (WGS) data. This will allow us to assess the association between nuclear-mtDNA mismatch and common diseases, encompassing both qualitative phenotypes, such as ICD-10 codes, and quantit...",Whole genome sequencing data,WGS,C1_WGS_ABBREVIATION,HIGH_NEEDS_MIXED_REVIEW,yes,previous_stage3_classification_was_mixed,,,,WGS,BIOMARKERS_ASSAYS|GENOTYPING_IMPUTATION|LINKED_HEALTH_RECORDS|PHYSICAL_MEASURES,The role of nuclear-mitochondrial DNA interaction in common diseases,https://www.ukbiobank.ac.uk/projects/the-role-of-nuclear-mitochondrial-dna-interaction-in-common-diseases/
591937,2025-03-20,after_policy,C1,NEWLY_RAP_BOUND,HIGH,CONTROL_CANDIDATE_C1,explicit_sequence_data_wording,Schema 27 title/notes plus UKB Projects website excerpt,post_policy_project_text,"...Within this project, we use new data resources created by the Human Pangenome Reference Consortium (HPRC) and new computational tools created in our lab to characterize SVs in the genome sequencing data of the UKBB and perform association tests to determine which SVs are correlated with measured biomarkers and health outcomes. This project will run for three years and, if success...",Whole genome sequencing data,genome sequence data / genomic sequence data,C1_GENOME_SEQUENCE_DATA,HIGH,no,,,,,,BIOMARKERS_ASSAYS|GENOTYPING_IMPUTATION,Phenome-wide and genome-wide association study including complex genetic variants enabled by pangenome-based genome inference,https://www.ukbiobank.ac.uk/projects/phenome-wide-and-genome-wide-association-study-including-complex-genetic-variants-enabled-by-pangenome-based-genome-inference/
592923,2025-02-04,after_policy,C1,MIXED,HIGH,CONTROL_CANDIDATE_C1,explicit_sequence_data_wording,Schema 27 title/notes plus UKB Projects website excerpt,post_policy_project_text,"schema27_title: Neuroimaging and WGS to identify variant loci and foci of neurological and pan-vascular disease, modeling multiple co-morbidity risk prediction models. schema27_notes: Research Questions: 1. What are...",Whole genome sequencing data,WGS,C1_WGS_ABBREVIATION,HIGH_NEEDS_MIXED_REVIEW,yes,previous_stage3_classification_was_mixed,,,,WGS,BIOMARKERS_ASSAYS|GENOTYPING_IMPUTATION,"Neuroimaging and WGS to identify variant loci and foci of neurological and pan-vascular disease, modeling multiple co-morbidity risk prediction models.",https://www.ukbiobank.ac.uk/projects/neuroimaging-and-wgs-to-identify-variant-loci-and-foci-of-neurological-and-pan-vascular-disease-modeling-multiple-co-morbidity-risk-prediction-models/
594249,2025-02-24,after_policy,C1,MIXED,HIGH,CONTROL_CANDIDATE_C1,explicit_sequence_data_wording,Schema 27 title/notes plus UKB Projects website excerpt,post_policy_project_text,"...data. In addition, genomic variation also palys an important role on development of CKD. For instance, previous studies from Columbia University reported the diagnostic utility of exome sequencing for kidney diseases. So, the genetic diagnosis method should be taken into account when developing the prediction model, especially for the risk screening in general population. w...",Whole exome sequencing data,exome sequencing / exome sequence,C1_EXOME_SEQUENCE,HIGH_NEEDS_MIXED_REVIEW,yes,previous_stage3_classification_was_mixed,,,,WES,BIOMARKERS_ASSAYS|IMAGING,Developing an AI hybrid deep learning model for prediction of early-stage chronic kidney disease based on multimodal data,https://www.ukbiobank.ac.uk/projects/developing-an-ai-hybrid-deep-learning-model-for-prediction-of-early-stage-chronic-kidney-disease-based-on-multimodal-data/
595932,2025-04-30,after_policy,C1,MIXED,HIGH,CONTROL_CANDIDATE_C1,explicit_sequence_data_wording,Schema 27 title/notes plus UKB Projects website excerpt,post_policy_project_text,"...risk conferred by BRCA2 PVs could be modulated by gene-environment interactions, performing an association analysis between BRCA2 genotypes and environmental/lifestyle exposures. Whole exome sequencing data together with demographic and exposure data for each pancreatic cancer patient included in UK biobank will be retrieved to identify BRCA2 PVs. Candidate available exposures t...",Whole exome sequencing data,whole exome sequencing / whole-exome sequence,C1_WHOLE_EXOME_SEQUENCE,HIGH_NEEDS_MIXED_REVIEW,yes,previous_stage3_classification_was_mixed,,,,WES,ENVIRONMENT_GEOSPATIAL|GENOTYPING_IMPUTATION|PHYSICAL_MEASURES|QUESTIONNAIRES_ASSESSMENT,Gene-environment interaction and cancer risk in BRCA2 pathogenic variant carriers,https://www.ukbiobank.ac.uk/projects/gene-environment-interaction-and-cancer-risk-in-brca2-pathogenic-variant-carriers/
620972,2025-06-06,after_policy,C1,MIXED,HIGH,CONTROL_CANDIDATE_C1,explicit_sequence_data_wording,Schema 27 title/notes plus UKB Projects website excerpt,post_policy_project_text,"...rough parameters such as CBC, differential cell counts, anemia-related metrics, and longitudinal changes in hematological indices. Genetic data, including whole genome sequencing (WGS) and genome-wide association study (GWAS) results, will be utilized to identify shared genetic loci and pathways influencing both skeletal and hematological health. Anemia and oth...",Whole genome sequencing data,WGS,C1_WGS_ABBREVIATION,HIGH_NEEDS_MIXED_REVIEW,yes,previous_stage3_classification_was_mixed,,,,WGS,BIOMARKERS_ASSAYS|GENOTYPING_IMPUTATION|IMAGING|PHYSICAL_MEASURES|QUESTIONNAIRES_ASSESSMENT,Investigating the Association Between Skeletal and Hematologic Health: Insights from the UK Biobank,https://www.ukbiobank.ac.uk/projects/investigating-the-association-between-skeletal-and-hematologic-health-insights-from-the-uk-biobank/
629551,2025-08-06,after_policy,C1,MIXED,HIGH,CONTROL_CANDIDATE_C1,explicit_sequence_data_wording,Schema 27 title/notes plus UKB Projects website excerpt,post_policy_project_text,"...blish open-access papers. 2) Implement the developed method into freely available software packages 3) Deposit the genome-wide screen results to GWAS catalogue. Datasets required: Whole genome sequencing data. Phenotypic data: Health linkages, biochemistry markers, Online questionnaires. Omics data: proteomics dataset. I would apply for de-identified data assess of UKBiobank. webs...",Whole genome sequencing data,whole genome sequencing / whole-genome sequence,C1_WHOLE_GENOME_SEQUENCE,HIGH_NEEDS_MIXED_REVIEW,yes,previous_stage3_classification_was_mixed,,,,WGS,BIOMARKERS_ASSAYS|GENOTYPING_IMPUTATION|QUESTIONNAIRES_ASSESSMENT,Statistical methodology development and application for genetic and metabolic diseases,https://www.ukbiobank.ac.uk/projects/statistical-methodology-development-and-application-for-genetic-and-metabolic-diseases/
666847,2025-03-06,after_policy,C1,MIXED,HIGH,CONTROL_CANDIDATE_C1,explicit_sequence_data_wording,Schema 27 title/notes plus UKB Projects website excerpt,post_policy_project_text,"...lation to another, we can provide valuable insights to inform policy decisions. This study aims to calculate the risk of severe COVID-19 using Polygenic Risk Scores (PRS) based on whole-genome sequencing data and its association with disease severity. The study will utilize the UK Biobank, which contains comprehensive genetic and medical data from over 500,000 participants. By int...",Whole genome sequencing data,whole genome sequencing / whole-genome sequence,C1_WHOLE_GENOME_SEQUENCE,HIGH_NEEDS_MIXED_REVIEW,yes,previous_stage3_classification_was_mixed,,,,WGS,GENOTYPING_IMPUTATION,Transportability of Polygenic Risk Scores for COVID-19 Prognosis Across Different Populations,https://www.ukbiobank.ac.uk/projects/transportability-of-polygenic-risk-scores-for-covid-19-prognosis-across-different-populations/
673794,2025-05-23,after_policy,C1,MIXED,HIGH,CONTROL_CANDIDATE_C1,explicit_sequence_data_wording,Schema 27 title/notes plus UKB Projects website excerpt,post_policy_project_text,"...ne variant data. By combining these approaches, we aim to extract deeper insights, identify novel associations, and improve risk prediction. This study will use genotype data from whole-exome sequencing in the UK Biobank. We will assess the performance of our models in predicting disease risk across diverse disease categories and compare their performance with traditional GWAS. I...",Whole exome sequencing data,whole exome sequencing / whole-exome sequence,C1_WHOLE_EXOME_SEQUENCE,HIGH_NEEDS_MIXED_REVIEW,yes,previous_stage3_classification_was_mixed,,,,WES,GENOTYPING_IMPUTATION,Improving Complex Disease Prediction Through Machine Learning Analysis of Coding Variants in UK Biobank,https://www.ukbiobank.ac.uk/projects/improving-complex-disease-prediction-through-machine-learning-analysis-of-coding-variants-in-uk-biobank/
680373,2025-03-10,after_policy,C1,MIXED,HIGH,CONTROL_CANDIDATE_C1,explicit_sequence_data_wording,Schema 27 title/notes plus UKB Projects website excerpt,post_policy_project_text,"...ithin families to test the robustness of the scores. The research will involve analyzing multiple segments of the UK Biobank's data, including the rare variants extracted from the whole genome sequencing data, family history information from the survey data, and genotypes from the imputed genotypes. The project will conclude by creating prediction models for diseases and traits in...",Whole genome sequencing data,whole genome sequencing / whole-genome sequence,C1_WHOLE_GENOME_SEQUENCE,HIGH_NEEDS_MIXED_REVIEW,yes,previous_stage3_classification_was_mixed,,,,WGS,GENOTYPING_IMPUTATION,"Creating and validating Integrated Risk Scores that incorporate polygenic risk scores, rare variant burden, and family history",https://www.ukbiobank.ac.uk/projects/creating-and-validating-integrated-risk-scores-that-incorporate-polygenic-risk-scores-rare-variant-burden-and-family-history/
708764,2025-08-04,after_policy,C1,MIXED,HIGH,CONTROL_CANDIDATE_C1,explicit_sequence_data_wording,Schema 27 title/notes plus UKB Projects website excerpt,post_policy_project_text,"...t and progression of diabetes, cardiovascular disease, and related metabolic conditions 4. Leverage multi-omics data to explore genetic and molecular determinants of disease - Use whole genome sequencing, exome sequencing, and proteomic data to investigate genetic drivers of metabolic and cardiovascular disease website_excerpt: Scientific rational for research Evidence links sever...",Whole genome sequencing data,whole genome sequencing / whole-genome sequence,C1_WHOLE_GENOME_SEQUENCE,HIGH_NEEDS_MIXED_REVIEW,yes,previous_stage3_classification_was_mixed,,,,WES|WGS,BIOMARKERS_ASSAYS,A lifecourse approach to women's health: utilising pregnancy as an opportunity to prevent ill health,https://www.ukbiobank.ac.uk/projects/a-lifecourse-approach-to-womens-health-utilising-pregnancy-as-an-opportunity-to-prevent-ill-health/
717336,2025-06-16,after_policy,C1,MIXED,HIGH,CONTROL_CANDIDATE_C1,explicit_sequence_data_wording,Schema 27 title/notes plus UKB Projects website excerpt,post_policy_project_text,"...nce, whereas multiomic approaches offer promise. Genetic factors, including SNPs in immune-related genes (TLRs, cytokines), influence sepsis susceptibility (Rautanen et al. 2015). WGS and GWAS can identify variants linked to recurrence. Proteomic analysis reveals immune dysfunction, with biomarkers like PD-L1 and interleukins implicated in prognosis. (Chen et a...",Whole genome sequencing data,WGS,C1_WGS_ABBREVIATION,HIGH_NEEDS_MIXED_REVIEW,yes,previous_stage3_classification_was_mixed,,,,WGS,BIOMARKERS_ASSAYS|GENOTYPING_IMPUTATION,"Genomic, transcriptomic and proteomic abberations and their effect on long-term susceptibility to recurrent infections and sepsis",https://www.ukbiobank.ac.uk/projects/genomic-transcriptomic-and-proteomic-abberations-and-their-effect-on-long-term-susceptibility-to-recurrent-infections-and-sepsis/
739449,2025-09-15,after_policy,C1,MIXED,HIGH,CONTROL_CANDIDATE_C1,explicit_sequence_data_wording,Schema 27 title/notes plus UKB Projects website excerpt,post_policy_project_text,"...ll assess IMID incidence in CH carriers, analyze CH genotype-IMID phenotype correlations, and evaluate CH's impact on IMID prognosis using UK Biobank data (500,000+ participants). Whole-exome sequencing will identify CH mutations, with IMIDs classified via ICD-10 codes. Statistical models (logistic regression, Cox survival analysis) will be applied. We anticipate demonstrating a...",Whole exome sequencing data,whole exome sequencing / whole-exome sequence,C1_WHOLE_EXOME_SEQUENCE,HIGH_NEEDS_MIXED_REVIEW,yes,previous_stage3_classification_was_mixed,,,,WES,GENOTYPING_IMPUTATION|LINKED_HEALTH_RECORDS,Impact of Clonal Hematopoiesis in Patients with Systemic Autoimmune/Auto-inflammatory Diseases,https://www.ukbiobank.ac.uk/projects/impact-of-clonal-hematopoiesis-in-patients-with-systemic-autoimmune-auto-inflammatory-diseases/
753761,2025-11-20,after_policy,C1,MIXED,HIGH,CONTROL_CANDIDATE_C1,explicit_sequence_data_wording,Schema 27 title/notes plus UKB Projects website excerpt,post_policy_project_text,"...es, provide a unique opportunity to clarify these complex relationships. To explore these relationships, this study aims to leverage the comprehensive UKB database, which includes whole genome sequencing, imaging data, lifestyle and environmental factors, medical records, and clinical scale assessments. Integrating multi-modal data will identify key lifestyle factors associated wi...",Whole genome sequencing data,whole genome sequencing / whole-genome sequence,C1_WHOLE_GENOME_SEQUENCE,HIGH_NEEDS_MIXED_REVIEW,yes,previous_stage3_classification_was_mixed,,,,WGS,BIOMARKERS_ASSAYS|IMAGING|LINKED_HEALTH_RECORDS|QUESTIONNAIRES_ASSESSMENT,Multi-omics elucidation of shared risk mechanisms for tumor disease from the UK Biobank cohort,https://www.ukbiobank.ac.uk/projects/multi-omics-elucidation-of-shared-risk-mechanisms-for-tumor-disease-from-the-uk-biobank-cohort/
768817,2025-06-11,after_policy,C1,MIXED,HIGH,CONTROL_CANDIDATE_C1,explicit_sequence_data_wording,Schema 27 title/notes plus UKB Projects website excerpt,post_policy_project_text,"schema27_title: Machine Learning and Whole Genome Sequencing data to advance Precision Medicine schema27_notes: Most existing models treat genomic and clinical data in isolation, limiting our ability to personalize care and interpret geneti...",Whole genome sequencing data,whole genome sequencing / whole-genome sequence,C1_WHOLE_GENOME_SEQUENCE,HIGH_NEEDS_MIXED_REVIEW,yes,previous_stage3_classification_was_mixed,,,,WGS,GENOTYPING_IMPUTATION,Machine Learning and Whole Genome Sequencing data to advance Precision Medicine,https://www.ukbiobank.ac.uk/projects/machine-learning-and-whole-genome-sequencing-data-to-advance-precision-medicine/
797261,2025-06-26,after_policy,C1,MIXED,HIGH,CONTROL_CANDIDATE_C1,explicit_sequence_data_wording,Schema 27 title/notes plus UKB Projects website excerpt,post_policy_project_text,"...he pathophysiology of cardiovascular-kidney-metabolic (CKM) syndrome. 2. Investigating Genetic and Environmental Risk Factors for Kidney Diseases: Combine UK Biobank genomic data (whole-genome sequencing, genotyping) with environmental exposure data (air pollution, lifestyle factors, etc.) to analyze how gene-environment interactions impact the development of kidney diseases, such...",Whole genome sequencing data,whole genome sequencing / whole-genome sequence,C1_WHOLE_GENOME_SEQUENCE,HIGH_NEEDS_MIXED_REVIEW,yes,previous_stage3_classification_was_mixed,,,,WGS,BIOMARKERS_ASSAYS|ENVIRONMENT_GEOSPATIAL|GENOTYPING_IMPUTATION|IMAGING|LINKED_HEALTH_RECORDS|QUESTIONNAIRES_ASSESSMENT,A Large-Scale Cohort Study of Kidney Diseases Based on the UK Biobank Database,https://www.ukbiobank.ac.uk/projects/a-large-scale-cohort-study-of-kidney-diseases-based-on-the-uk-biobank-database/
800829,2025-07-11,after_policy,C1,NEWLY_RAP_BOUND,HIGH,CONTROL_CANDIDATE_C1,explicit_sequence_data_wording,Schema 27 title/notes plus UKB Projects website excerpt,post_policy_project_text,"...er Family Registry. Our aim is to examine external validity by repeating analyses in a population-based series. Specifically, we aim to leverage blood biochemistry and whole-exome/genome sequencing data of UK Biobank participants to: 1) Identify and extract carriers of a pathogenic variant in MLH1, MSH2, MSH6, PMS2, or EPCAM (i.e., people with Lynch syndrome); 2) Derive HLA allel...",Whole genome sequencing data,genome sequence data / genomic sequence data,C1_GENOME_SEQUENCE_DATA,HIGH,no,,,,,,BIOMARKERS_ASSAYS|GENOTYPING_IMPUTATION,Genetic and molecular modifiers of colorectal cancer risk in Lynch syndrome,https://www.ukbiobank.ac.uk/projects/genetic-and-molecular-modifiers-of-colorectal-cancer-risk-in-lynch-syndrome/
805798,2025-06-27,after_policy,C1,MIXED,HIGH,CONTROL_CANDIDATE_C1,explicit_sequence_data_wording,Schema 27 title/notes plus UKB Projects website excerpt,post_policy_project_text,"...ited to detecting late-stage pathological alterations, with insufficient resolution to identify early aging biomarkers. Our aim is to leverage the UK Biobank database to integrate whole-genome sequencing, complete blood count parameters, plasma proteomic profiles, metabolomic profiles, leukocyte telomere length measurements, and detailed clinical data. By applying advanced machine...",Whole genome sequencing data,whole genome sequencing / whole-genome sequence,C1_WHOLE_GENOME_SEQUENCE,HIGH_NEEDS_MIXED_REVIEW,yes,previous_stage3_classification_was_mixed,,,,WGS,BIOMARKERS_ASSAYS|QUESTIONNAIRES_ASSESSMENT,A Predictive Model for Hematologic Aging and the Role of Lifestyle in Accelerating Senescence and Disease Onset,https://www.ukbiobank.ac.uk/projects/a-predictive-model-for-hematologic-aging-and-the-role-of-lifestyle-in-accelerating-senescence-and-disease-onset/
807131,2025-09-03,after_policy,C1,MIXED,HIGH,CONTROL_CANDIDATE_C1,explicit_sequence_data_wording,Schema 27 title/notes plus UKB Projects website excerpt,post_policy_project_text,"...tion? 2. How do variants in the EFTUD2 gene modulate hepatitis B virus infection resulting in liver cancer? Objectives: 1. We will extract variants present in the EFTUD2 gene from whole genome sequencing data. We will perform gene- and variant-based association analysis for congenital abnormalities, especially craniofacial malformation. Analysis will also be conducted for metaboli...",Whole genome sequencing data,whole genome sequencing / whole-genome sequence,C1_WHOLE_GENOME_SEQUENCE,HIGH_NEEDS_MIXED_REVIEW,yes,previous_stage3_classification_was_mixed,,,,WGS,BIOMARKERS_ASSAYS|IMAGING,Splicing in health and diseases: EFTUD2 variants in craniofacial malformation and liver cancer,https://www.ukbiobank.ac.uk/projects/splicing-in-health-and-diseases-eftud2-variants-in-craniofacial-malformation-and-liver-cancer/
819307,2026-02-12,after_policy,C1,MIXED,HIGH,CONTROL_CANDIDATE_C1,explicit_sequence_data_wording,Schema 27 title/notes plus UKB Projects website excerpt,post_policy_project_text,"...ion to heart failure across diverse etiologies. Our research consortium has assembled one of the largest multi-omics datasets, including HCM patients with whole-genome sequencing (WGS), whole-exome sequencing (WES), and myocardial transcriptome profiles; hypertensive patients with WGS, serving as a comparative cohort to identify secondary remodeling triggers. T...",Whole genome sequencing data,WGS,C1_WGS_ABBREVIATION,HIGH_NEEDS_MIXED_REVIEW,yes,previous_stage3_classification_was_mixed,,,,WES|WGS,IMAGING,Integrative Multi-Omics and Epidemiological Elucidation of pathological cardiac remodeling in various cardiomyopathies or secondary to hypertension,https://www.ukbiobank.ac.uk/projects/integrative-multi-omics-and-epidemiological-elucidation-of-pathological-cardiac-remodeling-in-various-cardiomyopathies-or-secondary-to-hypertension/
821942,2025-08-29,after_policy,C1,MIXED,HIGH,CONTROL_CANDIDATE_C1,explicit_sequence_data_wording,Schema 27 title/notes plus UKB Projects website excerpt,post_policy_project_text,"...als to infer haplotypes and aggregate signals across phased heterozygous SNPs. This approach could improve signal-to-noise ratio, enabling robust CNA detection from moderate-depth WGS data, even without matched normal samples. In parallel, we aim to utilise UK Biobank data not only for applying AstroCNA at scale, but also to evaluate and refine statistical phas...",Whole genome sequencing data,WGS,C1_WGS_ABBREVIATION,HIGH_NEEDS_MIXED_REVIEW,yes,previous_stage3_classification_was_mixed,,,,WGS,ENVIRONMENT_GEOSPATIAL|GENOTYPING_IMPUTATION,Tracking Cancer Evolution Non-Invasively: Insights into Biology and Diagnostics,https://www.ukbiobank.ac.uk/projects/tracking-cancer-evolution-non-invasively-insights-into-biology-and-diagnostics/
823964,2025-06-24,after_policy,C1,MIXED,HIGH,CONTROL_CANDIDATE_C1,explicit_sequence_data_wording,Schema 27 title/notes plus UKB Projects website excerpt,post_policy_project_text,"...redict gene regulatory effects from sequence, building on Enformer (Avsec et al., 2021 ; https://doi.org/10.1038/s41592-021-01252-x). We applied it to UKB whole-genome sequencing (WGS) data and integrated results with multi-omics and clinical data from our in-house study (https://www.osteomics.co.uk/). Functional target validation is underway. We now aim to dev...",Whole genome sequencing data,WGS,C1_WGS_ABBREVIATION,HIGH_NEEDS_MIXED_REVIEW,yes,previous_stage3_classification_was_mixed,,,,WES|WGS,BIOMARKERS_ASSAYS|GENOTYPING_IMPUTATION|IMAGING,From genotype to target: data-driven functional genomics for therapeutic discovery in common chronic and fibrotic diseases,https://www.ukbiobank.ac.uk/projects/from-genotype-to-target-data-driven-functional-genomics-for-therapeutic-discovery-in-common-chronic-and-fibrotic-diseases/
839768,2025-08-21,after_policy,C1,MIXED,HIGH,CONTROL_CANDIDATE_C1,explicit_sequence_data_wording,Schema 27 title/notes plus UKB Projects website excerpt,post_policy_project_text,"...curacy, reliability and equity. To ensure these conditions are met, the proposed project aims to progress the development of the most accurate PGS based on whole-genome sequences (WGS) for all common diseases diagnosed in the UK Biobank, and the development of transferable PGS across populations with different ancestries. AIM 2. Build high-resolution maps of di...",Whole genome sequencing data,WGS,C1_WGS_ABBREVIATION,HIGH_NEEDS_MIXED_REVIEW,yes,previous_stage3_classification_was_mixed,,,,WGS,GENOTYPING_IMPUTATION,Harnessing Genetic Variation to Transform Prevention and Cure of Common Disease,https://www.ukbiobank.ac.uk/projects/harnessing-genetic-variation-to-transform-prevention-and-cure-of-common-disease/
850689,2025-11-04,after_policy,C1,MIXED,HIGH,CONTROL_CANDIDATE_C1,explicit_sequence_data_wording,Schema 27 title/notes plus UKB Projects website excerpt,post_policy_project_text,"...have predicted self!employment, & imaging genetics links entrepreneurs to left!insula volume. However, these studies relied on genotyping arrays and limited phenotypes. UKB's new WGS & deep phenotyping (income, cognition, resilience, social!function scales) vastly expand discovery power. Integrating GWAS, PGS, within!family designs and neurogenetic annotation...",Whole genome sequencing data,WGS,C1_WGS_ABBREVIATION,HIGH_NEEDS_MIXED_REVIEW,yes,previous_stage3_classification_was_mixed,,,,WGS,GENOTYPING_IMPUTATION|IMAGING|QUESTIONNAIRES_ASSESSMENT,Genetic Basis of Innovation: A UK Biobank Study,https://www.ukbiobank.ac.uk/projects/genetic-basis-of-innovation-a-uk-biobank-study/
855274,2025-07-23,after_policy,C1,MIXED,HIGH,CONTROL_CANDIDATE_C1,explicit_sequence_data_wording,Schema 27 title/notes plus UKB Projects website excerpt,post_policy_project_text,"...k schema27_notes: Through multi-dimensional data analysis, we will deeply explore the pathogenesis of pulmonary fibrosis and develop an early warning model: 1. Integrate genomics (whole genome sequencing, exome), proteomics (plasma protein measurement), metabolomics (serum metabolites) and imaging data (chest CT/MRI) to reveal the molecular network of pulmonary fibrosis. This will...",Whole genome sequencing data,whole genome sequencing / whole-genome sequence,C1_WHOLE_GENOME_SEQUENCE,HIGH_NEEDS_MIXED_REVIEW,yes,previous_stage3_classification_was_mixed,,,,WGS,BIOMARKERS_ASSAYS|ENVIRONMENT_GEOSPATIAL|GENOTYPING_IMPUTATION|IMAGING|QUESTIONNAIRES_ASSESSMENT,"A Large-Scale Multi-Omics Cohort Study of Pulmonary Fibrosis: Integrating Genomics, Imaging, and Environmental Exposures via the UK Biobank",https://www.ukbiobank.ac.uk/projects/a-large-scale-multi-omics-cohort-study-of-pulmonary-fibrosis-integrating-genomics-imaging-and-environmental-exposures-via-the-uk-biobank/
862905,2025-09-18,after_policy,C1,MIXED,HIGH,CONTROL_CANDIDATE_C1,explicit_sequence_data_wording,Schema 27 title/notes plus UKB Projects website excerpt,post_policy_project_text,"...ncluding data on socioeconomic status, lifestyle and environmental factors, genomics (such as aging-related clonal hematopoiesis [CHIP], sarcopenia-related whole exome sequencing, whole genome sequencing, and genotyping), biochemical markers, and health outcomes (death/cancer registries, cardiometabolic diseases, and first occurrences). We will also incorporate online follow-up da...",Whole genome sequencing data,whole genome sequencing / whole-genome sequence,C1_WHOLE_GENOME_SEQUENCE,HIGH_NEEDS_MIXED_REVIEW,yes,previous_stage3_classification_was_mixed,,,,WES|WGS,GENOTYPING_IMPUTATION|IMAGING|LINKED_HEALTH_RECORDS|PHYSICAL_MEASURES|QUESTIONNAIRES_ASSESSMENT,"A Multimodal Data-Driven Study on the Clinical and Mechanistic Associations Between Life's Essential 9 with Sarcopenia, Frailty, and Age-Related Cardiovascular Diseases",https://www.ukbiobank.ac.uk/projects/a-multimodal-data-driven-study-on-the-clinical-and-mechanistic-associations-between-lifes-essential-9-with-sarcopenia-frailty-and-age-related-cardiovascular-diseases/
866163,2025-07-04,after_policy,C1,UNCLEAR,LOW,CONTROL_CANDIDATE_C1,explicit_sequence_data_wording,Schema 27 title/notes plus UKB Projects website excerpt,post_policy_project_text,schema27_title: Design of new indicators for co-morbidity screening based on stratified risk factors for cardiovascular-kidney-metabolic syndrome (CKM) and their genome sequence data. schema27_notes: Aims: Our research focuses on exploring the staging risk factors and genome sequence features that influence cardiovascular-renal-metabolic syndrome (CKM). Our go...,Whole genome sequencing data,genome sequence data / genomic sequence data,C1_GENOME_SEQUENCE_DATA,HIGH,no,,,,,,,Design of new indicators for co-morbidity screening based on stratified risk factors for cardiovascular-kidney-metabolic syndrome (CKM) and their genome sequence data.,https://www.ukbiobank.ac.uk/projects/design-of-new-indicators-for-co-morbidity-screening-based-on-stratified-risk-factors-for-cardiovascular-kidney-metabolic-syndrome-ckm-and-their-genome-sequence-data/
875732,2025-10-11,after_policy,C1,MIXED,HIGH,CONTROL_CANDIDATE_C1,explicit_sequence_data_wording,Schema 27 title/notes plus UKB Projects website excerpt,post_policy_project_text,"...s and inform potential interventions, our study will pursue three parallel aims: * !Develop computational methods to extract adaptive immune features from whole genome sequencing (WGS) data. Prior work has shown that T and B cell abundance, clonality, and repertoire diversity can be inferred from WGS. We aim to refine and apply these methods to UK Biobank data...",Whole genome sequencing data,WGS,C1_WGS_ABBREVIATION,HIGH_NEEDS_MIXED_REVIEW,yes,previous_stage3_classification_was_mixed,,,,WGS,BIOMARKERS_ASSAYS,Genetic and Molecular Determinants of Immune Aging and Disease Risk,https://www.ukbiobank.ac.uk/projects/genetic-and-molecular-determinants-of-immune-aging-and-disease-risk/
876403,2025-09-03,after_policy,C1,MIXED,HIGH,CONTROL_CANDIDATE_C1,explicit_sequence_data_wording,Schema 27 title/notes plus UKB Projects website excerpt,post_policy_project_text,"...ce incident type 2 diabetes, coronary heart disease and Alzheimer's disease? RQ2 - Can a multimodal model that fuses Tier-1 (clinical), Tier-2 (omics/genetics) and Tier-3 (imaging/WGS) data predict 5- and 10-year risk more accurately than current clinical scores? RQ3 - Are the causal effects and prediction models transportable to non-UK populations (Israeli nat...",Whole genome sequencing data,WGS,C1_WGS_ABBREVIATION,HIGH_NEEDS_MIXED_REVIEW,yes,previous_stage3_classification_was_mixed,,,,WGS,BIOMARKERS_ASSAYS|IMAGING|QUESTIONNAIRES_ASSESSMENT,Integrated Causal Inference and Predictive Modelling Across All UK!Biobank Data Tiers with External Validation in Israeli and U.S. Cohorts,https://www.ukbiobank.ac.uk/projects/integrated-causal-inference-and-predictive-modelling-across-all-ukbiobank-data-tiers-with-external-validation-in-israeli-and-u-s-cohorts/
882999,2025-10-02,after_policy,C1,MIXED,HIGH,CONTROL_CANDIDATE_C1,explicit_sequence_data_wording,Schema 27 title/notes plus UKB Projects website excerpt,post_policy_project_text,"...comparing limited genomic data from humans with those from other apes. Nonetheless, these studies cannot directly detect contemporary selections acting on humans. With large-scale whole-genome sequencing data and phenotypic data in the UK Biobank, we aim to link selection on human phenotypes with the underlying genetic architecture. Our research objectives include: (1) exploring h...",Whole genome sequencing data,whole genome sequencing / whole-genome sequence,C1_WHOLE_GENOME_SEQUENCE,HIGH_NEEDS_MIXED_REVIEW,yes,previous_stage3_classification_was_mixed,,,,WGS,GENOTYPING_IMPUTATION,Selections in human genotypic and phenotypic evolution,https://www.ukbiobank.ac.uk/projects/selections-in-human-genotypic-and-phenotypic-evolution/
898835,2025-08-05,after_policy,C1,MIXED,HIGH,CONTROL_CANDIDATE_C1,explicit_sequence_data_wording,Schema 27 title/notes plus UKB Projects website excerpt,post_policy_project_text,"...will use fine-mapping, elastic net, multivariate adaptive shrinkage, and ultimate deconvolution to optimize genotypic prediction of protein levels across populations. We will use whole genome sequencing and Olink proteomics data from the Trans-Omics for Precision Medicine (TOPMed) Multi-Ethnic Study of Atherosclerosis (MESA) for model training. We will test how the models predict...",Whole genome sequencing data,whole genome sequencing / whole-genome sequence,C1_WHOLE_GENOME_SEQUENCE,HIGH_NEEDS_MIXED_REVIEW,yes,previous_stage3_classification_was_mixed,,,,WGS,BIOMARKERS_ASSAYS|GENOTYPING_IMPUTATION,Optimizing cross-population proteomics prediction for PrediXcan,https://www.ukbiobank.ac.uk/projects/optimizing-cross-population-proteomics-prediction-for-predixcan/
899824,2025-11-19,after_policy,C1,MIXED,HIGH,CONTROL_CANDIDATE_C1,explicit_sequence_data_wording,Schema 27 title/notes plus UKB Projects website excerpt,post_policy_project_text,"...association studies (GWAS) using imputed genotype arrays have identified many common variants associated with complex traits, whole-exome sequence (WES) and whole-genome sequence (WGS) data enable a more comprehensive capture of both common and rare variants, including those in poorly imputed or non-coding regions. Research questions include: (1) To what extent...",Whole genome sequencing data,WGS,C1_WGS_ABBREVIATION,HIGH_NEEDS_MIXED_REVIEW,yes,previous_stage3_classification_was_mixed,,,,WES|WGS,BIOMARKERS_ASSAYS|GENOTYPING_IMPUTATION|PHYSICAL_MEASURES,Advancing complex trait prediction and genetic understanding using genome sequence data,https://www.ukbiobank.ac.uk/projects/advancing-complex-trait-prediction-and-genetic-understanding-using-genome-sequence-data/
922268,2026-03-23,after_policy,C1,MIXED,HIGH,CONTROL_CANDIDATE_C1,explicit_sequence_data_wording,Schema 27 title/notes plus UKB Projects website excerpt,post_policy_project_text,"...N following cancer therapy? We will utilize longitudinal haematology and blood biochemistry data, linked cancer registry and treatment data, and whole-exome/genome sequencing (WES/WGS) data to identify genetic mutation status. Using time-to-event and machine learning models, we will develop an integrated risk score. This score will enable us to stratify cancer...",Whole genome sequencing data,WGS,C1_WGS_ABBREVIATION,HIGH_NEEDS_MIXED_REVIEW,yes,previous_stage3_classification_was_mixed,,,,WES|WGS,BIOMARKERS_ASSAYS|LINKED_HEALTH_RECORDS,A predictive risk model for therapy-related myeloid neoplasm using longitudinal and genomic data.,https://www.ukbiobank.ac.uk/projects/a-predictive-risk-model-for-therapy-related-myeloid-neoplasm-using-longitudinal-and-genomic-data/
922592,2025-10-30,after_policy,C1,MIXED,HIGH,CONTROL_CANDIDATE_C1,explicit_sequence_data_wording,Schema 27 title/notes plus UKB Projects website excerpt,post_policy_project_text,"...sus our retrospective patient data, and 2) characterizing the phenotypic spectrum and penetrance in additional rare diseases, such as neurodevelopmental disorders. We will utilize whole genome sequencing available in the database along with phenotype (e.g., ICD10 codes, cancer site), genetic sex, and relatedness to other individuals in the Biobank to characterize spectrum of disea...",Whole genome sequencing data,whole genome sequencing / whole-genome sequence,C1_WHOLE_GENOME_SEQUENCE,HIGH_NEEDS_MIXED_REVIEW,yes,previous_stage3_classification_was_mixed,,,,WGS,LINKED_HEALTH_RECORDS,Characterizing penetrance and phenotypic spectrum of disease in general population cohorts,https://www.ukbiobank.ac.uk/projects/characterizing-penetrance-and-phenotypic-spectrum-of-disease-in-general-population-cohorts/
929856,2025-09-03,after_policy,C1,MIXED,HIGH,CONTROL_CANDIDATE_C1,explicit_sequence_data_wording,Schema 27 title/notes plus UKB Projects website excerpt,post_policy_project_text,"...ity. Therefore, analyses of rare variants (minor allele frequency < 1%) have the potential to explore the full scope of genetic heritability to disease risk and trait variability. Exome sequencing data available in the UK Biobank will be used to extract rare polymorphisms in mineral metabolism genes. Rare variants will be annotated using Variant Effect Prediction (VEP) soft...",Whole exome sequencing data,exome sequencing / exome sequence,C1_EXOME_SEQUENCE,HIGH_NEEDS_MIXED_REVIEW,yes,previous_stage3_classification_was_mixed,,,,WES,GENOTYPING_IMPUTATION|IMAGING,Rare coding variants and common polymorphisms in mineral transporter genes and their associations with disease outcomes and other risk factors,https://www.ukbiobank.ac.uk/projects/rare-coding-variants-and-common-polymorphisms-in-mineral-transporter-genes-and-their-associations-with-disease-outcomes-and-other-risk-factors/
934180,2025-09-24,after_policy,C1,MIXED,HIGH,CONTROL_CANDIDATE_C1,explicit_sequence_data_wording,Schema 27 title/notes plus UKB Projects website excerpt,post_policy_project_text,"...gical diseases share epidemiological links (e.g., hypertension ! dementia), but their !shared genetic architecture! is uncharacterized. UK Biobank's !multi-omics data-including: !!Whole-genome sequencing! (n=500,000) for cross-trait genetic analysis; !!Brain MRI! (n=100,000) to quantify cerebrovascular damage (e.g., WMH); !!Longitudinal health records! (linked to NHS) tracking com...",Whole genome sequencing data,whole genome sequencing / whole-genome sequence,C1_WHOLE_GENOME_SEQUENCE,HIGH_NEEDS_MIXED_REVIEW,yes,previous_stage3_classification_was_mixed,,,,WGS,BIOMARKERS_ASSAYS|GENOTYPING_IMPUTATION|IMAGING|LINKED_HEALTH_RECORDS,Investigating Shared Genetic Susceptibility in Cardio-Cerebral Comorbidity Using Multi-Omics Data from UK Bioban,https://www.ukbiobank.ac.uk/projects/investigating-shared-genetic-susceptibility-in-cardio-cerebral-comorbidity-using-multi-omics-data-from-uk-bioban/
935134,2025-09-17,after_policy,C1,MIXED,HIGH,CONTROL_CANDIDATE_C1,explicit_sequence_data_wording,Schema 27 title/notes plus UKB Projects website excerpt,post_policy_project_text,"...yet the majority of genetic association studies focus on individuals of European descent. Leveraging UKB's sample diversity, we aim to apply advanced population genomics tools to whole genome sequence data to genetically define two previously uncharacterised UKB groups, Mediterraneans and Middle Easterners, and investigate ancestry-specific pathways related to vitamin D deficie...",Whole genome sequencing data,whole genome sequencing / whole-genome sequence,C1_WHOLE_GENOME_SEQUENCE,HIGH_NEEDS_MIXED_REVIEW,yes,previous_stage3_classification_was_mixed,,,,WGS,GENOTYPING_IMPUTATION,Elucidating the north-south paradox in vitamin D levels among Western Eurasians: Genetic and environmental determinants and their interplay in Mediterranean and Middle Eastern populations in the UKB,https://www.ukbiobank.ac.uk/projects/elucidating-the-north-south-paradox-in-vitamin-d-levels-among-western-eurasians-genetic-and-environmental-determinants-and-their-interplay-in-mediterranean-and-middle-eastern-populations-in-the-ukb/
938112,2026-01-14,after_policy,C1,MIXED,HIGH,CONTROL_CANDIDATE_C1,explicit_sequence_data_wording,Schema 27 title/notes plus UKB Projects website excerpt,post_policy_project_text,"...c factors (age, sex, ancestry) associated with increased risk of severe toxicity? The objectives are to: * Identify common and rare DPYD variants using UK Biobank's genotyping and exome sequencing data. * Assess correlations between DPYD status and documented severe 5-FU side effects in linked health records. * Analyze demographic and clinical covariates that may modify tox...",Whole exome sequencing data,exome sequencing / exome sequence,C1_EXOME_SEQUENCE,HIGH_NEEDS_MIXED_REVIEW,yes,previous_stage3_classification_was_mixed,,,,WES,GENOTYPING_IMPUTATION|LINKED_HEALTH_RECORDS,"Retrospective Cohort Study on the Prevalence of Severe Toxic Side Effects of 5-Fluorouracil in Patients with Esophageal, Gastric, Colorectal, Breast, Pancreatic, and Head and Neck Cancers",https://www.ukbiobank.ac.uk/projects/retrospective-cohort-study-on-the-prevalence-of-severe-toxic-side-effects-of-5-fluorouracil-in-patients-with-esophageal-gastric-colorectal-breast-pancreatic-and-head-and-neck-cancers/
952620,2025-08-20,after_policy,C1,MIXED,HIGH,CONTROL_CANDIDATE_C1,explicit_sequence_data_wording,Schema 27 title/notes plus UKB Projects website excerpt,post_policy_project_text,"...biological pathways in critically ill individuals. This project aims to leverage the comprehensive UK Biobank resource-including clinical hospital records, genomic data (GWAS and WGS), and circulating blood-based multi-omics layers (proteomics and metabolomics)-to systematically quantify and compare the relative impact of genetic risk, pre-existing clinical co...",Whole genome sequencing data,WGS,C1_WGS_ABBREVIATION,HIGH_NEEDS_MIXED_REVIEW,yes,previous_stage3_classification_was_mixed,,,,WGS,BIOMARKERS_ASSAYS|ENVIRONMENT_GEOSPATIAL|GENOTYPING_IMPUTATION,Integrative Multi-Omics and Clinical Investigation of Critical Illness in Intensive Care Units,https://www.ukbiobank.ac.uk/projects/integrative-multi-omics-and-clinical-investigation-of-critical-illness-in-intensive-care-units/
952957,2025-08-06,after_policy,C1,MIXED,HIGH,CONTROL_CANDIDATE_C1,explicit_sequence_data_wording,Schema 27 title/notes plus UKB Projects website excerpt,post_policy_project_text,"...es: Through comprehensive multi-dimensional data analysis, we will deeply explore the pathogenesis of hemorrhagic stroke and develop an early warning model: 1. Integrate genomics (whole genome sequencing, exome), proteomics (plasma protein measurement), metabolomics (serum metabolites) and neuroimaging data (brain MRI/CT) to reveal the molecular network of hemorrhagic stroke. This...",Whole genome sequencing data,whole genome sequencing / whole-genome sequence,C1_WHOLE_GENOME_SEQUENCE,HIGH_NEEDS_MIXED_REVIEW,yes,previous_stage3_classification_was_mixed,,,,WGS,BIOMARKERS_ASSAYS|GENOTYPING_IMPUTATION|IMAGING|PHYSICAL_MEASURES|QUESTIONNAIRES_ASSESSMENT,"A Large-Scale Multi-Omics Cohort Study of Hemorrhagic Stroke: Integrating Neuroimaging, Genetics, and Vascular Risk Factors via the UK Biobank",https://www.ukbiobank.ac.uk/projects/a-large-scale-multi-omics-cohort-study-of-hemorrhagic-stroke-integrating-neuroimaging-genetics-and-vascular-risk-factors-via-the-uk-biobank/
980343,2025-11-11,after_policy,C1,MIXED,HIGH,CONTROL_CANDIDATE_C1,explicit_sequence_data_wording,Schema 27 title/notes plus UKB Projects website excerpt,post_policy_project_text,"...and fertility data), and relevant lifestyle and anthropometric factors such as BMI, smoking status, and age. If needed, a small number of locally collected whole-genome sequenced (WGS) endometriosis patient samples may be used for comparison to our local patient population, but the study is designed to stand alone using Biobank data. We will identify a cohort o...",Whole genome sequencing data,WGS,C1_WGS_ABBREVIATION,HIGH_NEEDS_MIXED_REVIEW,yes,previous_stage3_classification_was_mixed,,,,WGS,GENOTYPING_IMPUTATION|LINKED_HEALTH_RECORDS|PHYSICAL_MEASURES|QUESTIONNAIRES_ASSESSMENT,Genome-Wide Association Study (GWAS) of Mitochondrial and Genomic Variants in Endometriosis Using UK Biobank Data,https://www.ukbiobank.ac.uk/projects/genome-wide-association-study-gwas-of-mitochondrial-and-genomic-variants-in-endometriosis-using-uk-biobank-data/
990933,2025-09-03,after_policy,C1,MIXED,HIGH,CONTROL_CANDIDATE_C1,explicit_sequence_data_wording,Schema 27 title/notes plus UKB Projects website excerpt,post_policy_project_text,"...understand the biological underpinnings of sepsis and SIC. We will collect patient data across clinical, environmental, and behavioral domains, along with biospecimens for genome/exome sequencing, targeted proteomics, and untargeted metabolomics. Analytical methods will include statistical modeling, machine learning (e.g., random forests), and network-based approaches to i...",Whole exome sequencing data,exome sequencing / exome sequence,C1_EXOME_SEQUENCE,HIGH_NEEDS_MIXED_REVIEW,yes,previous_stage3_classification_was_mixed,,,,WES,BIOMARKERS_ASSAYS|GENOTYPING_IMPUTATION|PHYSICAL_MEASURES|QUESTIONNAIRES_ASSESSMENT,"Evaluating the Relationship Between Clinical index, Lifestyle, genomics, proteomics, Metabolomics and Sepsis and Sepsis induced Coagulopathy",https://www.ukbiobank.ac.uk/projects/evaluating-the-relationship-between-clinical-index-lifestyle-genomics-proteomics-metabolomics-and-sepsis-and-sepsis-induced-coagulopathy/
1000805,2026-01-19,after_policy,C1,MIXED,HIGH,CONTROL_CANDIDATE_C1,explicit_sequence_data_wording,Schema 27 title/notes plus UKB Projects website excerpt,post_policy_project_text,"...in the human genome every generation. Benign variants can become common, while damaging variants undergo negative selection and remain rare. By looking at whole genome sequencing (WGS) data from large cohorts of individuals, we can identify regions of the genome that have less variation than would be expected. These genetically constrained regions are often fun...",Whole genome sequencing data,WGS,C1_WGS_ABBREVIATION,HIGH_NEEDS_MIXED_REVIEW,yes,previous_stage3_classification_was_mixed,,,,WGS,GENOTYPING_IMPUTATION,Using big data to investigate the non-coding genome and its role in human disease,https://www.ukbiobank.ac.uk/projects/using-big-data-to-investigate-the-non-coding-genome-and-its-role-in-human-disease/
1002450,2026-02-20,after_policy,C1,MIXED,HIGH,CONTROL_CANDIDATE_C1,explicit_sequence_data_wording,Schema 27 title/notes plus UKB Projects website excerpt,post_policy_project_text,"...ance in FH patients, and can these identify novel therapeutic targets? Objectives: Primary: Externally validate the DRAGON score in 1,200 UK Biobank FH patients identified through whole-exome sequencing. Secondary: Conduct two-phase metabolomics study investigating ApoB/LDL discordance mechanisms using NMR metabolomics data and targeted mass spectrometry validation. Scientific Ra...",Whole exome sequencing data,whole exome sequencing / whole-exome sequence,C1_WHOLE_EXOME_SEQUENCE,HIGH_NEEDS_MIXED_REVIEW,yes,previous_stage3_classification_was_mixed,,,,WES,BIOMARKERS_ASSAYS,Development and External Validation of the DRABackground: HeterozygouGON Risk Score: A Novel 10-Year Cardiovascular Risk Prediction Model for Patients with Heterozygous Familial Hypercholesterolemia,https://www.ukbiobank.ac.uk/projects/development-and-external-validation-of-the-drabackground-heterozygougon-risk-score-a-novel-10-year-cardiovascular-risk-prediction-model-for-patients-with-heterozygous-familial-hypercholesterolemia/
1009383,2025-09-24,after_policy,C1,MIXED,HIGH,CONTROL_CANDIDATE_C1,explicit_sequence_data_wording,Schema 27 title/notes plus UKB Projects website excerpt,post_policy_project_text,"...itical for improving disease classification and identifying potential therapeutic targets (Li Gan et al., 2018). The study will primarily use UK Biobank's whole genome sequencing (WGS) and methylation array data to explore the convergence and divergence of genetic risk factors across these diseases. We will perform genotype-first analyses of known or suspected...",Whole genome sequencing data,WGS,C1_WGS_ABBREVIATION,HIGH_NEEDS_MIXED_REVIEW,yes,previous_stage3_classification_was_mixed,,,,WGS,GENOTYPING_IMPUTATION|QUESTIONNAIRES_ASSESSMENT,Convergent and Divergent Genetic and Epigenetic Mechanisms in Neurodegenerative Disorders,https://www.ukbiobank.ac.uk/projects/convergent-and-divergent-genetic-and-epigenetic-mechanisms-in-neurodegenerative-disorders/
1021268,2025-11-04,after_policy,C1,MIXED,HIGH,CONTROL_CANDIDATE_C1,explicit_sequence_data_wording,Schema 27 title/notes plus UKB Projects website excerpt,post_policy_project_text,"...markers, sleep, activity, air pollution exposure, epigenetic clocks) associated with faster RNFL thinning; (3) evaluate genetic contributions using polygenic risk scores and exome/WGS summary metrics; and (4) relate RNFL measures to diagnosed eye and systemic diseases using linked records. website_excerpt: This project investigates ocular and systemic determina...",Whole genome sequencing data,WGS,C1_WGS_ABBREVIATION,HIGH_NEEDS_MIXED_REVIEW,yes,previous_stage3_classification_was_mixed,,,,WGS,BIOMARKERS_ASSAYS|ENVIRONMENT_GEOSPATIAL|GENOTYPING_IMPUTATION|IMAGING|PHYSICAL_MEASURES|QUESTIONNAIRES_ASSESSMENT,"Age and Risk Adjusted Trajectories of Retinal Neural Loss in UK Biobank Using Deep-Learning RNFL from Fundus Photos, Benchmarked to OCT, with Genetic, Metabolomic and Epigenetic Modifiers",https://www.ukbiobank.ac.uk/projects/age-and-risk-adjusted-trajectories-of-retinal-neural-loss-in-uk-biobank-using-deep-learning-rnfl-from-fundus-photos-benchmarked-to-oct-with-genetic-metabolomic-and-epigenetic-modifiers/
1035459,2026-01-06,after_policy,C1,MIXED,HIGH,CONTROL_CANDIDATE_C1,explicit_sequence_data_wording,Schema 27 title/notes plus UKB Projects website excerpt,post_policy_project_text,"schema27_title: Genomic Inference of Blood Group and Immune-Relevant Antigen Systems schema27_notes: We aim to use UK Biobank's whole genome sequencing data to discover the genomic determinants of clinically relevant antigen systems, with a focus on the ABO and Rh systems as well as additional genomic regions of immunological and...",Whole genome sequencing data,whole genome sequencing / whole-genome sequence,C1_WHOLE_GENOME_SEQUENCE,HIGH_NEEDS_MIXED_REVIEW,yes,previous_stage3_classification_was_mixed,,,,WGS,GENOTYPING_IMPUTATION,Genomic Inference of Blood Group and Immune-Relevant Antigen Systems,https://www.ukbiobank.ac.uk/projects/genomic-inference-of-blood-group-and-immune-relevant-antigen-systems/
1040080,2026-01-22,after_policy,C1,MIXED,HIGH,CONTROL_CANDIDATE_C1,explicit_sequence_data_wording,Schema 27 title/notes plus UKB Projects website excerpt,post_policy_project_text,"...s ""missing heritability,"" but detecting them requires very large sample sizes and detailed data. The UK Biobank, with its large cohort (~500,000 participants), prospective design, whole-genome sequencing data, rich environmental information, and multi-modal imaging subset, provides an unprecedented opportunity to overcome the power limitations of previous studies and systematicall...",Whole genome sequencing data,whole genome sequencing / whole-genome sequence,C1_WHOLE_GENOME_SEQUENCE,HIGH_NEEDS_MIXED_REVIEW,yes,previous_stage3_classification_was_mixed,,,,WGS,ENVIRONMENT_GEOSPATIAL|GENOTYPING_IMPUTATION|IMAGING|QUESTIONNAIRES_ASSESSMENT,Using Genome-wide interaction association analysis to identify interactive effects of hyperlipidemia and pathway on cancer,https://www.ukbiobank.ac.uk/projects/using-genome-wide-interaction-association-analysis-to-identify-interactive-effects-of-hyperlipidemia-and-pathway-on-cancer/
1045085,2025-11-04,after_policy,C1,MIXED,HIGH,CONTROL_CANDIDATE_C1,explicit_sequence_data_wording,Schema 27 title/notes plus UKB Projects website excerpt,post_policy_project_text,"...ging, biomarkers, and lifestyle/environmental exposures; (4) identify candidate biomarkers and pathways for prevention or treatment. Data requested: genetic data (genotyping, WES, WGS, telomere length); proteomics (Olink panels); metabolomics (NMR biomarkers); clinical biomarkers; imaging (thoracic/body MRI, CT, DEXA, ultrasound); cancer registry, HES, mortalit...",Whole genome sequencing data,WGS,C1_WGS_ABBREVIATION,HIGH_NEEDS_MIXED_REVIEW,yes,previous_stage3_classification_was_mixed,,,,WES|WGS,BIOMARKERS_ASSAYS|ENVIRONMENT_GEOSPATIAL|GENOTYPING_IMPUTATION|IMAGING|LINKED_HEALTH_RECORDS|QUESTIONNAIRES_ASSESSMENT,"Genetic, Transcriptomic, Proteomic and Metabolomic Integration for Lung Cancer and Other Thoracic Diseases: A Multi-Omics GWAS/TWAS Study in UK Biobank",https://www.ukbiobank.ac.uk/projects/genetic-transcriptomic-proteomic-and-metabolomic-integration-for-lung-cancer-and-other-thoracic-diseases-a-multi-omics-gwas-twas-study-in-uk-biobank/
1055001,2026-02-09,after_policy,C1,MIXED,HIGH,CONTROL_CANDIDATE_C1,explicit_sequence_data_wording,Schema 27 title/notes plus UKB Projects website excerpt,post_policy_project_text,"...lly, genetics associations with predicted brain age will be explored for all three modalities separately and combinatorially for common and rare variants using genetics data (WES, WGS). Associations with prescription drug and co-morbidity patterns will be also explored. This project will run for 3 years and we hypothesize that by using advanced transformer-base...",Whole genome sequencing data,WGS,C1_WGS_ABBREVIATION,HIGH_NEEDS_MIXED_REVIEW,yes,previous_stage3_classification_was_mixed,,,,WES|WGS,BIOMARKERS_ASSAYS|IMAGING,Exploration of Brain Aging Using Multi-modal Data,https://www.ukbiobank.ac.uk/projects/exploration-of-brain-aging-using-multi-modal-data/
1059547,2026-03-05,after_policy,C1,MIXED,HIGH,CONTROL_CANDIDATE_C1,explicit_sequence_data_wording,Schema 27 title/notes plus UKB Projects website excerpt,post_policy_project_text,"...reaction time, brain size, and cognitive functions from whole-genome sequencing in the UK Biobank schema27_notes: Our research aims to conduct the largest whole-genome sequencing (WGS)-based genome-wide association study (GWAS) of reaction time to date, examining its genetic overlap with cognitive ability and brain volume. Twin studies indicate moderate heritab...",Whole genome sequencing data,WGS,C1_WGS_ABBREVIATION,HIGH_NEEDS_MIXED_REVIEW,yes,previous_stage3_classification_was_mixed,,,,WGS,GENOTYPING_IMPUTATION|IMAGING|QUESTIONNAIRES_ASSESSMENT,"Genetic architecture of reaction time, brain size, and cognitive functions from whole-genome sequencing in the UK Biobank",https://www.ukbiobank.ac.uk/projects/genetic-architecture-of-reaction-time-brain-size-and-cognitive-functions-from-whole-genome-sequencing-in-the-uk-biobank/
1060209,2025-11-21,after_policy,C1,MIXED,HIGH,CONTROL_CANDIDATE_C1,explicit_sequence_data_wording,Schema 27 title/notes plus UKB Projects website excerpt,post_policy_project_text,"...sis of Sepsis-associated encephalopathy (SAE) remains unclear, and effective early diagnostic and treatment methods are lacking. This study aims to perform whole exome sequencing (WES) on peripheral blood samples and combine genomic and clinical data from the UK Biobank (UKB) to identify pathogenic genes for SAE and explore their mechanisms in nerve injury. 2....",Whole exome sequencing data,WES,C1_WES_ABBREVIATION,HIGH_NEEDS_MIXED_REVIEW,yes,previous_stage3_classification_was_mixed,,,,WES,BIOMARKERS_ASSAYS|IMAGING,Identification of key pathogenic genes for sepsis-associated encephalopathy based on whole exome sequencing analysis of human peripheral blood,https://www.ukbiobank.ac.uk/projects/identification-of-key-pathogenic-genes-for-sepsis-associated-encephalopathy-based-on-whole-exome-sequencing-analysis-of-human-peripheral-blood/
1072759,2026-03-02,after_policy,C1,MIXED,HIGH,CONTROL_CANDIDATE_C1,explicit_sequence_data_wording,Schema 27 title/notes plus UKB Projects website excerpt,post_policy_project_text,"...these limitations by applying computational strategies that can accurately estimate paralog- and allele-specific copy numbers at scale. Using UK Biobank's whole genome sequencing (WGS) and SNP array data, we will: 1) Identify CNVs under selection by comparing frequency patterns across ancestry groups, highlighting loci that may have evolved under environmental...",Whole genome sequencing data,WGS,C1_WGS_ABBREVIATION,HIGH_NEEDS_MIXED_REVIEW,yes,previous_stage3_classification_was_mixed,,,,WGS,GENOTYPING_IMPUTATION|PHYSICAL_MEASURES|QUESTIONNAIRES_ASSESSMENT,Genome-wide investigation of copy number variation under selection and its phenotypic and public health implications across populations,https://www.ukbiobank.ac.uk/projects/genome-wide-investigation-of-copy-number-variation-under-selection-and-its-phenotypic-and-public-health-implications-across-populations/
1090256,2026-01-08,after_policy,C1,MIXED,HIGH,CONTROL_CANDIDATE_C1,explicit_sequence_data_wording,Schema 27 title/notes plus UKB Projects website excerpt,post_policy_project_text,"...ean muscle mass and their contribution to cardiometabolic diseases schema27_notes: Our project aims to leverage the newly available UK Biobank (UKBB) 500k Whole Genome Sequencing (WGS) data, released at the end of last year, in combination with existing DXA scan data to conduct a genome-wide association study (GWAS) on fat and lean muscle distribution. Previous...",Whole genome sequencing data,WGS,C1_WGS_ABBREVIATION,HIGH_NEEDS_MIXED_REVIEW,yes,previous_stage3_classification_was_mixed,,,,WGS,GENOTYPING_IMPUTATION|IMAGING,To identify genetic risk loci associated with fat and lean muscle mass and their contribution to cardiometabolic diseases,https://www.ukbiobank.ac.uk/projects/to-identify-genetic-risk-loci-associated-with-fat-and-lean-muscle-mass-and-their-contribution-to-cardiometabolic-diseases/
1110364,2026-03-13,after_policy,C1,MIXED,HIGH,CONTROL_CANDIDATE_C1,explicit_sequence_data_wording,Schema 27 title/notes plus UKB Projects website excerpt,post_policy_project_text,"...l genomics data provides unprecedented resolution of regulatory architecture, enabling principled aggregation of rare variants within biologically meaningful units. The UK Biobank whole-genome sequences, combined with deep phenotyping, offer sufficient sample size and variant density to detect these effects. This work will resolve a critical gap in our understanding of genetic a...",Whole genome sequencing data,whole genome sequencing / whole-genome sequence,C1_WHOLE_GENOME_SEQUENCE,HIGH_NEEDS_MIXED_REVIEW,yes,previous_stage3_classification_was_mixed,,,,WES|WGS,GENOTYPING_IMPUTATION,Examining the genetic architecture of complex traits across the coding and non-coding genome,https://www.ukbiobank.ac.uk/projects/examining-the-genetic-architecture-of-complex-traits-across-the-coding-and-non-coding-genome/
1127878,2025-12-24,after_policy,C1,MIXED,HIGH,CONTROL_CANDIDATE_C1,explicit_sequence_data_wording,Schema 27 title/notes plus UKB Projects website excerpt,post_policy_project_text,...causal biological pathways and gene-environment interactions that are invisible to genomic analysis alone. Our objectives are to: 1. Expand the genetic atlas: Utilize whole-genome/exome sequencing and structural variation data to identify novel common and rare genetic determinants for these cardiac conditions. 2. Map genotype-to-phenotype pathways: Integrate proteomics and...,Whole exome sequencing data,exome sequencing / exome sequence,C1_EXOME_SEQUENCE,HIGH_NEEDS_MIXED_REVIEW,yes,previous_stage3_classification_was_mixed,,,,WES,BIOMARKERS_ASSAYS|GENOTYPING_IMPUTATION|QUESTIONNAIRES_ASSESSMENT,"Multi-Omics Integration for Precision Cardiology: Elucidating the Pathobiology of Cardiomyopathy, Heart Failure, and Myocardial Infarction",https://www.ukbiobank.ac.uk/projects/multi-omics-integration-for-precision-cardiology-elucidating-the-pathobiology-of-cardiomyopathy-heart-failure-and-myocardial-infarction/
1128609,2025-11-27,after_policy,C1,MIXED,HIGH,CONTROL_CANDIDATE_C1,explicit_sequence_data_wording,Schema 27 title/notes plus UKB Projects website excerpt,post_policy_project_text,"...ignatures distinguish patients at risk of progressive multi-organ failure? How do imaging biomarkers reflect underlying molecular mechanisms? We will integrate genomic data (GWAS, exome sequencing), metabolomic profiles (Nightingale platform), proteomic data (Olink panels), and clinical imaging (chest/abdominal CT, echocardiography) from UK Biobank participants with sepsis...",Whole exome sequencing data,exome sequencing / exome sequence,C1_EXOME_SEQUENCE,HIGH_NEEDS_MIXED_REVIEW,yes,previous_stage3_classification_was_mixed,,,,WES,BIOMARKERS_ASSAYS|GENOTYPING_IMPUTATION|IMAGING,"Multi-Omics Profiling of Sepsis and Multi-Organ Failure: Integrating Genomics, Metabolomics, Proteomics and Imaging Biomarkers",https://www.ukbiobank.ac.uk/projects/multi-omics-profiling-of-sepsis-and-multi-organ-failure-integrating-genomics-metabolomics-proteomics-and-imaging-biomarkers/
1145019,2026-02-26,after_policy,C1,MIXED,HIGH,CONTROL_CANDIDATE_C1,explicit_sequence_data_wording,Schema 27 title/notes plus UKB Projects website excerpt,post_policy_project_text,...ins unexplained. This project will identify rare genetic variants associated with MS risk and progression using UK Biobank's comprehensive genetic and health data. We will analyze whole exome sequencing data from MS patients and control participants. Our study has three complementary aims: Aim 1: Rare Variant Discovery - We will perform association tests to identify rare coding v...,Whole exome sequencing data,whole exome sequencing / whole-exome sequence,C1_WHOLE_EXOME_SEQUENCE,HIGH_NEEDS_MIXED_REVIEW,yes,previous_stage3_classification_was_mixed,,,,WES,BIOMARKERS_ASSAYS|GENOTYPING_IMPUTATION|IMAGING,Uncovering Genetic Determinants of Risk and Progression in Multiple Sclerosis through Rare and Common Variant Analyses,https://www.ukbiobank.ac.uk/projects/uncovering-genetic-determinants-of-risk-and-progression-in-multiple-sclerosis-through-rare-and-common-variant-analyses/
1146751,2026-02-09,after_policy,C1,MIXED,HIGH,CONTROL_CANDIDATE_C1,explicit_sequence_data_wording,Schema 27 title/notes plus UKB Projects website excerpt,post_policy_project_text,"...ives: 1. Characterize epidemiological patterns, subtype differences, and comorbidities of sleep disorders; 2. Identify genetic susceptibility loci and risk profiles via GWAS, PRS, WGS, and exome data; 3. Integrate biochemical, metabolic, immune, and proteomic data to reveal molecular mechanisms and systemic biological pathways; 4. Use MRI, fMRI, and DTI to inve...",Whole genome sequencing data,WGS,C1_WGS_ABBREVIATION,HIGH_NEEDS_MIXED_REVIEW,yes,previous_stage3_classification_was_mixed,,,,WES|WGS,BIOMARKERS_ASSAYS|GENOTYPING_IMPUTATION|IMAGING|LINKED_HEALTH_RECORDS|QUESTIONNAIRES_ASSESSMENT,"Comprehensive multimodal investigation of sleep disorders: an integrative epidemiological, genetic, metabolic, and neurological analysis using UK Biobank data",https://www.ukbiobank.ac.uk/projects/comprehensive-multimodal-investigation-of-sleep-disorders-an-integrative-epidemiological-genetic-metabolic-and-neurological-analysis-using-uk-biobank-data/
1155908,2026-01-12,after_policy,C1,MIXED,HIGH,CONTROL_CANDIDATE_C1,explicit_sequence_data_wording,Schema 27 title/notes plus UKB Projects website excerpt,post_policy_project_text,"...s, and physical activity records. Artificial intelligence methods will be employed for longitudinal analysis to assess disease progression over time. Genetic analyses will utilize whole-genome sequencing data to identify novel susceptibility loci. website_excerpt: Background Metabolic diseases represent a growing global health burden, with complex inter-organ interactions and freq...",Whole genome sequencing data,whole genome sequencing / whole-genome sequence,C1_WHOLE_GENOME_SEQUENCE,HIGH_NEEDS_MIXED_REVIEW,yes,previous_stage3_classification_was_mixed,,,,WGS,BIOMARKERS_ASSAYS|GENOTYPING_IMPUTATION|IMAGING|QUESTIONNAIRES_ASSESSMENT,"Multi-organ Metabolic Disease Progression, Multimorbidity Patterns, and Modifiable Risk Factors: A Comprehensive Analysis Using UK Biobank Data",https://www.ukbiobank.ac.uk/projects/multi-organ-metabolic-disease-progression-multimorbidity-patterns-and-modifiable-risk-factors-a-comprehensive-analysis-using-uk-biobank-data/
1181978,2026-01-23,after_policy,C1,MIXED,HIGH,CONTROL_CANDIDATE_C1,explicit_sequence_data_wording,Schema 27 title/notes plus UKB Projects website excerpt,post_policy_project_text,"...loci, including coding, non-coding, and rare variants, are associated with susceptibility to neurodegenerative diseases? Research Objectives 1.To integrate and process UK Biobank WGS data, IDPs, proteomics, metabolomics, and deep phenotypic data. 2.To identify novel disease-associated genetic loci and infer causal relationships between risk factors and disease...",Whole genome sequencing data,WGS,C1_WGS_ABBREVIATION,HIGH_NEEDS_MIXED_REVIEW,yes,previous_stage3_classification_was_mixed,,,,WGS,BIOMARKERS_ASSAYS|GENOTYPING_IMPUTATION|QUESTIONNAIRES_ASSESSMENT,"Revisiting Cognitive lmpairment: The Crosstalk between Neurodegeneration, Inflammation, Metabolism, Psychosocial Homeostasis, Sex Hormones, and Aging",https://www.ukbiobank.ac.uk/projects/revisiting-cognitive-lmpairment-the-crosstalk-between-neurodegeneration-inflammation-metabolism-psychosocial-homeostasis-sex-hormones-and-aging/
1191215,2026-02-25,after_policy,C1,MIXED,HIGH,CONTROL_CANDIDATE_C1,explicit_sequence_data_wording,Schema 27 title/notes plus UKB Projects website excerpt,post_policy_project_text,"...e. UKB's deep phenotyping enables differentiation of true cancer signals from aging or benign pulmonary comorbidities (e.g., COPD) that often confound liquid biopsies. Integrating WGS with functional readouts supports a comprehensive genotype-to-phenotype discovery approach. Research Questions: Are specific multiomic features differentially expressed in pre-dia...",Whole genome sequencing data,WGS,C1_WGS_ABBREVIATION,HIGH_NEEDS_MIXED_REVIEW,yes,previous_stage3_classification_was_mixed,,,,WGS,BIOMARKERS_ASSAYS|ENVIRONMENT_GEOSPATIAL|GENOTYPING_IMPUTATION,Integrated Multiomics Analysis of Whole Genome Sequencing and Circulating Biomarkers for Early-Stage Lung Cancer Detection,https://www.ukbiobank.ac.uk/projects/integrated-multiomics-analysis-of-whole-genome-sequencing-and-circulating-biomarkers-for-early-stage-lung-cancer-detection/
1197815,2026-03-06,after_policy,C1,MIXED,HIGH,CONTROL_CANDIDATE_C1,explicit_sequence_data_wording,Schema 27 title/notes plus UKB Projects website excerpt,post_policy_project_text,...criteria? 3. Do combined inflammatory/myocardial injury biomarkers predict heart failure outcomes in HCM/Fabry disease? Objectives: 1. Identify novel cardiomyopathy genes via UKB WGS burden testing excluding established pathogenic genes 2. To develop and validate a multimodal Transformer model integrating 12-lead ECG (20205) and cardiac MRI (20212) for cardiom...,Whole genome sequencing data,WGS,C1_WGS_ABBREVIATION,HIGH_NEEDS_MIXED_REVIEW,yes,previous_stage3_classification_was_mixed,,,,WGS,BIOMARKERS_ASSAYS|IMAGING,Multimodal AI for Precision Management of Cardiomyopathies: From Pathogenic Decoding to Dynamic Prognosis,https://www.ukbiobank.ac.uk/projects/multimodal-ai-for-precision-management-of-cardiomyopathies-from-pathogenic-decoding-to-dynamic-prognosis/
1203422,2026-04-15,after_policy,C1,MIXED,HIGH,CONTROL_CANDIDATE_C1,explicit_sequence_data_wording,Schema 27 title/notes plus UKB Projects website excerpt,post_policy_project_text,"...severe bilateral cases, leaving adult-onset or mild unilateral presentations understudied. Leveraging the unique resource in the UK Biobank (large-scale abdominal MRI, whole-exome/whole-genome sequencing, serum/urine biomarkers, and linked health records), we are interested in investigating the following research questions: 1. What is the prevalence and phenotypic spectrum of unil...",Whole genome sequencing data,whole genome sequencing / whole-genome sequence,C1_WHOLE_GENOME_SEQUENCE,HIGH_NEEDS_MIXED_REVIEW,yes,previous_stage3_classification_was_mixed,,,,WGS,BIOMARKERS_ASSAYS|GENOTYPING_IMPUTATION|IMAGING|LINKED_HEALTH_RECORDS|QUESTIONNAIRES_ASSESSMENT,Molecular and genetic analysis of unilateral renal diseases,https://www.ukbiobank.ac.uk/projects/molecular-and-genetic-analysis-of-unilateral-renal-diseases/
1224298,2026-03-28,after_policy,C1,MIXED,HIGH,CONTROL_CANDIDATE_C1,explicit_sequence_data_wording,Schema 27 title/notes plus UKB Projects website excerpt,post_policy_project_text,"...quency greater than or equal to 2%. While CHIP elevates the risk of subsequent cancer, the precise mechanistic links remain unclear. The rich resources of the UK Biobank-including exome sequencing, serial hematology and biochemistry measurements, Olink proteomics, and cancer registry linkages-provide a unique opportunity to causally dissect the role of CHIP-driven immune dy...",Whole exome sequencing data,exome sequencing / exome sequence,C1_EXOME_SEQUENCE,HIGH_NEEDS_MIXED_REVIEW,yes,previous_stage3_classification_was_mixed,,,,WES,BIOMARKERS_ASSAYS|GENOTYPING_IMPUTATION|LINKED_HEALTH_RECORDS,"Integrating Clonal Hematopoiesis (CHIP) with Blood-Based Biomarkers, Proteomics and Genetics for Prediction and Causal Inference of Hematologic Malignancies in UK Biobank",https://www.ukbiobank.ac.uk/projects/integrating-clonal-hematopoiesis-chip-with-blood-based-biomarkers-proteomics-and-genetics-for-prediction-and-causal-inference-of-hematologic-malignancies-in-uk-biobank/
1245371,2026-04-12,after_policy,C1,MIXED,HIGH,CONTROL_CANDIDATE_C1,explicit_sequence_data_wording,Schema 27 title/notes plus UKB Projects website excerpt,post_policy_project_text,"...ic targets for neuronopathic Gaucher disease? The objectives of the study are to: (1) identify UK Biobank participants carrying pathogenic or likely pathogenic GBA1 variants using whole-exome sequencing data; (2) characterise neurological and neurodegenerative phenotypes associated with GBA1 variation using linked health records, mortality data, and cognitive measures; and (3) id...",Whole exome sequencing data,whole exome sequencing / whole-exome sequence,C1_WHOLE_EXOME_SEQUENCE,HIGH_NEEDS_MIXED_REVIEW,yes,previous_stage3_classification_was_mixed,,,,WES,LINKED_HEALTH_RECORDS,Identification of Genetic Modifiers and Novel Therapeutic Targets for GBA1-associated Neuronopathic Gaucher Disease,https://www.ukbiobank.ac.uk/projects/identification-of-genetic-modifiers-and-novel-therapeutic-targets-for-gba1-associated-neuronopathic-gaucher-disease/
1280646,2026-03-18,after_policy,C1,NEWLY_RAP_BOUND,HIGH,CONTROL_CANDIDATE_C1,explicit_sequence_data_wording,Schema 27 title/notes plus UKB Projects website excerpt,post_policy_project_text,"...nvolved in kidney-related ageing processes. Genetic analyses, including genome-wide association studies, polygenic risk scores and selected analyses of rare variants from exome or genome sequencing data, will be used to explore shared genetic architecture between kidney function and ageing-related traits. Advanced statistical modelling, causal inference approaches such as Mendeli...",Whole genome sequencing data,genome sequence data / genomic sequence data,C1_GENOME_SEQUENCE_DATA,HIGH,no,,,,,,BIOMARKERS_ASSAYS|GENOTYPING_IMPUTATION|IMAGING,"Kidney dysfunction and systemic ageing: a multi-modal investigation of brain, immune and genetic ageing phenotypes in the UK Biobank",https://www.ukbiobank.ac.uk/projects/kidney-dysfunction-and-systemic-ageing-a-multi-modal-investigation-of-brain-immune-and-genetic-ageing-phenotypes-in-the-uk-biobank/
1318956,2026-04-05,after_policy,C1,MIXED,HIGH,CONTROL_CANDIDATE_C1,explicit_sequence_data_wording,Schema 27 title/notes plus UKB Projects website excerpt,post_policy_project_text,"...This project constitutes the core of my doctoral dissertation. The primary objectives are: 1) To systematically evaluate the joint effects of polygenic/monogenic traits (using WES/WGS data) and comprehensive lifestyle factors on CAD incidence. 2) To exploit imaging data (e.g., cardiac MRI, abdominal MRI) to explore the prognostic value of body composition (such...",Whole genome sequencing data,WGS,C1_WGS_ABBREVIATION,HIGH_NEEDS_MIXED_REVIEW,yes,previous_stage3_classification_was_mixed,,,,WES|WGS,BIOMARKERS_ASSAYS|GENOTYPING_IMPUTATION|IMAGING|LINKED_HEALTH_RECORDS|PHYSICAL_MEASURES|QUESTIONNAIRES_ASSESSMENT,"Comprehensive profiling of genetic, multi-omics, imaging, and lifestyle determinants for the trajectory and prognosis of coronary artery disease",https://www.ukbiobank.ac.uk/projects/comprehensive-profiling-of-genetic-multi-omics-imaging-and-lifestyle-determinants-for-the-trajectory-and-prognosis-of-coronary-artery-disease/
16013,2016-02-01,before_policy,C3,NEWLY_RAP_BOUND,HIGH,CONTROL_CANDIDATE_C3,broader_contextual_sequence_evidence,Schema 27 title/notes plus UKB Projects website excerpt,pre_policy_project_text,"...k of certain complex diseases. Methods: Apply standard statistical tests such as logistic regression and fishers exact test to identify disease protective variants, or to identify loss-of-function variants or mendelian pathogenic variants associated with complex diseases. Currently we are interested in the following diseases, which will be based on diagnosis in electronic medical re...",Likely WES/WGS rare coding variant analysis,loss-of-function / pLoF / protein-truncating variants,C3_LOF_PLOF,MEDIUM_CONTEXTUAL,yes,lower_than_C1_C2_precision_layer,,,,,GENOTYPING_IMPUTATION|LINKED_HEALTH_RECORDS,"Integrative analysis of disease association variants and electronic medical records to delineate the genetic mechanisms of human diseases, identify novel drug targets, and enable drug repositioning.",https://www.ukbiobank.ac.uk/projects/integrative-analysis-of-disease-association-variants-and-electronic-medical-records-to-delineate-the-genetic-mechanisms-of-human-diseases-identify-novel-drug-targets-and-enable-drug-repositioning/
16097,2016-01-01,before_policy,C3,NEWLY_RAP_BOUND,HIGH,CONTROL_CANDIDATE_C3,broader_contextual_sequence_evidence,Schema 27 title/notes plus UKB Projects website excerpt,pre_policy_project_text,"...ific Aim 1: To predict potential for repurposing or cardiovascular side effects of known drug targets using genetic information We will perform single variant analyses, as well as burden tests (combining all protein-disrupting variants within a gene), for all genes encoding known drugs targets in relation to cardiovascular outcomes, as well as with common cardiovascula...",Likely WES/WGS rare variant burden analysis,gene burden / variant burden / collapsing analysis,C3_BURDEN_TEST,MEDIUM_CONTEXTUAL,yes,lower_than_C1_C2_precision_layer,,,,,GENOTYPING_IMPUTATION,Phenome-wide association studies of drug targets,https://www.ukbiobank.ac.uk/projects/phenome-wide-association-studies-of-drug-targets/
17085,2016-01-01,before_policy,C3,NEWLY_RAP_BOUND,HIGH,CONTROL_CANDIDATE_C3,broader_contextual_sequence_evidence,Schema 27 title/notes plus UKB Projects website excerpt,pre_policy_project_text,"...can hopefully help us to discover novel causal genetic mechanisms and potential biomarkers. Within this project we plan to run GWAS analyses using single marker, CNV and gene-wise burden tests, and combine the results with available data on traits from other cohorts in meta-analysis. As the next step we will run LD score regression across all phenotype pairs to discove...",Likely WES/WGS rare variant burden analysis,gene burden / variant burden / collapsing analysis,C3_BURDEN_TEST,MEDIUM_CONTEXTUAL,yes,lower_than_C1_C2_precision_layer,,,,,BIOMARKERS_ASSAYS|GENOTYPING_IMPUTATION,Dissemination of shared genetics across phenotypes associated with reproductive health and related endophenotypes,https://www.ukbiobank.ac.uk/projects/dissemination-of-shared-genetics-across-phenotypes-associated-with-reproductive-health-and-related-endophenotypes/
21677,2018-03-27,before_policy,C3,NEWLY_RAP_BOUND,HIGH,CONTROL_CANDIDATE_C3,broader_contextual_sequence_evidence,Schema 27 title/notes plus UKB Projects website excerpt,pre_policy_project_text,"...l also request genetic data from all participants to conduct genomewide association studies, estimate rare variant allele frequencies, and identify individuals with potential rare loss-of-function variants within refractive error loci. No biological samples will be requested for this phase of the study. website_excerpt: Refractive errors, which include myopia (shortsightedness) and...",Likely WES/WGS rare coding variant analysis,loss-of-function / pLoF / protein-truncating variants,C3_LOF_PLOF,MEDIUM_CONTEXTUAL,yes,lower_than_C1_C2_precision_layer,,,,,GENOTYPING_IMPUTATION|QUESTIONNAIRES_ASSESSMENT,Genetic and environment studies of myopia and refractive error in the UK Biobank,https://www.ukbiobank.ac.uk/projects/genetic-and-environment-studies-of-myopia-and-refractive-error-in-the-uk-biobank/
24983,2017-02-16,before_policy,C3,NEWLY_RAP_BOUND,HIGH,CONTROL_CANDIDATE_C3,broader_contextual_sequence_evidence,Schema 27 title/notes plus UKB Projects website excerpt,pre_policy_project_text,"...sociations with the tree-structure of ICD-10 codes and apply new statistical learning techniques to the summary data. A special class of genetic variants that we will focus on are protein-truncating variants (PTVs), commonly referred to as loss-of-function variants. Scanning for protective PTVs has been a successful strategy. These protective genetic variants reveal a process that is...",Likely WES/WGS rare coding variant analysis,loss-of-function / pLoF / protein-truncating variants,C3_LOF_PLOF,MEDIUM_CONTEXTUAL,yes,lower_than_C1_C2_precision_layer,,,,,GENOTYPING_IMPUTATION|LINKED_HEALTH_RECORDS,Generating effective therapeutic hypotheses from genomic and hospital linkage data,https://www.ukbiobank.ac.uk/projects/generating-effective-therapeutic-hypotheses-from-genomic-and-hospital-linkage-data/
32974,2019-01-09,before_policy,C3,NEWLY_RAP_BOUND,HIGH,CONTROL_CANDIDATE_C3,broader_contextual_sequence_evidence,Schema 27 title/notes plus UKB Projects website excerpt,pre_policy_project_text,"schema27_title: Rare, functionally validated, nonsense and missense mutations and human anthropometric and metabolic traits schema27_notes: We know that some people carry rare mutations that disrupt the normal function of critical metabolic pathwa...",Likely WES/WGS protein-coding variant analysis,nonsense and missense / rare functional variants,C3_MISSENSE_NONSENSE,MEDIUM_CONTEXTUAL,yes,lower_than_C1_C2_precision_layer,,,,,GENOTYPING_IMPUTATION|PHYSICAL_MEASURES,"Rare, functionally validated, nonsense and missense mutations and human anthropometric and metabolic traits",https://www.ukbiobank.ac.uk/projects/rare-functionally-validated-nonsense-and-missense-mutations-and-human-anthropometric-and-metabolic-traits/
42890,2019-02-22,before_policy,C3,NEWLY_RAP_BOUND,HIGH,CONTROL_CANDIDATE_C3,broader_contextual_sequence_evidence,Schema 27 title/notes plus UKB Projects website excerpt,pre_policy_project_text,"schema27_title: Association of loss-of-function variants and incompletely penetrant alleles with UKBB phenotypes schema27_notes: Even though we have created genetic data for a very large number of people, we still don't know the clinica...",Likely WES/WGS rare coding variant analysis,loss-of-function / pLoF / protein-truncating variants,C3_LOF_PLOF,MEDIUM_CONTEXTUAL,yes,lower_than_C1_C2_precision_layer,,,,,GENOTYPING_IMPUTATION,Association of loss-of-function variants and incompletely penetrant alleles with UKBB phenotypes,https://www.ukbiobank.ac.uk/projects/association-of-loss-of-function-variants-and-incompletely-penetrant-alleles-with-ukbb-phenotypes/
45270,2019-12-18,before_policy,C3,NEWLY_RAP_BOUND,HIGH,CONTROL_CANDIDATE_C3,broader_contextual_sequence_evidence,Schema 27 title/notes plus UKB Projects website excerpt,pre_policy_project_text,"...red genetically defined complex disorders such as AMD and DR. For example, with 50% or more of the heritability of AMD already explained by two major loci harboring coding and non-coding variation at chromosomes 1q (CFH) and 10q (ARMS2/HTRA1). So it's available to identify some ocular diseases through genetic classifier. We expect to finish this project in 3 years. If all g...",Likely WES/WGS coding variant analysis,rare coding variants / coding variation,C3_RARE_CODING,MEDIUM_CONTEXTUAL,yes,lower_than_C1_C2_precision_layer,,,,,GENOTYPING_IMPUTATION|IMAGING,An artificial intelligence algorithm based on deep learning and molecular diagnosis for identifying ocular diseases.,https://www.ukbiobank.ac.uk/projects/an-artificial-intelligence-algorithm-based-on-deep-learning-and-molecular-diagnosis-for-identifying-ocular-diseases/
47061,2019-03-12,before_policy,C3,NEWLY_RAP_BOUND,HIGH,CONTROL_CANDIDATE_C3,broader_contextual_sequence_evidence,Schema 27 title/notes plus UKB Projects website excerpt,pre_policy_project_text,"schema27_title: Comparing polygenic risk and predicted loss-of-function (pLoF) variants in a healthy ageing cohort (ASPREE) with the UK Biobank, across a range of disease and health-related phenotypes schema27_notes: Our research aims to determine if...",Likely WES/WGS rare coding variant analysis,loss-of-function / pLoF / protein-truncating variants,C3_LOF_PLOF,MEDIUM_CONTEXTUAL,yes,lower_than_C1_C2_precision_layer,,,,,GENOTYPING_IMPUTATION,"Comparing polygenic risk and predicted loss-of-function (pLoF) variants in a healthy ageing cohort (ASPREE) with the UK Biobank, across a range of disease and health-related phenotypes",https://www.ukbiobank.ac.uk/projects/comparing-polygenic-risk-and-predicted-loss-of-function-plof-variants-in-a-healthy-ageing-cohort-aspree-with-the-uk-biobank-across-a-range-of-disease-and-health-related-phenotypes/
48839,2019-10-01,before_policy,C3,UNCLEAR,LOW,CONTROL_CANDIDATE_C3,broader_contextual_sequence_evidence,Schema 27 title/notes plus UKB Projects website excerpt,pre_policy_project_text,"schema27_title: Evaluating the effects of coding variation in inflammatory genes in cardio-metabolic disease schema27_notes: Diabetes and pre-diabetes, which are associated with increased blood glucose (sugar) are very common conditions t...",Likely WES/WGS coding variant analysis,rare coding variants / coding variation,C3_RARE_CODING,MEDIUM_CONTEXTUAL,yes,lower_than_C1_C2_precision_layer,,,,,,Evaluating the effects of coding variation in inflammatory genes in cardio-metabolic disease,https://www.ukbiobank.ac.uk/projects/evaluating-the-effects-of-coding-variation-in-inflammatory-genes-in-cardio-metabolic-disease/
50092,2019-11-29,before_policy,C3,UNCLEAR,LOW,CONTROL_CANDIDATE_C3,broader_contextual_sequence_evidence,Schema 27 title/notes plus UKB Projects website excerpt,pre_policy_project_text,"...en tests them against specific cancer groups. We have programs that can find the bad variants quickly across all samples. Our research will give an overview of such cancer-causing variant burden and provide a landscape that depicts risks due to specific genes in different cancer types. website_excerpt: We know of some genes that cause high risk of cancers, such as BRCA1/2...",Likely WES/WGS rare variant burden analysis,gene burden / variant burden / collapsing analysis,C3_BURDEN_TEST,MEDIUM_CONTEXTUAL,yes,lower_than_C1_C2_precision_layer,,,,,,Delineating Germline Genes that Predispose to Cancer,https://www.ukbiobank.ac.uk/projects/delineating-germline-genes-that-predispose-to-cancer/
65332,2020-11-25,before_policy,C3,UNCLEAR,LOW,CONTROL_CANDIDATE_C3,broader_contextual_sequence_evidence,Schema 27 title/notes plus UKB Projects website excerpt,pre_policy_project_text,"...in genetic risk in CKD. Few studies have looked at the role of rare variants and none specifically focus on genes involved in nephron development. We propose to use a rare variant collapsing analysis approach focusing on developmental genes to determine their role in genetic risk in CKD. Through the successful completion of this project, we anticipate the addition of invaluabl...",Likely WES/WGS rare variant burden analysis,gene burden / variant burden / collapsing analysis,C3_BURDEN_TEST,MEDIUM_CONTEXTUAL,yes,lower_than_C1_C2_precision_layer,,,,,,Rare genetic variants in renal developmental genes and the development of chronic kidney disease,https://www.ukbiobank.ac.uk/projects/rare-genetic-variants-in-renal-developmental-genes-and-the-development-of-chronic-kidney-disease/
65537,2021-04-28,before_policy,C3,UNCLEAR,LOW,CONTROL_CANDIDATE_C3,broader_contextual_sequence_evidence,Schema 27 title/notes plus UKB Projects website excerpt,pre_policy_project_text,"...ctive of this project is to significantly improve our understanding of the complexity of AD, and common genetic mechanisms in aging and AD, with special emphases on regulatory and rare functional variants involved in aging and AD-related traits, and on joint influence (additive, and gene x gene interaction effects) of genes from pathways relevant to both AD and aging, on AD onset a...",Likely WES/WGS protein-coding variant analysis,nonsense and missense / rare functional variants,C3_MISSENSE_NONSENSE,MEDIUM_CONTEXTUAL,yes,lower_than_C1_C2_precision_layer,,,,,,"Genetics of Aging, Health, and Longevity: Focus on Regulatory Mechanisms and Functional Variants Connecting Aging and Alzheimer's Disease",https://www.ukbiobank.ac.uk/projects/genetics-of-aging-health-and-longevity-focus-on-regulatory-mechanisms-and-functional-variantsconnecting-aging-and-alzheimers-disease/
76398,2021-10-19,before_policy,C3,NEWLY_RAP_BOUND,HIGH,CONTROL_CANDIDATE_C3,broader_contextual_sequence_evidence,Schema 27 title/notes plus UKB Projects website excerpt,pre_policy_project_text,"schema27_title: Rare variant burden and polygenic risk in PKD and Alport syndrome disease severity schema27_notes: Although genomics has been transformative in diagnostics for inherited renal disease, there is consi...",Likely WES/WGS rare variant burden analysis,gene burden / variant burden / collapsing analysis,C3_BURDEN_TEST,MEDIUM_CONTEXTUAL,yes,lower_than_C1_C2_precision_layer,,,,,GENOTYPING_IMPUTATION,Rare variant burden and polygenic risk in PKD and Alport syndrome disease severity,https://www.ukbiobank.ac.uk/projects/rare-variant-burden-and-polygenic-risk-in-pkd-and-alport-syndrome-disease-severity/
76658,2021-11-02,before_policy,C3,NEWLY_RAP_BOUND,HIGH,CONTROL_CANDIDATE_C3,broader_contextual_sequence_evidence,Schema 27 title/notes plus UKB Projects website excerpt,pre_policy_project_text,"...k cohort, which includes ~500,000 participants, (i) to identify associations of the biomarkers with cardiometabolic and cardiovascular disease; (ii) to assess the influence of the loss-of-function variants on their circulating level; and (iii) to test for their causative effect by statistical methods. This research has relevant clinical impact because would help i) to clarify the ro...",Likely WES/WGS rare coding variant analysis,loss-of-function / pLoF / protein-truncating variants,C3_LOF_PLOF,MEDIUM_CONTEXTUAL,yes,lower_than_C1_C2_precision_layer,,,,,BIOMARKERS_ASSAYS,Investigation of genetic variants associated with circulating levels of cardiometabolic biomarkers and outcomes.,https://www.ukbiobank.ac.uk/projects/investigation-of-genetic-variants-associated-with-circulating-levels-of-cardiometabolic-biomarkers-and-outcomes/
85442,2022-04-25,before_policy,C3,NEWLY_RAP_BOUND,HIGH,CONTROL_CANDIDATE_C3,broader_contextual_sequence_evidence,Schema 27 title/notes plus UKB Projects website excerpt,pre_policy_project_text,...he question has now shifted to focus on which genes would serve as good targets for pharmaceutical inhibition. This study aims to confirm previously reported relationships between loss-of-function variants in nine genes with an impact on both cardiovascular biomarker levels and incidence risk of coronary artery disease. While some of the genes we will be validating for this study do...,Likely WES/WGS rare coding variant analysis,loss-of-function / pLoF / protein-truncating variants,C3_LOF_PLOF,MEDIUM_CONTEXTUAL,yes,lower_than_C1_C2_precision_layer,,,,,BIOMARKERS_ASSAYS,UK Biobank validation of 'loss-of-function' gene variants associated with changes in phenotypic expression of cardiovascular biomarkers and disease.,https://www.ukbiobank.ac.uk/projects/uk-biobank-validation-of-loss-of-function-gene-variants-associated-with-changes-in-phenotypic-expression-of-cardiovascular-biomarkers-and-disease/
89742,2022-09-05,before_policy,C3,UNCLEAR,LOW,CONTROL_CANDIDATE_C3,broader_contextual_sequence_evidence,Schema 27 title/notes plus UKB Projects website excerpt,pre_policy_project_text,schema27_title: Investigating the effects of caloric restriction by utilizing loss of function variants in the PLA2G7 gene as a proxy- A UK biobank study schema27_notes: Costly and unsuccessful clinical trials can be avoided by associating genes with the risk of certain diseases. On...,Likely WES/WGS rare coding variant analysis,loss-of-function / pLoF / protein-truncating variants,C3_LOF_PLOF,MEDIUM_CONTEXTUAL,yes,lower_than_C1_C2_precision_layer,,,,,,Investigating the effects of caloric restriction by utilizing loss of function variants in the PLA2G7 gene as a proxy- A UK biobank study,https://www.ukbiobank.ac.uk/projects/investigating-the-effects-of-caloric-restriction-by-utilizing-loss-of-function-variants-in-the-pla2g7-gene-as-a-proxy-a-uk-biobank-study/
96201,2023-07-07,before_policy,C3,NEWLY_RAP_BOUND,HIGH,CONTROL_CANDIDATE_C3,broader_contextual_sequence_evidence,Schema 27 title/notes plus UKB Projects website excerpt,pre_policy_project_text,...ill largely increase the productivity that the industry needs. Human loss-of-function genetic variants provide a natural in vivo model to study the effects of gene inhibition. The pLoF carriers and noncarriers can show long-term consequences of reduced protein levels in humans. Sequencing and annotation artefacts are a tricky problem in loss-of-function variant...,Likely WES/WGS rare coding variant analysis,loss-of-function / pLoF / protein-truncating variants,C3_LOF_PLOF,MEDIUM_CONTEXTUAL,yes,lower_than_C1_C2_precision_layer,,,,,BIOMARKERS_ASSAYS,Assessment of drug target safety issues using human loss-of-function variation,https://www.ukbiobank.ac.uk/projects/assessment-of-drug-target-safety-issues-using-human-loss-of-function-variation/
145111,2025-06-27,after_policy,C3,NEWLY_RAP_BOUND,MEDIUM,CONTROL_CANDIDATE_C3,broader_contextual_sequence_evidence,Schema 27 title/notes plus UKB Projects website excerpt,post_policy_project_text,"...ed on their likelihood of being deleterious, regardless of their location in the genome. The third problem comes from the fact that clinical geneticists struggle to understand non-coding variations. Lastly, we developed an automated approach to interpret mutations detected in both coding and non-coding parts of the DNA, taking into account the three-dimensional architecture...",Likely WES/WGS coding variant analysis,rare coding variants / coding variation,C3_RARE_CODING,MEDIUM_CONTEXTUAL,yes,lower_than_C1_C2_precision_layer,,,,,QUESTIONNAIRES_ASSESSMENT,Exploring the role of non-coding structural variations in common traits and diseases in the UK biobank,https://www.ukbiobank.ac.uk/projects/exploring-the-role-of-non-coding-structural-variations-in-common-traits-and-diseases-in-the-uk-biobank-2/
537816,2025-02-24,after_policy,C3,NEWLY_RAP_BOUND,HIGH,CONTROL_CANDIDATE_C3,broader_contextual_sequence_evidence,Schema 27 title/notes plus UKB Projects website excerpt,post_policy_project_text,"...isease such as of low-density cholesterol or triglycerides. A regulatory variant is a genetic mutation that affects the level at which a gene is expressed but isn't as binary as a loss-of-function variant. Regulatory variants can have a varied effect on the amount, timing, or location of gene activity. They affect how genes are transcribed and translated, leading to specific protei...",Likely WES/WGS rare coding variant analysis,loss-of-function / pLoF / protein-truncating variants,C3_LOF_PLOF,MEDIUM_CONTEXTUAL,yes,lower_than_C1_C2_precision_layer,,,,,BIOMARKERS_ASSAYS,Validation of regulatory variants associated with changes in phenotypic expression of cardiovascular biomarkers and disease using the UK Biobank,https://www.ukbiobank.ac.uk/projects/validation-of-regulatory-variants-associated-with-changes-in-phenotypic-expression-of-cardiovascular-biomarkers-and-disease-using-the-uk-biobank/
576095,2025-01-22,after_policy,C3,NEWLY_RAP_BOUND,HIGH,CONTROL_CANDIDATE_C3,broader_contextual_sequence_evidence,Schema 27 title/notes plus UKB Projects website excerpt,post_policy_project_text,...stigate genetic variants and their penetrance in CKD. Our initial focus will be to investigate rare genetic variants associated to kidney function and CKD-related phenotypes using burden tests for rare variants and to define the penetrance of pathogenic genetic variants for renal phenotypes in a panel of CKD-related genes (pathogenic and likely pathogenic variants). Re...,Likely WES/WGS rare variant burden analysis,gene burden / variant burden / collapsing analysis,C3_BURDEN_TEST,MEDIUM_CONTEXTUAL,yes,lower_than_C1_C2_precision_layer,,,,,BIOMARKERS_ASSAYS|GENOTYPING_IMPUTATION,The association of genetic variants with kidney function and kidney diseases.,https://www.ukbiobank.ac.uk/projects/the-association-of-genetic-variants-with-kidney-function-and-kidney-diseases/
632195,2025-03-24,after_policy,C3,NEWLY_RAP_BOUND,HIGH,CONTROL_CANDIDATE_C3,broader_contextual_sequence_evidence,Schema 27 title/notes plus UKB Projects website excerpt,post_policy_project_text,"...disease outcomes, uncovering therapeutic targets underpinned by strong genetic evidence. This approach not only validates target relevance but also assesses safety through natural loss-of-function variants and identifies biomarkers to support personalized medicine. By leveraging these data, RNA-based drug discovery can be accelerated, improving success rates and advancing therapeuti...",Likely WES/WGS rare coding variant analysis,loss-of-function / pLoF / protein-truncating variants,C3_LOF_PLOF,MEDIUM_CONTEXTUAL,yes,lower_than_C1_C2_precision_layer,,,,,BIOMARKERS_ASSAYS|GENOTYPING_IMPUTATION,Integrating Genomics and Phenotypic Data to Identify and Assess Therapeutic Targets for Drug Discovery,https://www.ukbiobank.ac.uk/projects/integrating-genomics-and-phenotypic-data-to-identify-and-assess-therapeutic-targets-for-drug-discovery/
823929,2025-10-02,after_policy,C3,NEWLY_RAP_BOUND,HIGH,CONTROL_CANDIDATE_C3,broader_contextual_sequence_evidence,Schema 27 title/notes plus UKB Projects website excerpt,post_policy_project_text,schema27_title: Phenotypic Effects of PRNP Loss-of-Function Variants and Prodromal Biomarkers of Sporadic Creutzfeldt-Jakob Disease in UK Biobank schema27_notes: We aim to advance understanding of human prion biology by addressing two related resea...,Likely WES/WGS rare coding variant analysis,loss-of-function / pLoF / protein-truncating variants,C3_LOF_PLOF,MEDIUM_CONTEXTUAL,yes,lower_than_C1_C2_precision_layer,,,,,BIOMARKERS_ASSAYS|IMAGING,Phenotypic Effects of PRNP Loss-of-Function Variants and Prodromal Biomarkers of Sporadic Creutzfeldt-Jakob Disease in UK Biobank,https://www.ukbiobank.ac.uk/projects/phenotypic-effects-of-prnp-loss-of-function-variants-and-prodromal-biomarkers-of-sporadic-creutzfeldt-jakob-disease-in-uk-biobank/
885984,2025-07-09,after_policy,C3,NEWLY_RAP_BOUND,HIGH,CONTROL_CANDIDATE_C3,broader_contextual_sequence_evidence,Schema 27 title/notes plus UKB Projects website excerpt,post_policy_project_text,"...ssment in asymptomatic populations. Objectives: Uncover disease-specific genetic and proteomic signatures: Integrate plasma proteomics with UK Biobank genomic data to analyze rare variant burdens, polygenic risk scores, and protein expression profiles across thoracic diseases, focusing on lung cancer. Quantify modifiable risk thresholds: Model interactions between lifesty...",Likely WES/WGS rare variant burden analysis,gene burden / variant burden / collapsing analysis,C3_BURDEN_TEST,MEDIUM_CONTEXTUAL,yes,lower_than_C1_C2_precision_layer,,,,,BIOMARKERS_ASSAYS|ENVIRONMENT_GEOSPATIAL|GENOTYPING_IMPUTATION|IMAGING|LINKED_HEALTH_RECORDS|QUESTIONNAIRES_ASSESSMENT,Integrating Multi-Omics and Clinical Dimensions for Precision Management of Thoracic Diseases,https://www.ukbiobank.ac.uk/projects/integrating-multi-omics-and-clinical-dimensions-for-precision-management-of-thoracic-diseases/
998841,2025-09-15,after_policy,C3,UNCLEAR,LOW,CONTROL_CANDIDATE_C3,broader_contextual_sequence_evidence,Schema 27 title/notes plus UKB Projects website excerpt,post_policy_project_text,"...peline. To this end, we will leverage UK Biobank data to inform target discovery and validation at the earliest stages of drug development. Specifically, we aim to: (1) assess how predicted loss-of-function variants in key targets influence disease risk or protection, (2) identify new indication expansion opportunities for existing targets, and (3) discover novel disease-associated g...",Likely WES/WGS rare coding variant analysis,loss-of-function / pLoF / protein-truncating variants,C3_LOF_PLOF,MEDIUM_CONTEXTUAL,yes,lower_than_C1_C2_precision_layer,,,,,,Leveraging human genetics to validate RNAi therapeutic targets,https://www.ukbiobank.ac.uk/projects/leveraging-human-genetics-to-validate-rnai-therapeutic-targets/
1083657,2026-01-05,after_policy,C3,NEWLY_RAP_BOUND,HIGH,CONTROL_CANDIDATE_C3,broader_contextual_sequence_evidence,Schema 27 title/notes plus UKB Projects website excerpt,post_policy_project_text,"...s signatures reveal biological pathways underlying arterial stiffening, clarifying mechanisms beyond traditional risk factors. H4.Leveraging Known Variants and PRS Known gain- and loss-of-function variants (e.g., PCSK9, APOC3, MMP9) and polygenic risk scores (PRS) explain risk-burden discordance in atherosclerosis and arterial stiffness beyond traditional factors. H5.Territory Speci...",Likely WES/WGS rare coding variant analysis,loss-of-function / pLoF / protein-truncating variants,C3_LOF_PLOF,MEDIUM_CONTEXTUAL,yes,lower_than_C1_C2_precision_layer,,,,,GENOTYPING_IMPUTATION|PHYSICAL_MEASURES,Multi-Omics Determinants of Risk-Burden Discordance in Atherosclerosis (DISCORD): Analysis of the UK and Estonian Biobanks,https://www.ukbiobank.ac.uk/projects/multi-omics-determinants-of-risk-burden-discordance-in-atherosclerosis-discord-analysis-of-the-uk-and-estonian-biobanks/
1086271,2026-01-05,after_policy,C3,NEWLY_RAP_BOUND,HIGH,CONTROL_CANDIDATE_C3,broader_contextual_sequence_evidence,Schema 27 title/notes plus UKB Projects website excerpt,post_policy_project_text,"...he following disease axes, which we will use (and publish) to inform clinical trial design, biomarker strategies, and disease understanding: *Axon integrity axis: Protein-altering/LoF variants in NMNAT2 and functional variation in SARM1 (executioner of programmed axon degeneration) modify risk or course of neurodegenerative, neuropathic (eg, CIPN, DPN), and neuro-ophtha...",Likely WES/WGS rare coding variant analysis,loss-of-function / pLoF / protein-truncating variants,C3_LOF_PLOF,MEDIUM_CONTEXTUAL,yes,lower_than_C1_C2_precision_layer,,,,,BIOMARKERS_ASSAYS|GENOTYPING_IMPUTATION|LINKED_HEALTH_RECORDS|PHYSICAL_MEASURES|QUESTIONNAIRES_ASSESSMENT,Genetic Architecture of Axon Resilience and Neuro-Immune Disease,https://www.ukbiobank.ac.uk/projects/genetic-architecture-of-axon-resilience-and-neuro-immune-disease/
1088962,2025-10-30,after_policy,C3,UNCLEAR,LOW,CONTROL_CANDIDATE_C3,broader_contextual_sequence_evidence,Schema 27 title/notes plus UKB Projects website excerpt,post_policy_project_text,"...or loss-of-function (LOF) variants associated with immune-related clinical outcomes, including infections, autoimmune diseases, and immune deficiencies? Objectives: 1. To perform burden tests weighted by function scores to assess the association of rare variants with immune-related diseases in the UKB cohort. 2. To conduct a PheWAS to identify novel associations betwe...",Likely WES/WGS rare variant burden analysis,gene burden / variant burden / collapsing analysis,C3_BURDEN_TEST,MEDIUM_CONTEXTUAL,yes,lower_than_C1_C2_precision_layer,,,,,,Scalable interpretation of genetic variants in inborn errors of immunity to accelerate clinical diagnosis and treatment,https://www.ukbiobank.ac.uk/projects/scalable-interpretation-of-genetic-variants-in-inborn-errors-of-immunity-to-accelerate-clinical-diagnosis-and-treatment/
1171748,2026-01-20,after_policy,C3,NEWLY_RAP_BOUND,HIGH,CONTROL_CANDIDATE_C3,broader_contextual_sequence_evidence,Schema 27 title/notes plus UKB Projects website excerpt,post_policy_project_text,"...tem (CNS) mechanisms remain obscure. We propose a ""genetics-first,"" multi-modal study to bridge genotype to phenotype. Objectives: 1.Genomic Discovery: Perform GWAS and exome rare-variant burden tests for OA progression and post-arthroplasty outcomes, prioritizing receptor and ion-channel gene families (e.g., mechanoreceptors, nociceptors). 2.Molecular Mediation: Integrat...",Likely WES/WGS rare variant burden analysis,gene burden / variant burden / collapsing analysis,C3_BURDEN_TEST,MEDIUM_CONTEXTUAL,yes,lower_than_C1_C2_precision_layer,,,,,BIOMARKERS_ASSAYS|GENOTYPING_IMPUTATION|IMAGING|LINKED_HEALTH_RECORDS|QUESTIONNAIRES_ASSESSMENT,"Systems biology of osteoarthritis and arthroplasty: integrating genomics, proteomics, metabolomics and neuroimaging for target discovery.",https://www.ukbiobank.ac.uk/projects/systems-biology-of-osteoarthritis-and-arthroplasty-integrating-genomics-proteomics-metabolomics-and-neuroimaging-for-target-discovery/
1232132,2026-03-23,after_policy,C3,NEWLY_RAP_BOUND,HIGH,CONTROL_CANDIDATE_C3,broader_contextual_sequence_evidence,Schema 27 title/notes plus UKB Projects website excerpt,post_policy_project_text,"...enabling downstream analyses such as genome-wide association studies (GWAS) to explore the pleiotropic effects of these genes. By leveraging these data, we aim to examine whether loss-of-function variants or altered expression of the identified candidate genes are associated with pain-related traits in humans. Such analyses may help establish translational relevance between animal...",Likely WES/WGS rare coding variant analysis,loss-of-function / pLoF / protein-truncating variants,C3_LOF_PLOF,MEDIUM_CONTEXTUAL,yes,lower_than_C1_C2_precision_layer,,,,,GENOTYPING_IMPUTATION,Analyses of pain-involving genes via genome-wide (GWAS) association studies,https://www.ukbiobank.ac.uk/projects/analyses-of-pain-involving-genes-via-genome-wide-gwas-association-studies/
98512,2025-08-28,after_policy,C4,MIXED,MEDIUM,CONTROL_CANDIDATE_C4,other_pre_policy_rap_only_product,Schema 27 title/notes plus UKB Projects website excerpt,post_policy_project_text,"..., such as electronic medical records, national health registries, and insurance claims data provide vast amounts of high granularity heterogeneous data. An international standard (OMOP) has been developed for health data and accelerating evidence generation from RWD. The EU has recently adopted the same standard for the European Health Data & Evidence Network (E...","OMOP Common Data Model dataset, Field 20142",OMOP / OMOP Common Data Model,C4_OMOP,MEDIUM_VERIFIED_PRODUCT,yes,previous_stage3_classification_was_mixed|lower_than_C1_C2_precision_layer,,,,OMOP_RAP_ONLY,LINKED_HEALTH_RECORDS,"Discovering Polytopes in High Dimensional, Heterogeneous Datasets using Bayesian Archetypal Analysis",https://www.ukbiobank.ac.uk/projects/discovering-polytopes-in-high-dimensional-heterogeneous-datasets-using-bayesian-archetypal-analysis/
19934,2016-05-01,before_policy,C5,NEWLY_RAP_BOUND,HIGH,CONTROL_CANDIDATE_C5,direct_pre_policy_rap_use_evidence,"Schema 19 publication 10726: Statistical phasing of 150,119 sequenced genomes in the UK Biobank",pre_policy_publication,"...: The first release of UK Biobank whole-genome sequence data contains 150,119 genomes. We present an open-source pipeline for filtering, phasing, and indexing these genomes on the cloud-based UK Biobank Research Analysis Platform. This pipeline makes it possible to apply haplotype-based methods to UK Biobank whole-genome sequence data. The pipeline uses BCFtools for marker filtering, Beagle for genotype ph...",Direct UKB-RAP analysis environment evidence,UKB-RAP / UK Biobank Research Analysis Platform,C5_UKB_RAP,HIGH_DIRECT_PRE_POLICY_RAP,no,,10726,2022-11-29,10.1016/j.ajhg.2022.11.008,,GENOTYPING_IMPUTATION,Statistical and Computational Genetics Methods Development,https://www.ukbiobank.ac.uk/projects/statistical-and-computational-genetics-methods-development/
871,2015-05-31,before_policy,C6,UNCLEAR,LOW,CONTROL_CANDIDATE_C6,explicit_sequence_data_wording,Schema 19 publication 11585: Penetrance of pathogenic genetic variants associated with premature ovarian insufficiency,pre_policy_publication,"...o be a monogenic disorder, with pathogenic variants in ~100 genes described in the literature. We sought to systematically evaluate the penetrance of variants in these genes using exome sequence data in 104,733 women from the UK Biobank, 2,231 (1.14%) of whom reported at natural menopause under the age of 40 years. We found limited evidence to support any previously repor...",Whole exome sequencing data,exome sequencing / exome sequence,C1_EXOME_SEQUENCE,MEDIUM_PUBLICATION_MODALITY_PRE_POLICY,yes,lower_than_C1_C2_precision_layer,11585,2023-06-22,10.1038/s41591-023-02405-5,,,Genetic factors associated with being at different extremes of the reproductive lifespan,https://www.ukbiobank.ac.uk/projects/genetic-factors-associated-with-being-at-different-extremes-of-the-reproductive-lifespan/
1251,2015-07-01,before_policy,C6,NEWLY_RAP_BOUND,HIGH,CONTROL_CANDIDATE_C6,explicit_sequence_data_wording,Schema 19 publication 10561: The contribution of functional HNF1A variants and polygenic susceptibility to risk of type 2 diabetes in ancestrally diverse populations,pre_policy_publication,"...ariants to type 2 diabetes risk and age of diagnosis, and the extent to which their impact is affected by overall genetic susceptibility, across three ancestry groups.MethodsUsing exome sequencing data of 160,615 individuals of the UK Biobank and 18,797 individuals of the BioMe Biobank, we identified 746 carriers of rare functional HNF1A variants (minor allele frequency ≤1%...",Whole exome sequencing data,exome sequencing / exome sequence,C1_EXOME_SEQUENCE,MEDIUM_PUBLICATION_MODALITY_PRE_POLICY,yes,lower_than_C1_C2_precision_layer,10561,2022-10-11,10.1007/s00125-022-05806-2,,PHYSICAL_MEASURES|QUESTIONNAIRES_ASSESSMENT,"The metabolically healthy obese and metabolically obese normal-weight in the UK Biobank: Prevalence, genes and lifestyle contributors, disease risk and mortality",https://www.ukbiobank.ac.uk/projects/the-metabolically-healthy-obese-and-metabolically-obese-normal-weight-in-the-uk-biobank-prevalence-genes-and-lifestyle-contributors-disease-risk-and-mortality/
2112,2013-03-04,before_policy,C6,NEWLY_RAP_BOUND,HIGH,CONTROL_CANDIDATE_C6,explicit_sequence_data_wording,"Schema 19 publication 11583: An Analysis of the Effect of ABCA4 p.Asn1868Ile Genotypes on Retinal Structure in 26,558 Participants in the UK Biobank",pre_policy_publication,"...the general population. Methods: UK Biobank participants of European ancestry with available spectral-domain optical coherence tomography (OCT) passing quality control metrics and exome sequencing data were included. Regression analyses using both linear and recessive models tested for the association between the p.Asn1868Ile variant and total retinal thickness, clinically...",Whole exome sequencing data,exome sequencing / exome sequence,C1_EXOME_SEQUENCE,MEDIUM_PUBLICATION_MODALITY_PRE_POLICY,yes,lower_than_C1_C2_precision_layer,11583,2023-06-21,10.1167/iovs.64.7.31,,IMAGING|QUESTIONNAIRES_ASSESSMENT,Automated macular thickness measurements and association with potential risk factors and systemic disease,https://www.ukbiobank.ac.uk/projects/automated-macular-thickness-measurements-and-association-with-potential-risk-factors-and-systemic-disease/
2532,2017-03-01,before_policy,C6,NEWLY_RAP_BOUND,HIGH,CONTROL_CANDIDATE_C6,explicit_sequence_data_wording,Schema 19 publication 6011: Whole-exome sequencing reveals a role of HTRA1 and EGFL8 in brain white matter hyperintensities,pre_policy_publication,"...re variants to the WMH burden in the general population remains largely unexplored. We conducted a comprehensive analysis of this burden in the UK Biobank using publicly available whole-exome sequencing data (n up to 17 830) and found a splice-site variant in GBE1, encoding 1,4-alpha-glucan branching enzyme 1, to be associated with lower white matter burden on an exome-wide level...",Whole exome sequencing data,whole exome sequencing / whole-exome sequence,C1_WHOLE_EXOME_SEQUENCE,MEDIUM_PUBLICATION_MODALITY_PRE_POLICY,yes,lower_than_C1_C2_precision_layer,6011,2021-10-09,10.1093/brain/awab253,,BIOMARKERS_ASSAYS|ENVIRONMENT_GEOSPATIAL|GENOTYPING_IMPUTATION|IMAGING|LINKED_HEALTH_RECORDS|QUESTIONNAIRES_ASSESSMENT,UK Biobank Stroke Study (UKBiSS): developing an in-depth understanding of the determinants of stroke and its subtypes,https://www.ukbiobank.ac.uk/projects/uk-biobank-stroke-study-ukbiss-developing-an-in-depth-understanding-of-the-determinants-of-stroke-and-its-subtypes/
6077,2015-04-01,before_policy,C6,NEWLY_RAP_BOUND,HIGH,CONTROL_CANDIDATE_C6,explicit_sequence_data_wording,"Schema 19 publication 13082: Genetic architecture of telomere length in 462,666 UK Biobank whole-genome sequences",post_policy_publication_product_evidence,"publication_title: Genetic architecture of telomere length in 462,666 UK Biobank whole-genome sequences publication_keywords: Aged|Biological Specimen Banks|Clonal Hematopoiesis|DNA Helicases|Female|Genome-Wide Association Study|Humans|Male|Middle Aged|Polymorphism, Single Nucleoti...",Whole genome sequencing data,whole genome sequencing / whole-genome sequence,C1_WHOLE_GENOME_SEQUENCE,MEDIUM_PUBLICATION_MODALITY,yes,lower_than_C1_C2_precision_layer|post_policy_publication_reveals_product_not_pre_policy_rap_use,13082,2024-08-27,10.1038/s41588-024-01884-7,,BIOMARKERS_ASSAYS|GENOTYPING_IMPUTATION|IMAGING|QUESTIONNAIRES_ASSESSMENT,Telomere length measurement in UK Biobank: advancing understanding of biological ageing and age-related diseases,https://www.ukbiobank.ac.uk/projects/telomere-length-measurement-in-uk-biobank-advancing-understanding-of-biological-ageing-and-age-related-diseases/
9055,2015-01-05,before_policy,C6,NEWLY_RAP_BOUND,HIGH,CONTROL_CANDIDATE_C6,broader_contextual_sequence_evidence,Schema 19 publication 9702: The Role of ONECUT1 Variants in Monogenic and Type 2 Diabetes Mellitus.,pre_policy_publication,"...r, we found no enrichment of missense or null ONECUT1 variants among 484 individuals clinically suspected of MODY, in whom all known genes had been excluded. Finally, using a rare variant burden test in the UK Biobank European cohort, we identified a significant association between heterozygous ONECUT1 null variants and type 2 diabetes (P = 0.006) but did not find an asso...",Likely WES/WGS rare variant burden analysis,gene burden / variant burden / collapsing analysis,C3_BURDEN_TEST,MEDIUM_PUBLICATION_MODALITY_PRE_POLICY,yes,lower_than_C1_C2_precision_layer,9702,2023-08-28,10.2337/db23-0498,,GENOTYPING_IMPUTATION,The Genetics of type 2 diabetes aetiology and progression,https://www.ukbiobank.ac.uk/projects/the-genetics-of-type-2-diabetes-aetiology-and-progression/
9072,2015-01-05,before_policy,C6,NEWLY_RAP_BOUND,HIGH,CONTROL_CANDIDATE_C6,explicit_sequence_data_wording,Schema 19 publication 13882: PLIN1 Haploinsufficiency Causes a Favorable Metabolic Profile,pre_policy_publication,...est whether PLIN1 protein-truncating variants (PTVs) cause lipodystrophy in a large population-based cohort. METHODS: We identified individuals with PLIN1 PTVs in individuals with exome data in the UK Biobank. We performed gene-burden testing for individuals with PLIN1 PTVs. We replicated the associations using data from the T2D Knowledge portal. We performed a phenom...,Whole exome sequencing data,exome data / exome variants,C1_EXOME_DATA,MEDIUM_PUBLICATION_MODALITY_PRE_POLICY,yes,lower_than_C1_C2_precision_layer,13882,2022-03-02,10.1210/clinem/dgac104,,GENOTYPING_IMPUTATION|PHYSICAL_MEASURES,"The Genetics of anthropometric traits ? Height, weight, BMI and waist circumference",https://www.ukbiobank.ac.uk/projects/the-genetics-of-anthropometric-traits-height-weight-bmi-and-waist-circumference/
9905,2014-12-01,before_policy,C6,UNCLEAR,LOW,CONTROL_CANDIDATE_C6,explicit_sequence_data_wording,Schema 19 publication 5085: GIGYF1 loss of function is associated with clonal mosaicism and adverse metabolic health,pre_policy_publication,"...A damage response pathways. Previous genetic studies have focussed on identifying common variants associated with LOY, which we now extend to rarer, protein-coding variation using exome sequences from 82,277 male UK Biobank participants. We find that loss of function of two genes - CHEK2 and GIGYF1 - reach exome-wide significance. Rare alleles in GIGYF1 have not previousl...",Whole exome sequencing data,exome sequencing / exome sequence,C1_EXOME_SEQUENCE,MEDIUM_PUBLICATION_MODALITY_PRE_POLICY,yes,lower_than_C1_C2_precision_layer,5085,2021-07-07,10.1038/s41467-021-24504-y,,,Using genetics to elucidate the relationship between socioeconomic/behavioural traits and disease,https://www.ukbiobank.ac.uk/projects/using-genetics-to-elucidate-the-relationship-between-socioeconomic-behavioural-traits-and-disease/
10438,2015-05-01,before_policy,C6,NEWLY_RAP_BOUND,HIGH,CONTROL_CANDIDATE_C6,explicit_sequence_data_wording,Schema 19 publication 6009: Whole-exome imputation within UK Biobank powers rare coding variant association and fine-mapping analyses,pre_policy_publication,"...ies to date have generally been underpowered to systematically evaluate the phenotypic impact of very rare coding variants. We leveraged extensive haplotype sharing between 49,960 exome-sequenced UK Biobank participants and the remainder of the cohort (total n ≈ 500,000) to impute exome-wide variants with accuracy R2 > 0.5 down to minor allele frequency (MAF) ~0.00005. As...",Whole exome sequencing data,exome sequencing / exome sequence,C1_EXOME_SEQUENCE,MEDIUM_PUBLICATION_MODALITY_PRE_POLICY,yes,lower_than_C1_C2_precision_layer,6009,2021-07-05,10.1038/s41588-021-00892-1,,ENVIRONMENT_GEOSPATIAL|GENOTYPING_IMPUTATION|PHYSICAL_MEASURES|QUESTIONNAIRES_ASSESSMENT,Application of fast mixed model association and principal component analysis methods,https://www.ukbiobank.ac.uk/projects/application-of-fast-mixed-model-association-and-principal-component-analysis-methods/
12113,2015-08-01,before_policy,C6,NEWLY_RAP_BOUND,HIGH,CONTROL_CANDIDATE_C6,explicit_sequence_data_wording,Schema 19 publication 16172: Cardiac magnetic resonance markers of pre-clinical hypertrophic and dilated cardiomyopathy in genetic variant carriers,post_policy_publication_product_evidence,"...cardiomyopathy-associated variants (G +).MethodsWe included 40,169 UK Biobank participants free of cardiac disease at the time of cardiac magnetic resonance imaging (CMR) and with whole exome sequencing. We validated 22 CMR measurements by associating them with incident atrial fibrillation (AF) or heart failure (HF). We subsequently assessed associations of these CMR measurements...",Whole exome sequencing data,whole exome sequencing / whole-exome sequence,C1_WHOLE_EXOME_SEQUENCE,MEDIUM_PUBLICATION_MODALITY,yes,lower_than_C1_C2_precision_layer|post_policy_publication_reveals_product_not_pre_policy_rap_use,16172,2025-07-15,10.1186/s12916-025-04226-4,,BIOMARKERS_ASSAYS|GENOTYPING_IMPUTATION,"Harnessing associations of genetic and phenotypic traits for drug target validation, Ref: 12113.",https://www.ukbiobank.ac.uk/projects/harnessing-associations-of-genetic-and-phenotypic-traits-for-drug-target-validation-ref-12113/
12514,2015-08-28,before_policy,C6,NEWLY_RAP_BOUND,HIGH,CONTROL_CANDIDATE_C6,explicit_sequence_data_wording,Schema 19 publication 3678: A resource-efficient tool for mixed model association analysis of large-scale data,pre_policy_publication,"...reliable, robust and highly resource-efficient. We then apply fastGWA to 2,173 traits on array-genotyped and imputed samples from 456,422 individuals and to 2,048 traits on whole-exome-sequenced samples from 46,191 individuals in the UKB.",Whole exome sequencing data,exome sequencing / exome sequence,C1_EXOME_SEQUENCE,MEDIUM_PUBLICATION_MODALITY_PRE_POLICY,yes,lower_than_C1_C2_precision_layer,3678,2019-11-25,10.1038/s41588-019-0530-8,,GENOTYPING_IMPUTATION|PHYSICAL_MEASURES,The limits of predicting complex traits and diseases from genetic data,https://www.ukbiobank.ac.uk/projects/the-limits-of-predicting-complex-traits-and-diseases-from-genetic-data/
13310,2018-11-26,before_policy,C6,NEWLY_RAP_BOUND,HIGH,CONTROL_CANDIDATE_C6,explicit_sequence_data_wording,Schema 19 publication 18034: Analysis of rare coding variants in schizophrenia-associated genes and generalised cognition in the UK Biobank,post_policy_publication_product_evidence,"...ns. It remains uncertain to what extent cognitive impairments arise from shared aetiology and biology with schizophrenia, or are a consequence of having the condition. We analysed exome-sequencing data from 76,783 UK Biobank participants without schizophrenia to test for association between generalised cognition (g) and rare (minor allele count ≤ 5) variants in schizophreni...",Whole exome sequencing data,exome sequencing / exome sequence,C1_EXOME_SEQUENCE,MEDIUM_PUBLICATION_MODALITY,yes,lower_than_C1_C2_precision_layer|post_policy_publication_reveals_product_not_pre_policy_rap_use,18034,2026-04-10,10.1038/s41380-026-03601-8,,IMAGING|QUESTIONNAIRES_ASSESSMENT,Impact of genetic and environmental associations on neuropsychiatric disorders and associated phenotypes,https://www.ukbiobank.ac.uk/projects/impact-of-genetic-and-environmental-associations-on-neuropsychiatric-disorders-and-associated-phenotypes/
14631,2015-10-01,before_policy,C6,NEWLY_RAP_BOUND,HIGH,CONTROL_CANDIDATE_C6,explicit_sequence_data_wording,"Schema 19 publication 9882: SLCO1B1 Exome Sequencing and Statin Treatment Response in 64,000 UK Biobank Patients",pre_policy_publication,"...applications; yet, evidence is inconclusive. We studied common and rare SLCO1B1 variants in up to 64,000 patients from UK Biobank prescribed simvastatin or atorvastatin, combining whole-exome sequencing data with up to 25-year routine clinical records. We studied 51 predicted gain/loss-of-function variants affecting OATP1B1. Both SLCO1B1 *5 alone and the SLCO1B1 *15 haplotype inc...",Whole exome sequencing data,whole exome sequencing / whole-exome sequence,C1_WHOLE_EXOME_SEQUENCE,MEDIUM_PUBLICATION_MODALITY_PRE_POLICY,yes,lower_than_C1_C2_precision_layer,9882,2024-04-17,10.3390/ijms25084426,,GENOTYPING_IMPUTATION|PHYSICAL_MEASURES,Genetic and environmental influences on ageing well,https://www.ukbiobank.ac.uk/projects/genetic-and-environmental-influences-on-ageing-well/
14654,2015-10-01,before_policy,C6,NEWLY_RAP_BOUND,MEDIUM,CONTROL_CANDIDATE_C6,explicit_sequence_data_wording,"Schema 19 publication 13900: Effect of Occurrence of Lamin A/C (LMNA) Genetic Variants in a Cohort of 101 Consecutive Apparent ""Lone AF"" Patients: Results and Insights",pre_policy_publication,"...l and familial history, ECG, 24-h Holter monitoring, echocardiogram, cardiac magnetic resonance, treatment response, and the present relatives of LMNA carriers. In addition, whole-exome data from 49,960 UK Biobank (UKB) participants were analyzed to describe the overall penetrance of rare LMNA missense and loss of function (LOF) variants. Results: Three missense varia...",Whole exome sequencing data,exome data / exome variants,C1_EXOME_DATA,MEDIUM_PUBLICATION_MODALITY_PRE_POLICY,yes,lower_than_C1_C2_precision_layer,13900,2022-04-05,10.3389/fcvm.2022.823717,,QUESTIONNAIRES_ASSESSMENT,"Genetic factors underlying circadian rhythms, sleep, and cardiovascular health",https://www.ukbiobank.ac.uk/projects/genetic-factors-underlying-circadian-rhythms-sleep-and-cardiovascular-health/
15479,2016-02-01,before_policy,C6,NEWLY_RAP_BOUND,HIGH,CONTROL_CANDIDATE_C6,explicit_sequence_data_wording,Schema 19 publication 10369: Gene-Based Variant Analysis of Whole-Exome Sequencing in Relation to Eosinophil Count,pre_policy_publication,"...en common genetic variants and eosinophils have already been reported, using single nucleotide polymorphism (SNP) array data. Here, we have analyzed 200,000 whole-exome sequences (WES) from the UK Biobank cohort and performed gene-based analyses of eosinophil count. We defined five different variant weighting schemes to incorporate information on both deleterio...",Whole exome sequencing data,WES,C1_WES_ABBREVIATION,MEDIUM_PUBLICATION_MODALITY_PRE_POLICY,yes,lower_than_C1_C2_precision_layer,10369,2022-07-22,10.3389/fimmu.2022.862255,,BIOMARKERS_ASSAYS|GENOTYPING_IMPUTATION|LINKED_HEALTH_RECORDS|PHYSICAL_MEASURES|QUESTIONNAIRES_ASSESSMENT,Genetic architecture of immune diseases and allergies,https://www.ukbiobank.ac.uk/projects/genetic-architecture-of-immune-diseases-and-allergies/
16066,2016-03-01,before_policy,C6,NEWLY_RAP_BOUND,HIGH,CONTROL_CANDIDATE_C6,explicit_sequence_data_wording,Schema 19 publication 9980: Exome-wide analysis implicates rare protein-altering variants in human handedness,pre_policy_publication,"...tubulins (microtubule components) or microtubule-associated proteins. Here we examine whether left-handedness is also influenced by rare coding variants (frequencies ≤ 1%), using exome data from 38,043 left-handed and 313,271 right-handed individuals from the UK Biobank. The beta-tubulin gene TUBB4B shows exome-wide significant association, with a rate of rare coding...",Whole exome sequencing data,exome data / exome variants,C1_EXOME_DATA,MEDIUM_PUBLICATION_MODALITY_PRE_POLICY,yes,lower_than_C1_C2_precision_layer,9980,2024-04-02,10.1038/s41467-024-46277-w,,GENOTYPING_IMPUTATION|IMAGING,Genetics of brain asymmetry and language-related disorders,https://www.ukbiobank.ac.uk/projects/genetics-of-brain-asymmetry-and-language-related-disorders/
16218,2016-07-15,before_policy,C6,NEWLY_RAP_BOUND,HIGH,CONTROL_CANDIDATE_C6,explicit_sequence_data_wording,Schema 19 publication 9237: A genotype-first approach to exploring Mendelian cardiovascular traits with clear external manifestations,pre_policy_publication,"...xplore highly penetrant, autosomal dominant cardiovascular diseases with external features, the RASopathies and Marfan syndrome (MFS), using biobank data. METHODS: This study uses exome sequencing and corresponding phenotypic data from Mount Sinai's BioMe (n = 32,344) and the United Kingdom Biobank (UKBB; n = 49,960). Variant curation identified pathogenic/likely pathogenic...",Whole exome sequencing data,exome sequencing / exome sequence,C1_EXOME_SEQUENCE,MEDIUM_PUBLICATION_MODALITY_PRE_POLICY,yes,lower_than_C1_C2_precision_layer,9237,2020-09-29,10.1038/s41436-020-00973-2,,GENOTYPING_IMPUTATION|QUESTIONNAIRES_ASSESSMENT,Dissecting the genetic and phenotypic architecture of cardiovascular disease,https://www.ukbiobank.ac.uk/projects/dissecting-the-genetic-and-phenotypic-architecture-of-cardiovascular-disease/
16389,2015-12-01,before_policy,C6,NEWLY_RAP_BOUND,HIGH,CONTROL_CANDIDATE_C6,broader_contextual_sequence_evidence,Schema 19 publication 15851: Leveraging large-scale biobank EHRs to enhance pharmacogenetics of cardiometabolic disease medications,post_policy_publication_product_evidence,"...ion-induced biomarker trajectories stemming from such records remain poorly studied. Here, we extract clinical and medication prescription data from EHRs and conduct GWAS and rare variant burden tests in the UK Biobank (discovery) and the All of Us program (replication) on ten cardiometabolic drug response outcomes including lipid response to statins, HbA1c response to me...",Likely WES/WGS rare variant burden analysis,gene burden / variant burden / collapsing analysis,C3_BURDEN_TEST,MEDIUM_PUBLICATION_MODALITY,yes,lower_than_C1_C2_precision_layer|post_policy_publication_reveals_product_not_pre_policy_rap_use,15851,2025-03-25,10.1038/s41467-025-58152-3,,GENOTYPING_IMPUTATION|QUESTIONNAIRES_ASSESSMENT,Exploring Diet/Lifestyle factors as causes and modifiers of genetic determinants of obesity and metabolic traits,https://www.ukbiobank.ac.uk/projects/exploring-diet-lifestyle-factors-as-causes-and-modifiers-of-genetic-determinants-of-obesity-and-metabolic-traits/
16434,2015-11-17,before_policy,C6,NEWLY_RAP_BOUND,HIGH,CONTROL_CANDIDATE_C6,explicit_sequence_data_wording,Schema 19 publication 7362: The impact of Mendelian sleep and circadian genetic variants in a population setting,pre_policy_publication,"...of variants previously reported to be causal for Mendelian sleep and circadian conditions. Analyses were performed using 191,929 individuals with data on sleep and whole-exome or genome-sequence data from 4 population-based studies: UK Biobank, FINRISK, Health-2000-2001, and the Multi-Ethnic Study of Atherosclerosis (MESA). We identified sleep disorders from self-report, hospi...",Whole genome sequencing data,genome sequence data / genomic sequence data,C1_GENOME_SEQUENCE_DATA,MEDIUM_PUBLICATION_MODALITY_PRE_POLICY,yes,lower_than_C1_C2_precision_layer,7362,2022-09-22,10.1371/journal.pgen.1010356,,GENOTYPING_IMPUTATION|QUESTIONNAIRES_ASSESSMENT,Sleep Duration and Cognitive Function in the Population,https://www.ukbiobank.ac.uk/projects/sleep-duration-and-cognitive-function-in-the-population/
16698,2015-10-15,before_policy,C6,NEWLY_RAP_BOUND,HIGH,CONTROL_CANDIDATE_C6,broader_contextual_sequence_evidence,"Schema 19 publication 8520: Medical relevance of protein-truncating variants across 337,205 individuals in the UK Biobank study",pre_policy_publication,"publication_title: Medical relevance of protein-truncating variants across 337,205 individuals in the UK Biobank study publication_keywords: Databases, Nucleic Acid|Genome-Wide Association Study|Humans|Phenotype|Proteins|Sequence Deletion|United K...",Likely WES/WGS rare coding variant analysis,loss-of-function / pLoF / protein-truncating variants,C3_LOF_PLOF,MEDIUM_PUBLICATION_MODALITY_PRE_POLICY,yes,lower_than_C1_C2_precision_layer,8520,2018-04-24,10.1038/s41467-018-03910-9,,GENOTYPING_IMPUTATION,Identification of protective genetic modifiers of autoimmune disease risk in the UK Biobank cohort.,https://www.ukbiobank.ac.uk/projects/identification-of-protective-genetic-modifiers-of-autoimmune-disease-risk-in-the-uk-biobank-cohort/
17488,2016-11-01,before_policy,C6,NEWLY_RAP_BOUND,HIGH,CONTROL_CANDIDATE_C6,explicit_sequence_data_wording,Schema 19 publication 5643: Rare Coding Variants Associated With Electrocardiographic Intervals Identify Monogenic Arrhythmia Susceptibility Genes,pre_policy_publication,"...lations between electrocardiographic intervals and rare genetic variation at a population level are poorly understood. METHODS: Using a discovery sample of 29 000 individuals with whole-genome sequencing from Trans-Omics in Precision Medicine and replication in nearly 100 000 with whole-exome sequencing from the UK Biobank and MyCode, we examined associations between low-frequency...",Whole genome sequencing data,whole genome sequencing / whole-genome sequence,C1_WHOLE_GENOME_SEQUENCE,MEDIUM_PUBLICATION_MODALITY_PRE_POLICY,yes,lower_than_C1_C2_precision_layer,5643,2021-07-28,10.1161/circgen.120.003300,,BIOMARKERS_ASSAYS|GENOTYPING_IMPUTATION|LINKED_HEALTH_RECORDS|QUESTIONNAIRES_ASSESSMENT,Understanding the Genetic Basis of Cardiac Arrhythmias,https://www.ukbiobank.ac.uk/projects/understanding-the-genetic-basis-of-cardiac-arrhythmias/
17731,2017-01-24,before_policy,C6,NEWLY_RAP_BOUND,HIGH,CONTROL_CANDIDATE_C6,explicit_sequence_data_wording,Schema 19 publication 14501: Functional variants in the cystic fibrosis transmembrane conductance regulator (CFTR) gene are associated with increased risk of colorectal cancer,post_policy_publication_product_evidence,"...CORECT, CCFR, and ARIC; 53 785 CRC cases and 58 010 controls), we tested for an association between the most common CFTR variant (Phe508del) and CRC risk. For replication, we used whole exome sequencing data from UK Biobank (UKB; 5126 cases and 20 504 controls matched 4:1 based on genetic distance, age, and sex), and extended our analyses to all other heterozygous CFTR variants a...",Whole exome sequencing data,whole exome sequencing / whole-exome sequence,C1_WHOLE_EXOME_SEQUENCE,MEDIUM_PUBLICATION_MODALITY,yes,lower_than_C1_C2_precision_layer|post_policy_publication_reveals_product_not_pre_policy_rap_use,14501,2025-01-17,10.1093/hmg/ddaf007,,BIOMARKERS_ASSAYS|GENOTYPING_IMPUTATION,A phenome-wide association study of copy number variation,https://www.ukbiobank.ac.uk/projects/a-phenome-wide-association-study-of-copy-number-variation/
18051,2016-07-10,before_policy,C6,NEWLY_RAP_BOUND,HIGH,CONTROL_CANDIDATE_C6,explicit_sequence_data_wording,Schema 19 publication 8042: The collective effects of genetic variants and complex traits,pre_policy_publication,"...ated whether traits could be influenced by the collective effects of variants across the entire protein coding-region of the genome or the entire genome. We studied the UK Biobank exome sequencing data of 167,246 individuals as well as the genome-wide SNP array data of 408,868 individuals. We calculated for each individual four different measures of genetic variation such a...",Whole exome sequencing data,exome sequencing / exome sequence,C1_EXOME_SEQUENCE,MEDIUM_PUBLICATION_MODALITY_PRE_POLICY,yes,lower_than_C1_C2_precision_layer,8042,2022-12-13,10.1038/s10038-022-01105-1,,GENOTYPING_IMPUTATION,Polygenic basis of complex traits and diseases,https://www.ukbiobank.ac.uk/projects/polygenic-basis-of-complex-traits-and-diseases/
18120,2017-11-17,before_policy,C6,NEWLY_RAP_BOUND,HIGH,CONTROL_CANDIDATE_C6,explicit_sequence_data_wording,Schema 19 publication 17515: LYPLAL1 Rare Loss-of-Function Variants in Humans and Deletion in Human Hepatoma Cells Protect Against MASLD,post_policy_publication_product_evidence,"...ction-Associated Steatotic Liver Disease (MASLD) in humans, but their impact on LYPLAL1 function is unknown. We identified LYPLAL1 loss-of-function variants from UK BioBank (UKBB) whole-exome sequencing data that had AlphaMissense or GPN-MSA scores in the top 20% of LYPLAL1 variants for being disruptive. We aggregated these variants and carried out burden analysis for effects on...",Whole exome sequencing data,whole exome sequencing / whole-exome sequence,C1_WHOLE_EXOME_SEQUENCE,MEDIUM_PUBLICATION_MODALITY,yes,lower_than_C1_C2_precision_layer|post_policy_publication_reveals_product_not_pre_policy_rap_use,17515,2026-03-03,10.1016/j.jlr.2026.101013,,GENOTYPING_IMPUTATION,Identifying causes of obesity and liver disease using population genetics,https://www.ukbiobank.ac.uk/projects/identifying-causes-of-obesity-and-liver-disease-using-population-genetics/
18219,2016-05-02,before_policy,C6,NEWLY_RAP_BOUND,HIGH,CONTROL_CANDIDATE_C6,explicit_sequence_data_wording,Schema 19 publication 9358: Multi-Trait Exome-Wide Association Study of Back Pain-Related Phenotypes,pre_policy_publication,"...on genetic variants identified by genome-wide association studies. More powerful methods and rare and ultra-rare variant analysis may offer additional insight. This study utilized exome sequencing data from the UK Biobank to perform a multi-trait gene-based association analysis of three BP-related phenotypes: chronic back pain, dorsalgia, and intervertebral disc disorder. W...",Whole exome sequencing data,exome sequencing / exome sequence,C1_EXOME_SEQUENCE,MEDIUM_PUBLICATION_MODALITY_PRE_POLICY,yes,lower_than_C1_C2_precision_layer,9358,2023-10-19,10.3390/genes14101962,,GENOTYPING_IMPUTATION|PHYSICAL_MEASURES|QUESTIONNAIRES_ASSESSMENT,Genetic and epidemiological analyses of low back pain,https://www.ukbiobank.ac.uk/projects/genetic-and-epidemiological-analyses-of-low-back-pain/
19056,2016-11-01,before_policy,C6,NEWLY_RAP_BOUND,HIGH,CONTROL_CANDIDATE_C6,explicit_sequence_data_wording,"Schema 19 publication 5644: Rare GATA6 variants associated with risk of congenital heart disease phenotypes in 200,000 UK Biobank exomes",pre_policy_publication,"...riants associated with risk of congenital heart disease phenotypes in 200,000 UK Biobank exomes publication_keywords: Biological Specimen Banks|Case-Control Studies|Cohort Studies|Exome Sequencing|GATA6 Transcription Factor|Genetic Predisposition to Disease|Genetic Variation|Genome-Wide Association Study|Heart Defects, Congenital|Humans|Odds Ratio|Phenotype|Risk Factors|Uni...",Whole exome sequencing data,exome sequencing / exome sequence,C1_EXOME_SEQUENCE,MEDIUM_PUBLICATION_MODALITY_PRE_POLICY,yes,lower_than_C1_C2_precision_layer,5644,2021-09-07,10.1038/s10038-021-00976-0,,GENOTYPING_IMPUTATION,Copy-number variants in Cardiovascular and Neuropsychiatric disorders,https://www.ukbiobank.ac.uk/projects/copy-number-variants-in-cardiovascular-and-neuropsychiatric-disorders/
19416,2017-01-10,before_policy,C6,NEWLY_RAP_BOUND,HIGH,CONTROL_CANDIDATE_C6,explicit_sequence_data_wording,Schema 19 publication 7488: PERHAPS: Paired-End short Reads-based HAPlotyping from next-generation Sequencing data,pre_policy_publication,"...of the best examples of functional polymorphism arising from the haplotype combination of two Single Nucleotide Polymorphisms (SNPs). We leveraged the big Whole Exome Sequencing (WES) and SNP-array data obtained from the multi-ethnic UK BioBank (UKBB, N=48,855). By applying PERHAPS, based on piecing together the paired-end reads according to their FASTQ-labels...",Whole exome sequencing data,WES,C1_WES_ABBREVIATION,MEDIUM_PUBLICATION_MODALITY_PRE_POLICY,yes,lower_than_C1_C2_precision_layer,7488,2020-12-08,10.1093/bib/bbaa320,,GENOTYPING_IMPUTATION,"A genome-wide and Pheno-wide association study of common diseases on 900,000 individuals from US and UK.",https://www.ukbiobank.ac.uk/projects/a-genome-wide-and-pheno-wide-association-study-of-common-diseases-on-900000-individuals-from-us-and-uk/
19542,2016-10-01,before_policy,C6,NEWLY_RAP_BOUND,HIGH,CONTROL_CANDIDATE_C6,explicit_sequence_data_wording,"Schema 19 publication 9949: Large-scale whole-exome sequencing of neuropsychiatric diseases and traits in 350,770 adults",pre_policy_publication,"...rous genomic loci have been identified for neuropsychiatric conditions, the contribution of protein-coding variants has yet to be determined. Here we conducted a large-scale whole-exome-sequencing study to interrogate the impact of protein-coding variants on 46 neuropsychiatric diseases and 23 traits in 350,770 adults from the UK Biobank. Twenty new genes were associated wi...",Whole exome sequencing data,exome sequencing / exome sequence,C1_EXOME_SEQUENCE,MEDIUM_PUBLICATION_MODALITY_PRE_POLICY,yes,lower_than_C1_C2_precision_layer,9949,2024-04-08,10.1038/s41562-024-01861-4,,BIOMARKERS_ASSAYS|GENOTYPING_IMPUTATION,Identifying multi-level biomarkers and disease mechanisms for major mental disorders,https://www.ukbiobank.ac.uk/projects/identifying-multi-level-biomarkers-and-disease-mechanisms-for-major-mental-disorders/
19655,2017-08-03,before_policy,C6,UNCLEAR,LOW,CONTROL_CANDIDATE_C6,explicit_sequence_data_wording,Schema 19 publication 13293: Regionally enriched rare deleterious exonic variants in the UK and Ireland,post_policy_publication_product_evidence,"...unclear how patterns of regional genetic differentiation in the UK and Ireland might impact the protein-coding fraction of the genome. We exploit UK Biobank (UKB) and Viking Genes whole exome sequencing data to study regional genetic differentiation across the UK and Ireland in protein coding genes, encompassing 44,696 unrelated individuals from 20 regions of origin. We demonstra...",Whole exome sequencing data,whole exome sequencing / whole-exome sequence,C1_WHOLE_EXOME_SEQUENCE,MEDIUM_PUBLICATION_MODALITY,yes,lower_than_C1_C2_precision_layer|post_policy_publication_reveals_product_not_pre_policy_rap_use,13293,2024-10-02,10.1038/s41467-024-51604-2,,,Quantitative and population genetics in UK Biobank,https://www.ukbiobank.ac.uk/projects/quantitative-and-population-genetics-in-uk-biobank/
20272,2016-09-01,before_policy,C6,NEWLY_RAP_BOUND,HIGH,CONTROL_CANDIDATE_C6,broader_contextual_sequence_evidence,Schema 19 publication 12202: Imputation-Powered Whole-Exome Analysis Identifies Rare Coding Variants and Genes Associated With Kidney Function and Disease in the UK Biobank,pre_policy_publication,publication_title: Imputation-Powered Whole-Exome Analysis Identifies Rare Coding Variants and Genes Associated With Kidney Function and Disease in the UK Biobank publication_keywords: publication_abstract:,Likely WES/WGS coding variant analysis,rare coding variants / coding variation,C3_RARE_CODING,MEDIUM_PUBLICATION_MODALITY_PRE_POLICY,yes,lower_than_C1_C2_precision_layer,12202,2022-11-01,10.1681/asn.20223311s1576a,,BIOMARKERS_ASSAYS|GENOTYPING_IMPUTATION,GWAS of kidney function related traits and kidney disease,https://www.ukbiobank.ac.uk/projects/gwas-of-kidney-function-related-traits-and-kidney-disease/
20361,2016-06-13,before_policy,C6,NEWLY_RAP_BOUND,HIGH,CONTROL_CANDIDATE_C6,explicit_sequence_data_wording,Schema 19 publication 19213: Population-scale gene-based analysis of whole-genome sequencing provides insights into metabolic health,post_policy_publication_product_evidence,"...(WGS) may better capture the coding genome than exome sequencing. Here we sought to exploit this and identify new rare, protein-coding variants associated with metabolic health in WGS data (n = 708,956) from the UK Biobank and All of Us studies. Identified genes highlight new biological mechanisms, including protein-truncating variants (PTVs) in the DNA double-...",Whole genome sequencing data,WGS,C1_WGS_ABBREVIATION,MEDIUM_PUBLICATION_MODALITY,yes,lower_than_C1_C2_precision_layer|post_policy_publication_reveals_product_not_pre_policy_rap_use,19213,2025-10-10,10.1038/s41588-025-02364-2,,BIOMARKERS_ASSAYS|GENOTYPING_IMPUTATION|LINKED_HEALTH_RECORDS,Comprehensive Phenotype-wide Association Studies (PheWAS)for Genetic Tool Variants relevant to GSK Drug Targets,https://www.ukbiobank.ac.uk/projects/comprehensive-phenotype-wide-association-studies-phewasfor-genetic-tool-variants-relevant-to-gsk-drug-targets/
20802,2016-05-24,before_policy,C6,NEWLY_RAP_BOUND,MEDIUM,CONTROL_CANDIDATE_C6,explicit_sequence_data_wording,Schema 19 publication 7893: Rare variant analyses in large-scale cohorts identified SLC13A1 associated with chronic pain,pre_policy_publication,"...ies, it is now feasible to conduct rarer variants studies in large-scale databases. Here, we performed gene-based rare variant analyses in 200,000 human subjects in the UK biobank whole-exome sequencing database for investigating 9 different chronic pain states and validated our findings in 3 other large-scale databases. Our analyses identified the SLC13A1 gene coding for sodium/...",Whole exome sequencing data,whole exome sequencing / whole-exome sequence,C1_WHOLE_EXOME_SEQUENCE,MEDIUM_PUBLICATION_MODALITY_PRE_POLICY,yes,lower_than_C1_C2_precision_layer,7893,2023-03-22,10.1097/j.pain.0000000000002882,,QUESTIONNAIRES_ASSESSMENT,A replication study of pain interactions with comorbidities,https://www.ukbiobank.ac.uk/projects/a-replication-study-of-pain-interactions-with-comorbidities/
21237,2017-01-15,before_policy,C6,NEWLY_RAP_BOUND,HIGH,CONTROL_CANDIDATE_C6,explicit_sequence_data_wording,Schema 19 publication 10454: Analysis of KIR gene variants in The Cancer Genome Atlas and UK Biobank using KIRCLE,pre_policy_publication,"...variants and various molecular and clinical correlates.ResultsIn order to better understand KIRs, we have developed KIRCLE, a novel method for genotyping individual KIR genes from whole exome sequencing data, and used it to analyze approximately sixty-thousand patient samples in The Cancer Genome Atlas (TCGA) and UK Biobank. We were able to assess population frequencies for diffe...",Whole exome sequencing data,whole exome sequencing / whole-exome sequence,C1_WHOLE_EXOME_SEQUENCE,MEDIUM_PUBLICATION_MODALITY_PRE_POLICY,yes,lower_than_C1_C2_precision_layer,10454,2022-08-24,10.1186/s12915-022-01392-2,,GENOTYPING_IMPUTATION|QUESTIONNAIRES_ASSESSMENT,Elucidate the causal roles of smoking on human diseases using large genetic datasets linked with health records,https://www.ukbiobank.ac.uk/projects/elucidate-the-causal-roles-of-smoking-on-human-diseases-using-large-genetic-datasets-linked-with-health-records/
23424,2017-07-14,before_policy,C6,NEWLY_RAP_BOUND,HIGH,CONTROL_CANDIDATE_C6,explicit_sequence_data_wording,Schema 19 publication 10731: Whole-exome sequencing study identifies rare variants and genes associated with intraocular pressure and glaucoma,pre_policy_publication,"...or for glaucoma. Previous genome-wide association studies have established the contribution of common genetic variants to IOP. The role of rare variants for IOP was unknown. Using whole exome sequencing data from 110,260 participants in the UK Biobank (UKB), we conducted the largest exome-wide association study of IOP to date. In addition to confirming known IOP genes, we identif...",Whole exome sequencing data,whole exome sequencing / whole-exome sequence,C1_WHOLE_EXOME_SEQUENCE,MEDIUM_PUBLICATION_MODALITY_PRE_POLICY,yes,lower_than_C1_C2_precision_layer,10731,2022-11-30,10.1038/s41467-022-35188-3,,GENOTYPING_IMPUTATION,Ocular Genetics in the UK Biobank,https://www.ukbiobank.ac.uk/projects/ocular-genetics-in-the-uk-biobank/
24460,2016-04-01,before_policy,C6,NEWLY_RAP_BOUND,HIGH,CONTROL_CANDIDATE_C6,explicit_sequence_data_wording,Schema 19 publication 12064: emeraLD: rapid linkage disequilibrium estimation with massive datasets,pre_policy_publication,"...kage disequilibrium (LD) is essential for a wide range of summary statistics-based association methods for genome-wide association studies. Large genetic datasets, e.g. the TOPMed WGS project and UK Biobank, enable more accurate and comprehensive LD estimates, but increase the computational burden of LD estimation. Here, we describe emeraLD (Efficient Methods f...",Whole genome sequencing data,WGS,C1_WGS_ABBREVIATION,MEDIUM_PUBLICATION_MODALITY_PRE_POLICY,yes,lower_than_C1_C2_precision_layer,12064,2018-07-02,10.1093/bioinformatics/bty547,,GENOTYPING_IMPUTATION|LINKED_HEALTH_RECORDS|QUESTIONNAIRES_ASSESSMENT,"Genetic causes of complex human traits: emphasis on psychiatric, ocular, dermatological, and cardiovascular diseases.",https://www.ukbiobank.ac.uk/projects/genetic-causes-of-complex-human-traits-emphasis-on-psychiatric-ocular-dermatological-and-cardiovascular-diseases/
24661,2017-04-15,before_policy,C6,NEWLY_RAP_BOUND,HIGH,CONTROL_CANDIDATE_C6,explicit_sequence_data_wording,"Schema 19 publication 9486: Analysis of 72,469 UK Biobank exomes links rare variants to male-pattern hair loss",pre_policy_publication,"...PHL etiology, the relevance of rare variants remains unclear. To determine the contribution of rare variants to MPHL etiology, we perform gene-based and single-variant analyses in exome-sequencing data from 72,469 male UK Biobank participants. While our population-level risk prediction suggests that rare variants make only a minor contribution to general MPHL risk, our rare...",Whole exome sequencing data,exome sequencing / exome sequence,C1_EXOME_SEQUENCE,MEDIUM_PUBLICATION_MODALITY_PRE_POLICY,yes,lower_than_C1_C2_precision_layer,9486,2023-09-22,10.1038/s41467-023-41186-w,,GENOTYPING_IMPUTATION,Systematic insights into the genetic basis of male-pattern baldness,https://www.ukbiobank.ac.uk/projects/systematic-insights-into-the-genetic-basis-of-male-pattern-baldness/
24711,2017-05-01,before_policy,C6,NEWLY_RAP_BOUND,HIGH,CONTROL_CANDIDATE_C6,explicit_sequence_data_wording,Schema 19 publication 10608: Prevalence and Disease Expression of Pathogenic and Likely Pathogenic Variants Associated With Inherited Cardiomyopathies in the General Population,pre_policy_publication,"...+ in the general population. METHODS: We identified pathogenic and likely pathogenic variants associated with ARVC, DCM and/or HCM in 200 643 UK Biobank individuals, who underwent whole exome sequencing. We calculated the prevalence of G+ and analyzed the frequency of cardiomyopathy/heart failure diagnosis. In undiagnosed individuals, we analyzed early signs of disease expression...",Whole exome sequencing data,whole exome sequencing / whole-exome sequence,C1_WHOLE_EXOME_SEQUENCE,MEDIUM_PUBLICATION_MODALITY_PRE_POLICY,yes,lower_than_C1_C2_precision_layer,10608,2022-10-20,10.1161/circgen.122.003704,,GENOTYPING_IMPUTATION|PHYSICAL_MEASURES,On the quest for tissue-specific contributions to disease,https://www.ukbiobank.ac.uk/projects/on-the-quest-for-tissue-specific-contributions-to-disease/
24898,2016-12-01,before_policy,C6,NEWLY_RAP_BOUND,HIGH,CONTROL_CANDIDATE_C6,explicit_sequence_data_wording,"Schema 19 publication 10366: The sequences of 150,119 genomes in the UK Biobank",pre_policy_publication,"...e and reliable characterization of both sequences and phenotypic variation. Over the past decade, insights into this relationship have been obtained from whole-exome sequencing or whole-genome sequencing of large cohorts with rich phenotypic data1,2. Here we describe the analysis of whole-genome sequencing of 150,119 individuals from the UK Biobank3. This constitutes a set of high...",Whole genome sequencing data,whole genome sequencing / whole-genome sequence,C1_WHOLE_GENOME_SEQUENCE,MEDIUM_PUBLICATION_MODALITY_PRE_POLICY,yes,lower_than_C1_C2_precision_layer,10366,2022-07-20,10.1038/s41586-022-04965-x,,GENOTYPING_IMPUTATION,Genetics of lumbar disc disease and associated sciatica,https://www.ukbiobank.ac.uk/projects/genetics-of-lumbar-disc-disease-and-associated-sciatica/
25205,2017-06-01,before_policy,C6,NEWLY_RAP_BOUND,HIGH,CONTROL_CANDIDATE_C6,broader_contextual_sequence_evidence,"Schema 19 publication 8914: Genetic inhibition of angiopoietin-like protein-3, lipids, and cardiometabolic risk",pre_policy_publication,...th liver expression of ANGPTL3. Genome-wide summary statistics of plasma protein levels of ANGPTL3 from the deCODE study (n = 35 359) were used. A total of 647 carriers of ANGPTL3 protein-truncating variants (PTVs) associated with lower plasma triglyceride levels were identified in the UK Biobank. Two-sample MR using SNPs that influence ANGPTL3 liver expression or ANGPTL3 plasma prote...,Likely WES/WGS rare coding variant analysis,loss-of-function / pLoF / protein-truncating variants,C3_LOF_PLOF,MEDIUM_PUBLICATION_MODALITY_PRE_POLICY,yes,lower_than_C1_C2_precision_layer,8914,2024-01-19,10.1093/eurheartj/ehad845,,GENOTYPING_IMPUTATION,Identification and characterization of functional variants with a causal role in chronic cardiopulmonary diseases,https://www.ukbiobank.ac.uk/projects/identification-and-characterization-of-functional-variants-with-a-causal-role-in-chronic-cardiopulmonary-diseases/
25214,2017-06-01,before_policy,C6,NEWLY_RAP_BOUND,HIGH,CONTROL_CANDIDATE_C6,explicit_sequence_data_wording,Schema 19 publication 13441: Integration of variant annotations using deep set networks boosts rare variant association testing,post_policy_publication_product_evidence,"...gnostic gene impairment score from rare variant annotations and phenotypes, enabling both gene discovery and trait prediction. On 34 quantitative and 63 binary traits, using whole-exome-sequencing data from UK Biobank, we find that DeepRVAT yields substantial gains in gene discoveries and improved detection of individuals at high genetic risk. Finally, we demonstrate how De...",Whole exome sequencing data,exome sequencing / exome sequence,C1_EXOME_SEQUENCE,MEDIUM_PUBLICATION_MODALITY,yes,lower_than_C1_C2_precision_layer|post_policy_publication_reveals_product_not_pre_policy_rap_use,13441,2024-09-25,10.1038/s41588-024-01919-z,,GENOTYPING_IMPUTATION,Investigating multi-locus epistatic interactions underlying coronary artery disease,https://www.ukbiobank.ac.uk/projects/investigating-multi-locus-epistatic-interactions-underlying-coronary-artery-disease/
25953,2017-04-01,before_policy,C6,NEWLY_RAP_BOUND,HIGH,CONTROL_CANDIDATE_C6,explicit_sequence_data_wording,Schema 19 publication 10540: MagicalRsq: Machine-learning-based genotype imputation quality calibration,pre_policy_publication,"..., a machine-learning-based method that integrates variant-level imputation and population genetics statistics, to provide a better calibrated imputation quality metric. Leveraging WGS data from the Cystic Fibrosis Genome Project (CFGP), and whole-exome sequence data from UK BioBank (UKB), we performed comprehensive experiments to evaluate the performance of Mag...",Whole genome sequencing data,WGS,C1_WGS_ABBREVIATION,MEDIUM_PUBLICATION_MODALITY_PRE_POLICY,yes,lower_than_C1_C2_precision_layer,10540,2022-10-04,10.1016/j.ajhg.2022.09.009,,GENOTYPING_IMPUTATION,Transcriptome-wide Association Study of Cardiometabolic Traits in the UK Biobank Cohort,https://www.ukbiobank.ac.uk/projects/transcriptome-wide-association-study-of-cardiometabolic-traits-in-the-uk-biobank-cohort/
27412,2017-04-21,before_policy,C6,NEWLY_RAP_BOUND,HIGH,CONTROL_CANDIDATE_C6,explicit_sequence_data_wording,Schema 19 publication 15198: Pleiotropic and sex-specific genetic mechanisms of circulating metabolic markers,post_policy_publication_product_evidence,"...ate genome-wide association studies (GWAS) on 249 circulating metabolic markers across 328,006 UK Biobank and Estonian Biobank participants. We investigated rare variation through whole exome sequencing gene burden tests, analysed the role of body mass index through Mendelian randomization, and performed genome-wide interaction analyses with sex. We discovered 15,585 loci summed...",Whole exome sequencing data,whole exome sequencing / whole-exome sequence,C1_WHOLE_EXOME_SEQUENCE,MEDIUM_PUBLICATION_MODALITY,yes,lower_than_C1_C2_precision_layer|post_policy_publication_reveals_product_not_pre_policy_rap_use,15198,2025-05-28,10.1038/s41467-025-60058-z,,GENOTYPING_IMPUTATION,Boosting the power of GWAS using novel statistical tools,https://www.ukbiobank.ac.uk/projects/boosting-the-power-of-gwas-using-novel-statistical-tools/
27449,2017-04-01,before_policy,C6,NEWLY_RAP_BOUND,HIGH,CONTROL_CANDIDATE_C6,explicit_sequence_data_wording,Schema 19 publication 5234: Individuals with common diseases but with a low polygenic risk score could be prioritized for rare variant screening,pre_policy_publication,"...genotyping data are more likely to carry rare pathogenic variants. METHODS: We identified patients with one of five common complex diseases among 44,550 individuals who underwent exome sequencing in the UK Biobank. We derived PRS for these five diseases, and identified pathogenic rare variant heterozygotes. We tested whether individuals with disease and low PRS were more l...",Whole exome sequencing data,exome sequencing / exome sequence,C1_EXOME_SEQUENCE,MEDIUM_PUBLICATION_MODALITY_PRE_POLICY,yes,lower_than_C1_C2_precision_layer,5234,2020-10-28,10.1038/s41436-020-01007-7,,ENVIRONMENT_GEOSPATIAL|GENOTYPING_IMPUTATION,Genetic Association to Phenotypic Variance and its Role in Human Health,https://www.ukbiobank.ac.uk/projects/genetic-association-to-phenotypic-variance-and-its-role-in-human-health/
27483,2018-02-23,before_policy,C6,NEWLY_RAP_BOUND,HIGH,CONTROL_CANDIDATE_C6,explicit_sequence_data_wording,Schema 19 publication 15857: Optimizing UK biobank cloud-based research analysis platform to fine-map coronary artery disease loci in whole genome sequencing data,post_policy_publication_product_evidence,publication_title: Optimizing UK biobank cloud-based research analysis platform to fine-map coronary artery disease loci in whole genome sequencing data publication_keywords: Biological Specimen Banks|Cloud Computing|Coronary Artery Disease|Female|Genetic Predisposition to Disease|Genome-Wide Association Study|Humans|Machine...,Whole genome sequencing data,whole genome sequencing / whole-genome sequence,C1_WHOLE_GENOME_SEQUENCE,MEDIUM_PUBLICATION_MODALITY,yes,lower_than_C1_C2_precision_layer|post_policy_publication_reveals_product_not_pre_policy_rap_use,15857,2025-03-25,10.1038/s41598-025-95286-2,,GENOTYPING_IMPUTATION|IMAGING|QUESTIONNAIRES_ASSESSMENT,Quantifying the relationship between brain and body health using advanced MR imaging,https://www.ukbiobank.ac.uk/projects/quantifying-the-relationship-between-brain-and-body-health-using-advanced-mr-imaging/
27960,2017-05-31,before_policy,C6,NEWLY_RAP_BOUND,HIGH,CONTROL_CANDIDATE_C6,explicit_sequence_data_wording,Schema 19 publication 12999: A Genomics England haplotype reference panel and imputation of UK Biobank,post_policy_publication_product_evidence,...th minor allele frequencies as low as 2 × 10−4 in white British samples. The GEL-imputed UK Biobank genome-wide association analysis identified 70% of associations found by direct exome sequencing (P,Whole exome sequencing data,exome sequencing / exome sequence,C1_EXOME_SEQUENCE,MEDIUM_PUBLICATION_MODALITY,yes,lower_than_C1_C2_precision_layer|post_policy_publication_reveals_product_not_pre_policy_rap_use,12999,2024-08-12,10.1038/s41588-024-01868-7,,GENOTYPING_IMPUTATION,Population structure in the UK Biobank samples,https://www.ukbiobank.ac.uk/projects/population-structure-in-the-uk-biobank-samples/
28126,2017-07-03,before_policy,C6,NEWLY_RAP_BOUND,HIGH,CONTROL_CANDIDATE_C6,explicit_sequence_data_wording,Schema 19 publication 13065: Protein-truncating and rare missense variants in ATM and CHEK2 and associations with cancer in UK Biobank whole-exome sequence data,post_policy_publication_product_evidence,publication_title: Protein-truncating and rare missense variants in ATM and CHEK2 and associations with cancer in UK Biobank whole-exome sequence data publication_keywords: Aged|Ataxia Telangiectasia Mutated Proteins|Biological Specimen Banks|Case-Control Studies|Checkpoint Kinase 2|Exome Sequencing|Female|Genetic Predispos...,Whole exome sequencing data,whole exome sequencing / whole-exome sequence,C1_WHOLE_EXOME_SEQUENCE,MEDIUM_PUBLICATION_MODALITY,yes,lower_than_C1_C2_precision_layer|post_policy_publication_reveals_product_not_pre_policy_rap_use,13065,2024-08-29,10.1136/jmg-2024-110127,,GENOTYPING_IMPUTATION,Validating risk prediction models for common hormonal cancers,https://www.ukbiobank.ac.uk/projects/validating-risk-prediction-models-for-common-hormonal-cancers/
28807,2017-05-01,before_policy,C6,NEWLY_RAP_BOUND,HIGH,CONTROL_CANDIDATE_C6,explicit_sequence_data_wording,Schema 19 publication 9552: Rare genetic variants affecting urine metabolite levels link population variation to inborn errors of metabolism,pre_policy_publication,"...re strongly enriched for shared expression in liver and kidney (odds ratio = 65, p-FDR = 3e−7), with hepatocytes and proximal tubule cells as driving cell types. Use of UK Biobank whole-exome sequencing data links genes to diseases connected to the identified metabolites. In silico constraint-based modeling of gene knockouts in a virtual whole-body, organ-resolved metabolic human...",Whole exome sequencing data,whole exome sequencing / whole-exome sequence,C1_WHOLE_EXOME_SEQUENCE,MEDIUM_PUBLICATION_MODALITY_PRE_POLICY,yes,lower_than_C1_C2_precision_layer,9552,2021-02-11,10.1038/s41467-020-20877-8,,GENOTYPING_IMPUTATION,Use of UK Biobank genetic data to support drug discovery and development,https://www.ukbiobank.ac.uk/projects/use-of-uk-biobank-genetic-data-to-support-drug-discovery-and-development/
28967,2017-04-07,before_policy,C6,NEWLY_RAP_BOUND,HIGH,CONTROL_CANDIDATE_C6,explicit_sequence_data_wording,Schema 19 publication 7907: Multi-trait analysis of gene-by-environment interactions in large-scale genetic studies,pre_policy_publication,...spectrum of genetic architectures. We demonstrate the advantages of MTAGEI over existing single-trait-based GEI tests through extensive simulation studies and the analysis of the whole exome sequencing data from the UKB.,Whole exome sequencing data,whole exome sequencing / whole-exome sequence,C1_WHOLE_EXOME_SEQUENCE,MEDIUM_PUBLICATION_MODALITY_PRE_POLICY,yes,lower_than_C1_C2_precision_layer,7907,2023-03-10,10.1093/biostatistics/kxad004,,BIOMARKERS_ASSAYS|GENOTYPING_IMPUTATION,"Predicting drug efficacy, potential adverse outcomes, and causal biology through phenome-wide association studies (PheWAS) and Mendelian randomization",https://www.ukbiobank.ac.uk/projects/predicting-drug-efficacy-potential-adverse-outcomes-and-causal-biology-through-phenome-wide-association-studies-phewas-and-mendelian-randomization/
29900,2017-08-01,before_policy,C6,NEWLY_RAP_BOUND,HIGH,CONTROL_CANDIDATE_C6,explicit_sequence_data_wording,Schema 19 publication 11070: Whole-Exome Sequencing Analyses Support a Role of Vitamin D Metabolism in Ischemic Stroke,pre_policy_publication,"...g susceptibility risk loci for this condition. However, there are limited data on the contribution of rare genetic variation to IS. METHODS: We conducted an exome-wide study using whole-exome sequencing data from 152 058 UK Biobank participants, including 1777 IS cases. We performed single-variant analyses for rare variants and gene-based analyses for loss-of-function and deleter...",Whole exome sequencing data,whole exome sequencing / whole-exome sequence,C1_WHOLE_EXOME_SEQUENCE,MEDIUM_PUBLICATION_MODALITY_PRE_POLICY,yes,lower_than_C1_C2_precision_layer,11070,2023-02-10,10.1161/strokeaha.122.040883,,LINKED_HEALTH_RECORDS|QUESTIONNAIRES_ASSESSMENT,Defining physical activity phenotypes based on objective measures and dissecting the genetic and phenotypic relationships of physical activity with diseases and health outcomes,https://www.ukbiobank.ac.uk/projects/defining-physical-activity-phenotypes-based-on-objective-measures-and-dissecting-the-genetic-and-phenotypic-relationships-of-physical-activity-with-diseases-and-health-outcomes/
31063,2017-10-01,before_policy,C6,NEWLY_RAP_BOUND,HIGH,CONTROL_CANDIDATE_C6,broader_contextual_sequence_evidence,Schema 19 publication 15087: Polygenic modifiers impact penetrance and expressivity in telomere biology disorders,post_policy_publication_product_evidence,...bine with large-effect variants to impact penetrance and expressivity in TBDs.METHODSWe constructed polygenic scores (PGS) for telomere length in the UK Biobank to quantify common variant burden and assessed the PGS distribution across patient cohorts and biobanks to determine whether individuals with severe TBD presentations have increased polygenic burden causing short...,Likely WES/WGS rare variant burden analysis,gene burden / variant burden / collapsing analysis,C3_BURDEN_TEST,MEDIUM_PUBLICATION_MODALITY,yes,lower_than_C1_C2_precision_layer|post_policy_publication_reveals_product_not_pre_policy_rap_use,15087,2025-06-03,10.1172/jci191107,,GENOTYPING_IMPUTATION|LINKED_HEALTH_RECORDS|QUESTIONNAIRES_ASSESSMENT,Methodological extensions to estimate genetic heritability and shared risk factors for phenotypes of the UK Biobank,https://www.ukbiobank.ac.uk/projects/methodological-extensions-to-estimate-genetic-heritability-and-shared-risk-factors-for-phenotypes-of-the-uk-biobank/
32133,2019-01-28,before_policy,C6,NEWLY_RAP_BOUND,HIGH,CONTROL_CANDIDATE_C6,explicit_sequence_data_wording,Schema 19 publication 8043: Exome-wide association analysis of CT imaging-derived hepatic fat in a medical biobank,pre_policy_publication,"...ciations of single variants and rare predicted loss-of-function (pLOF) variants with CT-based hepatic fat and perform cross-modality replication in the UK Biobank (UKB) by linking whole-exome sequences to MRI-based hepatic fat. We confirm single variants previously associated with hepatic fat and identify several additional variants, including two (FGD5 H600Y and CITED2 S198_G1...",Whole exome sequencing data,whole exome sequencing / whole-exome sequence,C1_WHOLE_EXOME_SEQUENCE,MEDIUM_PUBLICATION_MODALITY_PRE_POLICY,yes,lower_than_C1_C2_precision_layer,8043,2022-12-12,10.1016/j.xcrm.2022.100855,,BIOMARKERS_ASSAYS|GENOTYPING_IMPUTATION|IMAGING,"Integration of multi-organ imaging phenotypes, clinical phenotypes, and genomic data",https://www.ukbiobank.ac.uk/projects/integration-of-multi-organ-imaging-phenotypes-clinical-phenotypes-and-genomic-data/
32285,2018-10-10,before_policy,C6,NEWLY_RAP_BOUND,HIGH,CONTROL_CANDIDATE_C6,explicit_sequence_data_wording,Schema 19 publication 14645: Mendelian non-syndromic and syndromic hearing loss genes contribute to presbycusis,post_policy_publication_product_evidence,...portant role in ARHL etiology. In all we identified 32 Mendelian HL genes which are associated with ARHL. We performed single and rare-variant aggregate association analyses using exome data obtained from white-Europeans with self-reported hearing phenotypes from the UK Biobank. Our analysis revealed previously unreported associations between ARHL and rare-variants in...,Whole exome sequencing data,exome data / exome variants,C1_EXOME_DATA,MEDIUM_PUBLICATION_MODALITY,yes,lower_than_C1_C2_precision_layer|post_policy_publication_reveals_product_not_pre_policy_rap_use,14645,2025-03-07,10.1038/s41431-025-01789-x,,GENOTYPING_IMPUTATION|PHYSICAL_MEASURES,Detecting pleiotropic effects through integration of omics data,https://www.ukbiobank.ac.uk/projects/detecting-pleiotropic-effects-through-integration-of-omics-data/
32683,2018-10-26,before_policy,C6,NEWLY_RAP_BOUND,HIGH,CONTROL_CANDIDATE_C6,broader_contextual_sequence_evidence,Schema 19 publication 15626: Rare MTNR1B variants causing diminished MT2 signalling associate with elevated HbA1c levels but not with type 2 diabetes,post_policy_publication_product_evidence,"...ic phenotypes (N=248,454, without diabetes), other cardiometabolic phenotypes (N=330,453) and type 2 diabetes prevalence (case-control study; N=263,739) in the UK Biobank. Similar burden testing with glycaemic phenotypes was performed in Danish Inter99 participants without diabetes (N=5711), and type 2 diabetes prevalence (DD2 cohort serving as cases [N=2930] and Inter...",Likely WES/WGS rare variant burden analysis,gene burden / variant burden / collapsing analysis,C3_BURDEN_TEST,MEDIUM_PUBLICATION_MODALITY,yes,lower_than_C1_C2_precision_layer|post_policy_publication_reveals_product_not_pre_policy_rap_use,15626,2025-03-10,10.1007/s00125-025-06381-y,,GENOTYPING_IMPUTATION|QUESTIONNAIRES_ASSESSMENT,Combined effect of the genetic and lifestyle determinants of metabolic syndrome on cardiometabolic risk,https://www.ukbiobank.ac.uk/projects/combined-effect-of-the-genetic-and-lifestyle-determinants-of-metabolic-syndrome-on-cardiometabolic-risk/
33601,2018-02-22,before_policy,C6,NEWLY_RAP_BOUND,HIGH,CONTROL_CANDIDATE_C6,explicit_sequence_data_wording,Schema 19 publication 12357: Heterozygous PRKN mutations are common but do not increase the risk of Parkinson's disease,pre_policy_publication,"...ith near complete genotyping of both single nucleotide polymorphisms and copy number variants: the NIH-PD + AMP-PD cohort, the largest Parkinson's disease case-control cohort with whole genome sequencing data from 4094 participants, and the UK Biobank, the largest cohort study with whole exome sequencing and genotyping array data from 200 606 participants. Using the NIH-PD partici...",Whole genome sequencing data,whole genome sequencing / whole-genome sequence,C1_WHOLE_GENOME_SEQUENCE,MEDIUM_PUBLICATION_MODALITY_PRE_POLICY,yes,lower_than_C1_C2_precision_layer,12357,2022-05-31,10.1093/brain/awab456,,GENOTYPING_IMPUTATION,Dissecting the genetic architecture of neurodegenerative diseases,https://www.ukbiobank.ac.uk/projects/dissecting-the-genetic-architecture-of-neurodegenerative-diseases/
34201,2019-05-08,before_policy,C6,NEWLY_RAP_BOUND,HIGH,CONTROL_CANDIDATE_C6,broader_contextual_sequence_evidence,Schema 19 publication 12522: Rare coding variants in RCN3 are associated with blood pressure,pre_policy_publication,"...ltsAssociations of low frequency and rare variants in RCN3 and multiple other genes were observed for blood pressure traits in TOPMed samples. The association of low frequency and rare coding variants in RCN3 was further replicated in UK Biobank samples (N = 403,522), and reached genome-wide significance for diastolic blood pressure (p = 2.01 × 10− 7).ConclusionsLow frequency a...",Likely WES/WGS coding variant analysis,rare coding variants / coding variation,C3_RARE_CODING,MEDIUM_PUBLICATION_MODALITY_PRE_POLICY,yes,lower_than_C1_C2_precision_layer,12522,2022-02-19,10.1186/s12864-022-08356-4,,GENOTYPING_IMPUTATION|PHYSICAL_MEASURES,Epigenomics-mediated blood pressure and QT GWAS,https://www.ukbiobank.ac.uk/projects/epigenomics-mediated-blood-pressure-and-qt-gwas/
34716,2018-09-14,before_policy,C6,UNCLEAR,LOW,CONTROL_CANDIDATE_C6,explicit_sequence_data_wording,Schema 19 publication 13247: Genome-Wide and Exome-Wide Association Study Identifies Genetic Underpinning of Comorbidity between Myocardial Infarction and Severe Mental Disorders,post_policy_publication_product_evidence,"...ways significantly shared between MI and SMDs. Through Mendelian randomization analysis, we found that twenty-seven genes were potential causal genes for SMDs and MI. Based on the exome sequencing data of MI and SMDs patients from the UK Biobank, we found that MUC2 was exome-wide significant in the two diseases. The gene-set analyses of the exome-wide association study indi...",Whole exome sequencing data,exome sequencing / exome sequence,C1_EXOME_SEQUENCE,MEDIUM_PUBLICATION_MODALITY,yes,lower_than_C1_C2_precision_layer|post_policy_publication_reveals_product_not_pre_policy_rap_use,13247,2024-10-10,10.3390/biomedicines12102298,,,Designing a resampling approach to control for population stratification in rare variant association tests,https://www.ukbiobank.ac.uk/projects/designing-a-resampling-approach-to-control-for-population-stratification-in-rare-variant-association-tests/
35273,2018-07-31,before_policy,C6,NEWLY_RAP_BOUND,HIGH,CONTROL_CANDIDATE_C6,explicit_sequence_data_wording,Schema 19 publication 3686: Clonal myelopoiesis in the UK Biobank cohort: ASXL1 mutations are strongly associated with smoking,pre_policy_publication,"...: We sought to determine the significance of myeloid clonal hematopoiesis (CH) in the UK Biobank cohort (n = 502,524, median age = 58 years). Utilizing SNP array (n = 486,941) and whole exome sequencing data (n = 49,956), we identified 1166 participants with myeloid CH, defined by myeloid-associated mosaic chromosome abnormalities (mCA) and/or likely somatic driver mutations in D...",Whole exome sequencing data,whole exome sequencing / whole-exome sequence,C1_WHOLE_EXOME_SEQUENCE,MEDIUM_PUBLICATION_MODALITY_PRE_POLICY,yes,lower_than_C1_C2_precision_layer,3686,2020-06-10,10.1038/s41375-020-0896-8,,GENOTYPING_IMPUTATION,Myeloproliferative neoplasms and clonal haematopoiesis,https://www.ukbiobank.ac.uk/projects/myeloproliferative-neoplasms-and-clonal-haematopoiesis/
35520,2018-06-13,before_policy,C6,NEWLY_RAP_BOUND,HIGH,CONTROL_CANDIDATE_C6,explicit_sequence_data_wording,Schema 19 publication 17720: Joint modeling of whole-genome sequencing data for human height via approximate message passing,post_policy_publication_product_evidence,...erforming existing fine-mapping methods in selecting the appropriate genetic variants within WGS data. We then apply gVAMP to jointly model the relationship of tens of millions of WGS variants with human height in hundreds of thousands of UK Biobank individuals. We identify 59 rare variants and gene burden scores alongside many hundreds of DNA regions containin...,Whole genome sequencing data,WGS,C1_WGS_ABBREVIATION,MEDIUM_PUBLICATION_MODALITY,yes,lower_than_C1_C2_precision_layer|post_policy_publication_reveals_product_not_pre_policy_rap_use,17720,2026-02-18,10.1016/j.xgen.2026.101162,,BIOMARKERS_ASSAYS|ENVIRONMENT_GEOSPATIAL|GENOTYPING_IMPUTATION|PHYSICAL_MEASURES|QUESTIONNAIRES_ASSESSMENT,Improving estimation and prediction of common complex disease risk,https://www.ukbiobank.ac.uk/projects/improving-estimation-and-prediction-of-common-complex-disease-risk/
36509,2016-08-01,before_policy,C6,NEWLY_RAP_BOUND,HIGH,CONTROL_CANDIDATE_C6,explicit_sequence_data_wording,Schema 19 publication 5475: NOTCH3 variants are more common than expected in the general population and associated with stroke and vascular dementia: an analysis of 200 000 participants,pre_policy_publication,"...their clinical significance and contribution to stroke and dementia risk in the community remain unclear. METHODS: Cysteine-altering NOTCH3 variants were identified in UK Biobank whole-exome sequencing data (N=200 632). Frequency of stroke, vascular dementia and other clinical features of CADASIL, and MRI white matter hyperintensity volume were compared between variant carriers...",Whole exome sequencing data,whole exome sequencing / whole-exome sequence,C1_WHOLE_EXOME_SEQUENCE,MEDIUM_PUBLICATION_MODALITY_PRE_POLICY,yes,lower_than_C1_C2_precision_layer,5475,2021-03-12,10.1136/jnnp-2020-325838,,GENOTYPING_IMPUTATION|IMAGING|QUESTIONNAIRES_ASSESSMENT,"Role of vascular risk factors, genes and lifestyle in the risk of cerebrovascular disease, cognitive decline and dementia.",https://www.ukbiobank.ac.uk/projects/role-of-vascular-risk-factors-genes-and-lifestyle-in-the-risk-of-cerebrovascular-disease-cognitive-decline-and-dementia/
36610,2019-06-18,before_policy,C6,NEWLY_RAP_BOUND,HIGH,CONTROL_CANDIDATE_C6,explicit_sequence_data_wording,Schema 19 publication 7076: Detection of repeat expansions in large next generation DNA and RNA sequencing data without alignment,pre_policy_publication,"...o identify repetitive motif enrichment at genomic locations. We present superSTR, an ultrafast method that does not require alignment. superSTR is used to process whole-genome and whole-exome sequencing data, and perform the first STR analysis of the UK Biobank, efficiently screening and identifying known and potential disease-associated STRs in the exomes of 49,953 biobank parti...",Whole exome sequencing data,whole exome sequencing / whole-exome sequence,C1_WHOLE_EXOME_SEQUENCE,MEDIUM_PUBLICATION_MODALITY_PRE_POLICY,yes,lower_than_C1_C2_precision_layer,7076,2022-07-30,10.1038/s41598-022-17267-z,,GENOTYPING_IMPUTATION,Exploring the genetic basis of healthy development and ageing: gene discovery and methods development.,https://www.ukbiobank.ac.uk/projects/exploring-the-genetic-basis-of-healthy-development-and-ageing-gene-discovery-and-methods-development/
36993,2019-12-23,before_policy,C6,NEWLY_RAP_BOUND,HIGH,CONTROL_CANDIDATE_C6,explicit_sequence_data_wording,Schema 19 publication 15546: Rare damaging CCR2 variants are associated with lower lifetime cardiovascular risk,post_policy_publication_product_evidence,"...ection against human atherosclerotic cardiovascular disease.MethodsComputationally predicted damaging or loss-of-function (REVEL > 0.5) variants within CCR2 were detected in whole-exome-sequencing data from 454,775 UK Biobank participants and tested for association with cardiovascular endpoints in gene-burden tests. Given the key role of CCR2 in monocyte mobilization, varia...",Whole exome sequencing data,exome sequencing / exome sequence,C1_EXOME_SEQUENCE,MEDIUM_PUBLICATION_MODALITY,yes,lower_than_C1_C2_precision_layer|post_policy_publication_reveals_product_not_pre_policy_rap_use,15546,2025-03-21,10.1186/s13073-025-01456-2,,GENOTYPING_IMPUTATION,Identification of genetic components underlying cerebrovascular diseases and their related outcomes,https://www.ukbiobank.ac.uk/projects/identification-of-genetic-components-underlying-cerebrovascular-diseases-and-their-related-outcomes/
40212,2020-08-19,before_policy,C6,NEWLY_RAP_BOUND,HIGH,CONTROL_CANDIDATE_C6,explicit_sequence_data_wording,Schema 19 publication 10429: Enhanced rare disease mapping for phenome-wide genetic association in the UK Biobank,pre_policy_publication,"...or rare diseases, then identified individuals with each rare condition in the UK Biobank, and investigated their age at recruitment, sex bias, and comorbidity distributions. Using exome sequencing data from 167,246 individuals of European ancestry, we performed genetic association controlling for case/control imbalance (SAIGE) to identify potential rare pathogenic variants...",Whole exome sequencing data,exome sequencing / exome sequence,C1_EXOME_SEQUENCE,MEDIUM_PUBLICATION_MODALITY_PRE_POLICY,yes,lower_than_C1_C2_precision_layer,10429,2022-08-09,10.1186/s13073-022-01094-y,,GENOTYPING_IMPUTATION,Integrative analysis for genetic and clinical signatures for common and rare skin diseases,https://www.ukbiobank.ac.uk/projects/integrative-analysis-for-genetic-and-clinical-signatures-for-common-and-rare-skin-diseases/
40616,2019-02-04,before_policy,C6,NEWLY_RAP_BOUND,HIGH,CONTROL_CANDIDATE_C6,explicit_sequence_data_wording,Schema 19 publication 13802: Phenotypic Expression and Outcomes in Individuals With Rare Genetic Variants of Hypertrophic Cardiomyopathy,pre_policy_publication,...mpare lifetime outcomes and cardiovascular phenotypes according to the presence of rare variants in sarcomere-encoding genes among middle-aged adults. METHODS: This study analyzed whole exome sequencing and cardiac magnetic resonance imaging in UK Biobank participants stratified according to sarcomere-encoding variant status. RESULTS: The prevalence of rare variants (allele frequ...,Whole exome sequencing data,whole exome sequencing / whole-exome sequence,C1_WHOLE_EXOME_SEQUENCE,MEDIUM_PUBLICATION_MODALITY_PRE_POLICY,yes,lower_than_C1_C2_precision_layer,13802,2021-09-01,10.1016/j.jacc.2021.07.017,,GENOTYPING_IMPUTATION,Machine learning discovery of genotype-phenotype associations in cardiovascular science.,https://www.ukbiobank.ac.uk/projects/machine-learning-discovery-of-genotype-phenotype-associations-in-cardiovascular-science/
40709,2018-08-23,before_policy,C6,NEWLY_RAP_BOUND,HIGH,CONTROL_CANDIDATE_C6,explicit_sequence_data_wording,Schema 19 publication 7337: Protein-coding repeat polymorphisms strongly shape diverse human phenotypes,pre_policy_publication,"...owever, the relationships of VNTRs to most phenotypes are unknown because of difficulties in measuring such repetitive elements. We developed methods to estimate VNTR lengths from whole-exome sequencing data and impute VNTR alleles into single-nucleotide polymorphism haplotypes. Analyzing 118 protein-altering VNTRs in 415,280 UK Biobank participants for association with 786 pheno...",Whole exome sequencing data,whole exome sequencing / whole-exome sequence,C1_WHOLE_EXOME_SEQUENCE,MEDIUM_PUBLICATION_MODALITY_PRE_POLICY,yes,lower_than_C1_C2_precision_layer,7337,2021-09-23,10.1126/science.abg8289,,GENOTYPING_IMPUTATION,Exploring the effects of genome structural variation on human health and disease,https://www.ukbiobank.ac.uk/projects/exploring-the-effects-of-genome-structural-variation-on-human-health-and-disease/
41143,2019-02-21,before_policy,C6,NEWLY_RAP_BOUND,MEDIUM,CONTROL_CANDIDATE_C6,explicit_sequence_data_wording,Schema 19 publication 11550: Polygenic risk scores and risk stratification in deep vein thrombosis,pre_policy_publication,"...ratified individuals based on genetic makeup to evaluate if it favorably impacts risk prediction. METHODS: In the UK Biobank (UKB), we performed gene-based association tests using exome sequencing data, as well as a genome-wide association study. We also constructed polygenic risk scores (PRS) in a subset of the cohort (Number of cases = 8231; Number of controls = 276,360)...",Whole exome sequencing data,exome sequencing / exome sequence,C1_EXOME_SEQUENCE,MEDIUM_PUBLICATION_MODALITY_PRE_POLICY,yes,lower_than_C1_C2_precision_layer,11550,2023-06-10,10.1016/j.thromres.2023.06.011,,QUESTIONNAIRES_ASSESSMENT,"Effects of diet and lifestyle, and their interactions with genetic variants, on our health",https://www.ukbiobank.ac.uk/projects/effects-of-diet-and-lifestyle-and-their-interactions-with-genetic-variants-on-our-health/
41542,2018-07-05,before_policy,C6,NEWLY_RAP_BOUND,HIGH,CONTROL_CANDIDATE_C6,explicit_sequence_data_wording,Schema 19 publication 10801: Efficient identification of trait-associated loss-of-function variants in the UK Biobank cohort by exome-sequencing based genotype imputation,pre_policy_publication,"...ne Frequency|Genome-Wide Association Study|Genotype|Humans|Polymorphism, Single Nucleotide|United Kingdom publication_abstract: The large-scale open access whole-exome sequencing (WES) data of the UK Biobank ~200,000 participants is accelerating a new wave of genetic association studies aiming to identify rare and functional loss-of-function (LoF) variants asso...",Whole exome sequencing data,WES,C1_WES_ABBREVIATION,MEDIUM_PUBLICATION_MODALITY_PRE_POLICY,yes,lower_than_C1_C2_precision_layer,10801,2022-12-09,10.1002/gepi.22511,,GENOTYPING_IMPUTATION|IMAGING,The genetic study of osteosarcopenic obesity,https://www.ukbiobank.ac.uk/projects/the-genetic-study-of-osteosarcopenic-obesity/
41910,2018-08-31,before_policy,C6,NEWLY_RAP_BOUND,HIGH,CONTROL_CANDIDATE_C6,explicit_sequence_data_wording,Schema 19 publication 14470: Investigating the Contribution of Coding Variants in Alcohol Use Disorder Using Whole-Exome Sequencing Across Ancestries,post_policy_publication_product_evidence,"...rogress in identifying genetic variants that underlie AUD. However, whole-exome sequencing studies of AUD have been hampered by the lack of available samples. METHODS: We analyzed whole-exome sequencing data of 4530 samples from the Yale-Penn cohort and 469,835 samples from the UK Biobank, which represent an unprecedented resource for exploring the contribution of coding variants...",Whole exome sequencing data,whole exome sequencing / whole-exome sequence,C1_WHOLE_EXOME_SEQUENCE,MEDIUM_PUBLICATION_MODALITY,yes,lower_than_C1_C2_precision_layer|post_policy_publication_reveals_product_not_pre_policy_rap_use,14470,2025-01-30,10.1016/j.biopsych.2025.01.020,,GENOTYPING_IMPUTATION,"Genetics of complex diseases, comorbidities, and other traits in multi-ethnic samples",https://www.ukbiobank.ac.uk/projects/genetics-of-complex-diseases-comorbidities-and-other-traits-in-multi-ethnic-samples/
42256,2020-07-30,before_policy,C6,NEWLY_RAP_BOUND,HIGH,CONTROL_CANDIDATE_C6,explicit_sequence_data_wording,Schema 19 publication 15852: Rare loss-of-function variants in HECTD2 and AKAP11 confer risk of bipolar disorder,post_policy_publication_product_evidence,"...LOF) variants, holding promise for informing on the underlying biology, we performed a variant burden analysis for bipolar disorder using gene-based aggregation of LOF variants in whole-genome sequencing data from Iceland (4,197 cases, more than 200,000 controls) and the UK Biobank (1,881 cases, 426,622 controls). We found that HECTD2 was associated with bipolar disorder and confi...",Whole genome sequencing data,whole genome sequencing / whole-genome sequence,C1_WHOLE_GENOME_SEQUENCE,MEDIUM_PUBLICATION_MODALITY,yes,lower_than_C1_C2_precision_layer|post_policy_publication_reveals_product_not_pre_policy_rap_use,15852,2025-03-25,10.1038/s41588-025-02141-1,,GENOTYPING_IMPUTATION|IMAGING|QUESTIONNAIRES_ASSESSMENT,Neurogenetics - the role of genetics in normal and abnormal functioning of the Central Nervous System (CNS),https://www.ukbiobank.ac.uk/projects/neurogenetics-the-role-of-genetics-in-normal-and-abnormal-functioning-of-the-central-nervous-system-cns/
42260,2019-07-03,before_policy,C6,NEWLY_RAP_BOUND,HIGH,CONTROL_CANDIDATE_C6,explicit_sequence_data_wording,Schema 19 publication 15376: Polygenic risk score prediction accuracy convergence,post_policy_publication_product_evidence,"...rely increasing GWAS sample sizes may lead to only modest improvements in risk discrimination. We next investigated the factors influencing the maximum achievable prediction using whole-genome sequencing data from 125,000 UK Biobank participants and state-of-the-art modeling of polygenic outcomes. Our analyses suggest that increasing the variant coverage of PRS, using either more...",Whole genome sequencing data,whole genome sequencing / whole-genome sequence,C1_WHOLE_GENOME_SEQUENCE,MEDIUM_PUBLICATION_MODALITY,yes,lower_than_C1_C2_precision_layer|post_policy_publication_reveals_product_not_pre_policy_rap_use,15376,2025-05-14,10.1016/j.xhgg.2025.100457,,BIOMARKERS_ASSAYS|ENVIRONMENT_GEOSPATIAL,Methods for multivariate analysis of genetic and environmental factors,https://www.ukbiobank.ac.uk/projects/methods-for-multivariate-analysis-of-genetic-and-environmental-factors/
42614,2018-09-14,before_policy,C6,NEWLY_RAP_BOUND,HIGH,CONTROL_CANDIDATE_C6,explicit_sequence_data_wording,Schema 19 publication 4830: Exploiting family history in aggregation unit-based genetic association tests,pre_policy_publication,"...AT and FHAT-O are more powerful than LT-FH and conventional methods in many scenarios. By applying FHAT and FHAT-O to the analysis of all cause dementia and hypertension using the exome sequencing data from the UK Biobank, we showed that our methods can improve significance for known regions. Furthermore, we replicated the previous associations in all cause dementia and hyp...",Whole exome sequencing data,exome sequencing / exome sequence,C1_EXOME_SEQUENCE,MEDIUM_PUBLICATION_MODALITY_PRE_POLICY,yes,lower_than_C1_C2_precision_layer,4830,2021-10-25,10.1038/s41431-021-00980-0,,GENOTYPING_IMPUTATION,Statistical methods for discovery and validation of associations with cardiovascular and aging traits and their associated risk factors,https://www.ukbiobank.ac.uk/projects/statistical-methods-for-discovery-and-validation-of-associations-with-cardiovascular-and-aging-traits-and-their-associated-risk-factors/
42857,2018-09-24,before_policy,C6,NEWLY_RAP_BOUND,HIGH,CONTROL_CANDIDATE_C6,explicit_sequence_data_wording,Schema 19 publication 2382: Association of Monogenic vs Polygenic Hypercholesterolemia With Risk of Atherosclerotic Cardiovascular Disease,pre_policy_publication,"...to 69 years were recruited by the UK Biobank from across the United Kingdom between March 13, 2006, and October 1, 2010, and followed up until March 31, 2017. Genotyping array and exome sequencing data from the UK Biobank cohort were used to identify individuals with monogenic (LDLR, APOB, and PCSK9) or polygenic hypercholesterolemia (LDL-C polygenic score >95th percentile...",Whole exome sequencing data,exome sequencing / exome sequence,C1_EXOME_SEQUENCE,MEDIUM_PUBLICATION_MODALITY_PRE_POLICY,yes,lower_than_C1_C2_precision_layer,2382,2020-04-01,10.1001/jamacardio.2019.5954,,BIOMARKERS_ASSAYS,Influence of plasma lipoprotein genetics on infectious disease outcomes,https://www.ukbiobank.ac.uk/projects/influence-of-plasma-lipoprotein-genetics-on-infectious-disease-outcomes/
43138,2018-09-10,before_policy,C6,NEWLY_RAP_BOUND,HIGH,CONTROL_CANDIDATE_C6,explicit_sequence_data_wording,Schema 19 publication 9402: Learning the kernel for rare variant genetic association test,pre_policy_publication,...combination of kernels. We evaluate the performance of the proposed method on continuous and binary traits using simulation studies and illustrate its application using UK Biobank Whole Exome Sequencing data on hand grip strength and systemic lupus erythematosus rare variant association analysis. Discussion: Our proposed ecSKAT method enables correcting for important confounders...,Whole exome sequencing data,whole exome sequencing / whole-exome sequence,C1_WHOLE_EXOME_SEQUENCE,MEDIUM_PUBLICATION_MODALITY_PRE_POLICY,yes,lower_than_C1_C2_precision_layer,9402,2023-10-09,10.3389/fgene.2023.1245238,,GENOTYPING_IMPUTATION|IMAGING|QUESTIONNAIRES_ASSESSMENT,Define disease endotypes agnostic of conventional diagnostic classes,https://www.ukbiobank.ac.uk/projects/define-disease-endotypes-agnostic-of-conventional-diagnostic-classes/
43247,2019-03-13,before_policy,C6,NEWLY_RAP_BOUND,MEDIUM,CONTROL_CANDIDATE_C6,explicit_sequence_data_wording,"Schema 19 publication 4752: Effect of Loss-of-Function Genetic Variants in PCSK9 on Glycemic Traits, Neurocognitive Impairment, and Hepatobiliary Function.",pre_policy_publication,"...on (pLoF) variants and glycemic traits, hepatobiliary function, and neurocognitive traits. RESEARCH DESIGN AND METHODS: We identified carriers of PCSK9 pLoF variants in UK Biobank exome sequencing data. We assessed the aggregate effects of these variants on lipid and lipoprotein traits, which served as a positive control. Association of PCSK9 pLoF carrier status and glycemi...",Whole exome sequencing data,exome sequencing / exome sequence,C1_EXOME_SEQUENCE,MEDIUM_PUBLICATION_MODALITY_PRE_POLICY,yes,lower_than_C1_C2_precision_layer,4752,2021-11-10,10.2337/dc21-0955,,QUESTIONNAIRES_ASSESSMENT,Genetics of complex human traits with a main focus on cardiac disease.,https://www.ukbiobank.ac.uk/projects/genetics-of-complex-human-traits-with-a-main-focus-on-cardiac-disease/
43397,2021-04-08,before_policy,C6,NEWLY_RAP_BOUND,HIGH,CONTROL_CANDIDATE_C6,explicit_sequence_data_wording,Schema 19 publication 15149: Incident cytopenia and risk of subsequent myeloid neoplasm in age-related clonal hematopoiesis: a multi-biobank case-control study,post_policy_publication_product_evidence,"...ing cytopenia and myeloid neoplasm (MN). One prior study suggests cytopenia or cytosis is a required intermediate step in disease progression from CHIP to MN. Methods: We analyzed genomic sequencing data from the NIH All of Us Research Program, Vanderbilt's BioVU repository, and UK Biobank participants (N = 805,249). The study period ranged from 1 January 2006 to 31 December 2023....",Whole genome sequencing data,genome sequence data / genomic sequence data,C1_GENOME_SEQUENCE_DATA,MEDIUM_PUBLICATION_MODALITY,yes,lower_than_C1_C2_precision_layer|post_policy_publication_reveals_product_not_pre_policy_rap_use,15149,2025-06-04,10.1016/j.eclinm.2025.103283,,LINKED_HEALTH_RECORDS|PHYSICAL_MEASURES,"Multivariate analysis of phenome, genome relationships using large EHR/Biobank data: a `big data` discovery approach towards personalized medicine",https://www.ukbiobank.ac.uk/projects/multivariate-analysis-of-phenome-genome-relationships-using-large-ehr-biobank-data-a-big-data-discovery-approach-towards-personalized-medicine/
43879,2019-09-18,before_policy,C6,NEWLY_RAP_BOUND,HIGH,CONTROL_CANDIDATE_C6,broader_contextual_sequence_evidence,Schema 19 publication 10866: Monoallelic IFT140 pathogenic variants are an important cause of the autosomal dominant polycystic kidney-spectrum phenotype,pre_policy_publication,"...s mild PKD with large cysts, limited kidney insufficiency, and few liver cysts. Analyses of the cystic kidney disease probands of Genomics England 100K showed that 2.1% had IFT140 LoF variants. Analysis of the UK Biobank cystic kidney disease group showed probands with IFT140 LoF variants as the third most common group, after PKD1 and PKD2. The proximity of IFT140 to PK...",Likely WES/WGS rare coding variant analysis,loss-of-function / pLoF / protein-truncating variants,C3_LOF_PLOF,MEDIUM_PUBLICATION_MODALITY_PRE_POLICY,yes,lower_than_C1_C2_precision_layer,10866,2021-12-09,10.1016/j.ajhg.2021.11.016,,GENOTYPING_IMPUTATION,GWAS and genetics study of end stage renal failure and cystic kidney disease,https://www.ukbiobank.ac.uk/projects/gwas-and-genetics-study-of-end-stage-renal-failure-and-cystic-kidney-disease/
44080,2018-12-12,before_policy,C6,NEWLY_RAP_BOUND,HIGH,CONTROL_CANDIDATE_C6,explicit_sequence_data_wording,Schema 19 publication 5981: Variance-component-based meta-analysis of gene-environment interactions for rare variants,pre_policy_publication,...-INT-FIX and HET-INT-RAN provide higher power than pooled analysis. Our methods are further validated via testing 12 candidate gene-age interactions in blood pressure traits using whole-exome sequencing data from UK Biobank.,Whole exome sequencing data,whole exome sequencing / whole-exome sequence,C1_WHOLE_EXOME_SEQUENCE,MEDIUM_PUBLICATION_MODALITY_PRE_POLICY,yes,lower_than_C1_C2_precision_layer,5981,2021-06-14,10.1093/g3journal/jkab203,,BIOMARKERS_ASSAYS|GENOTYPING_IMPUTATION|PHYSICAL_MEASURES|QUESTIONNAIRES_ASSESSMENT,SNP-Biomarker Interactions in Blood Pressure Regulation,https://www.ukbiobank.ac.uk/projects/snp-biomarker-interactions-in-blood-pressure-regulation/
44108,2019-03-26,before_policy,C6,NEWLY_RAP_BOUND,HIGH,CONTROL_CANDIDATE_C6,explicit_sequence_data_wording,Schema 19 publication 13441: Integration of variant annotations using deep set networks boosts rare variant association testing,post_policy_publication_product_evidence,"...gnostic gene impairment score from rare variant annotations and phenotypes, enabling both gene discovery and trait prediction. On 34 quantitative and 63 binary traits, using whole-exome-sequencing data from UK Biobank, we find that DeepRVAT yields substantial gains in gene discoveries and improved detection of individuals at high genetic risk. Finally, we demonstrate how De...",Whole exome sequencing data,exome sequencing / exome sequence,C1_EXOME_SEQUENCE,MEDIUM_PUBLICATION_MODALITY,yes,lower_than_C1_C2_precision_layer|post_policy_publication_reveals_product_not_pre_policy_rap_use,13441,2024-09-25,10.1038/s41588-024-01919-z,,IMAGING,Predictive value of the structural connectome using machine learning,https://www.ukbiobank.ac.uk/projects/predictive-value-of-the-structural-connectome-using-machine-learning/
44300,2019-01-28,before_policy,C6,NEWLY_RAP_BOUND,HIGH,CONTROL_CANDIDATE_C6,broader_contextual_sequence_evidence,Schema 19 publication 10279: Fine-mapping studies distinguish genetic risks for childhood- and adult-onset asthma in the HLA region,pre_policy_publication,"...n=398; peripheral blood mononuclear cells, n=132) and airway (nasal epithelial cells, n=188) cells from ethnically diverse individuals. We also examined putatively causal protein coding variation from protein crystal structures and conducted replication studies in independent multi-ethnic cohorts from the UK Biobank (COA n=1686; AOA n=3666; controls n=56,063).ResultsGeneti...",Likely WES/WGS coding variant analysis,rare coding variants / coding variation,C3_RARE_CODING,MEDIUM_PUBLICATION_MODALITY_PRE_POLICY,yes,lower_than_C1_C2_precision_layer,10279,2022-05-24,10.1186/s13073-022-01058-2,,GENOTYPING_IMPUTATION,Genetic Studies of Inflammatory and Immune-Mediated Traits,https://www.ukbiobank.ac.uk/projects/genetic-studies-of-inflammatory-and-immune-mediated-traits/
44448,2019-03-07,before_policy,C6,NEWLY_RAP_BOUND,MEDIUM,CONTROL_CANDIDATE_C6,explicit_sequence_data_wording,Schema 19 publication 12647: Identification of Rare Loss-of-Function Genetic Variation Regulating Body Fat Distribution,pre_policy_publication,"...d in determining fat distribution. METHODS: We combined the power of genome-wide analysis of array-based rare, nonsynonymous variants in 450 562 individuals in the UK Biobank with exome-sequence-based rare LoF gene burden testing in 184 246 individuals. RESULTS: The data indicate that the LoF of 4 genes (PLIN1 [LoF variants, P = 5.86 × 10-7], INSR [LoF variants, P = 6.21...",Whole exome sequencing data,exome sequencing / exome sequence,C1_EXOME_SEQUENCE,MEDIUM_PUBLICATION_MODALITY_PRE_POLICY,yes,lower_than_C1_C2_precision_layer,12647,2021-12-07,10.1210/clinem/dgab877,,QUESTIONNAIRES_ASSESSMENT,The genetic and environmental determinants of cardiometabolic and related disorders.,https://www.ukbiobank.ac.uk/projects/the-genetic-and-environmental-determinants-of-cardiometabolic-and-related-disorders/
45227,2018-12-19,before_policy,C6,NEWLY_RAP_BOUND,HIGH,CONTROL_CANDIDATE_C6,explicit_sequence_data_wording,Schema 19 publication 5934: UK Biobank Whole-Exome Sequence Binary Phenome Analysis with Robust Region-Based Rare-Variant Test,pre_policy_publication,publication_title: UK Biobank Whole-Exome Sequence Binary Phenome Analysis with Robust Region-Based Rare-Variant Test publication_keywords: Biological Specimen Banks|Case-Control Studies|Computer Simulation|Exome|Exome Sequencing|...,Whole exome sequencing data,whole exome sequencing / whole-exome sequence,C1_WHOLE_EXOME_SEQUENCE,MEDIUM_PUBLICATION_MODALITY_PRE_POLICY,yes,lower_than_C1_C2_precision_layer,5934,2019-12-19,10.1016/j.ajhg.2019.11.012,,ENVIRONMENT_GEOSPATIAL|GENOTYPING_IMPUTATION,Scalable and Robust methods for biobank data analysis,https://www.ukbiobank.ac.uk/projects/scalable-and-robust-methods-for-biobank-data-analysis/
45420,2019-07-01,before_policy,C6,NEWLY_RAP_BOUND,HIGH,CONTROL_CANDIDATE_C6,explicit_sequence_data_wording,Schema 19 publication 12320: Association of Rare APOE Missense Variants V236E and R251G With Risk of Alzheimer Disease,pre_policy_publication,"...icipants: Association with case-control status was tested in a sequenced discovery sample (stage 1) and followed up in several microarray imputed cohorts as well as the UK Biobank whole-exome sequencing resource using a proxy-AD phenotype (stages 2 and 3). This study combined case-control, family-based, population-based, and longitudinal AD-related cohorts that recruited referred...",Whole exome sequencing data,whole exome sequencing / whole-exome sequence,C1_WHOLE_EXOME_SEQUENCE,MEDIUM_PUBLICATION_MODALITY_PRE_POLICY,yes,lower_than_C1_C2_precision_layer,12320,2022-07-01,10.1001/jamaneurol.2022.1166,,BIOMARKERS_ASSAYS|IMAGING,Molecular underpinnings of resting-state fMRI,https://www.ukbiobank.ac.uk/projects/molecular-underpinnings-of-resting-state-fmri/
46478,2019-02-13,before_policy,C6,NEWLY_RAP_BOUND,HIGH,CONTROL_CANDIDATE_C6,explicit_sequence_data_wording,Schema 19 publication 12440: Exome-wide screening identifies novel rare risk variants for major depression disorder,pre_policy_publication,"...(MDD) have been identified by GWAS to date, a large proportion of genetic variation predisposing to MDD remains unaccounted for. By utilizing the newly released UK Biobank 200,643 exome dataset, we conducted an exome-wide association study to identify rare risk variants contributing to MDD. After quality control, 120,033 participants with MDD polygenic risk scores (PR...",Whole exome sequencing data,exome data / exome variants,C1_EXOME_DATA,MEDIUM_PUBLICATION_MODALITY_PRE_POLICY,yes,lower_than_C1_C2_precision_layer,12440,2022-04-01,10.1038/s41380-022-01536-4,,GENOTYPING_IMPUTATION,Multi-omics integrative studies of common psychiatric disorders and skeletal disorders,https://www.ukbiobank.ac.uk/projects/multi-omics-integrative-studies-of-common-psychiatric-disorders-and-skeletal-disorders/
47137,2019-02-13,before_policy,C6,NEWLY_RAP_BOUND,HIGH,CONTROL_CANDIDATE_C6,explicit_sequence_data_wording,Schema 19 publication 10969: Population-Level Prevalence of Rare Variants Associated With Atrial Fibrillation and its Impact on Patient Outcomes,pre_policy_publication,"...IVES: This study sought to examine the association of LPVs with AF and their impact on clinical outcomes using the UK Biobank, a national repository of participants with available whole exome sequencing data. METHODS: A total of 200,631 individuals in the UK Biobank were studied. Incident and prevalent AF, comorbidities, and outcomes were identified using self-reported assessment...",Whole exome sequencing data,whole exome sequencing / whole-exome sequence,C1_WHOLE_EXOME_SEQUENCE,MEDIUM_PUBLICATION_MODALITY_PRE_POLICY,yes,lower_than_C1_C2_precision_layer,10969,2023-01-18,10.1016/j.jacep.2022.11.022,,GENOTYPING_IMPUTATION,Polygenic Risk Score and Clinical Information Integration for Disease Prediction,https://www.ukbiobank.ac.uk/projects/polygenic-risk-score-and-clinical-information-integration-for-disease-prediction/
47222,2019-04-12,before_policy,C6,UNCLEAR,LOW,CONTROL_CANDIDATE_C6,explicit_sequence_data_wording,Schema 19 publication 4814: Evidence in the UK Biobank for the underdiagnosis of erythropoietic protoporphyria,pre_policy_publication,"...mated EPP prevalence using large genetic data sets. METHODS: Disease-associated FECH variants were identified in the UK Biobank, a data set of 500,953 individuals including 49,960 exome sequences. EPP prevalence was then estimated. The association of FECH variants with EPP-related traits was assessed. RESULTS: Analysis of pathogenic FECH variants in the UK Biobank provide...",Whole exome sequencing data,exome sequencing / exome sequence,C1_EXOME_SEQUENCE,MEDIUM_PUBLICATION_MODALITY_PRE_POLICY,yes,lower_than_C1_C2_precision_layer,4814,2020-09-02,10.1038/s41436-020-00951-8,,,The UK Biobank and the porphyrias: investigating the consequences of mutations in genes related to heme biosynthesis,https://www.ukbiobank.ac.uk/projects/the-uk-biobank-and-the-porphyrias-investigating-the-consequences-of-mutations-in-genes-related-to-heme-biosynthesis/
47813,2019-04-18,before_policy,C6,NEWLY_RAP_BOUND,MEDIUM,CONTROL_CANDIDATE_C6,explicit_sequence_data_wording,Schema 19 publication 17949: Interactions between rare variants in DNA repair genes and cardiometabolic risk explain more variability in cognitive function,post_policy_publication_product_evidence,"...ardiometabolic factors to explain cognitive variability remains unclear. Participants (n = 376,533) of white-British ancestry from the UK biobank with cognitive, neuroimaging, and whole-exome sequencing data were included. Six cognitive outcomes were assessed: fluid intelligence (FIQ), symbol-digit matching task (SDMT), visual matching (MATCH), trail making (TRAIL1 and TRAIL2), a...",Whole exome sequencing data,whole exome sequencing / whole-exome sequence,C1_WHOLE_EXOME_SEQUENCE,MEDIUM_PUBLICATION_MODALITY,yes,lower_than_C1_C2_precision_layer|post_policy_publication_reveals_product_not_pre_policy_rap_use,17949,2026-04-18,10.1007/s11357-026-02238-3,,QUESTIONNAIRES_ASSESSMENT,"Towards a comprehensive predictive model of the contribution of individual and combination of risk factors to brain ageing, neurodegeneration, and cognitive decline.",https://www.ukbiobank.ac.uk/projects/towards-a-comprehensive-predictive-model-of-the-contribution-of-individual-and-combination-of-risk-factors-to-brain-ageing-neurodegeneration-and-cognitive-decline/
48031,2019-07-04,before_policy,C6,NEWLY_RAP_BOUND,HIGH,CONTROL_CANDIDATE_C6,explicit_sequence_data_wording,Schema 19 publication 12999: A Genomics England haplotype reference panel and imputation of UK Biobank,post_policy_publication_product_evidence,...th minor allele frequencies as low as 2 × 10−4 in white British samples. The GEL-imputed UK Biobank genome-wide association analysis identified 70% of associations found by direct exome sequencing (P,Whole exome sequencing data,exome sequencing / exome sequence,C1_EXOME_SEQUENCE,MEDIUM_PUBLICATION_MODALITY,yes,lower_than_C1_C2_precision_layer|post_policy_publication_reveals_product_not_pre_policy_rap_use,12999,2024-08-12,10.1038/s41588-024-01868-7,,GENOTYPING_IMPUTATION,Whole Genome Imputation of UK Biobank participants in partnership with Genomics England,https://www.ukbiobank.ac.uk/projects/whole-genome-imputation-of-uk-biobank-participants-in-partnership-with-genomics-england/
48286,2019-06-18,before_policy,C6,UNCLEAR,LOW,CONTROL_CANDIDATE_C6,explicit_sequence_data_wording,"Schema 19 publication 12339: Frequency, Penetrance, and Variable Expressivity of Dilated Cardiomyopathy-Associated Putative Pathogenic Gene Variants in UK Biobank Participants",pre_policy_publication,"...ocus on the expression of clinical and subclinical phenotype, including structural, functional, and arrhythmic disease features. METHODS: UK Biobank participants who had undergone whole exome sequencing, ECG, and cardiovascular magnetic resonance imaging were selected for study. Three variant-calling strategies (1 primary and 2 secondary) were used to identify participants with p...",Whole exome sequencing data,whole exome sequencing / whole-exome sequence,C1_WHOLE_EXOME_SEQUENCE,MEDIUM_PUBLICATION_MODALITY_PRE_POLICY,yes,lower_than_C1_C2_precision_layer,12339,2022-06-16,10.1161/circulationaha.121.058143,,,Do persons with epilepsy (PWE) have known pathogenic mutations in ion channel or other known sudden cardiac arrest-related genes at a greater frequency than non-epileptics?,https://www.ukbiobank.ac.uk/projects/do-persons-with-epilepsy-pwe-have-known-pathogenic-mutations-in-ion-channel-or-other-known-sudden-cardiac-arrest-related-genes-at-a-greater-frequency-than-non-epileptics/
49593,2020-09-23,before_policy,C6,UNCLEAR,LOW,CONTROL_CANDIDATE_C6,explicit_sequence_data_wording,Schema 19 publication 7101: Investigating the characteristics of genes and variants associated with self-reported hearing difficulty in older adults in the UK Biobank,pre_policy_publication,"...quantify using these methods, and as a result, the landscape of variation associated with adult-onset hearing loss remains largely unknown.ResultsHere we present a study based on exome sequencing and self-reported hearing difficulty in the UK Biobank, a large-scale biomedical database. We have carried out variant load analyses using different minor allele frequency and imp...",Whole exome sequencing data,exome sequencing / exome sequence,C1_EXOME_SEQUENCE,MEDIUM_PUBLICATION_MODALITY_PRE_POLICY,yes,lower_than_C1_C2_precision_layer,7101,2022-06-27,10.1186/s12915-022-01349-5,,,Investigating genes and variants associated with age-related hearing loss,https://www.ukbiobank.ac.uk/projects/investigating-genes-and-variants-associated-with-age-related-hearing-loss/
49823,2021-01-11,before_policy,C6,UNCLEAR,LOW,CONTROL_CANDIDATE_C6,explicit_sequence_data_wording,Schema 19 publication 14456: A study into rare GPR146 gene variants in humans and mice,post_policy_publication_product_evidence,...6 in humans is however limited. We therefore set out to study rare genetic variants in GPR146 to improve our understanding of this new player in lipid metabolism. METHODS: We used whole genome sequencing data from UK Biobank participants to search for rare coding variants in GPR146. We first carried out gene-based burden tests (using SAIGE-GENE-framework) and examined the associat...,Whole genome sequencing data,whole genome sequencing / whole-genome sequence,C1_WHOLE_GENOME_SEQUENCE,MEDIUM_PUBLICATION_MODALITY,yes,lower_than_C1_C2_precision_layer|post_policy_publication_reveals_product_not_pre_policy_rap_use,14456,2025-02-17,10.1016/j.atherosclerosis.2025.119137,,,Genetic predisposition to cardiovascular and metabolic diseases,https://www.ukbiobank.ac.uk/projects/genetic-predisposition-to-cardiovascular-and-metabolic-diseases/
49847,2020-04-06,before_policy,C6,NEWLY_RAP_BOUND,HIGH,CONTROL_CANDIDATE_C6,broader_contextual_sequence_evidence,"Schema 19 publication 12571: Evaluation of Evidence for Pathogenicity Demonstrates That BLK, KLF11, and PAX4 Should Not Be Included in Diagnostic Testing for MODY",pre_policy_publication,"...of the odds [LOD] scores ≤1.2), compared with HNF1A and HNF4A (LOD scores >9), and are all too common to cause MODY (minor allele frequency >4.95 × 10-5). Ultra-rare missense and protein-truncating variants (PTV) were not enriched in a MODY cohort compared with the UK Biobank population (PTV P > 0.05, missense P > 0.1 for all three genes) while HNF1A and HNF4A were enriched (P",Likely WES/WGS rare coding variant analysis,loss-of-function / pLoF / protein-truncating variants,C3_LOF_PLOF,MEDIUM_PUBLICATION_MODALITY_PRE_POLICY,yes,lower_than_C1_C2_precision_layer,12571,2022-02-02,10.2337/db21-0844,,LINKED_HEALTH_RECORDS,"Assessing the prevalence, penetrance and pathogenicity of rare genomic variants.",https://www.ukbiobank.ac.uk/projects/assessing-the-prevalence-penetrance-and-pathogenicity-of-rare-genomic-variants/
49852,2019-10-17,before_policy,C6,UNCLEAR,LOW,CONTROL_CANDIDATE_C6,explicit_sequence_data_wording,Schema 19 publication 18708: Exonic Variation and Its Clinical Impact in 7221 Old Order Amish,post_policy_publication_product_evidence,"...n the Amish genome, we sequenced the exomes of 7221 adult community members, and in this report, we contrast genetic diversity between the Amish and Europeans from the UK Biobank. Exome sequences of 7221 Amish contained only 14% as many variants as the same number of UKB participants. This reduced genetic diversity has substantial clinical implications. We identified path...",Whole exome sequencing data,exome sequencing / exome sequence,C1_EXOME_SEQUENCE,MEDIUM_PUBLICATION_MODALITY,yes,lower_than_C1_C2_precision_layer|post_policy_publication_reveals_product_not_pre_policy_rap_use,18708,2025-08-06,10.1002/ajmg.a.64212,,,Phenome-wide association study of variants in developmental pathway genes,https://www.ukbiobank.ac.uk/projects/phenome-wide-association-study-of-variants-in-developmental-pathway-genes/
49945,2019-05-14,before_policy,C6,NEWLY_RAP_BOUND,HIGH,CONTROL_CANDIDATE_C6,explicit_sequence_data_wording,Schema 19 publication 9737: Subtyping Severe Hypercholesterolemia by Genetic Determinant to Stratify Risk of Coronary Artery Disease,pre_policy_publication,"...ubtypes (genetic and nongenetic causes) was performed among 130 091 UK Biobank participants. Analyses were limited to unrelated, White British or Irish participants with available exome sequencing data. Participants with cardiovascular disease at baseline were excluded from analyses of incident CAD. RESULTS: Of 130 091 individuals, 68 416 (52.6%) were women, and the mean (S...",Whole exome sequencing data,exome sequencing / exome sequence,C1_EXOME_SEQUENCE,MEDIUM_PUBLICATION_MODALITY_PRE_POLICY,yes,lower_than_C1_C2_precision_layer,9737,2023-08-17,10.1161/atvbaha.123.319341,,ENVIRONMENT_GEOSPATIAL|LINKED_HEALTH_RECORDS|PHYSICAL_MEASURES,Evaluation of Causal Relationships between Body Mass Index and a Wide Range of Traits and Diseases,https://www.ukbiobank.ac.uk/projects/evaluation-of-causal-relationships-between-body-mass-index-and-a-wide-range-of-traits-and-diseases/
50295,2019-08-01,before_policy,C6,NEWLY_RAP_BOUND,HIGH,CONTROL_CANDIDATE_C6,explicit_sequence_data_wording,Schema 19 publication 10553: Statistical evidence for high-penetrance MODY-causing genes in a large population-based cohort,pre_policy_publication,"...city have been widely used; however, statistical evidence for being a highly penetrant MODY gene has not been well-established. METHODS: Participants were from the UK Biobank with whole-exome sequencing data, including 14,622 with and 185,509 without diagnosis of diabetes. Pathogenic/likely pathogenic (P/LP) mutations in 14 reported and 3 possible MODY genes were annotated using...",Whole exome sequencing data,whole exome sequencing / whole-exome sequence,C1_WHOLE_EXOME_SEQUENCE,MEDIUM_PUBLICATION_MODALITY_PRE_POLICY,yes,lower_than_C1_C2_precision_layer,10553,2022-10-08,10.1002/edm2.372,,GENOTYPING_IMPUTATION,"Validity and performance of inherited risk assessment for common diseases using polygenic risk score, family history, and high-penetrance genes",https://www.ukbiobank.ac.uk/projects/validity-and-performance-of-inherited-risk-assessment-for-common-diseases-using-polygenic-risk-score-family-history-and-high-penetrance-genes/
50314,2019-08-01,before_policy,C6,NEWLY_RAP_BOUND,HIGH,CONTROL_CANDIDATE_C6,broader_contextual_sequence_evidence,"Schema 19 publication 18173: Exome sequencing and analysis of 44,028 British South Asians enriched for high autozygosity",post_policy_publication_product_evidence,"...sive models, and meta-analyses of 33 cardiometabolic traits with UK Biobank, finding more than 100 novel gene-phenotype associations. We identified 2,991 genes with rare biallelic predicted loss-of-function ('knockout') genotypes, 546 of which had not been previously reported. We show that drugs targeting genes with knockouts in adults are associated with a 2.2-fold higher likelihood...",Likely WES/WGS rare coding variant analysis,loss-of-function / pLoF / protein-truncating variants,C3_LOF_PLOF,MEDIUM_PUBLICATION_MODALITY,yes,lower_than_C1_C2_precision_layer|post_policy_publication_reveals_product_not_pre_policy_rap_use,18173,2026-03-27,10.1038/s41588-026-02553-7,,BIOMARKERS_ASSAYS,"Discovery and validation of human genetic modifiers of disease risk, severity, and progression",https://www.ukbiobank.ac.uk/projects/discovery-and-validation-of-human-genetic-modifiers-of-disease-risk-severity-and-progression/
50834,2019-11-08,before_policy,C6,UNCLEAR,LOW,CONTROL_CANDIDATE_C6,explicit_sequence_data_wording,Schema 19 publication 4717: Dnmt3a-mutated clonal hematopoiesis promotes osteoporosis,pre_policy_publication,"...the bone marrow. Recurrent somatic mutations that lead to an expanded population of mutant blood cells is termed clonal hematopoiesis of indeterminate potential (CHIP). Analyzing exome sequencing data from the UK Biobank, we found CHIP to be associated with increased incident osteoporosis diagnoses and decreased bone mineral density. In murine models, hematopoietic-specifi...",Whole exome sequencing data,exome sequencing / exome sequence,C1_EXOME_SEQUENCE,MEDIUM_PUBLICATION_MODALITY_PRE_POLICY,yes,lower_than_C1_C2_precision_layer,4717,2021-10-26,10.1084/jem.20211872,,,Identifying the regulators of clonal hematopoiesis of indeterminate potential (CHIP),https://www.ukbiobank.ac.uk/projects/identifying-the-regulators-of-clonal-hematopoiesis-of-indeterminate-potential-chip/
51119,2020-03-29,before_policy,C6,UNCLEAR,LOW,CONTROL_CANDIDATE_C6,explicit_sequence_data_wording,Schema 19 publication 5435: Multiple Linear Regression Allows Weighted Burden Analysis of Rare Coding Variants in an Ethnically Heterogeneous Population,pre_policy_publication,"...ery rare variants and a score is derived based on both the frequency and predicted effect of each variant. When applied to an ethnically heterogeneous dataset consisting of 49,790 exome-sequenced UK Biobank subjects and using body mass index as the phenotype, the method produces a very inflated test statistic. However, this is almost completely corrected by including 20 p...",Whole exome sequencing data,exome sequencing / exome sequence,C1_EXOME_SEQUENCE,MEDIUM_PUBLICATION_MODALITY_PRE_POLICY,yes,lower_than_C1_C2_precision_layer,5435,2020-01-01,10.1159/000512576,,,Study of effects of common and rare genetic variants on health-related phenotypes,https://www.ukbiobank.ac.uk/projects/study-of-effects-of-common-and-rare-genetic-variants-on-health-related-phenotypes/
51135,2019-07-30,before_policy,C6,UNCLEAR,LOW,CONTROL_CANDIDATE_C6,broader_contextual_sequence_evidence,Schema 19 publication 11744: Benchmarking computational variant effect predictors by their ability to infer human traits,pre_policy_publication,"...at have not been used in predictor training can facilitate an unbiased benchmarking of available methods. Using a curated set of human gene-trait associations with a reported rare-variant burden association, we evaluate the correlations of 24 computational variant effect predictors with associated human traits in the UK Biobank and All of Us cohorts.ResultsAlphaMissense o...",Likely WES/WGS rare variant burden analysis,gene burden / variant burden / collapsing analysis,C3_BURDEN_TEST,MEDIUM_PUBLICATION_MODALITY_PRE_POLICY,yes,lower_than_C1_C2_precision_layer,11744,2024-07-01,10.1186/s13059-024-03314-7,,,Evaluating the impact of computational and experimental measures of rare variant deleteriousness on burden-based association testing,https://www.ukbiobank.ac.uk/projects/evaluating-the-impact-of-computational-and-experimental-measures-of-rare-variant-deleteriousness-on-burden-based-association-testing/
51766,2019-07-03,before_policy,C6,UNCLEAR,LOW,CONTROL_CANDIDATE_C6,explicit_sequence_data_wording,Schema 19 publication 11644: An allelic-series rare-variant association test for candidate-gene discovery,pre_policy_publication,"...ally with mutational severity. We applied COAST to identify allelic-series genes for four circulating-lipid traits and five cell-count traits among 145,735 subjects with available whole-exome sequencing data from the UK Biobank. Compared with optimal SKAT (SKAT-O), COAST identified 29% more Bonferroni-significant associations with circulating-lipid traits, on average, and 82% mor...",Whole exome sequencing data,whole exome sequencing / whole-exome sequence,C1_WHOLE_EXOME_SEQUENCE,MEDIUM_PUBLICATION_MODALITY_PRE_POLICY,yes,lower_than_C1_C2_precision_layer,11644,2023-07-25,10.1016/j.ajhg.2023.07.001,,,Combining genetic analysis of disease related phenotypes with in vitro disease models for development of high efficacy and low toxicity therapeutics,https://www.ukbiobank.ac.uk/projects/combining-genetic-analysis-of-disease-related-phenotypes-with-in-vitro-disease-models-for-development-of-high-efficacy-and-low-toxicity-therapeutics/
52008,2019-09-30,before_policy,C6,NEWLY_RAP_BOUND,HIGH,CONTROL_CANDIDATE_C6,explicit_sequence_data_wording,"Schema 19 publication 10846: Powerful, scalable and resource-efficient meta-analysis of rare variant associations in large whole genome sequencing studies",pre_policy_publication,"...l conditionally significant rare variant associations with lipid traits. We further demonstrate that MetaSTAAR is scalable to biobank-scale cohorts through meta-analysis of TOPMed WGS data and UK Biobank WES data of ~200,000 samples.",Whole genome sequencing data,WGS,C1_WGS_ABBREVIATION,MEDIUM_PUBLICATION_MODALITY_PRE_POLICY,yes,lower_than_C1_C2_precision_layer,10846,2022-12-23,10.1038/s41588-022-01225-6,,GENOTYPING_IMPUTATION|QUESTIONNAIRES_ASSESSMENT,"Development of statistical methods to discover novel genetic associations, explain underlying biological mechanisms, and develop risk prediction models across varied complex diseases.",https://www.ukbiobank.ac.uk/projects/development-of-statistical-methods-to-discover-novel-genetic-associations-explain-underlying-biological-mechanisms-and-develop-risk-prediction-models-across-varied-complex-diseases/
53074,2020-01-13,before_policy,C6,NEWLY_RAP_BOUND,HIGH,CONTROL_CANDIDATE_C6,explicit_sequence_data_wording,Schema 19 publication 16331: Phenome-wide association study of monogenic inflammatory bowel disease genes in diverse biobanks identifies population-specific and shared Goldilocks alleles: implications for Precision Medicine,post_policy_publication_product_evidence,"...al to pathways in intestinal homeostasis and immunity. We investigated gene- and variant-level effects of these genes with IBD and phenome-wide association, leveraging large-scale whole exome sequencing data across 4 diverse cohorts: BioMe Biobank (Regeneron and Sema4), Penn Med Biobank, and UK Biobank. METHODS: Predicted loss- and gain-of function variants were extracted from 10...",Whole exome sequencing data,whole exome sequencing / whole-exome sequence,C1_WHOLE_EXOME_SEQUENCE,MEDIUM_PUBLICATION_MODALITY,yes,lower_than_C1_C2_precision_layer|post_policy_publication_reveals_product_not_pre_policy_rap_use,16331,2025-07-03,10.1093/ecco-jcc/jjaf098,,GENOTYPING_IMPUTATION,"Identifying novel high-impact rare disease-causing mutations, genes and pathways in inflammatory bowel disease patients",https://www.ukbiobank.ac.uk/projects/identifying-novel-high-impact-rare-disease-causing-mutations-genes-and-pathways-in-inflammatory-bowel-disease-patients/
54389,2020-06-09,before_policy,C6,UNCLEAR,LOW,CONTROL_CANDIDATE_C6,explicit_sequence_data_wording,Schema 19 publication 15101: TERT c.3150 G &gt; C (p.K1050N): a founder Ashkenazi Jewish variant associated with telomere biology disorders,post_policy_publication_product_evidence,"..., pulmonary fibrosis, and other complications. TERT c.3150 G > C (p.K1050N) is frequent in the Ashkenazi Jewish (ASH) population and has been identified in ASH families with TBDs. Whole-genome sequencing of 96 p.K1050N heterozygotes from the UK Biobank and All of Us databases revealed a shared haplotype block, supporting a founder effect. Analyses of 15 additional p.K1050N cases v...",Whole genome sequencing data,whole genome sequencing / whole-genome sequence,C1_WHOLE_GENOME_SEQUENCE,MEDIUM_PUBLICATION_MODALITY,yes,lower_than_C1_C2_precision_layer|post_policy_publication_reveals_product_not_pre_policy_rap_use,15101,2025-06-02,10.1038/s41525-025-00501-8,,,"Frequency, phenotypic spectrum, and penetrance of pathogenic variation in cancer susceptibility genes in the general population",https://www.ukbiobank.ac.uk/projects/frequency-phenotypic-spectrum-and-penetrance-of-pathogenic-variation-in-cancer-susceptibility-genes-in-the-general-population/
54803,2019-10-29,before_policy,C6,NEWLY_RAP_BOUND,HIGH,CONTROL_CANDIDATE_C6,explicit_sequence_data_wording,Schema 19 publication 19846: Shared genetic architecture and pathways linking major depressive disorder and autoimmune thyroid disease: insights from common and rare variants,post_policy_publication_product_evidence,"...y individual-level validation through polygenic risk score analysis. We additionally performed an exome-wide association analysis using the UK Biobank 450k whole-exome sequencing (WES) release to identify disease-specific risk genes from rare variants. Findings from common and rare variants were integrated and subjected to pathway enrichment, protein-protein in...",Whole exome sequencing data,WES,C1_WES_ABBREVIATION,MEDIUM_PUBLICATION_MODALITY,yes,lower_than_C1_C2_precision_layer|post_policy_publication_reveals_product_not_pre_policy_rap_use,19846,2026-06-01,10.1038/s41398-026-04146-8,,GENOTYPING_IMPUTATION|IMAGING|QUESTIONNAIRES_ASSESSMENT,Deciphering complex traits - phenotypic and genetic associations between traits in the UK Biobank Cohort,https://www.ukbiobank.ac.uk/projects/deciphering-complex-traits-phenotypic-and-genetic-associations-between-traits-in-the-uk-biobank-cohort/
55235,2022-04-26,before_policy,C6,NEWLY_RAP_BOUND,HIGH,CONTROL_CANDIDATE_C6,explicit_sequence_data_wording,Schema 19 publication 7907: Multi-trait analysis of gene-by-environment interactions in large-scale genetic studies,pre_policy_publication,...spectrum of genetic architectures. We demonstrate the advantages of MTAGEI over existing single-trait-based GEI tests through extensive simulation studies and the analysis of the whole exome sequencing data from the UKB.,Whole exome sequencing data,whole exome sequencing / whole-exome sequence,C1_WHOLE_EXOME_SEQUENCE,MEDIUM_PUBLICATION_MODALITY_PRE_POLICY,yes,lower_than_C1_C2_precision_layer,7907,2023-03-10,10.1093/biostatistics/kxad004,,GENOTYPING_IMPUTATION,Developing statistical methods for uncovering the genetic basis of complex human diseases,https://www.ukbiobank.ac.uk/projects/developing-statistical-methods-for-uncovering-the-genetic-basis-of-complex-human-diseases/
55288,2019-11-29,before_policy,C6,NEWLY_RAP_BOUND,HIGH,CONTROL_CANDIDATE_C6,explicit_sequence_data_wording,Schema 19 publication 10794: Clonal Hematopoiesis and Risk of Incident Lung Cancer,pre_policy_publication,"...PURPOSE: To prospectively examine the association between clonal hematopoiesis (CH) and subsequent risk of lung cancer. METHODS: Among 200,629 UK Biobank (UKBB) participants with whole-exome sequencing, CH was identified in a nested case-control study of 832 incident lung cancer cases and 3,951 controls (2006-2019) matched on age and year at blood draw, sex, race, and smoking st...",Whole exome sequencing data,whole exome sequencing / whole-exome sequence,C1_WHOLE_EXOME_SEQUENCE,MEDIUM_PUBLICATION_MODALITY_PRE_POLICY,yes,lower_than_C1_C2_precision_layer,10794,2022-12-08,10.1200/jco.22.00857,,GENOTYPING_IMPUTATION|QUESTIONNAIRES_ASSESSMENT,"Early life, adulthood, and genomic risk factors for early-onset cancers",https://www.ukbiobank.ac.uk/projects/early-life-adulthood-and-genomic-risk-factors-for-early-onset-cancers/
55532,2020-02-04,before_policy,C6,UNCLEAR,LOW,CONTROL_CANDIDATE_C6,explicit_sequence_data_wording,Schema 19 publication 19340: Meta-evolutionary exome analysis identifies novel type 2 diabetes mellitus genes in the UK Biobank and all of us,post_policy_publication_product_evidence,"...dentifies novel type 2 diabetes mellitus genes in the UK Biobank and all of us publication_keywords: Biological Specimen Banks|Diabetes Mellitus, Type 2|Evolution, Molecular|Exome|Exome Sequencing|Female|Genetic Predisposition to Disease|Genome-Wide Association Study|Humans|Male|UK Biobank|United Kingdom publication_abstract: Type 2 diabetes mellitus (T2DM) risk is heavily...",Whole exome sequencing data,exome sequencing / exome sequence,C1_EXOME_SEQUENCE,MEDIUM_PUBLICATION_MODALITY,yes,lower_than_C1_C2_precision_layer|post_policy_publication_reveals_product_not_pre_policy_rap_use,19340,2025-09-30,10.1371/journal.pgen.1011889,,,Integrating the impact of exome variations,https://www.ukbiobank.ac.uk/projects/integrating-the-impact-of-exome-variations/
55652,2019-11-20,before_policy,C6,NEWLY_RAP_BOUND,HIGH,CONTROL_CANDIDATE_C6,explicit_sequence_data_wording,Schema 19 publication 11471: Exome-wide analysis reveals role of LRP1 and additional novel loci in cognition,pre_policy_publication,"...ic underpinnings of cognition is thus crucial. Here, we undertake single-variant and gene-based association analyses upon 6 neurocognitive phenotypes across 6 cognition domains in whole-exome sequencing data from 157,160 individuals of the UK Biobank cohort to expound the genetic architecture of human cognition. We report 20 independent loci associated with 5 cognitive domains wh...",Whole exome sequencing data,whole exome sequencing / whole-exome sequence,C1_WHOLE_EXOME_SEQUENCE,MEDIUM_PUBLICATION_MODALITY_PRE_POLICY,yes,lower_than_C1_C2_precision_layer,11471,2023-05-20,10.1016/j.xhgg.2023.100208,,GENOTYPING_IMPUTATION|PHYSICAL_MEASURES,"Investigating genetic basis for causal role of adiposity with type2 diabetes, non-alcoholic fatty liver diseases, and Alzheimer's disease",https://www.ukbiobank.ac.uk/projects/investigating-genetic-basis-for-causal-role-of-adiposity-with-type2-diabetes-non-alcoholic-fatty-liver-diseases-and-alzheimers-disease/
55681,2020-02-03,before_policy,C6,NEWLY_RAP_BOUND,HIGH,CONTROL_CANDIDATE_C6,explicit_sequence_data_wording,Schema 19 publication 10697: Novel genotyping algorithms for rare variants significantly improve the accuracy of Applied Biosystems&#8482; Axiom&#8482; array genotyping calls: Retrospective evaluation of UK Biobank array data,pre_policy_publication,"...ing Consortium. Axiom genotyping was highly accurate in comparison to sequencing results, for almost 100,000 variants both directly genotyped on the UK Biobank Axiom array and via whole exome sequencing. However, in a study using the exome sequencing results of the first 50k individuals as reference (truth), it was observed that the positive predictive value (PPV) decreased along...",Whole exome sequencing data,whole exome sequencing / whole-exome sequence,C1_WHOLE_EXOME_SEQUENCE,MEDIUM_PUBLICATION_MODALITY_PRE_POLICY,yes,lower_than_C1_C2_precision_layer,10697,2022-11-17,10.1371/journal.pone.0277680,,GENOTYPING_IMPUTATION,Analysis of variants with low minor allele frequency in the UKBiobank cohort,https://www.ukbiobank.ac.uk/projects/analysis-of-variants-with-low-minor-allele-frequency-in-the-ukbiobank-cohort/
56270,2020-02-17,before_policy,C6,NEWLY_RAP_BOUND,HIGH,CONTROL_CANDIDATE_C6,explicit_sequence_data_wording,Schema 19 publication 9556: Loss-of-Function Variants in the Tumor-Suppressor Gene PTPN14 Confer Increased Cancer Risk,pre_policy_publication,"...Consequently, large-scale next-generation sequence data with associated phenotype information are needed. Here, we used genotype data on 166,281 Icelanders, of which, 49,708 were whole-genome sequenced and 408,595 individuals from the UK Biobank, of which, 41,147 were whole-exome sequenced, to test for association between loss-of-function burden in autosomal genes and basal cel...",Whole genome sequencing data,whole genome sequencing / whole-genome sequence,C1_WHOLE_GENOME_SEQUENCE,MEDIUM_PUBLICATION_MODALITY_PRE_POLICY,yes,lower_than_C1_C2_precision_layer,9556,2021-02-18,10.1158/0008-5472.can-20-3065,,BIOMARKERS_ASSAYS|GENOTYPING_IMPUTATION,Evaluating and comparing sequence variant associations between the deCODE and UK Biobank datasets across a range of human traits,https://www.ukbiobank.ac.uk/projects/evaluating-and-comparing-sequence-variant-associations-between-the-decode-and-uk-biobank-datasets-across-a-range-of-human-traits/
56607,2020-10-13,before_policy,C6,UNCLEAR,LOW,CONTROL_CANDIDATE_C6,explicit_sequence_data_wording,Schema 19 publication 7127: Exome-wide analysis of copy number variation shows association of the human leukocyte antigen region with asthma in UK Biobank,pre_policy_publication,"...rge biobank studies provides an unprecedented opportunity to study the role of CNVs in asthma.MethodsWe called common CNVs in 49,953 individuals in the first release of UK Biobank WES using ClinCNV software. CNVs were tested for association with asthma in a stage 1 analysis comprising 7098 asthma cases and 36,578 controls from the first release of sequencing da...",Whole exome sequencing data,WES,C1_WES_ABBREVIATION,MEDIUM_PUBLICATION_MODALITY_PRE_POLICY,yes,lower_than_C1_C2_precision_layer,7127,2022-05-21,10.1186/s12920-022-01268-y,,,Genomic structural variation in asthma: new insight into disease mechanisms to improve treatment strategies for people with asthma,https://www.ukbiobank.ac.uk/projects/genomic-structural-variation-in-asthma-new-insight-into-disease-mechanisms-to-improve-treatment-strategies-for-people-with-asthma/
57266,2020-03-09,before_policy,C6,NEWLY_RAP_BOUND,HIGH,CONTROL_CANDIDATE_C6,explicit_sequence_data_wording,Schema 19 publication 4933: Genetic predisposition to tinnitus in the UK Biobank population,pre_policy_publication,"...trategies have yet to be established. To better understand the underlying genes that may preclude tinnitus, we performed a genome-wide association study of the UK Biobank's 49,960 whole exome sequencing participants to identify any loci strongly associated with tinnitus. We identified 17 suggestive single nucleotide polymorphisms (p",Whole exome sequencing data,whole exome sequencing / whole-exome sequence,C1_WHOLE_EXOME_SEQUENCE,MEDIUM_PUBLICATION_MODALITY_PRE_POLICY,yes,lower_than_C1_C2_precision_layer,4933,2021-09-13,10.1038/s41598-021-97350-z,,GENOTYPING_IMPUTATION,A Genome-Wide Association Study of Tinnitus to Identify Genes of Interest and Potential Therapeutic Targets,https://www.ukbiobank.ac.uk/projects/a-genome-wide-association-study-of-tinnitus-to-identify-genes-of-interest-and-potential-therapeutic-targets/
57471,2020-07-30,before_policy,C6,NEWLY_RAP_BOUND,HIGH,CONTROL_CANDIDATE_C6,broader_contextual_sequence_evidence,Schema 19 publication 10158: A cross-trait study of lung cancer and its related respiratory diseases based on large-scale exome sequencing population,pre_policy_publication,"...studies (GWASs) explain the genetic susceptibility between diseases and common variants. Nevertheless, with the appearance of large-scale sequencing profiles, we could explore the rare coding variants in disease pathogenesis. Methods: We estimated the genetic correlation of nine respiratory diseases and lung cancer in the UK Biobank (UKB) by linkage disequilibrium score regress...",Likely WES/WGS coding variant analysis,rare coding variants / coding variation,C3_RARE_CODING,MEDIUM_PUBLICATION_MODALITY_PRE_POLICY,yes,lower_than_C1_C2_precision_layer,10158,2024-03-01,10.21037/tlcr-24-4,,BIOMARKERS_ASSAYS,Phenome-Wide Association Studies of the immune-related genetic variants,https://www.ukbiobank.ac.uk/projects/phenome-wide-association-studies-of-the-immune-related-genetic-variants/
58082,2020-02-03,before_policy,C6,NEWLY_RAP_BOUND,HIGH,CONTROL_CANDIDATE_C6,explicit_sequence_data_wording,Schema 19 publication 15628: Clonal hematopoiesis of indeterminate potential and the risk of autoimmune diseases,post_policy_publication_product_evidence,"...study aimed to investigate the association between CHIP and established autoimmune diseases. METHODS: We analyzed baseline data from 456,692 UK Biobank participants with available whole-exome sequences. The primary outcome was 19 autoimmune disorders. Associations among any CHIP (variant allele fraction ≥2%), large CHIP clones (variant allele fraction ≥10%), and gene-specific C...",Whole exome sequencing data,whole exome sequencing / whole-exome sequence,C1_WHOLE_EXOME_SEQUENCE,MEDIUM_PUBLICATION_MODALITY,yes,lower_than_C1_C2_precision_layer|post_policy_publication_reveals_product_not_pre_policy_rap_use,15628,2025-03-10,10.1111/joim.20080,,GENOTYPING_IMPUTATION|QUESTIONNAIRES_ASSESSMENT,Using Mendelian Randomization to investigate the causal associations between rest-activity patterns and common diseases,https://www.ukbiobank.ac.uk/projects/using-mendelian-randomization-to-investigate-the-causal-associations-between-rest-activity-patterns-and-common-diseases/
58356,2020-06-12,before_policy,C6,UNCLEAR,LOW,CONTROL_CANDIDATE_C6,other_pre_policy_rap_only_product,Schema 19 publication 10575: Transforming and evaluating the UK Biobank to the OMOP Common Data Model for COVID-19 research and beyond,pre_policy_publication,"publication_title: Transforming and evaluating the UK Biobank to the OMOP Common Data Model for COVID-19 research and beyond publication_keywords: Biological Specimen Banks|COVID-19|Databases, Factual|Electronic Health Records|Humans|United Kingdom publ...","OMOP Common Data Model dataset, Field 20142",OMOP / OMOP Common Data Model,C4_OMOP,MEDIUM_PUBLICATION_MODALITY_PRE_POLICY,yes,lower_than_C1_C2_precision_layer,10575,2022-10-13,10.1093/jamia/ocac203,,,Defining and redefining human disease at scale: an atlas of the human phenome.,https://www.ukbiobank.ac.uk/projects/defining-and-redefining-human-disease-at-scale-an-atlas-of-the-human-phenome/
58838,2020-07-17,before_policy,C6,NEWLY_RAP_BOUND,MEDIUM,CONTROL_CANDIDATE_C6,explicit_sequence_data_wording,Schema 19 publication 16116: Cardiovascular Health and Outcomes in Carriers With Genetic Variants of Hypertrophic Cardiomyopathy,post_policy_publication_product_evidence,"...omyopathy sarcomere-encoding genes (SARC-HCM-P/LP). METHODS: This retrospective cohort study used data from the UK Biobank, including 159,375 participants aged 40 to 69 years with whole exome sequencing data and no baseline cardiovascular disease. Participants were stratified into 2 groups based on the presence of SARC-HCM-P/LP variants (SARC-HCM-P/LP vs SARC-NEG). Cardiovascular...",Whole exome sequencing data,whole exome sequencing / whole-exome sequence,C1_WHOLE_EXOME_SEQUENCE,MEDIUM_PUBLICATION_MODALITY,yes,lower_than_C1_C2_precision_layer|post_policy_publication_reveals_product_not_pre_policy_rap_use,16116,2025-07-23,10.1016/j.mayocp.2024.12.018,,PHYSICAL_MEASURES,"Association of Genetic Variation in the Natriuretic Peptide System with Metabolic Risk Factors, Cardiovascular Events and Death",https://www.ukbiobank.ac.uk/projects/association-of-genetic-variation-in-the-natriuretic-peptide-system-with-metabolic-risk-factors-cardiovascular-events-and-death/
59345,2021-02-22,before_policy,C6,UNCLEAR,LOW,CONTROL_CANDIDATE_C6,explicit_sequence_data_wording,Schema 19 publication 9358: Multi-Trait Exome-Wide Association Study of Back Pain-Related Phenotypes,pre_policy_publication,"...on genetic variants identified by genome-wide association studies. More powerful methods and rare and ultra-rare variant analysis may offer additional insight. This study utilized exome sequencing data from the UK Biobank to perform a multi-trait gene-based association analysis of three BP-related phenotypes: chronic back pain, dorsalgia, and intervertebral disc disorder. W...",Whole exome sequencing data,exome sequencing / exome sequence,C1_EXOME_SEQUENCE,MEDIUM_PUBLICATION_MODALITY_PRE_POLICY,yes,lower_than_C1_C2_precision_layer,9358,2023-10-19,10.3390/genes14101962,,,The impact of rare genetic variants on cardiovascular diseases and their risk factors,https://www.ukbiobank.ac.uk/projects/the-impact-of-rare-genetic-variants-on-cardiovascular-diseases-and-their-risk-factors/
60032,2020-03-30,before_policy,C6,UNCLEAR,LOW,CONTROL_CANDIDATE_C6,explicit_sequence_data_wording,"Schema 19 publication 14543: Exploring the association between familial hemiplegic migraine genes (CACNA1A, ATP1A2 and SCN1A) with migraine and epilepsy: A UK Biobank exome-wide association study",post_policy_publication_product_evidence,"...ith characteristic FHM symptoms. This study aimed to investigate the association of FHM genetic variation with migraine and epilepsy, utilizing a genotype-first approach. METHODS: Whole-exome sequence data from 454,706 individuals from the UK Biobank were examined for self-reported and inpatient-diagnosed migraine and epilepsy. Carriers were compared with non-carriers in a burd...",Whole exome sequencing data,whole exome sequencing / whole-exome sequence,C1_WHOLE_EXOME_SEQUENCE,MEDIUM_PUBLICATION_MODALITY,yes,lower_than_C1_C2_precision_layer|post_policy_publication_reveals_product_not_pre_policy_rap_use,14543,2025-01-09,10.1177/03331024241306103,,,How does results from experimental model systems translate to human health?,https://www.ukbiobank.ac.uk/projects/how-does-results-from-experimental-model-systems-translate-to-human-health/
60755,2020-08-24,before_policy,C6,NEWLY_RAP_BOUND,HIGH,CONTROL_CANDIDATE_C6,explicit_sequence_data_wording,Schema 19 publication 9251: Identifying Rare Genetic Determinants for Improved Polygenic Risk Prediction of Bone Mineral Density and Fracture Risk,pre_policy_publication,"...c risk scores for bone mineral density have demonstrated potential clinical utility. However, the value of rare genetic determinants in risk prediction has not been assessed. With whole-exome sequencing data from 436,824 UK Biobank participants, we assigned White British ancestry individuals into a training data set (n = 317,434) and a test data set (n = 74,825). In the training...",Whole exome sequencing data,whole exome sequencing / whole-exome sequence,C1_WHOLE_EXOME_SEQUENCE,MEDIUM_PUBLICATION_MODALITY_PRE_POLICY,yes,lower_than_C1_C2_precision_layer,9251,2023-12-01,10.1002/jbmr.4920,,PHYSICAL_MEASURES|QUESTIONNAIRES_ASSESSMENT,High dimensional modelling of complex traits in the presence of corrupted predictor variables,https://www.ukbiobank.ac.uk/projects/high-dimensional-modelling-of-complex-traits-in-the-presence-of-corrupted-predictor-variables/
61785,2021-02-23,before_policy,C6,NEWLY_RAP_BOUND,MEDIUM,CONTROL_CANDIDATE_C6,explicit_sequence_data_wording,Schema 19 publication 12140: Determinants of plasma levels of proglucagon and the metabolic impact of glucagon receptor signalling: a UK Biobank study,pre_policy_publication,"...investigated potential determinants of plasma proglucagon and associations of glucagon receptor signalling with metabolic diseases based on data from the UK Biobank.MethodsWe used exome sequencing data from the UK Biobank for ~410,000 white participants to identify glucagon receptor variants and grouped them based on their known or predicted signalling. Data on plasma level...",Whole exome sequencing data,exome sequencing / exome sequence,C1_EXOME_SEQUENCE,MEDIUM_PUBLICATION_MODALITY_PRE_POLICY,yes,lower_than_C1_C2_precision_layer,12140,2024-05-06,10.1007/s00125-024-06160-1,,PHYSICAL_MEASURES,Physiological and Bioinformatics Analyses of Genetic Variants in the Glucagon Receptor,https://www.ukbiobank.ac.uk/projects/physiological-and-bioinformatics-analyses-of-genetic-variants-in-the-glucagon-receptor/
64806,2021-01-11,before_policy,C6,NEWLY_RAP_BOUND,HIGH,CONTROL_CANDIDATE_C6,broader_contextual_sequence_evidence,Schema 19 publication 12202: Imputation-Powered Whole-Exome Analysis Identifies Rare Coding Variants and Genes Associated With Kidney Function and Disease in the UK Biobank,pre_policy_publication,publication_title: Imputation-Powered Whole-Exome Analysis Identifies Rare Coding Variants and Genes Associated With Kidney Function and Disease in the UK Biobank publication_keywords: publication_abstract:,Likely WES/WGS coding variant analysis,rare coding variants / coding variation,C3_RARE_CODING,MEDIUM_PUBLICATION_MODALITY_PRE_POLICY,yes,lower_than_C1_C2_precision_layer,12202,2022-11-01,10.1681/asn.20223311s1576a,,LINKED_HEALTH_RECORDS,"Use of UK Biobank data to support genetic studies of Mendelian and complex diseases with a focus on renal, cardiovascular and metabolic phenotypes",https://www.ukbiobank.ac.uk/projects/use-of-uk-biobank-data-to-support-genetic-studies-of-mendelian-and-complex-diseases-with-a-focus-on-renal-cardiovascular-and-metabolic-phenotypes/
65851,2021-06-08,before_policy,C6,NEWLY_RAP_BOUND,HIGH,CONTROL_CANDIDATE_C6,broader_contextual_sequence_evidence,Schema 19 publication 9030: Transcript-aware analysis of rare predicted loss-of-function variants in the UK Biobank elucidate new isoform-trait associations.,pre_policy_publication,publication_title: Transcript-aware analysis of rare predicted loss-of-function variants in the UK Biobank elucidate new isoform-trait associations. publication_keywords: Biological Specimen Banks|Computational Biology|Humans|Phenotype|Protein Isoforms|UK Bio...,Likely WES/WGS rare coding variant analysis,loss-of-function / pLoF / protein-truncating variants,C3_LOF_PLOF,MEDIUM_PUBLICATION_MODALITY_PRE_POLICY,yes,lower_than_C1_C2_precision_layer,9030,2024-01-01,,,BIOMARKERS_ASSAYS|GENOTYPING_IMPUTATION|LINKED_HEALTH_RECORDS,Large-scale proteomic profiling to facilitate genetics-guided drug discovery and precision medicine: The UK Biobank - Pharma Proteomics Project (UKB-PPP),https://www.ukbiobank.ac.uk/projects/large-scale-proteomic-profiling-to-facilitate-genetics-guided-drug-discovery-and-precision-medicine-the-uk-biobank-pharma-proteomics-project-ukb-ppp/
66995,2021-03-01,before_policy,C6,NEWLY_RAP_BOUND,HIGH,CONTROL_CANDIDATE_C6,explicit_sequence_data_wording,Schema 19 publication 12328: XSI - a genotype compression tool for compressive genomics in large biobanks,pre_policy_publication,"...TS: We show that xSqueezeIt (XSI) allows for a file size reduction of 4-20× compared with compressed BCF and demonstrate its potential for 'compressive genomics' on the UK Biobank whole-genome sequencing genotypes with 8× faster loading times, 5× faster run of homozygozity computation, 30× faster dot products computation and 280× faster allele counts. AVAILABILITY AND IMPLEMENTATI...",Whole genome sequencing data,whole genome sequencing / whole-genome sequence,C1_WHOLE_GENOME_SEQUENCE,MEDIUM_PUBLICATION_MODALITY_PRE_POLICY,yes,lower_than_C1_C2_precision_layer,12328,2022-06-24,10.1093/bioinformatics/btac413,,BIOMARKERS_ASSAYS|GENOTYPING_IMPUTATION|QUESTIONNAIRES_ASSESSMENT,"Prediction of haplotypes, genotypes, parental-of-origin and applications in biobanks.",https://www.ukbiobank.ac.uk/projects/prediction-of-haplotypes-genotypes-parental-of-origin-and-applications-in-biobanks/
67506,2021-06-29,before_policy,C6,UNCLEAR,LOW,CONTROL_CANDIDATE_C6,explicit_sequence_data_wording,Schema 19 publication 12076: Identifying proteomic risk factors for cancer using prospective and exome analyses of 1463 circulating proteins and risk of 19 cancers in the UK Biobank,pre_policy_publication,...umans|Incidence|Male|Middle Aged|Neoplasms|Prospective Studies|Proteomics|Risk Factors|UK Biobank|United Kingdom publication_abstract: The availability of protein measurements and whole exome sequence data in the UK Biobank enables investigation of potential observational and genetic protein-cancer risk associations. We investigated associations of 1463 plasma proteins with inc...,Whole exome sequencing data,whole exome sequencing / whole-exome sequence,C1_WHOLE_EXOME_SEQUENCE,MEDIUM_PUBLICATION_MODALITY_PRE_POLICY,yes,lower_than_C1_C2_precision_layer,12076,2024-05-15,10.1038/s41467-024-48017-6,,,Characterisation of risk factors and their mechanisms in the development of both common and relatively understudied conditions,https://www.ukbiobank.ac.uk/projects/characterisation-of-risk-factors-and-their-mechanisms-in-the-development-of-both-common-and-relatively-understudied-conditions/
67575,2021-01-27,before_policy,C6,UNCLEAR,LOW,CONTROL_CANDIDATE_C6,explicit_sequence_data_wording,Schema 19 publication 14302: Monoallelic pathogenic variants in LEPR do not cause obesity,post_policy_publication_product_evidence,"...d no association between these pathogenic variants and body mass index (BMI). This lack of association between pathogenic LEPR variants and obesity risk or BMI was confirmed using exome data from 200,000 individuals in the UK Biobank. In the literature, among 55 reported heterozygotes for of a rare pathogenic LEPR variant, only 27% had obesity. In conclusion, monoalle...",Whole exome sequencing data,exome data / exome variants,C1_EXOME_DATA,MEDIUM_PUBLICATION_MODALITY,yes,lower_than_C1_C2_precision_layer|post_policy_publication_reveals_product_not_pre_policy_rap_use,14302,2024-11-18,10.1016/j.ajhg.2024.10.014,,,Contribution of rare DNA variants to the risk of metabolic disorders and to the level of associated metabolic traits,https://www.ukbiobank.ac.uk/projects/contribution-of-rare-dna-variants-to-the-risk-of-metabolic-disorders-and-to-the-level-of-associated-metabolic-traits/
67789,2021-01-27,before_policy,C6,UNCLEAR,LOW,CONTROL_CANDIDATE_C6,explicit_sequence_data_wording,Schema 19 publication 11848: Improving the Detection of Potential Cases of Familial Hypercholesterolemia: Could Machine Learning Be Part of the Solution?,pre_policy_publication,"...tifying individuals with FH-causing variants, presenting a scalable screening criteria for general populations. METHODS AND RESULTS: Analysis included UK Biobank participants with whole exome sequencing, classifying them as having FH when (likely) pathogenic variants were detected in their LDLR , APOB , or PCSK9 genes. Data were stratified into 3 data sets for (1) feature importa...",Whole exome sequencing data,whole exome sequencing / whole-exome sequence,C1_WHOLE_EXOME_SEQUENCE,MEDIUM_PUBLICATION_MODALITY_PRE_POLICY,yes,lower_than_C1_C2_precision_layer,11848,2024-06-15,10.1161/jaha.123.034434,,,Derivation of a machine learning (ML) model to improve pre-test probability of identifying individuals with genetic variants linked to familial hypercholesterolemia (FH).,https://www.ukbiobank.ac.uk/projects/derivation-of-a-machine-learning-ml-model-to-improve-pre-test-probability-of-identifying-individuals-with-genetic-variants-linked-to-familial-hypercholesterolemia-fh/
68952,2021-04-19,before_policy,C6,UNCLEAR,LOW,CONTROL_CANDIDATE_C6,explicit_sequence_data_wording,Schema 19 publication 10969: Population-Level Prevalence of Rare Variants Associated With Atrial Fibrillation and its Impact on Patient Outcomes,pre_policy_publication,"...IVES: This study sought to examine the association of LPVs with AF and their impact on clinical outcomes using the UK Biobank, a national repository of participants with available whole exome sequencing data. METHODS: A total of 200,631 individuals in the UK Biobank were studied. Incident and prevalent AF, comorbidities, and outcomes were identified using self-reported assessment...",Whole exome sequencing data,whole exome sequencing / whole-exome sequence,C1_WHOLE_EXOME_SEQUENCE,MEDIUM_PUBLICATION_MODALITY_PRE_POLICY,yes,lower_than_C1_C2_precision_layer,10969,2023-01-18,10.1016/j.jacep.2022.11.022,,,Association between genetic variants and incidence of cardiac arrhythmias among patients with ischemic and nonischemic cardiomyopathy in the UK Biobank population,https://www.ukbiobank.ac.uk/projects/association-between-genetic-variants-and-incidence-of-cardiac-arrhythmias-among-patients-with-ischemic-and-nonischemic-cardiomyopathy-in-the-uk-biobank-population/
69112,2021-06-21,before_policy,C6,NEWLY_RAP_BOUND,HIGH,CONTROL_CANDIDATE_C6,broader_contextual_sequence_evidence,Schema 19 publication 7087: Analysis of the docking property of host variants of hACE2 for SARS-CoV-2 in a large cohort,pre_policy_publication,"...molecular interactions between human angiotensin-converting enzyme 2 (hACE2), which is the representative receptor for SARS-CoV-2 entry, and COVID-19 infection. We identified six nonsense and missense variants of hACE2 from 2585 subjects in the UK Biobank covering 500000 individuals. Using our molecular dynamics simulations, three hACE2 variants from 2585 individuals we selecte...",Likely WES/WGS protein-coding variant analysis,nonsense and missense / rare functional variants,C3_MISSENSE_NONSENSE,MEDIUM_PUBLICATION_MODALITY_PRE_POLICY,yes,lower_than_C1_C2_precision_layer,7087,2022-07-11,10.1371/journal.pcbi.1009834,,GENOTYPING_IMPUTATION|PHYSICAL_MEASURES,Risk stratification of diabetes and hypertension using body mass index (BMI) & waist circumference (WC),https://www.ukbiobank.ac.uk/projects/risk-stratification-of-diabetes-and-hypertension-using-body-mass-index-bmi-waist-circumference-wc/
71300,2021-07-14,before_policy,C6,UNCLEAR,LOW,CONTROL_CANDIDATE_C6,explicit_sequence_data_wording,Schema 19 publication 13580: Deep metabolic phenotyping of humans with protein-altering variants in TM6SF2 using a genome-first approach,post_policy_publication_product_evidence,"...or deeper phenotyping. TM6SF2 represents a good candidate for this approach due to its known association with steatotic liver disease (SLD). Methods: We screened participants with whole-exome sequences in the Penn Medicine Biobank (PMBB, n >40,000) and the UK Biobank (UKB, n >200,000) for protein-altering variants in TM6SF2 and evaluated their association with liver phenotypes...",Whole exome sequencing data,whole exome sequencing / whole-exome sequence,C1_WHOLE_EXOME_SEQUENCE,MEDIUM_PUBLICATION_MODALITY,yes,lower_than_C1_C2_precision_layer|post_policy_publication_reveals_product_not_pre_policy_rap_use,13580,2024-10-11,10.1016/j.jhepr.2024.101243,,,Elucidating host-environment interactions in gastrointestinal diseases,https://www.ukbiobank.ac.uk/projects/elucidating-host-environment-interactions-in-gastrointestinal-diseases/
72128,2021-11-08,before_policy,C6,NEWLY_RAP_BOUND,HIGH,CONTROL_CANDIDATE_C6,explicit_sequence_data_wording,Schema 19 publication 13258: Polygenic risk and rare variant gene clustering enhance cancer risk stratification for breast and prostate cancers,post_policy_publication_product_evidence,"...iants is crucial for accurate risk assessment. However, estimating the impacts of rare variants on cancer and combining them with PRS remains challenging. Here, we analyze 454,711 exome sequencing and 487,409 array UK Biobank samples, focusing on breast and prostate cancers. We introduce an expanded PRS (EPRS) approach, yielding a systematic model for more effective risk st...",Whole exome sequencing data,exome sequencing / exome sequence,C1_EXOME_SEQUENCE,MEDIUM_PUBLICATION_MODALITY,yes,lower_than_C1_C2_precision_layer|post_policy_publication_reveals_product_not_pre_policy_rap_use,13258,2024-10-09,10.1038/s42003-024-06995-9,,GENOTYPING_IMPUTATION,Increase accuracy of disease risk prediction by combining the effect of polygenic risk and monogenic risk,https://www.ukbiobank.ac.uk/projects/increase-accuracy-of-disease-risk-prediction-by-combining-the-effect-of-polygenic-risk-and-monogenic-risk/
73507,2022-12-14,before_policy,C6,UNCLEAR,LOW,CONTROL_CANDIDATE_C6,explicit_sequence_data_wording,Schema 19 publication 14997: Penetrance of Parkinson's disease in GBA1 carriers depends on variant severity and polygenic background,post_policy_publication_product_evidence,"...n between genome-wide polygenic risk scores (PRS) and severity of pathogenic GBA1 variants (GBA1PVs) to assess their combined impact on PD risk. GBA1 variants were identified from whole exome sequencing in the UK Biobank and targeted PacBio sequencing in the Luxembourg Parkinson's Study, with PRS calculated using genome-wide significant SNPs. GBA1PVs were present in 8.8% of PD pa...",Whole exome sequencing data,whole exome sequencing / whole-exome sequence,C1_WHOLE_EXOME_SEQUENCE,MEDIUM_PUBLICATION_MODALITY,yes,lower_than_C1_C2_precision_layer|post_policy_publication_reveals_product_not_pre_policy_rap_use,14997,2025-06-12,10.1038/s41531-025-00997-y,,,Integrated analysis and validation of complex brain-related genetic and genomic studies,https://www.ukbiobank.ac.uk/projects/integrated-analysis-and-validation-of-complex-brain-related-genetic-and-genomic-studies/
74025,2021-11-30,before_policy,C6,UNCLEAR,LOW,CONTROL_CANDIDATE_C6,explicit_sequence_data_wording,Schema 19 publication 7895: Predicting cancer risk from germline whole-exome sequencing data using a novel context-based variant aggregation approach,pre_policy_publication,"...tially increase statistical power for detecting signals from rare variants, which have been hypothesized to be a major source of the missing heritability of cancer. Using germline whole-exome sequencing data from the UK Biobank, we developed risk models for 10 cancer types using known risk variants (cancer-associated SNPs and pathogenic variants in known cancer predisposition gen...",Whole exome sequencing data,whole exome sequencing / whole-exome sequence,C1_WHOLE_EXOME_SEQUENCE,MEDIUM_PUBLICATION_MODALITY_PRE_POLICY,yes,lower_than_C1_C2_precision_layer,7895,2023-03-22,10.1158/2767-9764.crc-22-0355,,,Pan-cancer analysis of whole-exome germline variants,https://www.ukbiobank.ac.uk/projects/pan-cancer-analysis-of-whole-exome-germline-variants/
74162,2021-10-26,before_policy,C6,UNCLEAR,LOW,CONTROL_CANDIDATE_C6,broader_contextual_sequence_evidence,Schema 19 publication 19626: Small Vessel Disease Phenotype Associated With Monoallelic NOTCH3 Loss-of-Function Variants,post_policy_publication_product_evidence,"...s, lacune count, and stroke incidence were assessed, and skin vessel wall pathology was analyzed using immunohistochemistry and electron microscopy. RESULTS: In gnomAD, 306 NOTCH3 lof variants were identified (allele frequency 0.6/1,000). In UK Biobank, 102 NOTCH3 lof cases were ascertained (median age 58 years, range 40-69, 55% female). NOTCH3 lof cases had an increase...",Likely WES/WGS rare coding variant analysis,loss-of-function / pLoF / protein-truncating variants,C3_LOF_PLOF,MEDIUM_PUBLICATION_MODALITY,yes,lower_than_C1_C2_precision_layer|post_policy_publication_reveals_product_not_pre_policy_rap_use,19626,2025-08-29,10.1212/wnl.0000000000214021,,,The full phenotypic spectrum of hereditary small vessel diseases and its modifiers,https://www.ukbiobank.ac.uk/projects/the-full-phenotypic-spectrum-of-hereditary-small-vessel-diseases-and-its-modifiers/
76139,2022-06-01,before_policy,C6,NEWLY_RAP_BOUND,HIGH,CONTROL_CANDIDATE_C6,broader_contextual_sequence_evidence,Schema 19 publication 17051: Mapping rare protein-coding variants on multi-organ imaging traits,post_policy_publication_product_evidence,"...an exome-wide association study that evaluates 596 multi-organ MRI traits across over 50,000 individuals from the UK Biobank. We identified 107 variant-level associations and 224 gene-based burden associations (67 unique gene-trait pairs) across all MRI modalities, including PTEN with total brain volume, TTN with regional peak circumferential strain in the heart left ventri...",Likely WES/WGS rare variant burden analysis,gene burden / variant burden / collapsing analysis,C3_BURDEN_TEST,MEDIUM_PUBLICATION_MODALITY,yes,lower_than_C1_C2_precision_layer|post_policy_publication_reveals_product_not_pre_policy_rap_use,17051,2025-12-23,10.1038/s41467-025-67431-y,,BIOMARKERS_ASSAYS,"The analysis of genetic links among socioeconomics, healthy aging, and disease prevention",https://www.ukbiobank.ac.uk/projects/the-analysis-of-genetic-links-among-socioeconomics-healthy-aging-and-disease-prevention/
77740,2021-12-08,before_policy,C6,NEWLY_RAP_BOUND,MEDIUM,CONTROL_CANDIDATE_C6,explicit_sequence_data_wording,"Schema 19 publication 14407: Clonal hematopoiesis of indeterminate potential, health indicators, and risk of cardiovascular diseases among patients with diabetes: a prospective cohort study",post_policy_publication_product_evidence,"...and whether maintaining the healthy indictors could mitigate the adverse influence was also unclear.MethodsA total of 22,239 adults from the UK Biobank with diabetes and available whole-exome sequence data, and free of CVD were included. Multivariable-adjusted Cox regressions were used to explore the associations of any CHIP (variant allele fraction ≥ 2%), large CHIP (variant a...",Whole exome sequencing data,whole exome sequencing / whole-exome sequence,C1_WHOLE_EXOME_SEQUENCE,MEDIUM_PUBLICATION_MODALITY,yes,lower_than_C1_C2_precision_layer|post_policy_publication_reveals_product_not_pre_policy_rap_use,14407,2025-02-13,10.1186/s12933-025-02626-7,,QUESTIONNAIRES_ASSESSMENT,"Environmental factors in adulthood, genetic predisposition, and human common diseases",https://www.ukbiobank.ac.uk/projects/environmental-factors-in-adulthood-genetic-predisposition-and-human-common-diseases/
80385,2022-01-26,before_policy,C6,NEWLY_RAP_BOUND,HIGH,CONTROL_CANDIDATE_C6,explicit_sequence_data_wording,Schema 19 publication 18770: Whole-Exome Sequencing Improves Risk Assessments of Adult Moyamoya Disease,post_policy_publication_product_evidence,"...ased biobank, and evaluated combined annotation-dependent depletion (CADD) scores. Mutant-allele frequencies were compared in 369,121 individuals derived from the UK Biobank (UKB) WES. Mutant-allele risk scores (MARSs) were created based on WES-identified mutations. Gene-based association analyses and pooled analyses in East-Asian populations were further perfo...",Whole exome sequencing data,WES,C1_WES_ABBREVIATION,MEDIUM_PUBLICATION_MODALITY,yes,lower_than_C1_C2_precision_layer|post_policy_publication_reveals_product_not_pre_policy_rap_use,18770,2026-01-01,10.3988/jcn.2025.0482,,GENOTYPING_IMPUTATION|PHYSICAL_MEASURES|QUESTIONNAIRES_ASSESSMENT,Impact of genetic and non-genetic modifiers to the stroke susceptibility in the large-scaled multi-ethnic populations,https://www.ukbiobank.ac.uk/projects/impact-of-genetic-and-non-genetic-modifiers-to-the-stroke-susceptibility-in-the-large-scaled-multi-ethnic-populations/
81202,2022-01-17,before_policy,C6,NEWLY_RAP_BOUND,HIGH,CONTROL_CANDIDATE_C6,explicit_sequence_data_wording,Schema 19 publication 9643: Gene-based burden scores identify rare variant associations for 28 blood biomarkers,pre_policy_publication,"...relevant variants with genome-wide PRS based on common variants for association analysis and prediction models. We applied our framework on UK Biobank dataset with genotyping and exome data and considered 28 blood biomarkers levels as target phenotypes. For each biomarker, an association analysis was performed on full cohort using gene-based scores (GBS). The cohort...",Whole exome sequencing data,exome data / exome variants,C1_EXOME_DATA,MEDIUM_PUBLICATION_MODALITY_PRE_POLICY,yes,lower_than_C1_C2_precision_layer,9643,2023-09-04,10.1186/s12863-023-01155-0,,GENOTYPING_IMPUTATION,Association and prediction models for complex phenotypes characterized by different genetic architecture.,https://www.ukbiobank.ac.uk/projects/association-and-prediction-models-for-complex-phenotypes-characterized-by-different-genetic-architecture/
81358,2023-06-02,before_policy,C6,UNCLEAR,LOW,CONTROL_CANDIDATE_C6,explicit_sequence_data_wording,Schema 19 publication 13441: Integration of variant annotations using deep set networks boosts rare variant association testing,post_policy_publication_product_evidence,"...gnostic gene impairment score from rare variant annotations and phenotypes, enabling both gene discovery and trait prediction. On 34 quantitative and 63 binary traits, using whole-exome-sequencing data from UK Biobank, we find that DeepRVAT yields substantial gains in gene discoveries and improved detection of individuals at high genetic risk. Finally, we demonstrate how De...",Whole exome sequencing data,exome sequencing / exome sequence,C1_EXOME_SEQUENCE,MEDIUM_PUBLICATION_MODALITY,yes,lower_than_C1_C2_precision_layer|post_policy_publication_reveals_product_not_pre_policy_rap_use,13441,2024-09-25,10.1038/s41588-024-01919-z,,,Deep-learning-based genetic analysis and phenotype prediction using variants of any frequency based on UK Biobank sequencing datasets,https://www.ukbiobank.ac.uk/projects/deep-learning-based-genetic-analysis-and-phenotype-prediction-using-variants-of-any-frequency-based-on-uk-biobank-sequencing-datasets/
81499,2022-05-19,before_policy,C6,NEWLY_RAP_BOUND,HIGH,CONTROL_CANDIDATE_C6,explicit_sequence_data_wording,Schema 19 publication 19865: Evaluating confounding in rare variant genome wide association studies,post_policy_publication_product_evidence,"...bstract: The theorised risk that confounded rare variant associations will emerge from population based genetic studies has not been investigated empirically. Here, we use 306,991 sequenced exomes from the UK Biobank to demonstrate that recent demography is poorly captured by common and rare variant principal components, and accounting for haplotype sharing does not elimina...",WGS/WES sequence data,sequenced genomes / sequenced exomes,C1_SEQUENCED_GENOMES,MEDIUM_PUBLICATION_MODALITY,yes,lower_than_C1_C2_precision_layer|post_policy_publication_reveals_product_not_pre_policy_rap_use,19865,2026-05-29,10.1038/s41467-026-73776-9,,GENOTYPING_IMPUTATION|QUESTIONNAIRES_ASSESSMENT,Using human genetics to develop insight into putative causal relationships between modifiable exposures and disease endpoints,https://www.ukbiobank.ac.uk/projects/using-human-genetics-to-develop-insight-into-putative-causal-relationships-between-modifiable-exposures-and-disease-endpoints/
82056,2022-04-13,before_policy,C6,NEWLY_RAP_BOUND,HIGH,CONTROL_CANDIDATE_C6,explicit_sequence_data_wording,Schema 19 publication 20418: Tandem repeat polymorphisms are associated with brain structure: results of two large population-based studies,post_policy_publication_product_evidence,"..., and other relevant covariates. Significant findings were independently assessed for directional consistency in the UK Biobank Imaging Substudy (N = 38,879), leveraging available whole-genome sequencing data.ResultsThe expansion of an intronic AC repeat in PRR14L was associated with larger thalamic volume (standardized β [95% CI] = 0.15 [0.06-0.24]), while AATG repeat polymorphis...",Whole genome sequencing data,whole genome sequencing / whole-genome sequence,C1_WHOLE_GENOME_SEQUENCE,MEDIUM_PUBLICATION_MODALITY,yes,lower_than_C1_C2_precision_layer|post_policy_publication_reveals_product_not_pre_policy_rap_use,20418,2026-07-06,10.1186/s13073-026-01702-1,,IMAGING|QUESTIONNAIRES_ASSESSMENT,Elucidating the genetic basis of both normal and abnormal brain structure,https://www.ukbiobank.ac.uk/projects/elucidating-the-genetic-basis-of-both-normal-and-abnormal-brain-structure/
83271,2022-04-21,before_policy,C6,NEWLY_RAP_BOUND,HIGH,CONTROL_CANDIDATE_C6,explicit_sequence_data_wording,Schema 19 publication 12083: Ribosomal DNA copy number variation associates with hematological profiles and renal function in the UK Biobank,pre_policy_publication,"...or rRNA components of the ribosome. Here, we present an analysis of rDNA copy number (CN) variation in the UK Biobank (UKB). From the first release of UKB whole-genome sequencing (WGS) data, a discovery analysis in White British individuals reveals that rDNA CN associates with altered counts of specific blood cell subtypes, such as neutrophils, and with the est...",Whole genome sequencing data,WGS,C1_WGS_ABBREVIATION,MEDIUM_PUBLICATION_MODALITY_PRE_POLICY,yes,lower_than_C1_C2_precision_layer,12083,2024-05-14,10.1016/j.xgen.2024.100562,,GENOTYPING_IMPUTATION|PHYSICAL_MEASURES,The impact of Ribosomal DNA (rDNA) copy number on birth weight and adult obesity,https://www.ukbiobank.ac.uk/projects/the-impact-of-ribosomal-dna-rdna-copy-number-on-birth-weight-and-adult-obesity/
83445,2022-03-09,before_policy,C6,NEWLY_RAP_BOUND,HIGH,CONTROL_CANDIDATE_C6,explicit_sequence_data_wording,Schema 19 publication 20287: Genetic architecture of lung cancer revealed by common and rare variant analyses across population-scale biobanks,post_policy_publication_product_evidence,"...whereas the contribution of rare non-coding variation remains incompletely defined. This study comprised 52,550 cases and 1,617,173 controls across three whole-genome sequencing (WGS) cohorts (UK Biobank, the 100,000 Genomes Project, and All of Us) and five imputed genotype-array datasets aimed to identify rare non-coding determinants of lung cancer risk. Two...",Whole genome sequencing data,WGS,C1_WGS_ABBREVIATION,MEDIUM_PUBLICATION_MODALITY,yes,lower_than_C1_C2_precision_layer|post_policy_publication_reveals_product_not_pre_policy_rap_use,20287,2026-07-13,10.1038/s41698-026-01558-z,,GENOTYPING_IMPUTATION,A cross-trait integration study of the genetic variants for cancer,https://www.ukbiobank.ac.uk/projects/a-cross-trait-integration-study-of-the-genetic-variants-for-cancer/
83990,2022-06-07,before_policy,C6,NEWLY_RAP_BOUND,HIGH,CONTROL_CANDIDATE_C6,explicit_sequence_data_wording,Schema 19 publication 18821: Studying rare variant polygenic risk scores using whole exome sequencing and imputed genotype data,post_policy_publication_product_evidence,"...eveloped to improve phenotype prediction, yet a standardized construction protocol remains unavailable. We aim to establish an optimal rvPRS protocol using whole exome sequencing (WES) and imputed genotype (IMP) data from 502,369 UK Biobank participants and to evaluate its predictive performance compared to common variant PRS (cvPRS). rvPRS models are construct...",Whole exome sequencing data,WES,C1_WES_ABBREVIATION,MEDIUM_PUBLICATION_MODALITY,yes,lower_than_C1_C2_precision_layer|post_policy_publication_reveals_product_not_pre_policy_rap_use,18821,2025-11-24,10.1038/s42003-025-09215-0,,GENOTYPING_IMPUTATION|PHYSICAL_MEASURES|QUESTIONNAIRES_ASSESSMENT,Genetic and environmental analysis for disease prediction models,https://www.ukbiobank.ac.uk/projects/genetic-and-environmental-analysis-for-disease-prediction-models/
84038,2022-03-22,before_policy,C6,NEWLY_RAP_BOUND,HIGH,CONTROL_CANDIDATE_C6,explicit_sequence_data_wording,"Schema 19 publication 20592: Selphi, a tool for improving genotype imputation accuracy",post_policy_publication_product_evidence,"...super-populations and allele frequencies. Similarly, Selphi achieved higher accuracy than Beagle 5.4 on the UK Biobank dataset, which translated into improved concordance with hc-WGS GWAS summary statistics at known trait-associated loci and more accurate polygenic risk scores (PRS). Selphi outputs standard VCF files with genotype dosages (DS), haplotype-speci...",Whole genome sequencing data,WGS,C1_WGS_ABBREVIATION,MEDIUM_PUBLICATION_MODALITY,yes,lower_than_C1_C2_precision_layer|post_policy_publication_reveals_product_not_pre_policy_rap_use,20592,2026-06-19,10.1038/s41598-026-58420-2,,BIOMARKERS_ASSAYS|GENOTYPING_IMPUTATION|QUESTIONNAIRES_ASSESSMENT,Assessing the role of rare and common variation in human clinical conditions and risk prediction using improved methods for genotype imputation and genetic effect modeling across populations,https://www.ukbiobank.ac.uk/projects/assessing-the-role-of-rare-and-common-variation-in-human-clinical-conditions-and-risk-prediction-using-improved-methods-for-genotype-imputation-and-genetic-effect-modeling-across-populations/
85529,2022-05-24,before_policy,C6,UNCLEAR,LOW,CONTROL_CANDIDATE_C6,broader_contextual_sequence_evidence,Schema 19 publication 11245: Variants in ATRIP are associated with breast cancer susceptibility in the Polish population and UK Biobank,pre_policy_publication,"...11/9,285 control subjects (OR = 2.14, 95% CI = 1.13-4.28, p = 0.02). By analyzing the sequence data of the UK Biobank study participants (450,000 individuals), we identified ATRIP loss-of-function variants among 13/15,643 breast cancer-affected individuals versus 40/157,943 control subjects (OR = 3.28, 95% CI = 1.76-6.14, p",Likely WES/WGS rare coding variant analysis,loss-of-function / pLoF / protein-truncating variants,C3_LOF_PLOF,MEDIUM_PUBLICATION_MODALITY_PRE_POLICY,yes,lower_than_C1_C2_precision_layer,11245,2023-03-27,10.1016/j.ajhg.2023.03.002,,,Validation of Novel Candidate Breast Cancer Susceptibility Genes,https://www.ukbiobank.ac.uk/projects/validation-of-novel-candidate-breast-cancer-susceptibility-genes/
85881,2022-04-26,before_policy,C6,NEWLY_RAP_BOUND,MEDIUM,CONTROL_CANDIDATE_C6,broader_contextual_sequence_evidence,Schema 19 publication 19534: Genome-Wide Insights Into the Genes and Pathways Shaping Human Foveal Development: Redefining the Genetic Landscape of Foveal Hypoplasia,post_policy_publication_product_evidence,"...rence tomography (OCT) B-scans in 61,269 UK Biobank participants. A genome-wide association study (GWAS) was conducted using REGENIE, adjusting for age, sex, height, and ancestry. Rare coding variants (frequency Results: GWAS identified 126 sentinel variants, including 47 novel associations. Integrative mapping prioritized 129 putative causal genes, with 64 not previously impli...",Likely WES/WGS coding variant analysis,rare coding variants / coding variation,C3_RARE_CODING,MEDIUM_PUBLICATION_MODALITY,yes,lower_than_C1_C2_precision_layer|post_policy_publication_reveals_product_not_pre_policy_rap_use,19534,2025-09-09,10.1167/iovs.66.12.22,,QUESTIONNAIRES_ASSESSMENT,"Exploring biopsychosocial risk factors and interactions in health, well-being and illness",https://www.ukbiobank.ac.uk/projects/exploring-biopsychosocial-risk-factors-and-interactions-in-health-well-being-and-illness/
86460,2022-05-20,before_policy,C6,UNCLEAR,LOW,CONTROL_CANDIDATE_C6,explicit_sequence_data_wording,Schema 19 publication 18331: An ACOT4 Multi-Nucleotide Variant Is Associated with Cardiovascular Risk in Norfolk Island and UK Biobank Cohorts,post_policy_publication_product_evidence,"...l variants which were analysed for association with CVD and metabolic syndrome traits. We followed up suggestive variant-trait associations in the 2022 release of UK Biobank whole exome data ( n = 200,625). RESULTS: We identified a novel ten-base-pair in-frame missense multi-nucleotide variant (MNV), tagged by rs35724886, in the lipid metabolism gene ACOT4 , which was...",Whole exome sequencing data,exome data / exome variants,C1_EXOME_DATA,MEDIUM_PUBLICATION_MODALITY,yes,lower_than_C1_C2_precision_layer|post_policy_publication_reveals_product_not_pre_policy_rap_use,18331,2026-02-09,10.3390/genes17020205,,,Genetic architecture of chronic disease in multi-ethnic populations,https://www.ukbiobank.ac.uk/projects/genetic-architecture-of-chronic-disease-in-multi-ethnic-populations/
89885,2022-08-09,before_policy,C6,NEWLY_RAP_BOUND,HIGH,CONTROL_CANDIDATE_C6,explicit_sequence_data_wording,"Schema 19 publication 17279: Contributions of Common, Rare, and Somatic Genetic Variants to Incidence of Atrial Fibrillation",post_policy_publication_product_evidence,"...somatic genetic variants to AF incidence, and develop an integrated genomic model (IGM-AF) for improved risk prediction. Design, Setting, and Participants: This cohort study used whole-genome sequence data from participants of the UK Biobank, with follow-up for AF events through hospital records, death registries, and self-report. The UK Biobank recruited participants aged 40 t...",Whole genome sequencing data,whole genome sequencing / whole-genome sequence,C1_WHOLE_GENOME_SEQUENCE,MEDIUM_PUBLICATION_MODALITY,yes,lower_than_C1_C2_precision_layer|post_policy_publication_reveals_product_not_pre_policy_rap_use,17279,2025-12-01,10.1001/jamacardio.2025.3664,,GENOTYPING_IMPUTATION|QUESTIONNAIRES_ASSESSMENT,"Genetics of complex diseases, comorbidities, and the disease risk prediction",https://www.ukbiobank.ac.uk/projects/genetics-of-complex-diseases-comorbidities-and-the-disease-risk-prediction/
90087,2022-06-21,before_policy,C6,UNCLEAR,LOW,CONTROL_CANDIDATE_C6,explicit_sequence_data_wording,Schema 19 publication 15775: Clonal hematopoiesis of indeterminate potential and risk of autoimmune thyroid disease,post_policy_publication_product_evidence,"...with the risk of AITD.MethodsWe conducted a prospective community-based cohort study at the UK Biobank. CHIP, defined as the exposure, was identified using whole-exome sequencing (WES) data. AITD was sourced from the inpatient hospitalization register, the death register, and the primary healthcare register. Cox regression models were utilized to estimate the h...",Whole exome sequencing data,WES,C1_WES_ABBREVIATION,MEDIUM_PUBLICATION_MODALITY,yes,lower_than_C1_C2_precision_layer|post_policy_publication_reveals_product_not_pre_policy_rap_use,15775,2025-04-23,10.1186/s12916-025-04077-z,,,Role of environmental and host factors and their interplays in the development and progression of chronic diseases,https://www.ukbiobank.ac.uk/projects/role-of-environmental-and-host-factors-and-their-interplays-in-the-development-and-progression-of-chronic-diseases/
90542,2022-07-21,before_policy,C6,UNCLEAR,LOW,CONTROL_CANDIDATE_C6,broader_contextual_sequence_evidence,Schema 19 publication 15998: A Polygenic Risk Score for Late Bladder Toxicity Following Radiotherapy for Non-Metastatic Prostate Cancer.,post_policy_publication_product_evidence,"...ere ≥G2 urinary retention and frequency. The PRS was externally validated for clinically diagnosed irradiation cystitis in the UK Biobank (N = 8,430). A gene-burden test evaluated rare coding variants. RESULTS: A 115-variant PRS was associated with a significantly increased risk of ≥G2 hematuria [hazard ratio (HR) per SD = 1.22; P = 0.009] as well as urinary retention (HR per S...",Likely WES/WGS coding variant analysis,rare coding variants / coding variation,C3_RARE_CODING,MEDIUM_PUBLICATION_MODALITY,yes,lower_than_C1_C2_precision_layer|post_policy_publication_reveals_product_not_pre_policy_rap_use,15998,2025-03-03,10.1158/1055-9965.epi-24-1228,,,Genomic modeling of radiation toxicity,https://www.ukbiobank.ac.uk/projects/genomic-modeling-of-radiation-toxicity/
91486,2022-07-21,before_policy,C6,NEWLY_RAP_BOUND,HIGH,CONTROL_CANDIDATE_C6,explicit_sequence_data_wording,Schema 19 publication 19470: Streamlining large-scale genomic data management: Insights from the UK Biobank whole-genome sequencing data,post_policy_publication_product_evidence,"...Management|Databases, Genetic|Genome, Human|Genomics|Humans|Software|UK Biobank|United Kingdom|Whole Genome Sequencing publication_abstract: Biobank-scale whole-genome sequencing (WGS) studies are increasingly pivotal in unraveling the genetic bases of diverse health outcomes. However, managing and analyzing these datasets' sheer volume and complexity presents...",Whole genome sequencing data,WGS,C1_WGS_ABBREVIATION,MEDIUM_PUBLICATION_MODALITY,yes,lower_than_C1_C2_precision_layer|post_policy_publication_reveals_product_not_pre_policy_rap_use,19470,2025-09-18,10.1016/j.xgen.2025.101009,,GENOTYPING_IMPUTATION|QUESTIONNAIRES_ASSESSMENT,"Social, lifestyle, and biological risk factors of age-related diseases and mortality",https://www.ukbiobank.ac.uk/projects/social-lifestyle-and-biological-risk-factors-of-age-related-diseases-and-mortality/
92675,2022-11-29,before_policy,C6,NEWLY_RAP_BOUND,HIGH,CONTROL_CANDIDATE_C6,explicit_sequence_data_wording,Schema 19 publication 20287: Genetic architecture of lung cancer revealed by common and rare variant analyses across population-scale biobanks,post_policy_publication_product_evidence,"...whereas the contribution of rare non-coding variation remains incompletely defined. This study comprised 52,550 cases and 1,617,173 controls across three whole-genome sequencing (WGS) cohorts (UK Biobank, the 100,000 Genomes Project, and All of Us) and five imputed genotype-array datasets aimed to identify rare non-coding determinants of lung cancer risk. Two...",Whole genome sequencing data,WGS,C1_WGS_ABBREVIATION,MEDIUM_PUBLICATION_MODALITY,yes,lower_than_C1_C2_precision_layer|post_policy_publication_reveals_product_not_pre_policy_rap_use,20287,2026-07-13,10.1038/s41698-026-01558-z,,ENVIRONMENT_GEOSPATIAL|GENOTYPING_IMPUTATION|PHYSICAL_MEASURES|QUESTIONNAIRES_ASSESSMENT,Study on the association between wide environmental exposure factors and common chronic diseases,https://www.ukbiobank.ac.uk/projects/study-on-the-association-between-wide-environmental-exposure-factors-and-common-chronic-diseases/
92718,2022-08-25,before_policy,C6,NEWLY_RAP_BOUND,HIGH,CONTROL_CANDIDATE_C6,explicit_sequence_data_wording,Schema 19 publication 11873: Protein truncating variants in mitochondrial-related nuclear genes and the risk of chronic liver disease,pre_policy_publication,"...ing variants (PTVs) in MT-related genes on the risk of liver diseases have not been extensively explored.MethodsWe extracted 60,928 PTVs across 2466 MT-related nucleus genes using whole-exome sequencing data obtained from 442,603 participants in the UK Biobank. We examined their associations with liver dysfunction that represented by the liver-related biomarkers and the risks of...",Whole exome sequencing data,whole exome sequencing / whole-exome sequence,C1_WHOLE_EXOME_SEQUENCE,MEDIUM_PUBLICATION_MODALITY_PRE_POLICY,yes,lower_than_C1_C2_precision_layer,11873,2024-06-11,10.1186/s12916-024-03466-0,,BIOMARKERS_ASSAYS|GENOTYPING_IMPUTATION|IMAGING,"Deciphering chronic disease - association studies of genome, exposome and phenome",https://www.ukbiobank.ac.uk/projects/deciphering-chronic-disease-association-studies-of-genome-exposome-and-phenome/
95259,2023-01-11,before_policy,C6,NEWLY_RAP_BOUND,HIGH,CONTROL_CANDIDATE_C6,explicit_sequence_data_wording,Schema 19 publication 20409: Whole-Exome Analysis Identifies Candidate Genes Associated With Diabetic Retinopathy,post_policy_publication_product_evidence,"...ion of patients develop diabetic retinopathy (DR), suggesting the contribution of other mechanisms. To explore genetic associations with DR, we conducted a whole-exome sequencing (WES) study of DR using a dual-control design in individuals of European ancestry. Methods: Leveraging UK Biobank WES data, we implemented a dual-control design to identify candidate g...",Whole exome sequencing data,WES,C1_WES_ABBREVIATION,MEDIUM_PUBLICATION_MODALITY,yes,lower_than_C1_C2_precision_layer|post_policy_publication_reveals_product_not_pre_policy_rap_use,20409,2026-07-08,10.1167/iovs.67.8.25,,GENOTYPING_IMPUTATION|QUESTIONNAIRES_ASSESSMENT,"The role of dynamic environmental factors, genetic information, and gene-environment interactions in non-communicable chronic diseases and the development and validation of prediction models for risks",https://www.ukbiobank.ac.uk/projects/the-role-of-dynamic-environmental-factors-genetic-information-and-gene-environment-interactions-in-non-communicable-chronic-diseases-and-the-development-and-validation-of-prediction-models-for-risks/
99922,2023-04-17,before_policy,C6,NEWLY_RAP_BOUND,HIGH,CONTROL_CANDIDATE_C6,broader_contextual_sequence_evidence,Schema 19 publication 18842: Residual allelic activity likely underlies the low rates of disease expression for predicted loss-of-function variants in population-scale biobanks,post_policy_publication_product_evidence,".... Here, we investigate the disease-expression rates for >6,000 predicted LoFs (pLoFs) linked to 91 haploinsufficient diseases using the electronic health records (EHRs) of ∼24,000 pLoF heterozygotes isolated from two population-scale biobanks (the UK Biobank and the All of Us Research Program). Consistent with prior analyses, most pLoF heterozygotes displayed no...",Likely WES/WGS rare coding variant analysis,loss-of-function / pLoF / protein-truncating variants,C3_LOF_PLOF,MEDIUM_PUBLICATION_MODALITY,yes,lower_than_C1_C2_precision_layer|post_policy_publication_reveals_product_not_pre_policy_rap_use,18842,2025-11-24,10.1016/j.ajhg.2025.11.002,,ENVIRONMENT_GEOSPATIAL|QUESTIONNAIRES_ASSESSMENT,Analyzing Mendelian Disease-related Phenotypic Variability using Population-scale Data,https://www.ukbiobank.ac.uk/projects/analyzing-mendelian-disease-related-phenotypic-variability-using-population-scale-data/
102158,2023-06-29,before_policy,C6,NEWLY_RAP_BOUND,HIGH,CONTROL_CANDIDATE_C6,explicit_sequence_data_wording,Schema 19 publication 8248: A phenome-wide scan reveals convergence of common and rare variant associations,pre_policy_publication,"...nslational goals of the science of genomics, with critical basic-science, methodological, and clinical consequences.MethodsLeveraging the latest release of whole-exome sequencing (WES, for rare variants) and genome-wide association study (GWAS, for common variants) data from the UK Biobank, we developed a metric, the COmmon variant and RAre variant Convergence...",Whole exome sequencing data,WES,C1_WES_ABBREVIATION,MEDIUM_PUBLICATION_MODALITY_PRE_POLICY,yes,lower_than_C1_C2_precision_layer,8248,2023-11-28,10.1186/s13073-023-01253-9,,BIOMARKERS_ASSAYS,Causal gene mapping for complex traits by leveraging genomics and proteomics data,https://www.ukbiobank.ac.uk/projects/causal-gene-mapping-for-complex-traits-by-leveraging-genomics-and-proteomics-data/
102444,2023-09-27,before_policy,C6,NEWLY_RAP_BOUND,HIGH,CONTROL_CANDIDATE_C6,explicit_sequence_data_wording,"Schema 19 publication 9486: Analysis of 72,469 UK Biobank exomes links rare variants to male-pattern hair loss",pre_policy_publication,"...PHL etiology, the relevance of rare variants remains unclear. To determine the contribution of rare variants to MPHL etiology, we perform gene-based and single-variant analyses in exome-sequencing data from 72,469 male UK Biobank participants. While our population-level risk prediction suggests that rare variants make only a minor contribution to general MPHL risk, our rare...",Whole exome sequencing data,exome sequencing / exome sequence,C1_EXOME_SEQUENCE,MEDIUM_PUBLICATION_MODALITY_PRE_POLICY,yes,lower_than_C1_C2_precision_layer,9486,2023-09-22,10.1038/s41467-023-41186-w,,PHYSICAL_MEASURES|QUESTIONNAIRES_ASSESSMENT,Male-pattern hair loss: Contribution of genetic and environmental factors to disease pathogenesis,https://www.ukbiobank.ac.uk/projects/male-pattern-hair-loss-contribution-of-genetic-and-environmental-factors-to-disease-pathogenesis/
103082,2023-06-02,before_policy,C6,NEWLY_RAP_BOUND,HIGH,CONTROL_CANDIDATE_C6,explicit_sequence_data_wording,"Schema 19 publication 13485: A metabolomic profile of biological aging in 250,341 individuals from the UK Biobank",post_policy_publication_product_evidence,"...e Association Study|Humans|Longitudinal Studies|Magnetic Resonance Spectroscopy|Male|Mendelian Randomization Analysis|Metabolome|Metabolomics|Middle Aged|UK Biobank|United Kingdom|Whole Genome Sequencing publication_abstract: The metabolomic profile of aging is complex. Here, we analyse 325 nuclear magnetic resonance (NMR) biomarkers from 250,341 UK Biobank participants, identifyi...",Whole genome sequencing data,whole genome sequencing / whole-genome sequence,C1_WHOLE_GENOME_SEQUENCE,MEDIUM_PUBLICATION_MODALITY,yes,lower_than_C1_C2_precision_layer|post_policy_publication_reveals_product_not_pre_policy_rap_use,13485,2024-09-15,10.1038/s41467-024-52310-9,,BIOMARKERS_ASSAYS|ENVIRONMENT_GEOSPATIAL,"The association between age-related diseases and multi-omics, aging and environmental factors",https://www.ukbiobank.ac.uk/projects/the-association-between-age-related-diseases-and-multi-omics-aging-and-environmental-factors/
103356,2023-09-07,before_policy,C6,NEWLY_RAP_BOUND,HIGH,CONTROL_CANDIDATE_C6,explicit_sequence_data_wording,"Schema 19 publication 15897: Whole-genome sequencing analysis identifies rare, large-effect noncoding variants and regulatory regions associated with circulating protein levels",post_policy_publication_product_evidence,"...ng data and the difficulty of categorizing noncoding variants into functionally similar groups. To begin addressing these challenges, we performed a cis association analysis using whole-genome sequencing data, consisting of 1.1 billion variants, 123 million noncoding aggregate-based tests and 2,907 circulating protein levels in ~50,000 UK Biobank participants. We identified 604 in...",Whole genome sequencing data,whole genome sequencing / whole-genome sequence,C1_WHOLE_GENOME_SEQUENCE,MEDIUM_PUBLICATION_MODALITY,yes,lower_than_C1_C2_precision_layer|post_policy_publication_reveals_product_not_pre_policy_rap_use,15897,2025-02-24,10.1038/s41588-025-02095-4,,LINKED_HEALTH_RECORDS|QUESTIONNAIRES_ASSESSMENT,Understanding the role of rare and common genetic variation in human phenotypes,https://www.ukbiobank.ac.uk/projects/understanding-the-role-of-rare-and-common-genetic-variation-in-human-phenotypes/
103789,2023-07-21,before_policy,C6,NEWLY_RAP_BOUND,HIGH,CONTROL_CANDIDATE_C6,broader_contextual_sequence_evidence,Schema 19 publication 15583: Beyond genotype: challenges in predicting disease risk for carriers of biallelic perforin variants,post_policy_publication_product_evidence,"...l data from our hemophagocytic lymphohistiocytosis (HLH)-network registry with UK Biobank data to evaluate disease penetrance and clinical outcomes. Among 52 individuals with A91V/pLOF genotype in the registry, 39 (72%) showed FHL2-related manifestations with mean onset at 20 years. Four patients had recurrent disease, 15 received transplantation, and 14 died. A...",Likely WES/WGS rare coding variant analysis,loss-of-function / pLoF / protein-truncating variants,C3_LOF_PLOF,MEDIUM_PUBLICATION_MODALITY,yes,lower_than_C1_C2_precision_layer|post_policy_publication_reveals_product_not_pre_policy_rap_use,15583,2025-06-19,10.1182/blood.2024027954,,BIOMARKERS_ASSAYS|LINKED_HEALTH_RECORDS,Use of UK Biobank data to support genetic studies of Mendelian and complex diseases with a focus on inborn errors of immunity,https://www.ukbiobank.ac.uk/projects/use-of-uk-biobank-data-to-support-genetic-studies-of-mendelian-and-complex-diseases-with-a-focus-on-inborn-errors-of-immunity/
106397,2023-06-23,before_policy,C6,NEWLY_RAP_BOUND,MEDIUM,CONTROL_CANDIDATE_C6,explicit_sequence_data_wording,Schema 19 publication 16538: A prospective study on the regulation of osteoarthritis risk through inflammatory pathways in clonal hematopoiesis,post_policy_publication_product_evidence,"...t is unclear whether the proinflammatory state induced by CHIP affects the onset of OA. Thus, we investigated CHIP as a risk factor for OA. Here, we analyzed whole-exome sequence (WES) data from 45,380 UK Biobank participants without OA at baseline to identify CHIP. Multivariate Cox regression models were used to evaluate the association between CHIP and incide...",Whole exome sequencing data,WES,C1_WES_ABBREVIATION,MEDIUM_PUBLICATION_MODALITY,yes,lower_than_C1_C2_precision_layer|post_policy_publication_reveals_product_not_pre_policy_rap_use,16538,2025-08-19,10.1007/s11357-025-01843-y,,QUESTIONNAIRES_ASSESSMENT,Analysis of risk factors for hematopoietic and immune system aging and their association with immune diseases and cancer,https://www.ukbiobank.ac.uk/projects/analysis-of-risk-factors-for-hematopoietic-and-immune-system-aging-and-their-association-with-immune-diseases-and-cancer/
106912,2023-07-20,before_policy,C6,NEWLY_RAP_BOUND,HIGH,CONTROL_CANDIDATE_C6,explicit_sequence_data_wording,Schema 19 publication 12727: Clonal hematopoiesis of indeterminate potential and the risk of pulmonary embolism: an observational study,post_policy_publication_product_evidence,"...lmonary embolism remains unknown. Methods: We performed a community-based cohort study (between 2006 and 2022) including 464,417 individuals with available whole exome sequencing (WES) data in the UK biobank (UKB) to examine the association between CHIP and pulmonary embolism. CHIP was ascertained by analyzing WES data. We used Cox regression models to calculat...",Whole exome sequencing data,WES,C1_WES_ABBREVIATION,MEDIUM_PUBLICATION_MODALITY,yes,lower_than_C1_C2_precision_layer|post_policy_publication_reveals_product_not_pre_policy_rap_use,12727,2024-07-26,10.1016/j.eclinm.2024.102753,,BIOMARKERS_ASSAYS,Comprehensive investigation of biomarkers and medical conditions in relation to subsequent hematological disorders or cancer,https://www.ukbiobank.ac.uk/projects/comprehensive-investigation-of-biomarkers-and-medical-conditions-in-relation-to-subsequent-hematological-disorders-or-cancer/
109145,2024-04-30,before_policy,C6,NEWLY_RAP_BOUND,HIGH,CONTROL_CANDIDATE_C6,explicit_sequence_data_wording,Schema 19 publication 15195: Impact of Y chromosome loss on the risk of Parkinson's disease and progression,post_policy_publication_product_evidence,"...ed the relationship between blood LOY levels and the risk of PD onset and progression. METHODS: We estimated the LOY level for each male participant based on genome-wide arrays or whole genome sequencing data. We performed Cox proportional hazards regression analysis among 222,598 male participants in the UK Biobank and linear mixed model analysis involving 2574 male individuals w...",Whole genome sequencing data,whole genome sequencing / whole-genome sequence,C1_WHOLE_GENOME_SEQUENCE,MEDIUM_PUBLICATION_MODALITY,yes,lower_than_C1_C2_precision_layer|post_policy_publication_reveals_product_not_pre_policy_rap_use,15195,2025-05-29,10.1016/j.ebiom.2025.105769,,GENOTYPING_IMPUTATION|IMAGING|QUESTIONNAIRES_ASSESSMENT,Genome-wide association study of function of glymphatic system based on neuroimaging,https://www.ukbiobank.ac.uk/projects/genome-wide-association-study-of-function-of-glymphatic-system-based-on-neuroimaging/
119044,2023-10-25,before_policy,C6,UNCLEAR,LOW,CONTROL_CANDIDATE_C6,broader_contextual_sequence_evidence,Schema 19 publication 15000: Rare Variant Association Analysis Uncovers Involvement of VNN2 in Stroke Outcome,post_policy_publication_product_evidence,"...sessed for protein structure and stability analysis, and an analysis of their effect on basal inflammation levels was performed using UK Biobank data. RESULTS: Our work identified rare coding variants in VNN2 associated with patients with better stroke recovery (∆ deviance information criterion >10, equivalent to P 1.6 kcal/mol); meanwhile, another variant, located in the activ...",Likely WES/WGS coding variant analysis,rare coding variants / coding variation,C3_RARE_CODING,MEDIUM_PUBLICATION_MODALITY,yes,lower_than_C1_C2_precision_layer|post_policy_publication_reveals_product_not_pre_policy_rap_use,15000,2025-06-11,10.1161/strokeaha.124.049365,,,Somatic mutations load in autoinflammatory disorders genes,https://www.ukbiobank.ac.uk/projects/somatic-mutations-load-in-autoinflammatory-disorders-genes/
124751,2023-11-23,before_policy,C6,NEWLY_RAP_BOUND,MEDIUM,CONTROL_CANDIDATE_C6,explicit_sequence_data_wording,Schema 19 publication 20265: Novel associations of Claudin gene variants with kidney stone disease,post_policy_publication_product_evidence,"...tion to kidney stone susceptibility has not been systematically explored. Methods We analysed 415 237 UK Biobank participants (9 009 kidney stone cases and 406 228 controls) using exome sequencing and imputed genotype data spanning all 24 human CLDN genes. Single-variant association testing, gene burden analysis, and phenome-wide association studies were employed to identif...",Whole exome sequencing data,exome sequencing / exome sequence,C1_EXOME_SEQUENCE,MEDIUM_PUBLICATION_MODALITY,yes,lower_than_C1_C2_precision_layer|post_policy_publication_reveals_product_not_pre_policy_rap_use,20265,2026-07-16,10.1093/ckj/sfag237,,ENVIRONMENT_GEOSPATIAL,The role of claudin variants in the pathogenesis of complex diseases,https://www.ukbiobank.ac.uk/projects/the-role-of-claudin-variants-in-the-pathogenesis-of-complex-diseases/
135122,2024-05-03,before_policy,C6,NEWLY_RAP_BOUND,HIGH,CONTROL_CANDIDATE_C6,broader_contextual_sequence_evidence,Schema 19 publication 16976: Exome sequencing points to pathogenic ATM variants in gastric cancer,post_policy_publication_product_evidence,"...While most cases result from the cumulative risk of common genetic variants, a smaller proportion shows a monogenic etiology. We used germline exome sequencing data to assess the gene-based burden of loss-of-function pathogenic variants (LoF-PVs) in 471 early-onset GC cases as well as 666 GC cases from the UK Biobank (UKB), aiming to identify monogenic GC forms. In both dat...",Likely WES/WGS rare variant burden analysis,gene burden / variant burden / collapsing analysis,C3_BURDEN_TEST,MEDIUM_PUBLICATION_MODALITY,yes,lower_than_C1_C2_precision_layer|post_policy_publication_reveals_product_not_pre_policy_rap_use,16976,2025-12-26,10.1038/s41431-025-01994-8,,IMAGING|QUESTIONNAIRES_ASSESSMENT,Elucidating the genetic basis of human traits and diseases across the allelic spectrum,https://www.ukbiobank.ac.uk/projects/elucidating-the-genetic-basis-of-human-traits-and-diseases-across-the-allelic-spectrum/
145447,2024-04-30,before_policy,C6,NEWLY_RAP_BOUND,MEDIUM,CONTROL_CANDIDATE_C6,explicit_sequence_data_wording,Schema 19 publication 18093: Rare Gain-of-Function Variants in IDH1 and IDH2 Confer Increased Risk of Immune-Mediated Rheumatic Diseases,post_policy_publication_product_evidence,"...genetic variants in IDH1 and IDH2 and immune-mediated rheumatic diseases. METHODS: Individuals with gain-of-function and loss-of-function variants in IDH1/IDH2 were identified by whole genome sequencing in the UK Biobank and the All of Us Research Program. These individuals were matched 1:10 to controls without IDH1 or IDH2 variants by age, sex, and ancestry. The frequency of imm...",Whole genome sequencing data,whole genome sequencing / whole-genome sequence,C1_WHOLE_GENOME_SEQUENCE,MEDIUM_PUBLICATION_MODALITY,yes,lower_than_C1_C2_precision_layer|post_policy_publication_reveals_product_not_pre_policy_rap_use,18093,2026-04-05,10.1002/acr2.90034,,QUESTIONNAIRES_ASSESSMENT,Discovery of novel genetic risk factors for autoimmunity,https://www.ukbiobank.ac.uk/projects/discovery-of-novel-genetic-risk-factors-for-autoimmunity/
162635,2024-02-28,before_policy,C6,NEWLY_RAP_BOUND,HIGH,CONTROL_CANDIDATE_C6,explicit_sequence_data_wording,Schema 19 publication 19207: Association of Non-Coding Repeat Expansions with Parkinson's Disease Risk: Evidence from a UK Biobank-Based Whole-Genome Sequencing Study,post_policy_publication_product_evidence,"publication_title: Association of Non-Coding Repeat Expansions with Parkinson's Disease Risk: Evidence from a UK Biobank-Based Whole-Genome Sequencing Study publication_keywords: publication_abstract: BACKGROUND: Nucleotide repeat expansions are a potential factor in Parkinson's disease (PD) risk, but previous studies were inco...",Whole genome sequencing data,whole genome sequencing / whole-genome sequence,C1_WHOLE_GENOME_SEQUENCE,MEDIUM_PUBLICATION_MODALITY,yes,lower_than_C1_C2_precision_layer|post_policy_publication_reveals_product_not_pre_policy_rap_use,19207,2025-10-11,10.1002/mds.70081,,BIOMARKERS_ASSAYS|IMAGING|LINKED_HEALTH_RECORDS|QUESTIONNAIRES_ASSESSMENT,Individual treatment of noninvasive brain stimulation in Parkinsonian Syndromes,https://www.ukbiobank.ac.uk/projects/individual-treatment-of-noninvasive-brain-stimulation-in-parkinsonian-syndromes/
202239,2024-12-04,after_policy,C6,NEWLY_RAP_BOUND,HIGH,CONTROL_CANDIDATE_C6,explicit_sequence_data_wording,Schema 19 publication 20579: Analysis of whole genome sequencing and plasma metabolomics unveil genetic determinants and clinical implications for human health,post_policy_publication_product_evidence,"...ood metabolites are critical biomarkers linking genetic variation to diverse health outcomes, exhibiting significant variability across individuals. Here, we analyze and integrate whole-genome sequencing with plasma metabolomics to investigate the genetic architecture of 313 metabolic biomarkers in up to 199,138 UK Biobank participants. Through single-variant analyses, we identify...",Whole genome sequencing data,whole genome sequencing / whole-genome sequence,C1_WHOLE_GENOME_SEQUENCE,MEDIUM_PUBLICATION_MODALITY,yes,lower_than_C1_C2_precision_layer|post_policy_publication_reveals_product_not_pre_policy_rap_use,20579,2026-06-22,10.1038/s41467-026-74781-8,,BIOMARKERS_ASSAYS|IMAGING,A population-based study of precision health with multi-omics strategies and deep phenotypes,https://www.ukbiobank.ac.uk/projects/a-population-based-study-of-precision-health-with-multi-omics-strategies-and-deep-phenotypes/
477126,2024-11-05,after_policy,C6,NEWLY_RAP_BOUND,HIGH,CONTROL_CANDIDATE_C6,broader_contextual_sequence_evidence,Schema 19 publication 15389: Protein-truncating variants in UQCRC1 are associated with Parkinson's disease: evidence from half-million people,post_policy_publication_product_evidence,"...sociation between non-synonymous variants in UQCRC1 and PD risk using data from the UK Biobank with half-million participants, which provide evidence supporting the role of UQCRC1 Protein-truncating variants (PTVs) in PD (P = 1.20 × 10−6, OR = 6.59) and highlight the importance of large-scale population studies in identifying rare genetic risk factors.",Likely WES/WGS rare coding variant analysis,loss-of-function / pLoF / protein-truncating variants,C3_LOF_PLOF,MEDIUM_PUBLICATION_MODALITY,yes,lower_than_C1_C2_precision_layer|post_policy_publication_reveals_product_not_pre_policy_rap_use,15389,2025-05-09,10.1038/s41531-025-00987-0,,GENOTYPING_IMPUTATION,Exploring Mechanisms in Ageing-Related Neurodegenerative Diseases Using Multi-Omics Data,https://www.ukbiobank.ac.uk/projects/exploring-mechanisms-in-ageing-related-neurodegenerative-diseases-using-multi-omics-data/
627915,2025-04-21,after_policy,C6,UNCLEAR,LOW,CONTROL_CANDIDATE_C6,explicit_sequence_data_wording,Schema 19 publication 20410: Clonal Hematopoiesis of Indeterminate Potential and Genetic Susceptibility in Incident Age-Related Macular Degeneration: A Cohort Study,post_policy_publication_product_evidence,"...among 395,505 participants from the UK Biobank. METHODS: CHIP was defined by somatic mutations (variant allele fraction ≥2%) in leukemia-associated driver genes from blood-derived exome sequencing. A polygenic risk score (PRS) for AMD was calculated using established genetic variants. We used Cox proportional hazards models to assess the independent and joint associations o...",Whole exome sequencing data,exome sequencing / exome sequence,C1_EXOME_SEQUENCE,MEDIUM_PUBLICATION_MODALITY,yes,lower_than_C1_C2_precision_layer|post_policy_publication_reveals_product_not_pre_policy_rap_use,20410,2026-07-08,10.1016/j.ajo.2026.07.008,,,Influence of Risk Factors in Chronic Disease Development and Progression,https://www.ukbiobank.ac.uk/projects/influence-of-risk-factors-in-chronic-disease-development-and-progression/
