app_id	pub_id
132	4542
166	4490
166	4609
166	5660
166	7321
166	7383
166	7384
166	7385
166	7554
166	8404
166	8406
178	5878
178	8423
178	12584
236	585
236	3391
236	4885
236	5539
236	7532
236	8480
236	8486
236	8504
236	8544
236	8566
236	9114
236	9139
236	9319
236	9336
236	10724
236	11398
236	12574
236	12848
236	13774
236	18335
262	3988
262	8469
262	8879
270	404
289	7556
338	165
408	4417
408	7734
408	8461
408	8515
408	9211
412	1903
412	7537
412	8454
431	4366
431	7670
522	4324
522	4333
522	5677
522	9046
522	10363
648	740
648	1944
648	2748
648	3847
648	4005
648	5982
648	6007
648	7550
648	7669
648	8280
648	8414
648	8420
648	8556
648	8709
648	9118
648	9163
648	10426
648	11197
648	12271
648	13833
648	13856
648	15251
648	18336
648	18741
648	19365
669	2608
669	2656
669	2657
669	2683
669	5203
669	8628
669	12600
669	13685
761	409
774	464
774	465
774	502
774	505
774	509
774	510
774	512
774	514
774	4413
774	7553
788	2246
788	2423
788	3617
788	5326
788	5718
788	7430
788	7666
788	8428
788	8429
788	9316
788	11267
788	11447
788	11454
788	12613
788	15601
788	16647
788	18824
871	1456
871	1457
871	4104
871	4923
871	8563
871	9433
871	11585
885	2620
885	9431
1100	1459
1100	1462
1100	4698
1144	422
1144	1542
1144	2765
1144	2767
1144	3418
1144	4407
1144	7524
1144	14276
1144	19642
1159	1663
1251	3990
1251	4289
1251	4790
1251	5890
1251	8505
1251	10561
1251	13420
1251	17012
1251	17175
1251	19505
1383	8405
1383	8410
1383	8411
1383	8426
1383	8453
1417	1802
1417	1804
1417	8501
1602	3047
1602	3054
1602	7892
1602	9948
1602	10788
1602	11808
1602	11979
1602	12646
1602	13105
1602	13405
1602	15817
1602	18827
1602	18995
1618	7857
1995	1466
2112	1874
2112	1876
2112	4024
2112	4038
2112	4172
2112	4229
2112	4315
2112	4543
2112	4575
2112	4950
2112	5664
2112	5881
2112	7926
2112	8628
2112	9033
2112	9733
2112	10498
2112	10749
2112	11098
2112	11583
2112	12392
2112	13879
2112	14069
2112	14234
2112	15800
2482	424
2495	1469
2495	1470
2495	2173
2495	2788
2495	2789
2495	2796
2495	3434
2495	3543
2495	5488
2495	5648
2495	5720
2495	5721
2495	5765
2495	7161
2495	8192
2495	10548
2495	12634
2495	12691
2495	13923
2532	4975
2532	5039
2532	5399
2532	5822
2532	6011
2532	7589
2532	8674
2532	9127
2532	10432
2532	10480
2532	10877
2532	10986
2532	12041
2532	12907
2532	13717
2532	13756
2532	13863
2532	14514
2532	14836
2532	15003
2532	15546
2532	15572
2964	1364
2964	1884
2964	1890
2964	1972
2964	2159
2964	2365
2964	2542
2964	2843
2964	2844
2964	2856
2964	3127
2964	3562
2964	3629
2964	3996
2964	4010
2964	4126
2964	4285
2964	4300
2964	4330
2964	4334
2964	4422
2964	4451
2964	4466
2964	5000
2964	5095
2964	5216
2964	5516
2964	5581
2964	5606
2964	5635
2964	5728
2964	5783
2964	5836
2964	5976
2964	6015
2964	7232
2964	7560
2964	7582
2964	7736
2964	7979
2964	8281
2964	8866
2964	9153
2964	9239
2964	9310
2964	9360
2964	9585
2964	9604
2964	9662
2964	10048
2964	10377
2964	10506
2964	10605
2964	10617
2964	10671
2964	10696
2964	10812
2964	10879
2964	10931
2964	11185
2964	11210
2964	11330
2964	11354
2964	11474
2964	11528
2964	11626
2964	12036
2964	12118
2964	12235
2964	12343
2964	12534
2964	12670
2964	12781
2964	12933
2964	12940
2964	12957
2964	12996
2964	13190
2964	13732
2964	13849
2964	13901
2964	13964
2964	14480
2964	14609
2964	15096
2964	15144
2964	15328
2964	15801
2964	16351
2964	17145
2964	17603
2964	18495
2964	18739
2964	18820
2964	19121
2964	19311
2964	19521
2964	20536
3028	5889
3037	4074
3037	4154
3037	4675
3037	4682
3037	4687
3037	13772
3071	12915
3071	13895
3173	3438
3173	3439
3248	3964
3248	3986
3248	4386
3248	4776
3248	5245
3248	5540
3248	8407
3248	9317
3248	11929
3248	13805
3282	530
3282	2169
3282	4816
3282	5114
3282	5544
3282	5615
3282	9087
3474	535
3474	536
3474	537
3474	1471
3474	8484
3501	1665
3572	266
3572	474
3572	475
3572	548
3572	1664
3572	2770
3572	8441
3593	422
3593	1473
3593	2828
3593	8510
3593	8923
3593	9762
3593	9835
3593	14391
3593	16909
3593	17398
3593	17502
3593	18811
3593	19067
3593	19681
3913	2815
3966	425
3966	4180
4047	9049
4236	12436
4236	14117
4408	11311
4483	2946
4580	8680
4669	8455
4844	750
4844	1642
4844	1665
4844	1879
4844	2922
4844	3050
4844	3051
4844	3144
4844	3185
4844	3883
4844	3921
4844	4105
4844	4221
4844	4264
4844	4616
4844	4721
4844	4902
4844	4908
4844	4940
4844	5566
4844	5627
4844	5773
4844	5779
4844	6006
4844	7285
4844	7373
4844	7377
4844	7519
4844	7539
4844	8424
4844	8479
4844	8498
4844	8534
4844	8827
4844	8893
4844	9103
4844	9161
4844	9323
4844	10099
4844	10700
4844	11067
4844	11236
4844	12010
4844	12031
4844	12659
4844	13339
4844	13362
4844	13681
4844	13700
4844	13744
4844	13768
4844	13778
4844	14516
4844	14948
4844	16045
4844	16296
4844	17788
4844	17852
4844	17921
4892	5387
4892	6007
4892	8280
4892	10426
4892	10663
4939	2423
5122	8412
5122	8416
5122	8466
5122	8531
5167	3546
5167	5713
5167	11247
5167	18406
5179	4039
5179	5688
5179	5689
5180	4345
5237	9704
5608	4314
5608	8413
5791	2891
5791	4669
5791	7113
5791	14016
5864	5747
5864	7130
5864	8126
5864	10523
5864	11334
5974	3090
5974	8124
6077	5562
6077	5749
6077	8173
6077	10975
6077	12469
6077	12891
6077	13082
6077	13091
6077	13919
6326	1476
6326	4855
6326	5844
6326	8819
6326	9584
6326	12453
6326	13749
6326	19320
6507	8445
6553	1964
6553	1982
6553	2083
6553	2122
6553	2525
6553	3379
6553	4429
6553	4987
6553	5536
6553	5735
6553	7255
6553	7352
6553	7438
6553	7508
6553	7578
6553	8195
6553	8424
6553	8882
6553	10230
6553	11642
6553	11966
6553	12685
6553	13755
6569	3667
6569	3998
6569	3999
6569	4379
6569	4425
6569	5499
6569	5621
6569	8178
6569	8443
6569	9028
6569	9417
6569	10035
6569	10573
6569	10851
6569	11203
6569	13447
6569	14316
6569	15710
6569	16812
6569	18000
6569	18043
6569	19101
6684	8690
6763	147
6818	745
6818	746
6818	2894
6818	4114
6818	4187
6818	4780
6818	4829
6818	5009
6818	5268
6818	5415
6818	5501
6818	5702
6818	5744
6818	5752
6818	5908
6818	7106
6818	7125
6818	7419
6818	7631
6818	7693
6818	7735
6818	8474
6818	8820
6818	8824
6818	9099
6818	9272
6818	10484
6818	10821
6818	10831
6818	10912
6818	11278
6818	11346
6818	11740
6818	11771
6818	12031
6818	12910
6818	13372
6818	13681
6818	14934
6818	15325
6818	15615
6818	16041
6818	16471
6818	17164
6818	17444
6818	19323
7036	753
7036	1849
7036	2882
7036	2904
7036	8946
7036	9155
7036	9271
7036	10530
7036	12598
7036	13828
7089	2686
7089	3362
7089	3381
7089	3455
7089	3724
7089	3726
7089	4068
7089	4174
7089	4223
7089	4224
7089	4227
7089	4415
7089	4418
7089	4635
7089	4716
7089	4772
7089	4920
7089	5011
7089	5019
7089	5067
7089	5337
7089	5347
7089	5380
7089	5600
7089	7139
7089	7382
7089	7746
7089	7807
7089	7810
7089	7884
7089	7986
7089	8075
7089	8113
7089	8348
7089	8450
7089	8458
7089	8464
7089	8465
7089	8476
7089	8488
7089	8494
7089	8558
7089	8753
7089	8869
7089	9442
7089	9561
7089	9572
7089	9603
7089	9633
7089	9819
7089	10075
7089	10347
7089	10368
7089	10376
7089	10642
7089	10644
7089	10688
7089	10743
7089	10963
7089	11030
7089	11140
7089	11276
7089	11332
7089	11362
7089	11402
7089	11503
7089	11536
7089	11586
7089	11621
7089	11648
7089	11896
7089	11922
7089	11970
7089	12016
7089	12195
7089	12237
7089	12317
7089	12326
7089	12431
7089	12439
7089	12533
7089	12645
7089	12692
7089	13341
7089	13605
7089	13706
7089	13707
7089	13781
7089	13794
7089	13862
7089	13866
7089	13881
7089	14121
7089	14308
7089	14842
7089	15237
7089	16068
7089	16275
7089	16339
7089	17288
7089	17331
7089	17420
7089	17632
7089	17968
7089	18165
7089	18175
7089	18243
7089	18252
7089	18402
7089	18532
7089	18679
7089	18681
7089	18684
7089	18687
7089	18897
7089	19084
7089	19424
7089	19530
7089	20548
7089	20557
7140	1492
7140	13731
7155	464
7155	465
7155	502
7155	505
7155	509
7155	510
7155	512
7155	514
7155	1477
7155	1481
7155	1682
7155	1683
7155	1782
7155	1843
7155	1844
7155	1847
7155	2525
7155	2831
7155	2859
7155	3268
7155	3377
7155	3675
7155	3676
7155	3722
7155	3997
7155	4036
7155	4086
7155	4122
7155	4192
7155	4230
7155	4255
7155	4288
7155	4291
7155	4357
7155	4429
7155	4546
7155	4601
7155	4683
7155	4729
7155	4733
7155	4735
7155	4847
7155	4864
7155	5284
7155	5297
7155	5407
7155	5463
7155	5551
7155	5668
7155	5695
7155	5735
7155	5818
7155	5870
7155	5987
7155	7052
7155	7256
7155	7291
7155	7345
7155	7564
7155	7595
7155	7599
7155	7731
7155	7733
7155	7922
7155	7971
7155	7991
7155	8046
7155	8165
7155	8409
7155	8415
7155	8427
7155	8503
7155	9109
7155	9367
7155	9522
7155	9537
7155	9783
7155	9827
7155	10114
7155	10230
7155	10755
7155	10818
7155	11078
7155	11161
7155	11231
7155	11235
7155	11269
7155	11280
7155	11282
7155	11379
7155	11392
7155	11486
7155	11989
7155	12349
7155	12350
7155	12403
7155	12447
7155	12512
7155	12573
7155	12593
7155	12638
7155	12685
7155	12884
7155	12911
7155	13187
7155	13283
7155	13702
7155	13751
7155	13803
7155	13910
7155	13926
7155	14360
7155	14727
7155	15497
7155	15550
7155	15929
7155	16114
7155	18906
7155	20223
7206	2901
7439	3049
7439	4845
7439	7296
7439	7738
7439	8056
7439	8463
7439	9089
7439	9636
7439	10855
7439	10858
7439	12078
7439	13488
7439	14676
7439	14838
7439	15095
7439	18581
7441	3950
7441	4545
7441	7480
7441	8559
7441	8881
7441	10125
7487	794
7661	4029
7661	4394
7661	5684
7661	5882
7661	5931
7661	7980
7661	8993
7661	10465
7898	8419
7996	2127
7996	10756
8107	3973
8107	4048
8107	4392
8107	4562
8107	4596
8107	5116
8107	5251
8107	5502
8107	5534
8107	5895
8107	7093
8107	7097
8107	7351
8107	7354
8107	7414
8107	7428
8107	7450
8107	7467
8107	7485
8107	7530
8107	7536
8107	7728
8107	7882
8107	8442
8107	8493
8107	8570
8107	8573
8107	8576
8107	9012
8107	9190
8107	9234
8107	10280
8107	10978
8107	11720
8107	12491
8107	12599
8107	12739
8107	13393
8107	13641
8107	14515
8107	15204
8107	17156
8107	17364
8107	17521
8107	18946
8107	19630
8256	1503
8256	2368
8256	4058
8256	4423
8256	4559
8256	4899
8256	4984
8256	5071
8256	5467
8256	7572
8256	7629
8256	8396
8256	8550
8256	9360
8256	11038
8256	11200
8256	12259
8256	13650
8256	13985
8256	15348
8256	19520
8260	4477
8260	10763
8294	2909
8294	5802
8304	264
8304	2175
8304	2895
8304	4340
8304	8490
8304	8497
8343	14243
8389	8491
8389	9105
8389	13752
8389	18692
8447	2246
8447	3064
8508	10673
8614	3141
8614	8657
8614	8698
8614	9136
8614	11512
8614	12085
8614	12660
8614	12679
8614	12906
8614	13336
8614	13786
8614	13787
8614	16029
8614	16898
8614	18690
8614	19209
8764	5024
8764	10520
8764	11004
8764	12387
8764	12490
8764	13695
8764	16737
8786	1763
8786	2740
8786	4044
8786	4047
8786	4082
8786	4336
8786	4544
8786	4653
8786	5265
8786	5369
8786	5559
8786	7068
8786	7088
8786	7327
8786	7407
8786	8509
8786	8541
8786	11546
8786	13743
8786	13771
8835	3853
8835	10130
8835	12625
8874	543
8874	7665
9055	3860
9055	3947
9055	4737
9055	4915
9055	5963
9055	7294
9055	7551
9055	8079
9055	8422
9055	8452
9055	8499
9055	8639
9055	9702
9055	9917
9055	10676
9055	12590
9055	13761
9055	13779
9072	1863
9072	2805
9072	3860
9072	3886
9072	3887
9072	3911
9072	4522
9072	4731
9072	4915
9072	4916
9072	4928
9072	5009
9072	5138
9072	5186
9072	5268
9072	5963
9072	7211
9072	7282
9072	7362
9072	7474
9072	7500
9072	7548
9072	7709
9072	8079
9072	8279
9072	8346
9072	8421
9072	8422
9072	8505
9072	8639
9072	8820
9072	8826
9072	8967
9072	9149
9072	9272
9072	9433
9072	9501
9072	9575
9072	9702
9072	9739
9072	9742
9072	9801
9072	9870
9072	9917
9072	10224
9072	10259
9072	10582
9072	10714
9072	11534
9072	11585
9072	12230
9072	12248
9072	12250
9072	12257
9072	12425
9072	12590
9072	12761
9072	13282
9072	13750
9072	13779
9072	13882
9072	14427
9072	14803
9072	15070
9072	15598
9072	16201
9072	17507
9072	17609
9072	18807
9072	19470
9119	5171
9126	2243
9126	3968
9126	8456
9142	2527
9142	2821
9142	2822
9142	2823
9142	2824
9142	2825
9142	2826
9142	2827
9142	2896
9142	4813
9142	4818
9142	4837
9142	5381
9142	8765
9142	9580
9142	9884
9142	11146
9142	12267
9142	14414
9142	14646
9142	16559
9161	1505
9161	4503
9161	5303
9161	8449
9161	8572
9161	8693
9161	8833
9161	12028
9161	12426
9310	2618
9310	2845
9310	2846
9310	3639
9310	3672
9310	5328
9462	4207
9462	11176
9462	14006
9462	19708
9502	2745
9616	6014
9628	3785
9628	4703
9628	7546
9637	11195
9637	12851
9637	15792
9659	3242
9659	3243
9659	13470
9659	15353
9659	18592
9797	3943
9797	4923
9797	5166
9797	5963
9797	7552
9797	8466
9797	9549
9797	12899
9905	4503
9905	4663
9905	4931
9905	5085
9905	7540
9905	7636
9905	8523
9905	8547
9905	8738
9905	9211
9905	9217
9905	9605
9905	9968
9905	10207
9905	10819
9905	11163
9905	11578
9905	11585
9905	11751
9905	11772
9905	12198
9905	12647
9905	12694
9905	13096
9905	13383
9905	13442
9905	13506
9905	14012
9905	14435
9905	14741
9905	15389
9905	15671
9905	15742
9905	15820
9905	16646
9905	17866
9905	17944
9905	18312
9905	18677
9905	19025
9914	2343
9914	4469
9914	4686
9914	4795
9914	4941
9914	5125
9914	7525
9914	7542
9914	8551
9914	10944
9914	11123
9914	11577
9914	12025
9914	12420
9914	12541
9914	12864
9914	13692
9914	13764
9914	15420
9914	16399
9914	17518
9914	17587
9922	3791
9922	3991
9922	4119
9922	4755
9922	4938
9922	5367
9922	5378
9922	8457
9922	10786
9922	11965
9922	11987
9922	13686
9922	13748
9922	13754
9922	14315
9946	2529
9946	2530
9979	3920
9979	7280
9979	7333
9979	7442
9979	8535
9979	8686
9979	10223
10035	2303
10035	3391
10035	4782
10035	8504
10035	8566
10035	12574
10035	13684
10061	4242
10061	4401
10061	7418
10074	4014
10074	4815
10074	5274
10074	7427
10074	8495
10074	8823
10074	9673
10074	12042
10074	13738
10171	2759
10171	3887
10171	4080
10171	4149
10171	4644
10171	5547
10171	9320
10171	11537
10171	12221
10171	12222
10171	12401
10171	13750
10171	17160
10205	9315
10205	9449
10205	10750
10205	13918
10205	14060
10205	15788
10205	18604
10205	18674
10214	3394
10279	761
10279	763
10279	797
10279	1523
10279	2175
10279	2772
10279	2773
10279	2787
10279	2837
10279	2838
10279	2839
10279	3144
10279	3185
10279	3745
10279	3858
10279	4013
10279	4018
10279	4276
10279	4531
10279	4532
10279	4672
10279	4827
10279	4903
10279	4994
10279	5225
10279	5323
10279	5465
10279	5590
10279	5601
10279	5781
10279	5840
10279	5986
10279	7281
10279	7334
10279	7543
10279	7545
10279	8418
10279	8425
10279	8440
10279	8459
10279	8475
10279	8477
10279	8483
10279	8534
10279	8688
10279	9161
10279	10099
10279	10196
10279	10841
10279	11184
10279	11428
10279	11674
10279	12508
10279	12659
10279	12900
10279	13339
10279	13838
10279	14728
10279	16134
10279	16665
10279	17788
10279	19090
10438	737
10438	5321
10438	6009
10438	7547
10438	7549
10438	8446
10438	10816
10438	12356
10438	12877
10536	4865
10625	3053
10625	4339
10625	5178
10775	4055
10775	4963
10775	5533
10775	7231
10775	7489
10775	7507
10775	10960
10775	13730
10775	15257
10813	4270
10813	7342
10948	3881
10948	13811
10953	5946
10953	12562
10953	13797
10995	2903
10995	13777
11036	7128
11058	4688
11058	11493
11138	703
11138	2884
11138	5653
11138	5980
11140	2794
11193	4196
11223	17882
11332	793
11332	2944
11332	5942
11332	11057
11332	11527
11350	3127
11350	3933
11350	7124
11350	7454
11350	7473
11350	8081
11350	9239
11350	9697
11350	10141
11350	10267
11350	10504
11350	12190
11350	12605
11350	13014
11350	13452
11350	15328
11350	15419
11350	18050
11350	19820
11425	718
11425	719
11425	1783
11425	2160
11425	2888
11425	3066
11425	3587
11425	4877
11425	5446
11425	7349
11425	7580
11425	7667
11425	9112
11425	12367
11425	15632
11425	17450
11425	18685
11516	3084
11516	4512
11516	5053
11516	5705
11516	15441
11537	5861
11537	11323
11559	4001
11559	4035
11559	7217
11559	7469
11559	7700
11559	7721
11559	8120
11559	9231
11559	10686
11559	10907
11559	12130
11559	12434
11559	14346
11559	15425
11559	16643
11559	17991
11559	18498
11559	19031
11559	19895
11559	20334
11707	777
11707	778
11707	9160
11730	4085
11730	4124
11730	4305
11730	8468
11730	8552
11730	8612
11730	8719
11730	10107
11730	11179
11730	11345
11730	12666
11730	13729
11730	13735
11730	17519
11730	18466
11805	14025
11833	4787
11833	9244
11867	1943
11867	2805
11867	4459
11867	4630
11867	7116
11867	7726
11867	8678
11867	11679
11867	12509
11867	13857
11867	19567
11867	20577
11898	2183
11898	5830
11898	7512
11898	8821
11898	8886
11898	9117
11898	10441
11898	10911
11898	12657
11898	13726
11898	18235
12006	4286
12006	4961
12006	5020
12006	8502
12006	9313
12006	9413
12006	13728
12010	3785
12010	3979
12010	5859
12010	7432
12010	8895
12010	9840
12010	10205
12010	13894
12052	7347
12052	9228
12113	8863
12113	10423
12113	11384
12113	13368
12113	13402
12113	15475
12113	15591
12113	16172
12113	17867
12113	19158
12113	19798
12113	20203
12113	20451
12184	3967
12184	4623
12184	7375
12184	8467
12184	10868
12408	7295
12408	7906
12505	1832
12505	2905
12505	3202
12505	3256
12505	3302
12505	3366
12505	3394
12505	3448
12505	3584
12505	3631
12505	3673
12505	4793
12505	4991
12505	5073
12505	5563
12505	5578
12505	7253
12505	7335
12505	7440
12505	7975
12505	7992
12505	8327
12505	8472
12505	8553
12505	9101
12505	9173
12505	9302
12505	9448
12505	9559
12505	10387
12505	10566
12505	10865
12505	10898
12505	11016
12505	11091
12505	11300
12505	11389
12505	11570
12505	12143
12505	12502
12505	12913
12505	13720
12505	14041
12505	14190
12505	14225
12505	15178
12505	15831
12505	17630
12505	17913
12505	18634
12514	1823
12514	3042
12514	3061
12514	3075
12514	3085
12514	3256
12514	3302
12514	3448
12514	3453
12514	3678
12514	4579
12514	4593
12514	4904
12514	7330
12514	7639
12514	10137
12514	12029
12514	12039
12514	12881
12579	2880
12579	10660
12579	10826
12611	1826
12611	4108
12611	4722
12611	4723
12611	5093
12611	5830
12611	7535
12611	8548
12611	8685
12611	9024
12611	9100
12611	10028
12611	13228
12611	13853
12611	14133
12653	4073
12703	2003
12703	2736
12703	2904
12703	3142
12703	5959
12703	7348
12703	8134
12703	8680
12703	9235
12703	10595
12788	5864
12788	7730
12788	8894
12788	9406
12788	10209
12871	7734
12885	3183
12885	3988
12885	4197
12885	4503
12885	7517
12885	8473
12885	8879
13017	7661
13055	5671
13310	4193
13310	4194
13310	5834
13310	7699
13310	8194
13310	10025
13310	10345
13310	10381
13310	10421
13310	12191
13310	13127
13310	16049
13310	16292
13310	18034
13310	18516
13310	18526
13375	4025
13375	5458
13375	8921
13427	7284
13427	10589
13436	4004
13436	4745
13436	12400
13436	12574
13489	7383
13489	7384
13489	8406
13721	2157
13721	2164
13721	2167
13721	2168
13721	2793
13721	2794
13721	2795
13721	2830
13721	2832
13721	2850
13721	2889
13721	3922
13721	3992
13721	4565
13721	4590
13721	4911
13721	5051
13721	5530
13721	8168
13721	9102
13721	9266
13721	10286
13721	10375
13721	10710
13721	12472
13721	12528
13721	13077
13745	1837
13745	3994
13745	5880
13745	9652
13745	9657
13745	12026
13745	12606
13784	4179
13784	9591
13784	11504
13784	12061
13797	10273
13797	14023
13869	3953
13869	14649
13933	1627
13933	4419
14048	10816
14069	3907
14069	8471
14069	8689
14095	13741
14105	3368
14105	3900
14105	3901
14105	3902
14105	3903
14105	3914
14105	4146
14105	4202
14105	4509
14105	4618
14105	4910
14105	5190
14105	5459
14105	5871
14105	7353
14105	7544
14105	8995
14105	10307
14105	10616
14105	11549
14105	12916
14105	13119
14105	14464
14105	15176
14105	15930
14105	18809
14146	2834
14146	5311
14151	1623
14151	2178
14151	2798
14151	2836
14151	3687
14151	3688
14151	3689
14151	4584
14151	4851
14151	5429
14151	5431
14151	5520
14151	7145
14151	7176
14151	7326
14151	8353
14151	8448
14151	9329
14151	9538
14151	10026
14151	10041
14151	10699
14151	10733
14151	11072
14151	12068
14151	13710
14151	13712
14151	13885
14151	14031
14151	14146
14151	14546
14151	18792
14237	3073
14237	3665
14237	4358
14237	5940
14237	9736
14237	9885
14237	10104
14237	12429
14237	12732
14237	15108
14237	20574
14259	10248
14259	11882
14259	13080
14292	8446
14302	3944
14302	5137
14302	7478
14421	784
14421	1702
14421	3445
14421	4194
14421	4226
14421	4540
14421	4599
14421	5364
14421	7421
14421	7423
14421	8195
14421	8676
14421	10025
14421	10687
14568	4117
14568	5230
14568	5759
14568	14436
14568	16276
14575	4003
14575	4054
14575	4607
14575	4654
14575	4768
14575	5106
14575	5857
14575	6012
14575	7951
14575	8478
14575	8525
14575	8837
14575	8884
14575	9191
14575	10046
14575	10335
14575	11005
14575	11822
14575	12484
14575	13941
14575	16561
14575	17236
14575	18342
14575	18589
14631	736
14631	1624
14631	3846
14631	3889
14631	4352
14631	4462
14631	4898
14631	5124
14631	5345
14631	5598
14631	5797
14631	5873
14631	5883
14631	5897
14631	5994
14631	7107
14631	8564
14631	9874
14631	9882
14631	10120
14631	10190
14631	10289
14631	11219
14631	11509
14631	12003
14631	12200
14631	12211
14631	12396
14631	12532
14631	13145
14631	13758
14631	13759
14631	13827
14631	14478
14631	16124
14631	17571
14631	18005
14631	18253
14631	18368
14631	18397
14631	18444
14649	10321
14649	11801
14649	16119
14654	4251
14654	13900
14654	14112
14770	5207
14791	8444
14801	2804
14801	2835
14801	5149
14801	10965
14801	13875
14829	8582
14840	4247
14864	2152
14864	2157
14864	2841
14864	3620
14864	10038
14872	5515
14935	2563
14935	7320
14990	3984
14990	4256
14990	4307
14990	4649
14990	4689
14990	5656
14990	7173
14990	7208
14990	9792
14990	10274
14990	10344
14990	11085
14990	11484
14990	12531
14990	18145
15008	2848
15008	2853
15008	3274
15008	4021
15008	4313
15008	5622
15008	8273
15008	12457
15008	13762
15031	2858
15031	4957
15031	5020
15031	8470
15031	8502
15031	9213
15031	9313
15031	12251
15031	12687
15031	13822
15110	4102
15110	4268
15110	4872
15147	4692
15147	7918
15147	9597
15147	11031
15147	11464
15147	11957
15147	14816
15147	15677
15147	15749
15147	17114
15147	17334
15152	4600
15152	8481
15152	8687
15152	11526
15152	16644
15152	18769
15152	20271
15168	2866
15168	5989
15168	10593
15168	12654
15168	16709
15175	3138
15175	9775
15175	10687
15181	7204
15181	8545
15181	14614
15181	17432
15255	3909
15255	4071
15255	4367
15255	4759
15255	7567
15255	7620
15255	8760
15255	9632
15255	9706
15255	12438
15255	13727
15255	13773
15255	13846
15255	15610
15255	16708
15255	17722
15255	19419
15255	20404
15293	8500
15293	8511
15326	3460
15326	3461
15326	3462
15326	3463
15326	4342
15326	4406
15326	5977
15326	7324
15326	7501
15326	8104
15326	8482
15326	10362
15326	10525
15326	10940
15326	11986
15326	12695
15326	14066
15326	14097
15326	15217
15326	15829
15326	18485
15326	19170
15326	20260
15357	10411
15390	4858
15422	11518
15422	11573
15422	14315
15479	4398
15479	5007
15479	9458
15479	10369
15479	16534
15595	4604
15595	4622
15595	10896
15595	12240
15666	2878
15666	17000
15666	18686
15678	2263
15678	3276
15678	5290
15678	5506
15678	5537
15678	7178
15678	10695
15678	11279
15678	12620
15678	12929
15678	15477
15678	18683
15697	4564
15697	7998
15697	8273
15697	9456
15697	9815
15697	9955
15697	14252
15697	16290
15697	17500
15700	11973
15716	4480
15716	7671
15825	1743
15825	4044
15825	4082
15825	4344
15825	4544
15825	4548
15825	4569
15825	4753
15825	4801
15825	4805
15825	4889
15825	5268
15825	5559
15825	5793
15825	5826
15825	5955
15825	7084
15825	7422
15825	8128
15825	8541
15825	8697
15825	9113
15825	9183
15825	10108
15825	10324
15825	10326
15825	10382
15825	10586
15825	11206
15825	11363
15825	11420
15825	12408
15825	12420
15825	12577
15825	12579
15825	13348
15825	13771
15825	13848
15825	13888
15825	14127
15825	16743
15825	18250
15856	3077
15856	3965
15856	4153
15860	3922
15860	3992
15860	5530
15860	8675
15860	9886
15860	10286
15860	11301
15860	13767
15860	16600
15915	5156
16009	5025
16032	5704
16066	3634
16066	3652
16066	5115
16066	5308
16066	5518
16066	5855
16066	7627
16066	7662
16066	7941
16066	8830
16066	9980
16066	10418
16066	10478
16066	12450
16066	13000
16066	13366
16066	13975
16066	17249
16066	19134
16084	4380
16097	2795
16097	2850
16097	2851
16124	5627
16124	9533
16124	11236
16124	12659
16153	4730
16153	5746
16153	7598
16218	4927
16218	5610
16218	9237
16218	9991
16218	10448
16218	10834
16218	11252
16218	11876
16218	12449
16218	12587
16218	12876
16218	13221
16218	13757
16218	16108
16218	17541
16218	19883
16256	15652
16273	9976
16273	10782
16315	19809
16315	20063
16389	4522
16389	4587
16389	5629
16389	5862
16389	5964
16389	8530
16389	8533
16389	8730
16389	8892
16389	8986
16389	9768
16389	10333
16389	10336
16389	10526
16389	11011
16389	11211
16389	11318
16389	11387
16389	11439
16389	12058
16389	12501
16389	14790
16389	15336
16389	15851
16389	17769
16389	20421
16391	4374
16391	5268
16391	8344
16391	9548
16391	10744
16391	16173
16391	16683
16391	18560
16406	724
16406	1970
16406	2710
16406	2711
16406	2712
16406	2886
16406	2887
16406	3203
16406	3918
16406	4999
16406	5059
16406	7538
16406	7570
16406	7716
16406	7954
16406	8050
16406	8634
16406	10360
16406	10674
16406	12186
16406	12901
16406	12903
16406	13068
16406	13594
16406	13612
16406	14418
16406	15702
16406	16612
16406	17645
16406	18677
16406	18685
16434	7362
16434	8826
16447	10935
16549	727
16549	2523
16549	3108
16549	3150
16549	3892
16549	3905
16549	4175
16549	4214
16549	4791
16549	5003
16549	5129
16549	5224
16549	5319
16549	5662
16549	5739
16549	5742
16549	7157
16549	7297
16549	7339
16549	7527
16549	7632
16549	7663
16549	7664
16549	8163
16549	8354
16549	8496
16549	8562
16549	8679
16549	8692
16549	8831
16549	8896
16549	8924
16549	10584
16549	12224
16549	12306
16549	12308
16549	12909
16549	14382
16549	14575
16549	16878
16549	17995
16577	2644
16577	2664
16577	2691
16577	2709
16577	4901
16577	5623
16577	5717
16577	7343
16577	8325
16577	9042
16577	9053
16577	9091
16577	11049
16577	12024
16577	12663
16577	13681
16577	13817
16577	18377
16651	2155
16651	2693
16651	2694
16651	5476
16651	7290
16651	7516
16651	7528
16651	8460
16651	8516
16651	8522
16651	8729
16651	9620
16651	10791
16651	11477
16651	12568
16651	14793
16651	17491
16651	17774
16651	19654
16651	19745
16651	19973
16651	20184
16698	5530
16698	8520
16729	2740
16729	3864
16729	5183
16729	5208
16729	5421
16729	5619
16729	7340
16729	7468
16729	7534
16729	8636
16729	9469
16729	9824
16729	10431
16729	10785
16729	11281
16729	11568
16729	12291
16729	12946
16729	13046
16803	8508
16944	3936
16944	3937
16944	4499
16944	5396
16944	5589
16944	5617
16944	8507
16944	12609
16944	13742
17044	3445
17044	4064
17044	4757
17044	4761
17044	5364
17044	5570
17044	7518
17044	7683
17044	8138
17044	9524
17044	9852
17044	12148
17044	16627
17085	4522
17085	8569
17085	8889
17085	9756
17085	12299
17139	10917
17295	4007
17295	4404
17295	5377
17295	5507
17295	7851
17295	8385
17295	8953
17295	9048
17295	9506
17295	9594
17295	9722
17295	9936
17295	11317
17295	12642
17295	12893
17295	13832
17295	14340
17295	14533
17295	14767
17295	16207
17295	16825
17295	18447
17295	18865
17295	19704
17333	4758
17333	5119
17333	5457
17333	7059
17333	7718
17333	12888
17333	13890
17333	16161
17351	3861
17351	3885
17351	4067
17351	4128
17351	4159
17351	4751
17351	4810
17351	4947
17351	5016
17351	5157
17351	5471
17351	7412
17351	8064
17351	8574
17351	8878
17351	10281
17351	11325
17351	12607
17351	13765
17380	3450
17380	4257
17380	4937
17380	5082
17380	8161
17435	2546
17435	5645
17435	9864
17435	10764
17435	18609
17488	2686
17488	2687
17488	2688
17488	2689
17488	2690
17488	3966
17488	5643
17488	7191
17488	9404
17488	9817
17488	9821
17488	10288
17488	10860
17488	10924
17488	11228
17488	11232
17488	11459
17488	12423
17488	13566
17488	14030
17488	14396
17488	14610
17488	15141
17488	15517
17488	15645
17488	18051
17488	18326
17488	18822
17488	19083
17488	19603
17615	4128
17615	4990
17615	5885
17615	7635
17615	9563
17615	12511
17615	13685
17643	3273
17643	3656
17643	3657
17643	3658
17643	5307
17643	11349
17670	4996
17670	7541
17689	2591
17689	2705
17689	2729
17689	2730
17689	3403
17689	3404
17689	3405
17689	4158
17689	4987
17689	5536
17689	5801
17689	7438
17689	8118
17689	8882
17689	9391
17689	10229
17689	10230
17689	10703
17689	11623
17689	11734
17689	12000
17689	12872
17689	13567
17689	16281
17689	17393
17689	19611
17689	19858
17712	3285
17712	4431
17712	5632
17712	7380
17712	7638
17712	7864
17712	7987
17712	8177
17712	9123
17712	9478
17712	10146
17712	12385
17731	4371
17731	7147
17731	7828
17731	8740
17731	9443
17731	9902
17731	10476
17731	10753
17731	12671
17731	13029
17731	13369
17731	14345
17731	14501
17731	17711
17731	19565
17731	20222
17731	20292
17749	12597
17749	12992
17765	2085
17765	2103
17765	2706
17765	18688
17806	2223
17806	3293
17806	3915
17806	3951
17806	4335
17806	4632
17806	7585
17806	8653
17806	9159
17806	10395
17806	10396
17806	10414
17806	11522
17806	13901
17806	15901
17810	4219
17823	12528
17847	2445
17847	3375
17847	3880
17847	3884
17847	5177
17847	5903
17847	12270
17847	12316
17847	20332
17881	7341
17984	5875
17984	7298
17984	9547
17984	10705
17984	12067
17984	12479
17984	13432
17984	19065
17984	19147
17984	20291
18046	7515
18046	13733
18051	8042
18120	4949
18120	5050
18120	5333
18120	8969
18120	9669
18120	11055
18120	12204
18120	12615
18120	13390
18120	16235
18120	17515
18120	18652
18177	1835
18177	1922
18177	2462
18177	2892
18177	4141
18177	4246
18177	4774
18177	4775
18177	4809
18177	4850
18177	4921
18177	5132
18177	5218
18177	5271
18177	5275
18177	5436
18177	5620
18177	5782
18177	5851
18177	5965
18177	5993
18177	7214
18177	7215
18177	8013
18177	8132
18177	9137
18177	9156
18177	9682
18177	9774
18177	10734
18177	11052
18177	11254
18177	11950
18177	12405
18177	14029
18177	14048
18177	14214
18177	14227
18177	14547
18177	14549
18177	15121
18219	3207
18219	3208
18219	3209
18219	3210
18219	3211
18219	3248
18219	5021
18219	5030
18219	8149
18219	9238
18219	9358
18219	11551
18219	11791
18219	12313
18219	12768
18219	12892
18219	13634
18219	14061
18219	14447
18219	14785
18274	13687
18359	9219
18448	7844
18448	8020
18448	10549
18448	12084
18448	16984
18448	18343
18532	4956
18532	10984
18532	19066
18545	1887
18545	2384
18545	3961
18545	3963
18545	4025
18545	4303
18545	4330
18545	5309
18545	7475
18545	8578
18545	10419
18545	14315
18545	15263
18545	15306
18545	18873
18584	5561
18584	11600
18584	13518
18597	4070
18597	7329
18597	8886
18623	2426
18623	2728
18623	12256
18623	15261
18794	12897
18815	4383
18870	3877
18870	10709
18870	12110
18870	17640
19056	4185
19056	5644
19056	10657
19060	2005
19115	5638
19115	7243
19127	7411
19136	2579
19136	3611
19136	4008
19136	4905
19136	8355
19136	8643
19136	14410
19136	15160
19266	4580
19266	4614
19266	5681
19266	8575
19266	13684
19278	5151
19278	5719
19278	9698
19278	11412
19278	19713
19307	8489
19416	5259
19416	7488
19416	9684
19416	12728
19416	14972
19416	16112
19416	20580
19526	5252
19526	5738
19526	5937
19526	7209
19526	15606
19542	4132
19542	4170
19542	4275
19542	7055
19542	7197
19542	7859
19542	7928
19542	7940
19542	7997
19542	8133
19542	8154
19542	8238
19542	8376
19542	8749
19542	8871
19542	8909
19542	8949
19542	8980
19542	8985
19542	8996
19542	9034
19542	9193
19542	9303
19542	9350
19542	9381
19542	9390
19542	9568
19542	9593
19542	9640
19542	9795
19542	9949
19542	10000
19542	10092
19542	10178
19542	10225
19542	10236
19542	10323
19542	10330
19542	10359
19542	10463
19542	10473
19542	10474
19542	10515
19542	10517
19542	10547
19542	10649
19542	10672
19542	10793
19542	10804
19542	10897
19542	10903
19542	11035
19542	11045
19542	11087
19542	11164
19542	11168
19542	11193
19542	11310
19542	11333
19542	11386
19542	11417
19542	11485
19542	11497
19542	11558
19542	11680
19542	11683
19542	11696
19542	11709
19542	11729
19542	11732
19542	11912
19542	11935
19542	11978
19542	12341
19542	12395
19542	12589
19542	12616
19542	12632
19542	12958
19542	12994
19542	13054
19542	13186
19542	13363
19542	13417
19542	13746
19542	13909
19542	14180
19542	14195
19542	14230
19542	14520
19542	14554
19542	14555
19542	14571
19542	14641
19542	14806
19542	14899
19542	14919
19542	15050
19542	15104
19542	15146
19542	15311
19542	15316
19542	15394
19542	15514
19542	15589
19542	15663
19542	15827
19542	16155
19542	16301
19542	16308
19542	16347
19542	16906
19542	17029
19542	17222
19542	17628
19542	17659
19542	17751
19542	17767
19542	17815
19542	17865
19542	17951
19542	18910
19542	19096
19542	19450
19542	19460
19542	19462
19542	19638
19542	20080
19542	20579
19655	4278
19655	4528
19655	4857
19655	4995
19655	5137
19655	5512
19655	7403
19655	7446
19655	7478
19655	7903
19655	8176
19655	10243
19655	10316
19655	10979
19655	11041
19655	11666
19655	12456
19655	12591
19655	12987
19655	13293
19655	14085
19655	16224
19655	18383
19655	20163
19664	3938
19705	5743
19746	3959
19746	7841
19746	11535
19746	12665
19808	1608
19808	3095
19808	3383
19808	4483
19808	4931
19808	9043
19808	9536
19923	5715
19934	3385
19934	3871
19934	4853
19934	7299
19934	7301
19934	7712
19934	10089
19934	10726
19934	11991
19934	12353
19934	16053
19934	16086
19934	18911
19934	19408
19947	5182
19947	5640
19947	7420
19968	7239
20106	4087
20168	3458
20168	4925
20168	10411
20168	11007
20168	11246
20168	12397
20168	12570
20168	14844
20168	15967
20168	18012
20175	2758
20175	2759
20175	2760
20175	3987
20175	4144
20175	4237
20175	4427
20175	5117
20175	5376
20175	10163
20175	10335
20175	10619
20175	10666
20175	10742
20175	10974
20175	11321
20175	11545
20175	12370
20175	13704
20175	13715
20175	13775
20175	14791
20175	18323
20272	3098
20272	3099
20272	3102
20272	4701
20272	5388
20272	9681
20272	10329
20272	10636
20272	11186
20272	11705
20272	12202
20272	12338
20272	14091
20272	14959
20272	15871
20361	3847
20361	7878
20361	10738
20361	11678
20361	12661
20361	12794
20361	13086
20361	15837
20361	16584
20361	16601
20361	18622
20361	19213
20361	19880
20405	7134
20480	7517
20480	7668
20480	8312
20576	7472
20666	4262
20666	5477
20666	5489
20666	13682
20684	2622
20684	2623
20684	3413
20684	4467
20684	4473
20684	4503
20684	4620
20684	6001
20684	9776
20737	10495
20737	11075
20802	1686
20802	3035
20802	3873
20802	4072
20802	4993
20802	5833
20802	7131
20802	7325
20802	7493
20802	7531
20802	7893
20802	7972
20802	8581
20802	10052
20802	10388
20802	10856
20802	11383
20802	12411
20802	12412
20802	12536
20802	14125
20802	15247
20802	15361
20802	18633
20802	18928
20904	4482
20904	4634
20904	4878
20904	5096
20904	8246
20904	9356
20904	9680
20904	9938
20904	10234
20904	12427
20904	15151
20904	15896
20904	17025
20904	18459
20904	19433
20915	2748
20915	4486
20915	4955
20915	5056
20915	7133
20915	8066
20915	9625
20915	12176
20915	12210
20915	12276
20915	13820
20915	15913
20915	18511
20915	20467
21024	9611
21082	5227
21133	2907
21146	4953
21237	7529
21237	9620
21237	10454
21259	2147
21259	7194
21259	10451
21259	12539
21259	12594
21259	14881
21259	15527
21259	18467
21259	20171
21394	2426
21394	4000
21394	4526
21394	5108
21394	5650
21394	7433
21394	8582
21394	12256
21394	12446
21394	12478
21394	13792
21432	5213
21432	19000
21552	2728
21552	3383
21552	5221
21552	5419
21552	9605
21552	9761
21552	10459
21552	12005
21552	17761
21886	13734
21893	4266
21893	9763
21942	9311
21942	13622
21988	1828
21988	4613
21988	7292
21988	9616
21988	9685
21988	10409
21988	13657
21988	13801
21988	19892
22102	3895
22102	7491
22102	13784
22102	14284
22102	16376
22102	18321
22102	18731
22102	19406
22125	4152
22125	5434
22125	7346
22125	8492
22125	12908
22207	5552
22207	5794
22224	2742
22224	4479
22224	4862
22224	4985
22224	5456
22224	5618
22224	8383
22224	9321
22224	11119
22224	11265
22224	11340
22224	11390
22224	11449
22224	11651
22224	12134
22224	12451
22224	12618
22224	13806
22224	14007
22224	14962
22224	15764
22224	16022
22224	17401
22224	19690
22224	20022
22276	10239
22276	12694
22282	9186
22282	15059
22295	7074
22419	4657
22419	4794
22419	5438
22419	7163
22419	7816
22419	10321
22419	11801
22419	16122
22419	18878
22474	4983
22474	5778
22474	10371
22474	12351
22572	5116
22572	7120
22572	8402
22572	9005
22572	10863
22572	10958
22572	12142
22572	12297
22627	5325
22627	5567
22627	7283
22627	8305
22627	8485
22627	8898
22627	9427
22627	9675
22627	9726
22627	9773
22627	9813
22627	10538
22627	10968
22627	10971
22627	10972
22627	10976
22627	11516
22627	11543
22627	12515
22627	12567
22627	12895
22627	13437
22627	15360
22627	15824
22627	16985
22627	18551
22627	18655
22627	18979
22627	19936
22691	13761
22783	3416
22783	3420
22783	3421
22783	3422
22783	7460
22783	7690
22783	9150
22783	10009
22783	12183
22783	12477
22783	12804
22783	13347
22783	14937
22783	15723
22783	17589
22875	6018
22875	7224
22875	9154
22875	13006
22875	19953
22881	4011
22881	4585
22881	7886
22881	9168
22881	10692
22881	12448
23183	2807
23183	4738
23183	5804
23183	7259
23183	7322
23183	13830
23203	9158
23261	4660
23261	5190
23261	9545
23359	8577
23359	8835
23359	9083
23359	10223
23359	10683
23359	10857
23359	11215
23424	2145
23424	3088
23424	8517
23424	8655
23424	10731
23424	11998
23476	4176
23476	4216
23476	11396
23482	2714
23482	4643
23482	5829
23509	2364
23509	3343
23509	7511
23509	10580
23509	10592
23509	11351
23509	12155
23509	12874
23652	14473
23652	19228
23652	19414
23652	19574
23668	4681
23668	5999
23668	7249
23668	8184
23668	9805
23668	11028
23668	14124
23668	14220
23668	16105
23668	16107
23668	16139
23668	16318
23668	18187
23668	18706
23739	7621
23739	10218
23739	10312
23739	10407
23739	12612
23739	20121
23773	1968
23773	13736
23787	4482
23787	4878
23804	5152
23804	10106
23804	14442
23827	3849
23827	4709
23827	5583
23827	7138
23889	4795
23889	5304
23889	5474
23889	7044
23889	7499
23889	19541
23889	20383
23938	10271
23938	10461
23938	13970
23938	14143
23938	18222
23940	14243
24058	9623
24089	4397
24089	5397
24089	5722
24089	7095
24089	12229
24089	12521
24091	4130
24091	4156
24129	5316
24247	4766
24247	5641
24247	7213
24247	8048
24247	8057
24247	9247
24247	9554
24247	9958
24247	10505
24247	11438
24247	11587
24247	11815
24247	12101
24268	3925
24268	4670
24268	4900
24268	4930
24268	8506
24268	8680
24268	10343
24268	11076
24281	5723
24281	11323
24321	7514
24460	4400
24460	4458
24460	5033
24460	5105
24460	5200
24460	5248
24460	5847
24460	7053
24460	7300
24460	7444
24460	7481
24460	7504
24460	8554
24460	8557
24460	8695
24460	8829
24460	8886
24460	8890
24460	9146
24460	9318
24460	9551
24460	9570
24460	10231
24460	11020
24460	12064
24460	12286
24460	12644
24460	12962
24460	13770
24494	3603
24494	3604
24494	3605
24494	4263
24494	4283
24494	4338
24494	4356
24494	4495
24494	4650
24494	5140
24494	5245
24494	5615
24494	7862
24494	9565
24494	9818
24494	10309
24494	10384
24494	10615
24494	11083
24494	12342
24494	12382
24494	12513
24494	13395
24559	7575
24559	14507
24559	14862
24603	4826
24603	10133
24626	4667
24661	9486
24661	12669
24711	3908
24711	4771
24711	4860
24711	4929
24711	4946
24711	5013
24711	5708
24711	7526
24711	7963
24711	8200
24711	8543
24711	8579
24711	9044
24711	9110
24711	9567
24711	10254
24711	10608
24711	11384
24711	15475
24711	15591
24711	16172
24795	7094
24795	7516
24795	7528
24795	10771
24898	2283
24898	5013
24898	9557
24898	10043
24898	10254
24898	10366
24898	10413
24898	10620
24898	10683
24898	12455
24898	12572
24898	13911
24898	18367
24954	3843
24954	7065
24954	11015
24954	11820
24954	13454
24954	15171
24983	3663
24983	3870
24983	3922
24983	4093
24983	4586
24983	4964
24983	5094
24983	5104
24983	5145
24983	5530
24983	5571
24983	5646
24983	5653
24983	7082
24983	7303
24983	7522
24983	8520
24983	8684
24983	9036
24983	9359
24983	9543
24983	9757
24983	10286
24983	12241
24983	12368
24983	12454
24983	16440
24983	16816
24983	20470
25057	4017
25057	4078
25057	5997
25057	7707
25057	7894
25057	8005
25057	10237
25057	11777
25057	12185
25057	12231
25057	12530
25057	13989
25057	14692
25057	15917
25163	4605
25163	4638
25163	5584
25163	5832
25163	5979
25163	7495
25163	7948
25163	7965
25163	8580
25163	9120
25163	9540
25163	10479
25163	10668
25163	10737
25163	10814
25163	11074
25163	11155
25163	11693
25163	12372
25163	12583
25163	12733
25163	12780
25163	13887
25163	13967
25163	14017
25163	14202
25163	15810
25163	15908
25163	16389
25163	17071
25163	20465
25205	2627
25205	4208
25205	4896
25205	5609
25205	8914
25205	9463
25205	9998
25205	10102
25205	10585
25205	11023
25205	11158
25205	11563
25205	11588
25205	11700
25205	12227
25205	13689
25205	14052
25205	14992
25205	16213
25205	16242
25205	17992
25205	18355
25205	18369
25205	18398
25214	4508
25214	4960
25214	10008
25214	10762
25214	11753
25214	13441
25214	15022
25214	15957
25251	2963
25251	3124
25251	5060
25251	10722
25308	5211
25308	5909
25308	9090
25308	12398
25308	14120
25331	3202
25331	4134
25331	4210
25331	4212
25331	4308
25331	4323
25331	4835
25331	4882
25331	4919
25331	4959
25331	5008
25331	5062
25331	5064
25331	5240
25331	5439
25331	5461
25331	5574
25331	5580
25331	5791
25331	5846
25331	5966
25331	7323
25331	7704
25331	7829
25331	8044
25331	8514
25331	8565
25331	8582
25331	8620
25331	8691
25331	8897
25331	9126
25331	9265
25331	9267
25331	9428
25331	9534
25331	9772
25331	9825
25331	9993
25331	10577
25331	10827
25331	10849
25331	10914
25331	11063
25331	11077
25331	11170
25331	11313
25331	11350
25331	11968
25331	12063
25331	12066
25331	12275
25331	12355
25331	12701
25331	12904
25331	13015
25331	13753
25331	13766
25331	13782
25331	14108
25331	14292
25331	14313
25331	15463
25331	15638
25331	16064
25331	16353
25331	16578
25331	17271
25331	17431
25331	17548
25331	18317
25331	18677
25331	19403
25331	19655
25331	19676
25331	20001
25472	4354
25472	4926
25472	7660
25472	8571
25472	9224
25589	4769
25589	5353
25589	11990
25641	4016
25641	4228
25641	4591
25641	5260
25641	5453
25641	5514
25641	7245
25641	7328
25641	11264
25641	11662
25641	17868
25673	11221
25747	8883
25813	4167
25813	4725
25813	5287
25813	5292
25813	8147
25813	8603
25813	8606
25813	9440
25813	9661
25813	9925
25813	10466
25813	10612
25813	10622
25813	10690
25813	10748
25813	10798
25813	11046
25813	11059
25813	11160
25813	11721
25813	11727
25813	12504
25813	12862
25813	13233
25813	13435
25813	13513
25813	13633
25813	14248
25813	14443
25813	14940
25813	15035
25813	15187
25813	15505
25813	15924
25813	16626
25813	17840
25813	18220
25813	18228
25813	18543
25813	18721
25813	19271
25813	20362
25897	3935
25897	4497
25897	4498
25897	4828
25897	5392
25897	8512
25897	9688
25897	10824
25897	11135
25897	12542
25897	17075
25953	4057
25953	5915
25953	5954
25953	8240
25953	8793
25953	9653
25953	9663
25953	10540
25953	11768
25953	12676
25953	14508
25953	14782
25953	16663
25953	16982
25953	18198
25953	18637
25953	18693
25953	18825
25953	19040
25953	19287
25953	20112
25995	5306
25995	10219
26041	4238
26041	4821
26041	4822
26041	4880
26041	5010
26041	5162
26041	5647
26041	5775
26041	5922
26041	7287
26041	7369
26041	7565
26041	7571
26041	7584
26041	7590
26041	7591
26041	7680
26041	7682
26041	7800
26041	8117
26041	8120
26041	8127
26041	8254
26041	8351
26041	8686
26041	8945
26041	9030
26041	9422
26041	9744
26041	9777
26041	9968
26041	10150
26041	10399
26041	10417
26041	10511
26041	10534
26041	10693
26041	10729
26041	10830
26041	10880
26041	11108
26041	11267
26041	11498
26041	11678
26041	12040
26041	12272
26041	12410
26041	12497
26041	12748
26041	13086
26041	13288
26041	13383
26041	13439
26041	13495
26041	13503
26041	13799
26041	13953
26041	14316
26041	15270
26041	15310
26041	15567
26041	15653
26041	15660
26041	15796
26041	15812
26041	15949
26041	15982
26041	16666
26041	17303
26041	17392
26041	17647
26041	17732
26041	18043
26041	18048
26041	18173
26041	18715
26041	18948
26041	20003
26189	10195
26189	12826
26209	2083
26209	4190
26209	5700
26209	7350
26209	7578
26209	8061
26209	8462
26284	5816
26284	13769
26307	7523
26492	4779
26629	2659
26629	2660
26629	2661
26629	2662
26629	7577
26629	8742
26629	11336
26629	11834
26629	13688
26664	4825
26664	5628
26664	7458
26664	7846
26664	11877
26664	12697
26664	13222
26664	14612
26664	17194
26664	18709
26664	19652
26751	14145
26808	12655
26865	2385
26865	4421
26865	4426
26865	4912
26865	9453
26865	10420
26865	11647
26865	11649
26865	12483
26865	12698
26865	13680
26865	13683
26865	14363
26947	4198
26952	4449
26999	4203
26999	5569
26999	5736
26999	8822
26999	12386
27034	3641
27034	5163
27034	7228
27034	8622
27034	10558
27034	10572
27034	18583
27081	7149
27197	13880
27236	7637
27236	11476
27236	12092
27236	12576
27386	10365
27386	18387
27412	3111
27412	3113
27412	3850
27412	3898
27412	4186
27412	4393
27412	4395
27412	4693
27412	5425
27412	5559
27412	5585
27412	5586
27412	5614
27412	5631
27412	5947
27412	5988
27412	6016
27412	7110
27412	7141
27412	7449
27412	7506
27412	7745
27412	7908
27412	8108
27412	8537
27412	8836
27412	8979
27412	9125
27412	9621
27412	9624
27412	9658
27412	9683
27412	9711
27412	9770
27412	9904
27412	9975
27412	9992
27412	10053
27412	10157
27412	10187
27412	10380
27412	10707
27412	10740
27412	10870
27412	10988
27412	11105
27412	11433
27412	11456
27412	11544
27412	11575
27412	11594
27412	11603
27412	11714
27412	11760
27412	11925
27412	11953
27412	12233
27412	12303
27412	12336
27412	12399
27412	12461
27412	12878
27412	12905
27412	13099
27412	13126
27412	13303
27412	13867
27412	14140
27412	14249
27412	14269
27412	14690
27412	14875
27412	15167
27412	15198
27412	15260
27412	15496
27412	15555
27412	15871
27412	15953
27412	16724
27412	16965
27412	17337
27412	17430
27412	17455
27412	17730
27412	18174
27412	18733
27412	18968
27412	19381
27412	19894
27412	20060
27412	20280
27412	20402
27449	3926
27449	3927
27449	4909
27449	5234
27449	5568
27449	7144
27449	7193
27449	7413
27449	7502
27449	9251
27449	10600
27449	10923
27449	12156
27449	12158
27449	12889
27449	13103
27477	4700
27483	15857
27546	8891
27546	9088
27546	10518
27546	12024
27546	12880
27567	5339
27567	5694
27567	13523
27567	14239
27837	2581
27837	4848
27837	8068
27837	8196
27837	10268
27837	10494
27837	11017
27837	11855
27837	13346
27837	13428
27837	13578
27837	18115
27892	4099
27892	4661
27892	4876
27892	5057
27892	7623
27892	7943
27892	8227
27892	9672
27892	10354
27892	10757
27892	11090
27892	12608
27892	13851
27892	14558
27892	15432
27892	16928
27892	18841
27960	12999
27960	14446
28072	4566
28072	6003
28072	9802
28072	10060
28072	11907
28072	14286
28072	15099
28126	3643
28126	8677
28126	8888
28126	9686
28126	10088
28126	10800
28126	13065
28126	13468
28126	13472
28126	13999
28126	14570
28126	15107
28126	15621
28126	18352
28126	18697
28126	18872
28174	3928
28502	8309
28502	12675
28525	12519
28541	14861
28541	15124
28709	8283
28709	9107
28709	9225
28732	4833
28732	5941
28732	7923
28732	8190
28732	8773
28732	10211
28732	12165
28732	15186
28732	16529
28784	10613
28784	14021
28784	18310
28807	9041
28807	9552
28807	12326
28807	12414
28807	14709
28807	15354
28807	17391
28946	5766
28967	7907
28967	10839
28967	18244
28979	4572
29009	2568
29009	2589
29009	3365
29050	13820
29202	4023
29202	4109
29202	4382
29202	4385
29202	4736
29202	4792
29202	4924
29202	4932
29202	4970
29202	4972
29202	4976
29202	4979
29202	4980
29202	5244
29202	5280
29202	5288
29202	5709
29202	5762
29202	7464
29202	7571
29202	8181
29202	9230
29202	9426
29202	10881
29202	12268
29202	12281
29202	13763
29202	14136
29202	18680
29239	5938
29239	5939
29239	11019
29239	11932
29239	14185
29256	3982
29256	3983
29256	4200
29256	4361
29256	5087
29256	5113
29256	5358
29256	5487
29256	5669
29256	5930
29256	7221
29256	7689
29256	7692
29256	7740
29256	8532
29256	8705
29256	8775
29256	8782
29256	9905
29256	9951
29256	10161
29256	10250
29256	10361
29256	10770
29256	10772
29256	11141
29256	11458
29256	11602
29256	11818
29256	11919
29256	12322
29256	12463
29256	12561
29256	12677
29256	12740
29256	12898
29256	13093
29256	13147
29256	14151
29256	14304
29256	14730
29256	14921
29256	14942
29256	15556
29256	15563
29256	15607
29256	16735
29256	17484
29256	18004
29256	18211
29256	18256
29273	3891
29273	12672
29294	5340
29294	8624
29294	8682
29294	9884
29294	10744
29447	19776
29447	19784
29565	15442
29717	3826
29717	3827
29717	4859
29717	8368
29717	9384
29717	10191
29717	11370
29717	17047
29717	18538
29890	10245
29890	10629
29900	3863
29900	4328
29900	5262
29900	7051
29900	7089
29900	7153
29900	7381
29900	8054
29900	8661
29900	8737
29900	8865
29900	9000
29900	9016
29900	9229
29900	10556
29900	10916
29900	11070
29900	11338
29900	12004
29900	14458
29900	15758
29900	16246
29900	16401
29900	16581
29900	16804
29900	17094
29900	17646
29900	17919
29900	18468
29900	20269
29916	5401
29916	9073
29916	9607
29916	13889
29916	15569
30091	7990
30091	10926
30091	11056
30091	12279
30091	13501
30140	12934
30140	17642
30172	5909
30172	8978
30172	9288
30172	9729
30172	10258
30172	11837
30172	12261
30172	12398
30172	12855
30172	12967
30172	13340
30172	13660
30172	14120
30172	14510
30172	14512
30172	14535
30172	14737
30172	18868
30186	7108
30186	16838
30186	18774
30186	19139
30247	5680
30247	14362
30281	10458
30281	10654
30350	8062
30397	3913
30397	9295
30397	18099
30418	5390
30418	7422
30418	7967
30418	8720
30418	8781
30418	9401
30418	9408
30418	9409
30418	10232
30418	10326
30418	11040
30418	11519
30418	12241
30418	12314
30418	13281
30418	14309
30418	15412
30418	16264
30418	16683
30418	17140
30418	17447
30418	18831
30418	19091
30418	19303
30418	19407
30418	19979
30418	20147
30439	4995
30473	7723
30537	3949
30688	4558
30769	13581
30782	10010
30782	11361
30782	11640
30833	4488
30833	4715
30846	7237
30846	12523
30931	8112
30931	12151
31037	2343
31037	4941
31063	4515
31063	4883
31063	5470
31063	5914
31063	7302
31063	7448
31063	7505
31063	7512
31063	7682
31063	8821
31063	8955
31063	9542
31063	9605
31063	9672
31063	9748
31063	10042
31063	10055
31063	10562
31063	10757
31063	10918
31063	10968
31063	10976
31063	11080
31063	11262
31063	11710
31063	12023
31063	12347
31063	13540
31063	15087
31063	19467
31102	10904
31187	2583
31187	11514
31224	7189
31224	8121
31224	10221
31224	13374
31224	14084
31224	16480
31224	17192
31224	17728
31269	5443
31269	10080
31269	12640
31295	14572
31314	8681
31403	5666
31461	7720
31461	8286
31461	8390
31461	9586
31461	10706
31461	10766
31461	11584
31461	11708
31461	13124
31615	10475
31823	11487
31852	3098
31852	10631
32011	5142
32011	9190
32048	5706
32048	7233
32048	9922
32048	10044
32048	10138
32048	10439
32048	10869
32048	12873
32048	16083
32048	16606
32048	19943
32133	3958
32133	5366
32133	5777
32133	7370
32133	7462
32133	7885
32133	8007
32133	8043
32133	10571
32133	14667
32133	14742
32133	14930
32133	15566
32133	18462
32133	18703
32285	3916
32285	7942
32285	10056
32285	10509
32285	11115
32285	12004
32285	14645
32285	17498
32292	4081
32360	8832
32497	14400
32506	8567
32506	10039
32568	2066
32568	2942
32568	4049
32568	7332
32568	7497
32568	7932
32568	8065
32568	8251
32568	13559
32568	16616
32568	18018
32568	18288
32568	20420
32575	9573
32575	14519
32575	16682
32683	3289
32683	7092
32683	7684
32683	9182
32683	9305
32683	10760
32683	10761
32683	11138
32683	13420
32683	14385
32683	15626
32683	17183
32696	7958
32696	13952
32696	16392
32743	4983
32743	5906
32974	9863
32974	12664
33002	5045
33002	7064
33002	7868
33002	8015
33002	8658
33002	8808
33002	10036
33002	10117
33002	11520
33002	11748
33002	16355
33002	18019
33002	18396
33002	19478
33002	19890
33018	5399
33073	15034
33073	16624
33127	3974
33127	5630
33127	5699
33127	7175
33127	7465
33127	7819
33127	7827
33127	7906
33127	8302
33127	9157
33127	9693
33127	9751
33127	10698
33127	10752
33127	13063
33127	13312
33127	13649
33127	14054
33127	15061
33127	15152
33127	17254
33127	17463
33127	18099
33127	18133
33127	18882
33266	4570
33266	5049
33266	5417
33266	7054
33266	7148
33266	8998
33266	9447
33266	9779
33266	10623
33266	13092
33266	13132
33266	15315
33266	19073
33266	19222
33278	4714
33278	7711
33278	9710
33278	14235
33278	14258
33278	14958
33297	3974
33297	5316
33297	5630
33297	8302
33297	9115
33297	9157
33297	9693
33297	10752
33297	10875
33297	11843
33297	12482
33307	3429
33307	3432
33307	3433
33307	8714
33307	13259
33307	14563
33307	14719
33395	10325
33542	13713
33601	3631
33601	3930
33601	4588
33601	5278
33601	7785
33601	7983
33601	8103
33601	8386
33601	8977
33601	9066
33601	9084
33601	9541
33601	10769
33601	12357
33601	12592
33601	13718
33601	14000
33601	15208
33601	16560
33601	17410
33601	17879
33601	17986
33601	18054
33601	18395
33601	19255
33601	19718
33601	20604
33693	7788
33722	3389
33722	4740
33722	9470
33722	15880
33722	18922
33883	11165
33883	12135
33883	13017
33883	13861
33883	18125
33883	19705
33883	20315
33906	4075
33923	7509
33923	7633
33934	5678
33934	5823
33934	8843
33934	10029
33934	10222
33934	11473
33934	11627
33934	11677
33934	14193
33934	17940
33934	18168
33934	19789
33952	5605
33952	7188
33952	7729
33952	8936
33952	9610
33952	9728
33952	9878
33952	10011
33952	10378
33952	10983
33952	11538
33952	11675
33952	11828
33952	12407
33952	13821
33952	15229
33952	15673
33952	16311
33952	18849
33952	18926
33952	20175
33999	3280
33999	5015
34031	4811
34031	5737
34031	8073
34031	8175
34031	9789
34031	10149
34031	10779
34031	11867
34031	12145
34031	12604
34031	13084
34031	13722
34031	13988
34031	14702
34031	15526
34031	15823
34031	16808
34031	19229
34031	19240
34031	19517
34031	19583
34031	20449
34077	5703
34077	5772
34077	9012
34077	10777
34077	16729
34175	7363
34175	7826
34175	9379
34175	10449
34175	12293
34175	13031
34175	14095
34175	14206
34175	14529
34175	16605
34175	17987
34201	12522
34217	11753
34374	4530
34374	5405
34374	5808
34374	5957
34374	8513
34374	8568
34374	8887
34374	11954
34374	12033
34374	13747
34390	12292
34479	8359
34479	9268
34479	9331
34479	19437
34507	5672
34553	3373
34553	4253
34553	4474
34553	4646
34684	11182
34716	13247
34763	11205
34802	7192
34894	4287
34894	4680
34894	4689
34894	4702
34894	10274
34894	10745
34894	12311
34894	12452
34894	18145
35032	5905
35032	7946
35107	7874
35107	7901
35107	8000
35107	8143
35107	8226
35107	11601
35107	12225
35107	12818
35107	12931
35107	12945
35107	13511
35107	14715
35107	14882
35107	16345
35107	17239
35107	18514
35124	5564
35124	7112
35124	14011
35148	8981
35148	9086
35148	9135
35148	10063
35148	10590
35148	11769
35148	13273
35148	13401
35148	15041
35148	15209
35148	15231
35148	15560
35148	15654
35148	16731
35182	12292
35273	3686
35273	11365
35273	12597
35273	17030
35327	5359
35327	11650
35327	17245
35520	3976
35520	5072
35520	10197
35520	10606
35520	10747
35520	12288
35520	17720
35605	4151
35605	5582
35605	7968
35605	10397
35916	12627
36046	12653
36183	5655
36226	9218
36226	9392
36226	14399
36371	4245
36371	4384
36371	4797
36371	5428
36371	5486
36371	5491
36371	5519
36371	7067
36371	7260
36371	7592
36371	10647
36371	11099
36371	13027
36371	13800
36371	13815
36424	4235
36424	5725
36509	3283
36509	3695
36509	5285
36509	5475
36509	5887
36509	7047
36509	7802
36509	8745
36509	9111
36509	10058
36509	10253
36509	10768
36509	12537
36509	12599
36509	13740
36509	13760
36509	13783
36509	14498
36509	14704
36509	16664
36610	7076
36610	8110
36610	9564
36610	9994
36610	11213
36610	12921
36610	14187
36610	15816
36610	18877
36623	4726
36741	4024
36741	5267
36741	5591
36741	7825
36741	9008
36741	9437
36741	10147
36741	10180
36741	10183
36741	10498
36741	10778
36741	12123
36741	12124
36741	12363
36741	12392
36741	12772
36741	13367
36741	15267
36741	15400
36741	15763
36741	15765
36741	16411
36741	18925
36827	7942
36827	11115
36993	7949
36993	9382
36993	11100
36993	11646
36993	12041
36993	12365
36993	14280
36993	15007
36993	15546
36993	16953
36993	18669
37072	11388
37103	3400
37103	4691
37103	5513
37103	9890
37103	10836
37126	16650
37142	5220
37142	5389
37142	5473
37142	7836
37142	7861
37142	8938
37142	9131
37142	10101
37142	10351
37142	10888
37142	11324
37142	11373
37142	11914
37142	12390
37142	12417
37142	13719
37142	13790
37142	14231
37142	15103
37142	18314
37334	10275
37368	3763
37462	7871
37462	15657
37462	19518
37489	12871
37502	5241
37671	9654
37671	11440
37671	16109
37685	9609
37685	11431
37685	12094
37721	11302
37721	11312
37721	11467
40040	10892
40055	8047
40055	8875
40055	10350
40055	12799
40055	14846
40055	15909
40086	3683
40103	9535
40119	3951
40119	5216
40119	7850
40135	5685
40135	5826
40135	8607
40135	9416
40135	9492
40135	10871
40135	11243
40135	12137
40135	12879
40135	13912
40135	14428
40135	14671
40135	14866
40135	16548
40135	17120
40135	18151
40161	7415
40161	9481
40161	9853
40161	10425
40161	12853
40161	13408
40161	15491
40161	16310
40161	18647
40212	10429
40310	7411
40310	7624
40310	8323
40310	8803
40310	10393
40310	10450
40310	10452
40310	10751
40310	11000
40310	12279
40310	15846
40310	19489
40323	4391
40323	5967
40323	9124
40323	15688
40375	7187
40375	7293
40375	9121
40375	10367
40375	12636
40427	4918
40436	5061
40436	5068
40436	8626
40436	9264
40436	10091
40436	10953
40436	12683
40436	14090
40502	7563
40502	9143
40502	10433
40525	5809
40525	5811
40556	4222
40556	7461
40556	9544
40556	10119
40556	11358
40556	12641
40556	17379
40616	9197
40616	9732
40616	10071
40616	10415
40616	11407
40616	12414
40616	13180
40616	13802
40616	14315
40616	14444
40616	15667
40616	19266
40616	19270
40628	5759
40644	2654
40644	4989
40644	5962
40644	16229
40644	19309
40685	4800
40685	4806
40685	5223
40685	7289
40685	8794
40685	9504
40685	10867
40685	12875
40685	13981
40692	8388
40709	7337
40709	7706
40709	10015
40709	10527
40709	12782
40709	16865
40709	18204
40709	18443
40709	19506
40709	19987
40713	9676
40713	17613
40721	9308
40721	11524
40721	11622
40721	12445
40830	12495
40830	12886
40922	7479
40922	9327
40922	11181
40922	12458
40933	5426
40933	10723
40933	14089
40933	14808
40946	12421
40946	19800
40951	5483
40951	8913
40967	5961
40967	7160
40967	9560
40980	9780
40980	9823
40980	11064
40980	11600
40980	11796
40980	12596
40980	12998
40980	14706
40980	15571
40980	19275
41018	7909
41025	9273
41025	11284
41025	11323
41025	11655
41039	18108
41056	9891
41115	5774
41115	5990
41115	8220
41115	9403
41115	9724
41115	10305
41115	11765
41115	12112
41115	12337
41115	14139
41127	15441
41143	3743
41143	5037
41143	9454
41143	9566
41143	10507
41143	11550
41143	12330
41143	16585
41143	16778
41143	19262
41189	13490
41189	20117
41209	9767
41209	10471
41209	13804
41213	5398
41213	5613
41232	9668
41232	16675
41232	18673
41245	3823
41245	3824
41245	10033
41250	9842
41250	11366
41250	11491
41250	13301
41250	16656
41324	4293
41324	12345
41330	4624
41376	5172
41376	5784
41376	5792
41376	7416
41376	8961
41376	9001
41376	10539
41376	10741
41376	10845
41376	13445
41376	14567
41376	15255
41376	15981
41376	16688
41376	17706
41376	17963
41376	18871
41376	19126
41376	19854
41376	20598
41382	11196
41382	11645
41382	18672
41535	4137
41535	4138
41535	4139
41535	4169
41535	7246
41535	7492
41535	7503
41535	7803
41535	12595
41535	12678
41542	4091
41542	4861
41542	5173
41542	5375
41542	5556
41542	5852
41542	5904
41542	7626
41542	8872
41542	10801
41542	14135
41542	15704
41542	18029
41542	18408
41542	19475
41542	19773
41561	4656
41561	10492
41561	14287
41601	7520
41601	7869
41617	4370
41655	8392
41655	8724
41655	10181
41655	11784
41655	12196
41655	12480
41655	13997
41655	14043
41655	14983
41655	16321
41655	17801
41655	18036
41655	18732
41655	18737
41655	18854
41655	20381
41664	13001
41664	14851
41664	17083
41664	17643
41686	2636
41686	2817
41686	4267
41686	8372
41686	10882
41686	12888
41722	7105
41722	7925
41722	8019
41722	8077
41722	8276
41722	11002
41812	4642
41849	4606
41849	7403
41849	9165
41849	11082
41849	12749
41849	16135
41849	17202
41849	17540
41849	18701
41849	18779
41849	19218
41877	3803
41877	3804
41877	3805
41877	11156
41910	5868
41910	14470
41910	15904
41952	3854
41952	4178
41952	5101
41952	8922
41952	10206
41952	10340
41952	10889
41952	11121
41952	11997
41952	12364
41952	14148
41952	15860
41952	16367
41952	16571
41975	8331
41975	9845
41975	11051
41975	11614
41975	14160
41975	16905
41975	17246
41975	19393
41975	20473
41999	15811
41999	18453
42009	5786
42009	5787
42009	7477
42009	7780
42009	9184
42009	10998
42009	12002
42009	14856
42009	15687
42009	15916
42009	17378
42009	18354
42009	20054
42021	17013
42032	9162
42032	10370
42066	18851
42084	12894
42148	7977
42148	13262
42148	13656
42148	15233
42176	4319
42176	4783
42176	5296
42195	3443
42195	4547
42195	8356
42195	9615
42195	11555
42195	12260
42239	17562
42256	9326
42256	9799
42256	13129
42256	15852
42256	18975
42260	9881
42260	15376
42410	4368
42423	9236
42447	7058
42468	4002
42468	5270
42468	5731
42468	5734
42468	5891
42468	7048
42468	7434
42468	7705
42468	7870
42468	8024
42468	9619
42468	11661
42468	13658
42468	13709
42468	18210
42475	4648
42499	4375
42520	9164
42583	7104
42583	8172
42583	10691
42596	5251
42614	4830
42614	5167
42614	5302
42614	7587
42614	16554
42614	17884
42633	9132
42646	4876
42646	8227
42651	12828
42651	13322
42680	9108
42764	5344
42772	3501
42772	3503
42826	13711
42857	2143
42857	2382
42857	3249
42857	5239
42857	5869
42857	10152
42857	12008
42857	13545
42857	14361
42857	14974
42861	4463
42861	5969
42861	11260
42890	5838
43015	3691
43015	3692
43015	7470
43015	10235
43015	12617
43027	7959
43027	9342
43027	15251
43027	17006
43027	19579
43036	5928
43036	8540
43036	15699
43043	4534
43101	10661
43101	10843
43101	11122
43138	9402
43140	3610
43172	12699
43193	8320
43206	3624
43206	8221
43206	11401
43206	14545
43206	17248
43247	4752
43247	5027
43247	8839
43247	9487
43247	10332
43247	11027
43247	12178
43247	13595
43247	13798
43247	14343
43247	17793
43247	17861
43247	18014
43247	19167
43247	19272
43252	3583
43252	3654
43252	7170
43252	9104
43252	12470
43252	13708
43252	18682
43309	4250
43309	8167
43309	13877
43313	10031
43397	7978
43397	15149
43397	18698
43397	18897
43418	8711
43456	8242
43456	8671
43456	9201
43456	11025
43456	14210
43456	16329
43460	9094
43460	11270
43460	11304
43528	7463
43528	7574
43528	8810
43528	9411
43528	9473
43528	9474
43528	9712
43528	10277
43528	10313
43528	13609
43528	15614
43528	15832
43528	15881
43528	16681
43528	18596
43528	19267
43528	19703
43528	19965
43537	4831
43537	5493
43626	3845
43661	7057
43661	8631
43688	2364
43688	5858
43688	7066
43688	8747
43688	11532
43707	9717
43711	10758
43748	11154
43795	4236
43795	4297
43795	4304
43795	5088
43795	7744
43795	7856
43795	8010
43795	8384
43795	8656
43795	9820
43795	10282
43795	10554
43795	10596
43795	10609
43795	10664
43795	11569
43795	12518
43795	12631
43795	13371
43795	13936
43795	14224
43795	14837
43795	15954
43795	16171
43795	17291
43795	18390
43795	18980
43795	19804
43805	11093
43822	3079
43822	7728
43822	8063
43822	8703
43822	12599
43822	15643
43822	16120
43833	5603
43879	8187
43879	10430
43879	10866
43879	14979
43880	12750
43920	8934
43920	12435
43920	14586
43920	19021
43949	10355
43949	12466
43983	7597
44046	9739
44046	10735
44080	5981
44080	10373
44080	10565
44080	11643
44108	13441
44165	7336
44165	7421
44165	20316
44196	7899
44196	7902
44196	13008
44219	5526
44219	10030
44226	15565
44242	12643
44242	13696
44257	11678
44257	13086
44257	13377
44257	14544
44257	15943
44288	3135
44288	3252
44288	3253
44288	7371
44288	10817
44288	15140
44288	17916
44300	7761
44300	10279
44300	10669
44316	3748
44337	15077
44371	5379
44407	13327
44430	5322
44430	7435
44430	7789
44430	7824
44430	7848
44430	7867
44430	8164
44430	8321
44430	8382
44430	8397
44430	8630
44430	8982
44430	9020
44430	9206
44430	9282
44430	9461
44430	9526
44430	9528
44430	9953
44430	10095
44430	10216
44430	10456
44430	10469
44430	10531
44430	10607
44430	10633
44430	10815
44430	10874
44430	10908
44430	10989
44430	11104
44430	11147
44430	11248
44430	11364
44430	12113
44430	12274
44430	12296
44430	12319
44430	12413
44430	12668
44430	12721
44430	13494
44430	13930
44430	14245
44430	14476
44430	15069
44430	15705
44430	16963
44430	18426
44430	19664
44430	19933
44430	20436
44448	5963
44448	7734
44448	9106
44448	9387
44448	9532
44448	10220
44448	10679
44448	10996
44448	11690
44448	12647
44448	12661
44448	12664
44448	13699
44448	13701
44448	13703
44448	14256
44448	15352
44448	17351
44448	19157
44448	19303
44469	11179
44469	11345
44513	3470
44521	7117
44566	10118
44566	12601
44578	12278
44578	12373
44584	4891
44584	4915
44584	7129
44584	7873
44584	8974
44584	9214
44584	10957
44584	11747
44584	12188
44584	12487
44584	12602
44584	12777
44584	15005
44584	15762
44584	16158
44584	16396
44584	16443
44584	16552
44584	16589
44584	17489
44584	18389
44584	19380
44606	16122
44610	4749
44862	9240
44891	9233
44891	10677
44917	18887
44972	4115
44972	10331
44972	11524
44972	12247
44972	15475
44972	15591
44986	9803
44986	18412
44986	18824
44986	19640
45023	8329
45023	19104
45023	19261
45052	3905
45052	4175
45052	4214
45052	5662
45052	5742
45052	8354
45052	8873
45052	10584
45052	12224
45052	15783
45052	18210
45178	8114
45184	8718
45227	3868
45227	3869
45227	4767
45227	4852
45227	5698
45227	5934
45227	7973
45227	8159
45227	8174
45227	8763
45227	10472
45227	10543
45227	10569
45227	14817
45227	17186
45227	18870
45227	19777
45243	11521
45262	4691
45262	5479
45262	8637
45262	10143
45262	10872
45270	9129
45270	14113
45270	14809
45291	14013
45301	10594
45420	4563
45420	4997
45420	9924
45420	12320
45420	13582
45420	15678
45420	16583
45465	14955
45465	19456
45465	19730
45477	8366
45477	11143
45514	3648
45514	3649
45514	4015
45514	7123
45514	9816
45514	9826
45514	10018
45514	12614
45514	13974
45514	17812
45514	18356
45514	18445
45514	20065
45514	20571
45551	9065
45551	9410
45551	10177
45551	10921
45551	11967
45551	12167
45551	12948
45551	13181
45551	13197
45551	13443
45551	13929
45551	14264
45551	14561
45551	14724
45551	15294
45551	15587
45551	15623
45551	15728
45551	16091
45551	16717
45551	16725
45551	16907
45551	17256
45551	17736
45551	17851
45551	18147
45551	18213
45551	18726
45551	18997
45551	19335
45551	19947
45551	19962
45551	20319
45551	20530
45567	12869
45611	8157
45611	9093
45611	9439
45611	9879
45611	9943
45611	10994
45611	11039
45611	12375
45611	17263
45611	17470
45611	18471
45676	3552
45676	3727
45676	4120
45676	4184
45676	4279
45676	4309
45676	4403
45676	4598
45676	5573
45676	5716
45676	7045
45676	7079
45676	7241
45676	7252
45676	8060
45676	8257
45676	8972
45676	9223
45676	9386
45676	10037
45676	10214
45676	10227
45676	10255
45676	10402
45676	10440
45676	10627
45676	10648
45676	10684
45676	10702
45676	10739
45676	10767
45676	10828
45676	11043
45676	11244
45676	11359
45676	11452
45676	11479
45676	11505
45676	12680
45676	13834
45676	13847
45676	13915
45676	18765
45761	11931
45788	7158
45788	14580
45885	8074
45918	12476
45925	3154
45925	4639
45925	10012
45925	13314
45925	13785
45925	13898
45925	14162
45925	18642
45973	13868
45987	4162
45987	5984
45987	10284
46007	5452
46007	8021
46007	10685
46007	10701
46007	11717
46007	12465
46053	17871
46114	7235
46114	10090
46114	12847
46122	9177
46216	8880
46228	5758
46228	9495
46263	8952
46341	7482
46341	15904
46360	17785
46387	5532
46387	8767
46387	9270
46387	10557
46387	11897
46387	13482
46387	15794
46387	16060
46387	17046
46387	17154
46387	19749
46450	11901
46466	3731
46466	3732
46466	13123
46466	13859
46466	18835
46466	20111
46478	3904
46478	4100
46478	4798
46478	4802
46478	4803
46478	5004
46478	5727
46478	5923
46478	7075
46478	7184
46478	8542
46478	8796
46478	8806
46478	8908
46478	9057
46478	9198
46478	9989
46478	10032
46478	10078
46478	10208
46478	10358
46478	10401
46478	10434
46478	10508
46478	10545
46478	10579
46478	10659
46478	10712
46478	10717
46478	10776
46478	10854
46478	10913
46478	10938
46478	11042
46478	11054
46478	11157
46478	11222
46478	11314
46478	11337
46478	11482
46478	11581
46478	11701
46478	11790
46478	11969
46478	12012
46478	12027
46478	12030
46478	12290
46478	12440
46478	12486
46478	12586
46478	12611
46478	12622
46478	12766
46478	13034
46478	13249
46478	13300
46478	13630
46478	13691
46478	13705
46478	13839
46478	13850
46478	14020
46478	14406
46478	14768
46478	14788
46478	15446
46478	15562
46478	15947
46478	16072
46478	16121
46478	16238
46478	16422
46478	16565
46478	16582
46478	17049
46478	17116
46478	17321
46478	17584
46478	17975
46478	18190
46478	18224
46478	18819
46478	19695
46478	20056
46478	20583
46620	8125
46649	8186
46649	8189
46696	10071
46704	14144
46743	7222
46789	9996
46789	11062
46791	8072
47061	8374
47061	9715
47137	3929
47137	4519
47137	7181
47137	7904
47137	10969
47137	12264
47137	17434
47137	20434
47144	5090
47222	4814
47233	9626
47267	5382
47267	7809
47267	9047
47267	9415
47267	10536
47267	11425
47267	13655
47267	14452
47267	14559
47267	15404
47267	20289
47279	11612
47365	4750
47365	7429
47365	7724
47365	7845
47365	8003
47365	8664
47365	8762
47365	9484
47365	11214
47365	11377
47365	12865
47365	12924
47365	13141
47365	13385
47365	14448
47365	14562
47365	15054
47365	15750
47365	17656
47365	17831
47365	18313
47365	18866
47365	19551
47377	12369
47377	16381
47377	16588
47377	17377
47377	17568
47401	3960
47401	4051
47401	7920
47401	8052
47401	8106
47401	9769
47401	10135
47401	10513
47401	11348
47401	11378
47401	15355
47401	15848
47527	5126
47527	5127
47527	5416
47527	7288
47527	8191
47527	10457
47527	12205
47527	12503
47527	12890
47602	9546
47602	9689
47602	11407
47602	11793
47602	13180
47602	14028
47602	14182
47602	14315
47602	14444
47602	15263
47602	15265
47602	15665
47602	15667
47602	16065
47602	17693
47602	19075
47602	19225
47602	19266
47602	19694
47602	19988
47618	11468
47656	10907
47656	14825
47656	17198
47656	17991
47656	20334
47813	2484
47813	8867
47813	9934
47813	11024
47813	11190
47813	12358
47813	16811
47813	17949
47813	19594
47821	3865
47821	3867
47821	7561
47821	7790
47821	8107
47821	11879
47821	13458
47821	14191
47821	15735
47821	17655
47821	19685
47850	3878
47850	4807
47850	7795
47884	12870
47884	17281
47976	11465
47982	7808
48008	10955
48008	11562
48020	10086
48020	10829
48020	11880
48020	13334
48020	17103
48031	12999
48065	7207
48123	9415
48123	13655
48152	5290
48152	5506
48152	7186
48152	7196
48152	10936
48152	11279
48152	18683
48152	20337
48168	12404
48240	3263
48240	5484
48240	8109
48240	8188
48240	10186
48240	10670
48240	10805
48240	11719
48240	13384
48264	10136
48264	13551
48272	7366
48272	10481
48286	8256
48286	9648
48286	12339
48286	16689
48286	18135
48286	20090
48357	7172
48361	11888
48361	18150
48374	5409
48388	7483
48388	8744
48388	9977
48388	12975
48405	11959
48422	10667
48422	14032
48433	8131
48433	16330
48433	17456
48511	7682
48511	8117
48511	8945
48511	12272
48511	15219
48548	12564
48576	17106
48576	17683
48576	17875
48576	19327
48609	17496
48666	5229
48666	11793
48666	13180
48666	14028
48666	14182
48666	15048
48666	15665
48666	15667
48666	16452
48666	16747
48666	19075
48666	19179
48666	19225
48666	19694
48678	5831
48678	7496
48678	7830
48678	9006
48678	9203
48678	10154
48684	5361
48697	9052
48697	14864
48697	19435
48700	4019
48700	4491
48700	4677
48700	5665
48700	7985
48700	8845
48700	9612
48700	10394
48700	12206
48759	4655
48785	12527
48818	3523
48818	4034
48818	4535
48818	4971
48818	5824
48818	7109
48818	9959
48818	9966
48818	11667
48818	12831
48818	15285
48818	16062
48818	16415
48818	19299
48839	9195
48839	9339
48839	12388
48839	13078
48839	19900
48860	5768
48860	14897
48915	13319
48943	9356
48970	9808
48991	15703
49037	9130
49037	16781
49224	7152
49224	13478
49305	5338
49305	8160
49305	9330
49305	10610
49305	10721
49305	12239
49305	12635
49314	18041
49351	14718
49351	17980
49351	18488
49351	18977
49351	19596
49351	19870
49419	4510
49419	4511
49419	5805
49442	11201
49490	10510
49564	4493
49564	7843
49572	11069
49572	19711
49593	7101
49636	7363
49636	9430
49636	11342
49708	16289
49731	5579
49731	5697
49749	16686
49749	20158
49777	10341
49777	20000
49810	13058
49823	7682
49823	8779
49823	10823
49823	11111
49823	11437
49823	11564
49823	12762
49823	14456
49823	17912
49823	19060
49847	5300
49847	7709
49847	9530
49847	9702
49847	9801
49847	9870
49847	10327
49847	10582
49847	12230
49847	12257
49847	12283
49847	12571
49847	12761
49847	13780
49847	13882
49847	14130
49847	15070
49847	17609
49852	4337
49852	5168
49852	7365
49852	9373
49852	10278
49852	10591
49852	10850
49852	11061
49852	12623
49852	12837
49852	18708
49945	9737
49945	10966
49945	15303
49966	13497
49966	14540
49966	16141
49966	17351
49966	19439
49966	20422
49978	7072
49978	14234
49978	16980
49978	19486
50063	3694
50085	10640
50092	16873
50092	18618
50141	9394
50211	8869
50211	9664
50211	11256
50211	11826
50211	12444
50211	13866
50211	15517
50211	17072
50282	6004
50295	4943
50295	5083
50295	5165
50295	5496
50295	5524
50295	7258
50295	9345
50295	9766
50295	10070
50295	10553
50295	10792
50295	10852
50295	11012
50295	11137
50295	11596
50295	11598
50295	12285
50295	12535
50295	12887
50295	14829
50295	15088
50295	15268
50295	15797
50295	16052
50295	16517
50295	17802
50295	18047
50295	19099
50295	19142
50295	19329
50314	18173
50398	3969
50398	9709
50426	4045
50461	11560
50474	9896
50474	13229
50474	15726
50474	16684
50474	17278
50474	19211
50474	19631
50538	8841
50538	9204
50538	9462
50538	9579
50538	9956
50538	10182
50538	11557
50538	12922
50538	14682
50538	18760
50604	17624
50658	10368
50689	5978
50720	10842
50834	4712
50834	4717
50834	8800
50834	11332
50834	11380
50834	12859
50978	3343
50978	4886
51001	3396
51001	11610
51093	5205
51093	5232
51119	3615
51119	3788
51119	4059
51119	4061
51119	4069
51119	4832
51119	5276
51119	5435
51119	5983
51119	7100
51119	7286
51119	7594
51119	8342
51119	8546
51119	8610
51119	8756
51119	9010
51119	10398
51119	12254
51119	12720
51119	15397
51119	16371
51119	16397
51119	16556
51119	16679
51119	18875
51119	20322
51135	11744
51135	17696
51157	7562
51157	12020
51157	13860
51157	14540
51157	17351
51249	9771
51265	4713
51265	13899
51265	14009
51283	19382
51283	19738
51296	9601
51306	5184
51436	13490
51470	3790
51470	3791
51470	3795
51470	3796
51470	3797
51470	7244
51470	7368
51470	7927
51470	8123
51470	9491
51470	11149
51470	12500
51470	13903
51539	7069
51539	9581
51539	10251
51539	11166
51560	9608
51659	7098
51659	12216
51671	3266
51671	3267
51671	4377
51671	4378
51671	5659
51671	5839
51671	7486
51671	7912
51671	8137
51671	8223
51671	8663
51671	8915
51671	9388
51671	9796
51671	10123
51671	10412
51671	10678
51671	10937
51671	11448
51671	11494
51671	11730
51671	11952
51671	12581
51671	12652
51671	12700
51671	13972
51671	14255
51671	14424
51671	14946
51671	16298
51671	16803
51671	17380
51671	17596
51671	19628
51671	19945
51732	7696
51732	11889
51732	13114
51732	17726
51732	17993
51732	19113
51732	19852
51732	19872
51745	13858
51750	11182
51766	11644
51766	13345
51766	14895
51766	19205
51784	8399
51784	8953
51784	10601
51784	11446
51784	11975
51784	13370
51784	13835
51922	15634
51946	9738
51998	16611
52008	9242
52008	9868
52008	10468
52008	10846
52008	12839
52008	12966
52008	14163
52008	15780
52008	16939
52008	17593
52008	17858
52008	18512
52008	19470
52008	19584
52008	19840
52012	9940
52031	17437
52049	7046
52049	12585
52217	3736
52217	3737
52217	4133
52217	5729
52217	7934
52217	8966
52217	11631
52217	19717
52238	18735
52255	9971
52255	12159
52264	4621
52264	10802
52293	8245
52293	8272
52293	10366
52293	12745
52293	17388
52293	17764
52293	19739
52374	13290
52374	15524
52374	15789
52374	18002
52390	16707
52433	18227
52433	19481
52446	8264
52446	10389
52446	11173
52446	12658
52498	12651
52498	17763
52507	11500
52524	9750
52553	4231
52553	5696
52553	8171
52553	10719
52553	11773
52569	8259
52569	9139
52569	12182
52569	18654
52576	8668
52576	9307
52576	11208
52609	5810
52609	7792
52621	15525
52632	7694
52632	9812
52632	10462
52632	11096
52632	12467
52632	20342
52678	8805
52678	9011
52728	12926
52771	18833
52785	10443
52825	8802
52887	9503
52887	10993
52887	11958
52887	12415
52970	10252
53003	3296
53074	8076
53074	11307
53074	12089
53074	16331
53074	16817
53074	18517
53074	18700
53074	19648
53100	4741
53100	16891
53116	16603
53144	14234
53144	16980
53159	10962
53163	7989
53163	17486
53163	20187
53185	5949
53185	11435
53185	12754
53185	14553
53185	19107
53233	11101
53308	9040
53308	10928
53312	7099
53438	4173
53438	7179
53438	8673
53438	9639
53438	10551
53438	10552
53438	12563
53438	17956
53438	19663
53464	10156
53472	4684
53472	12340
53536	7166
53536	9618
53562	9894
53562	11241
53602	9389
53618	8185
53639	10001
53639	11044
53639	11678
53639	13086
53639	15073
53639	15298
53641	4786
53641	4788
53641	7086
53641	7630
53641	8134
53641	8313
53641	9383
53641	9679
53641	10595
53641	10643
53641	11616
53641	12346
53641	13079
53641	13083
53641	14033
53641	14711
53641	17910
53641	19425
53641	20104
53641	20314
53723	4615
53723	5907
53723	14801
53723	15679
53775	19304
53799	3427
53799	3910
53799	4320
53799	4438
53799	4444
53799	4445
53799	4446
53799	4447
53799	4448
53799	4453
53799	5495
53799	5748
53799	7083
53799	7338
53799	7823
53799	9705
53799	10109
53799	10140
53799	10991
53799	11003
53799	12560
53799	12630
53799	12650
53799	12979
53799	13921
53799	15406
53799	16934
53799	18319
53799	18787
53821	10587
53821	11204
53821	11772
53821	16678
53821	19157
53850	10437
53866	5484
53976	10876
53976	12525
54032	13230
54032	15518
54045	12626
54050	10864
54078	12179
54078	18446
54084	7889
54176	20188
54239	7984
54273	18973
54294	5112
54294	9908
54294	10628
54294	12309
54294	13610
54294	15552
54294	19661
54336	9562
54343	18702
54389	9221
54389	9438
54389	9455
54389	9667
54389	9987
54389	10348
54389	10637
54389	13531
54389	14281
54389	15101
54389	15898
54389	17276
54389	18199
54389	19413
54389	19941
54423	10385
54423	11429
54423	14779
54423	15676
54423	15878
54520	11341
54520	11519
54531	14019
54633	3981
54633	5427
54633	5866
54633	8115
54633	12361
54633	14818
54633	19958
54680	7121
54680	7952
54680	13266
54680	13697
54680	13825
54680	13836
54680	13840
54698	8926
54698	11809
54698	13525
54698	15290
54764	7703
54764	20218
54772	11415
54803	4140
54803	4428
54803	4612
54803	4704
54803	4849
54803	5602
54803	7077
54803	7078
54803	7168
54803	7169
54803	7593
54803	7812
54803	7888
54803	8180
54803	8640
54803	8766
54803	8769
54803	9370
54803	10200
54803	10453
54803	10455
54803	10645
54803	10859
54803	10977
54803	11018
54803	11110
54803	11126
54803	11238
54803	11461
54803	11698
54803	12062
54803	12302
54803	12460
54803	12741
54803	12867
54803	13003
54803	13024
54803	13196
54803	13224
54803	13265
54803	13344
54803	13917
54803	14010
54803	14415
54803	14587
54803	15252
54803	16148
54803	17947
54803	18477
54803	19186
54803	19482
54803	19528
54803	19691
54803	19846
54803	20524
54861	9222
54861	9302
54861	10387
54861	15347
54874	15083
54928	10732
55005	7240
55005	8129
55005	8375
55005	8853
55005	9035
55005	9589
55005	10694
55005	10906
55005	11423
55005	14199
55005	14349
55005	14417
55005	16671
55005	17092
55005	17326
55005	17661
55005	17958
55005	20310
55014	10727
55014	16759
55067	11510
55108	5607
55108	10970
55120	12516
55149	12312
55154	12181
55154	15495
55177	5504
55177	7452
55177	10884
55177	11385
55177	11579
55177	11798
55177	12734
55177	13693
55177	16133
55177	16661
55177	18219
55219	13809
55235	7907
55257	9189
55257	9614
55257	9678
55257	10514
55257	11084
55257	11132
55257	11692
55257	11757
55257	11945
55257	12136
55257	12301
55257	13491
55257	13873
55257	14118
55257	15603
55257	16774
55257	18768
55257	19379
55274	19452
55288	8560
55288	10560
55288	10794
55288	12964
55288	13067
55288	17127
55288	20581
55337	12760
55371	9414
55371	19901
55392	4697
55392	12246
55392	13690
55392	14858
55392	15185
55392	15190
55411	13614
55411	15439
55411	16527
55469	8387
55469	10482
55469	11589
55469	11955
55469	11996
55469	13575
55469	14961
55469	15045
55469	15206
55469	15715
55469	16028
55469	16234
55469	16545
55469	16881
55469	19514
55469	20143
55469	20541
55495	9479
55495	11109
55495	12649
55495	13243
55495	13723
55521	5608
55521	9172
55521	12883
55532	18155
55532	19340
55606	11316
55623	8377
55652	11471
55668	4668
55668	5350
55668	7439
55668	10217
55668	12662
55668	18615
55681	10697
55741	18848
55794	4671
55794	5238
55794	9695
55794	10681
55794	10689
55794	11257
55794	11455
55794	11591
55794	12885
55794	13050
55794	15368
55794	16274
55794	16902
55794	17095
55794	17199
55794	18142
55843	7247
55843	9828
55858	4129
55858	4359
55858	7122
55858	8059
55858	9206
55858	10456
55858	10531
55858	10646
55858	10922
55858	12266
55858	12274
55858	12459
55862	7737
55870	8266
55870	9655
55870	9926
55870	12409
55870	13125
55870	13467
55870	13542
55870	14295
55870	14736
55870	14913
55870	15342
55870	15359
55870	16059
55870	16315
55870	16639
55870	17397
55870	19215
55870	19615
55870	19919
55870	20040
55870	20150
55870	20311
55870	20586
55889	9700
55889	12223
55901	7799
55917	9460
55917	9670
55917	10249
55917	10308
55917	10501
55917	11048
55917	11118
55917	11134
55917	11463
55917	15225
55917	16048
55917	16269
55917	16500
55917	16652
55917	18094
55917	18246
55929	13641
55929	17622
55955	5410
55955	9749
55955	10346
55955	11863
55955	18675
56109	8130
56109	9660
56109	11475
56109	12986
56109	14556
56109	16596
56132	9691
56145	10521
56197	12954
56197	16738
56243	7913
56243	7970
56243	10391
56270	8381
56270	8838
56270	9556
56270	9656
56270	9743
56270	10618
56270	11053
56270	11215
56270	11552
56270	11688
56270	13076
56270	13789
56270	14152
56270	14672
56270	16801
56340	4561
56340	4690
56340	7715
56340	7818
56340	10833
56340	10878
56340	11511
56340	12481
56340	13081
56340	13292
56340	13444
56340	14018
56340	14147
56340	14266
56340	15248
56340	15319
56340	15602
56340	18022
56340	18340
56431	8987
56431	13489
56431	13625
56431	16549
56483	8911
56483	9915
56483	13714
56483	20481
56514	4887
56514	5916
56514	7236
56514	8722
56514	9590
56514	12295
56514	16056
56514	16462
56514	19221
56514	20127
56514	20320
56522	17761
56546	5403
56607	7127
56607	15251
56607	17859
56653	8635
56653	16026
56653	17111
56653	18513
56653	19110
56719	7701
56726	7111
56726	7118
56726	7230
56726	7686
56726	7953
56726	8100
56726	10240
56726	15821
56735	8931
56757	9167
56757	9466
56757	10066
56757	13507
56757	14643
56757	19479
56837	7436
56844	7571
56844	7708
56844	9713
56844	15812
56844	16526
56844	17438
56844	19645
56844	20220
56885	7787
56885	8904
56885	14574
56885	16530
56902	5420
56902	12380
56902	13883
56925	10809
56925	11319
56925	12265
56925	13870
56925	18937
56925	19438
56987	4136
56987	4468
56987	11237
56987	11629
57041	5911
57041	12218
57041	12667
57213	14404
57213	15358
57213	16577
57213	19316
57245	3962
57245	4556
57245	4777
57245	4844
57245	5146
57245	7070
57245	7146
57245	8102
57245	8258
57245	9291
57245	9569
57245	10862
57245	11697
57245	12307
57245	12362
57245	12424
57245	12538
57245	12582
57245	12619
57245	13716
57245	13854
57245	13855
57245	14024
57245	14223
57245	14364
57245	15777
57245	15919
57245	17564
57245	19108
57245	19227
57245	19589
57266	4933
57284	5845
57284	7223
57284	7883
57284	7977
57284	7981
57284	8152
57284	8369
57284	9760
57284	11803
57284	12474
57471	4360
57471	8929
57471	9372
57471	10158
57471	10997
57492	11916
57492	13651
57492	16097
57492	18414
57519	5400
57519	9578
57519	10294
57519	10404
57519	10759
57601	7250
57601	13986
57617	5334
57617	9180
57617	13791
57629	10403
57629	16137
57629	18110
57672	5283
57672	5455
57672	7257
57672	8111
57672	9055
57672	9285
57672	10302
57672	10799
57672	10861
57672	11152
57672	11761
57672	14591
57672	14620
57672	16023
57705	10656
57746	7156
57780	19803
57808	12920
57831	10919
57831	15661
57831	19494
57849	14341
57883	8105
57923	11858
57923	16868
57934	13352
57947	7060
57947	7961
57947	10266
57947	14916
57947	20367
57952	9913
57952	15592
58024	7566
58024	7583
58024	7600
58024	9274
58024	10713
58024	12540
58024	12629
58030	11327
58069	13073
58082	4310
58082	4435
58082	7202
58082	7206
58082	7860
58082	7916
58082	7933
58082	9797
58082	10990
58082	11058
58082	11095
58082	11167
58082	11251
58082	11394
58082	11663
58082	13104
58082	14388
58082	15628
58082	16619
58082	17650
58082	19537
58082	20100
58082	20550
58105	8873
58105	15783
58122	10946
58146	4350
58146	8345
58146	8717
58146	9039
58146	9555
58146	10054
58146	10447
58146	10810
58146	10909
58146	10939
58146	11434
58146	11443
58146	12126
58146	12282
58146	12526
58146	12639
58146	13700
58146	13874
58146	15179
58146	15212
58146	16057
58146	16999
58237	8018
58237	8378
58237	11360
58237	14141
58259	7881
58259	9839
58292	7140
58356	10575
58356	16584
58356	18622
58387	9592
58421	7798
58432	7056
58432	7576
58432	9092
58450	11409
58450	12243
58450	14491
58450	15696
58450	20559
58484	7455
58484	8001
58484	10242
58484	11268
58484	12610
58484	13829
58510	7403
58510	7782
58534	12324
58534	12464
58599	13665
58654	12473
58743	8783
58743	8813
58743	8868
58743	9060
58743	9082
58743	9862
58743	10992
58743	11177
58743	11547
58743	12249
58743	12779
58743	12790
58743	13627
58743	13922
58743	14205
58743	14973
58743	15074
58743	17017
58743	18845
58743	18952
58743	19726
58838	12742
58838	12789
58838	16116
58838	18450
58942	7062
58990	9893
58990	11344
59004	14138
59070	3965
59070	5649
59070	8261
59070	9147
59070	9275
59070	9912
59070	11758
59070	12082
59070	15841
59070	17709
59070	18123
59070	18430
59070	18794
59117	7165
59117	8619
59117	9051
59117	10542
59117	11026
59117	11810
59117	11974
59129	14550
59129	15426
59129	18879
59206	10822
59309	12197
59309	12488
59345	7119
59345	9358
59345	12768
59345	13519
59345	13634
59345	14350
59345	14447
59345	14785
59345	16354
59456	9068
59456	13438
59456	15984
59473	4026
59528	12001
59585	4460
59585	5472
59585	7743
59585	13925
59642	5579
59642	5697
59657	5266
59657	5545
59657	13795
59776	19720
59822	14538
59822	17006
59867	8040
59867	8907
59867	12141
59867	12857
59867	20103
59898	8135
60009	7367
60009	7685
60009	7806
60009	8069
60009	8646
60009	8736
60009	9759
60009	10073
60009	10142
60009	10276
60009	10581
60009	10885
60009	12236
60009	12269
60009	13113
60009	14080
60009	14565
60021	9436
60021	12628
60021	13242
60032	14543
60050	15925
60050	18888
60066	15644
60078	10774
60124	2812
60124	3700
60169	8990
60169	9787
60169	10027
60169	11188
60315	7199
60315	18262
60327	7791
60327	13950
60434	8009
60434	16270
60447	9718
60447	12690
60447	13337
60447	14569
60520	18109
60549	9800
60549	12053
60549	14083
60549	14115
60549	14936
60549	15745
60549	16660
60554	14137
60565	11240
60565	11516
60565	13013
60565	14443
60565	16731
60565	17195
60565	18328
60646	19250
60651	7050
60651	10319
60651	10497
60651	11189
60651	11725
60651	13475
60651	13648
60651	13844
60651	14485
60651	19206
60651	19291
60651	19503
60651	19516
60651	19625
60651	19675
60651	19935
60651	20369
60679	11229
60698	7879
60698	8119
60698	9378
60698	9973
60698	11153
60698	11769
60698	12977
60698	14807
60698	15041
60698	15654
60698	16338
60698	18045
60698	18929
60755	4365
60755	7413
60755	9251
60755	10600
60755	11637
60842	12674
60861	4041
60861	9550
60861	11571
60861	12833
61054	12544
61054	12972
61054	15313
61054	17040
61054	19091
61083	8318
61083	8322
61083	8732
61083	9279
61083	10238
61083	10910
61083	11995
61083	14437
61083	14761
61083	16685
61083	19219
61083	19247
61083	20272
61083	20276
61083	20407
61123	8662
61181	16317
61181	18547
61255	19341
61272	10357
61272	16479
61272	16931
61479	12643
61507	12624
61530	4171
61530	4516
61530	5790
61530	8252
61530	8665
61530	10322
61530	13338
61530	13427
61530	16927
61553	9500
61553	11128
61553	17911
61650	4954
61666	7877
61666	13456
61666	14710
61684	8169
61684	17010
61700	10435
61744	8801
61771	11781
61785	9471
61785	12140
61785	14839
61785	16152
61818	4676
61818	7081
61818	10192
61818	20088
61856	8988
61856	9666
61856	11131
61856	11413
61856	11462
61856	11531
61856	11681
61856	11885
61856	12121
61856	12146
61856	12335
61856	13299
61856	15115
61856	15590
61856	15695
61856	16762
61856	16885
61856	17365
61856	17374
61856	17813
61856	18994
61856	19539
61856	20284
61856	20459
61894	8260
61894	12315
61894	13530
61894	14849
61894	18990
61915	10016
61915	13499
62017	8247
62017	12215
62017	14445
62103	8051
62254	17356
62254	17405
62265	17085
62277	19920
62306	7190
62306	7227
62306	10290
62323	7040
62347	15345
62375	16990
62399	13263
62427	9933
62443	3989
62443	4241
62443	7218
62443	7251
62443	7602
62443	7852
62443	9007
62443	9340
62443	9341
62443	9374
62443	9400
62443	9906
62443	10110
62443	10270
62443	10291
62443	10436
62443	10510
62443	10533
62443	10578
62443	10632
62443	10929
62443	10933
62443	11133
62443	11242
62443	12287
62443	12475
62443	12681
62443	12950
62443	13914
62443	14833
62458	10704
62489	8055
62489	9340
62489	9341
62489	9374
62489	10300
62489	10400
62489	10510
62489	10783
62489	10967
62489	11081
62489	11133
62489	11234
62489	15427
62491	9341
62491	9374
62491	10510
62491	11133
62491	11617
62525	9341
62525	9374
62525	9880
62525	10510
62525	11133
62525	11513
62525	11703
62525	12868
62525	14015
62594	15300
62594	16536
62594	17821
62663	8231
62663	11391
62663	15460
62663	15633
62663	16359
62663	16942
62663	17022
62663	17599
62663	18308
62663	19068
62663	19432
62663	19950
62709	12219
62709	15767
62709	17461
62721	10379
62721	11086
62721	12174
62745	13812
62778	9718
62778	12690
62778	13337
62778	14569
62797	9142
62797	10155
62797	15542
62797	15791
62797	19378
62811	14551
62811	16286
62811	17033
62811	17079
62811	18107
62811	19174
62824	13663
62848	9911
62848	10129
62848	10583
62848	11580
62848	11633
62848	12843
62848	13852
62848	15486
62905	4866
62905	5329
62905	11787
62905	12139
62905	13913
62905	16058
62905	20128
62979	17446
63023	11092
63047	13049
63099	8144
63099	8739
63099	12077
63099	14603
63178	10711
63215	9151
63215	12075
63270	9200
63317	8935
63454	7162
63454	7805
63454	8023
63454	8233
63454	8303
63454	8623
63454	8857
63454	9353
63454	9368
63454	9396
63454	9434
63454	9464
63454	9583
63454	9841
63454	9849
63454	9851
63454	9923
63454	10144
63454	10568
63454	10797
63454	10891
63454	10941
63454	11036
63454	11404
63454	11419
63454	11739
63454	11800
63454	11806
63454	11910
63454	12091
63454	12100
63454	12125
63454	12147
63454	12816
63454	12982
63454	12984
63454	13116
63454	13149
63454	13240
63454	13403
63454	13529
63454	13549
63454	14383
63454	14430
63454	14467
63454	15051
63454	15056
63454	15085
63454	15169
63454	15519
63454	15520
63454	15669
63454	15748
63454	16082
63454	16095
63454	16100
63454	16460
63454	17110
63454	17285
63454	17512
63454	18257
63454	19557
63454	20450
63483	17466
63505	7476
63533	20179
63648	12849
63726	7455
63726	10625
63726	11268
63726	12610
63726	13045
63726	13829
63726	14700
63726	16979
63726	18186
63735	9186
63790	7817
63816	7114
63844	7143
63844	8148
63844	8797
63844	8848
63844	8900
63844	9170
63844	10570
63844	11480
63844	12049
63844	12304
63871	4135
63994	10337
63994	12529
64044	12462
64102	14805
64102	14938
64253	17846
64351	9096
64351	10088
64351	15266
64426	8244
64426	9727
64426	9875
64426	11148
64426	12015
64426	13191
64426	13360
64426	13500
64426	15102
64426	15417
64426	16837
64426	17580
64426	17885
64426	20477
64457	8812
64457	15240
64457	15422
64457	18469
64488	7581
64555	7999
64555	8706
64555	11112
64555	11609
64555	11871
64555	12163
64555	12937
64555	13231
64555	14384
64555	14841
64555	15395
64555	15597
64555	16077
64555	17469
64555	19384
64555	19578
64555	19657
64586	17307
64615	14802
64689	4274
64689	5279
64689	8301
64689	8902
64689	10116
64689	10603
64689	11553
64689	11971
64689	13813
64689	19497
64754	8367
64754	8393
64754	9293
64754	9407
64777	4640
64806	11186
64806	12202
64823	8670
64823	9196
64823	9497
64823	12032
64823	13235
64823	16463
64875	7898
64875	9843
64875	11859
64875	13353
64875	19701
64984	10873
64984	16713
65036	10445
65036	16291
65036	16332
65036	18300
65043	12527
65070	10503
65070	16566
65101	11851
65155	16036
65155	16391
65206	5767
65206	9070
65206	10264
65206	10342
65206	10416
65206	11125
65206	11382
65206	12310
65206	15057
65206	19268
65210	8041
65210	11607
65223	10807
65275	7212
65275	9982
65275	11915
65275	16379
65299	10427
65321	10942
65332	15053
65397	7586
65397	10072
65397	10201
65397	12212
65397	12756
65439	7719
65439	14695
65439	18189
65563	5246
65563	10428
65563	13872
65657	14798
65688	9494
65688	10956
65688	10987
65688	11436
65688	12359
65707	8379
65711	11711
65711	14203
65753	9990
65753	19114
65769	9588
65769	11605
65769	13959
65769	19725
65805	8992
65805	12253
65805	13114
65814	9074
65814	10174
65814	10982
65814	11097
65833	12376
65833	14489
65846	16390
65846	16658
65851	7369
65851	8254
65851	9030
65851	9083
65851	9421
65851	9422
65851	9425
65851	10001
65851	10857
65851	12745
65851	12748
65851	12794
65851	13086
65851	15073
65851	15298
65851	15567
65851	15653
65851	15660
65851	15796
65851	17388
65851	19739
65851	20031
65898	14552
65912	11593
66026	9037
66026	11472
66026	11814
66026	11960
66035	9745
66035	16044
66074	12751
66137	9375
66137	10981
66137	11060
66137	13509
66137	13593
66137	14158
66137	14211
66137	14221
66137	14393
66137	14904
66137	15469
66137	16225
66137	16843
66137	17189
66137	18631
66214	8362
66214	10176
66214	10535
66214	14648
66214	18500
66214	18524
66214	19580
66214	20534
66222	9339
66222	10172
66222	11127
66222	13078
66222	19900
66251	8145
66267	20312
66320	9721
66354	7820
66354	7996
66354	8067
66354	8629
66354	8708
66354	8925
66354	9013
66354	9300
66354	9333
66354	9465
66354	9790
66354	9887
66354	9888
66354	10292
66354	10328
66354	10383
66354	10502
66354	10624
66354	10675
66354	10716
66354	11129
66354	11159
66354	11656
66354	12119
66354	12510
66354	12656
66354	12811
66354	12959
66354	13094
66354	13225
66354	13279
66354	13496
66354	13865
66354	13905
66354	15593
66354	17809
66354	18773
66354	18883
66354	19030
66486	16263
66486	19454
66493	15339
66515	8365
66515	9441
66536	7840
66536	8330
66536	9138
66536	11492
66536	13481
66536	14008
66536	14116
66536	14142
66536	14726
66536	14765
66536	16502
66591	7727
66591	8311
66591	8370
66591	11079
66591	13463
66591	14065
66591	14539
66591	14577
66591	15423
66591	15438
66591	16110
66591	17416
66591	19404
66591	19633
66591	20595
66813	8398
66813	9365
66813	11418
66813	11619
66813	13897
66813	14129
66813	14132
66813	16687
66821	8778
66845	7203
66866	20554
66911	4125
66911	7177
66948	13479
66982	10137
66982	11570
66982	11652
66982	17913
66982	19974
66995	7739
66995	9647
66995	10662
66995	10915
66995	11726
66995	12328
66995	15376
66995	17768
66995	17769
67048	8672
67048	8768
67048	9029
67048	9335
67048	9754
67048	9935
67048	9965
67048	10170
67048	11832
67048	12177
67048	13055
67048	13085
67048	13189
67048	14933
67048	15004
67048	15256
67048	15684
67048	16635
67048	18859
67048	19098
67048	19248
67048	19254
67048	19362
67048	19608
67048	19639
67048	19712
67048	20277
67048	20575
67076	10927
67095	13831
67200	11641
67237	16393
67237	18357
67237	19310
67356	10894
67356	14582
67421	14161
67450	8654
67506	8319
67506	12076
67506	13124
67506	13395
67506	15398
67506	16630
67506	17003
67506	18593
67506	19627
67547	14479
67575	9574
67575	11368
67575	11369
67575	12947
67575	13012
67575	13864
67575	14302
67575	15893
67654	15668
67654	16418
67654	16761
67654	18006
67654	18493
67654	20361
67665	8350
67665	8792
67665	10985
67665	11982
67665	12517
67789	11848
67789	18154
67829	15351
67855	7210
67855	7216
67855	10293
67855	10310
67855	11783
67855	12305
67855	14397
67855	15105
67855	20487
67855	20495
67864	8965
67864	11764
67864	13278
67864	15871
67864	18038
67864	18124
67864	19334
67864	20500
67988	11496
67990	15734
67990	19601
68073	9429
68136	9059
68136	9432
68136	9758
68136	10261
68136	11393
68136	11802
68136	11905
68136	11992
68136	12262
68136	12406
68136	13935
68136	14298
68136	16877
68136	17797
68136	18157
68136	18164
68136	18229
68136	18880
68136	18921
68136	19656
68136	19807
68136	19849
68136	20162
68136	20551
68136	20578
68213	11399
68213	11408
68213	12845
68213	13510
68213	13965
68213	14217
68213	15090
68213	17856
68297	14179
68297	16510
68307	7171
68307	7710
68307	7804
68307	8014
68307	8016
68307	8224
68307	8307
68307	8860
68307	8991
68307	9602
68307	9856
68307	9929
68307	9941
68307	10034
68307	10162
68307	10297
68307	10298
68307	10485
68307	10522
68307	10950
68307	11718
68307	12208
68307	12776
68307	12791
68307	13845
68307	16067
68307	16528
68307	18960
68330	14175
68369	7135
68369	7821
68369	10303
68369	10390
68369	11106
68369	11343
68369	11582
68369	11728
68369	11913
68369	11964
68369	11981
68369	12835
68369	15362
68369	19548
68376	7929
68376	9523
68376	9641
68376	9764
68376	11483
68376	12505
68382	7722
68382	7876
68382	7887
68382	8235
68382	8862
68382	11799
68382	13048
68382	15084
68382	15322
68382	17505
68400	8627
68416	7219
68416	7229
68416	8222
68416	10630
68416	11209
68416	14420
68416	17023
68416	18934
68428	7890
68428	10496
68428	11001
68459	9351
68574	10366
68574	11604
68574	18367
68574	19213
68588	11738
68601	13503
68601	15982
68601	20556
68640	19587
68655	12783
68672	16380
68722	7900
68722	8785
68722	13477
68722	15692
68722	17808
68746	14155
68779	8012
68779	12007
68779	19377
68812	17485
68906	20472
68923	12097
68923	14780
68952	10969
68981	9210
68981	10079
68981	13459
69022	16369
69033	20215
69067	9498
69067	12117
69067	17860
69112	7087
69257	7891
69328	11921
69328	16526
69328	18455
69328	18504
69328	20083
69337	9707
69337	17251
69337	17423
69359	4312
69371	8237
69371	8285
69371	9284
69371	11068
69371	19905
69385	7085
69407	16144
69407	16145
69424	8023
69424	9583
69424	10891
69476	9804
69476	10890
69476	12846
69476	15047
69476	16277
69476	18508
69476	19245
69476	19715
69476	20331
69521	13101
69550	7071
69550	7760
69550	7842
69550	7855
69550	7910
69550	8082
69550	8153
69550	8182
69550	8352
69550	8389
69550	8669
69550	8710
69550	9254
69550	9324
69550	9446
69550	9467
69550	9595
69550	9630
69550	9857
69550	9979
69550	10065
69550	10113
69550	10151
69550	10301
69550	10306
69550	10311
69550	10486
69550	10576
69550	10604
69550	10611
69550	10635
69550	10638
69550	10653
69550	10790
69550	10886
69550	11034
69550	11326
69550	11489
69550	11556
69550	12184
69550	12258
69550	12506
69550	12731
69550	12786
69550	13097
69550	13320
69550	13361
69550	13412
69550	13613
69550	13916
69550	13958
69550	14128
69550	14389
69550	14482
69550	14608
69550	14928
69550	16118
69550	16307
69550	16323
69550	16461
69550	16776
69550	16814
69550	16818
69550	16966
69550	17124
69550	17744
69550	18489
69550	18789
69550	18800
69550	18923
69550	19185
69550	19319
69550	19513
69550	19525
69550	19737
69550	19922
69550	20202
69550	20413
69578	10283
69578	13933
69597	10563
69597	13893
69610	8262
69610	11613
69610	17493
69610	18750
69623	15854
69634	9328
69668	8750
69718	9241
69718	9278
69718	9322
69718	9520
69718	11220
69718	12603
69718	13808
69718	14081
69718	14917
69718	16334
69718	16836
69718	19613
69718	20109
69741	8358
69741	8601
69741	8917
69741	9056
69741	9080
69741	9134
69741	9281
69741	9337
69741	10188
69741	10202
69741	10256
69741	10621
69741	11103
69741	11107
69741	11114
69741	11271
69741	11660
69741	11676
69741	11917
69741	12217
69741	12432
69741	12696
69741	12980
69741	13623
69741	13902
69741	13920
69741	15480
69741	15658
69741	15911
69741	15985
69741	16166
69741	17394
69741	17905
69741	18378
69741	18510
69741	18719
69741	19399
69741	19765
69741	20230
69794	12115
69794	19252
69804	10366
69804	11678
69804	13086
69804	15731
69815	11331
69815	12035
69815	14734
69815	14964
69815	18095
69891	7834
69891	8816
69891	10529
69891	11006
69891	12232
69891	16941
69901	19022
69929	15951
69972	7915
69972	13056
69972	14244
70034	19952
70034	20264
70034	20326
70047	7905
70047	15370
70068	12207
70109	9674
70109	10820
70109	11542
70109	18606
70132	19976
70184	10954
70184	11183
70184	13810
70215	10103
70215	19288
70227	9950
70227	13386
70236	8870
70262	11980
70270	16030
70505	12260
70522	11892
70522	17903
70579	14701
70580	15071
70607	8265
70607	16758
70607	17339
70653	9398
70653	15332
70653	18118
70653	18729
70682	11174
70682	17447
70726	7372
70790	13294
70790	18627
70816	16595
70885	8971
70925	13075
70941	9004
71022	9026
71022	10405
71022	12988
71022	14474
71033	9944
71033	9952
71033	12169
71033	14924
71033	16245
71033	17014
71033	17708
71051	13309
71051	15329
71051	15838
71051	17399
71051	18364
71051	19420
71079	19801
71131	11008
71226	18197
71226	18486
71242	8852
71300	7681
71300	7725
71300	7742
71300	9529
71300	9798
71300	9846
71300	10094
71300	10524
71300	11416
71300	11490
71300	11507
71300	11523
71300	12060
71300	12566
71300	12746
71300	12802
71300	13580
71300	14411
71300	15043
71300	15343
71300	15579
71300	15890
71300	15958
71300	17153
71300	17648
71300	18195
71300	18691
71300	18763
71300	18850
71300	19430
71300	19871
71359	11908
71392	8267
71392	9325
71392	9391
71392	11883
71392	12995
71392	13117
71392	13220
71392	13396
71392	13460
71392	13957
71392	14296
71392	14429
71392	14502
71392	14527
71392	15078
71392	15405
71392	15443
71392	15576
71392	15741
71392	16163
71392	16398
71392	16637
71392	16654
71392	16673
71392	17816
71392	19689
71392	19796
71392	20300
71392	20463
71392	20576
71521	9166
71550	7988
71550	8616
71550	9354
71610	8943
71610	9380
71610	9945
71610	10006
71610	11829
71610	12079
71610	12111
71610	13556
71610	18964
71610	20496
71668	11050
71668	11241
71668	12430
71668	12565
71668	13814
71699	11138
71699	15693
71699	19914
71702	8017
71702	8720
71702	8899
71702	9412
71702	9450
71702	10315
71702	11315
71702	11576
71702	11831
71702	13236
71702	15163
71702	15662
71702	16156
71702	17746
71702	17756
71702	18502
71702	18666
71702	18785
71702	20084
71718	13364
71718	14716
71718	15386
71901	7930
71901	10049
71901	19923
71986	12861
71993	12044
71993	13333
72061	10299
72061	13425
72128	12019
72128	13258
72144	14311
72185	11561
72280	19619
72417	15143
72486	9916
72504	15392
72527	17651
72527	17843
72527	18557
72527	19171
72527	19595
72723	7569
72723	8315
72723	8614
72723	11691
72723	11984
72723	14027
72723	15619
72723	15853
72723	16610
72723	16910
72723	19499
72850	8715
72850	16123
72907	16515
72911	16533
72911	17068
73008	10263
73008	11320
73008	15068
73201	7698
73201	8243
73201	8271
73201	8278
73201	8304
73201	8316
73201	8903
73201	8968
73201	9038
73201	9243
73201	9255
73201	9277
73201	9312
73201	9343
73201	9352
73201	9355
73201	9377
73201	9599
73201	9638
73201	9716
73201	9734
73201	10098
73201	10262
73201	10925
73201	10947
73201	10948
73201	10980
73201	11010
73201	11094
73201	11117
73201	11411
73201	11414
73201	11457
73201	11533
73201	11625
73201	11894
73201	12102
73201	12228
73201	12234
73201	12787
73201	12856
73201	12930
73201	12955
73201	13074
73201	13087
73201	13115
73201	13234
73201	13280
73201	13342
73201	13516
73201	13517
73201	13615
73201	13995
73201	14154
73201	14398
73201	14471
73201	14721
73201	14770
73201	14774
73201	14789
73201	15364
73201	15508
73201	15830
73201	16034
73201	16573
73201	16640
73201	16813
73201	16969
73201	17050
73201	17053
73201	17161
73201	17878
73201	18401
73201	18472
73201	18522
73201	19032
73201	19400
73201	19421
73201	19669
73201	19918
73201	19966
73201	20023
73201	20126
73422	17563
73446	15611
73446	19422
73479	9919
73479	15544
73479	17283
73507	14997
73507	16093
73548	12194
73569	9868
73569	10153
73569	12839
73595	7781
73595	7796
73595	8919
73595	9445
73595	9809
73595	10059
73595	10287
73595	10488
73595	10516
73595	10537
73595	11756
73595	11841
73595	12252
73595	12633
73595	13106
73595	13317
73595	13400
73595	13906
73595	14114
73595	14213
73595	14294
73595	15531
73595	15608
73595	15646
73595	17644
73595	18796
73595	19038
73613	18600
73613	18944
73666	14262
73666	15502
73684	10257
73684	11371
73684	13601
73684	18556
73684	19707
73684	19716
73700	14457
73744	16306
73744	16723
73759	12763
73759	14941
73759	15813
73771	9140
73792	10934
73818	9793
73873	8755
73873	9032
73873	9287
73873	10295
73873	13051
73873	16569
73873	16706
73873	16998
73873	20532
73887	14699
73904	8940
73904	14775
73927	15584
73958	18332
73962	14186
74002	10051
74002	11795
74002	18672
74002	19449
74018	8536
74018	9362
74018	9505
74018	9947
74018	15029
74018	15168
74018	15659
74018	16069
74018	16073
74018	16356
74018	16410
74018	16956
74018	17713
74018	18049
74018	18122
74018	18421
74018	18519
74018	19035
74018	19374
74025	7895
74073	14530
74073	18890
74158	8228
74158	10641
74158	13419
74158	19194
74162	10160
74162	10832
74162	14226
74162	18212
74162	19626
74170	11668
74245	17863
74311	10213
74348	11699
74376	13315
74376	15766
74376	17333
74376	18245
74382	18702
74395	10334
74395	11743
74395	16090
74395	17121
74395	17830
74444	7200
74444	9280
74444	10069
74444	10853
74444	11178
74444	11942
74444	12360
74444	13109
74444	14267
74444	14486
74444	14581
74444	15557
74444	15651
74444	16042
74444	16266
74444	16572
74444	18111
74444	18435
74444	18520
74444	18534
74444	18745
74444	19161
74444	19184
74444	19201
74444	19224
74444	19330
74444	19386
74444	19553
74444	20174
74519	16531
74561	13606
74655	16628
74854	19869
74910	18172
74923	18115
74981	10446
74981	12737
75001	9294
75038	13514
75283	7687
75283	8328
75283	14087
75283	16237
75283	19145
75283	20572
75427	8746
75470	15937
75556	13257
75556	15117
75556	16949
75556	16977
75556	17953
75556	18103
75556	18957
75556	20048
75556	20324
75556	20560
75587	14159
75587	17367
75587	17448
75692	18917
75732	8162
75732	14119
75732	14784
75732	16020
75732	17810
75750	18372
75807	20489
75905	8615
75905	15170
75905	15747
75905	15778
75905	16522
75905	16752
76059	14468
76092	11823
76092	12056
76092	13036
76092	13098
76092	14541
76092	14880
76092	15577
76092	15921
76092	16883
76092	18066
76092	19671
76118	7103
76118	7115
76118	9814
76118	10244
76118	10444
76118	10483
76118	10528
76118	10959
76118	11274
76118	12348
76118	14123
76125	18730
76139	17051
76139	19328
76139	19985
76139	20306
76173	15685
76173	16384
76194	9209
76248	12034
76248	14107
76248	18955
76269	11375
76269	15323
76269	16821
76269	17724
76314	14760
76333	16446
76426	11909
76442	15106
76517	7919
76517	8758
76517	8804
76517	12968
76517	13232
76517	14413
76517	16099
76517	19039
76538	11406
76538	13011
76538	16832
76564	15971
76593	8638
76593	9260
76593	9699
76593	15304
76593	17590
76593	18070
76593	19723
76593	20328
76627	16757
76627	20042
76636	8236
76636	8287
76636	8401
76636	8609
76636	8910
76636	9257
76636	9735
76636	10199
76636	10460
76636	11306
76636	12284
76636	13308
76636	16404
76636	16779
76658	13010
76658	17759
76670	7801
76670	9753
76670	11113
76670	15373
76670	16047
76670	16051
76670	17295
76670	20288
76670	20591
76689	13584
76689	19658
76720	7947
76765	20286
76810	9468
76875	7091
76875	7402
76875	9810
76875	11223
76875	12823
76875	15164
76875	15772
76875	15950
76875	17269
76875	18408
76875	19029
76875	19249
76875	19475
76875	19533
76875	19773
76875	20055
77032	19324
77097	13193
77195	8300
77195	11707
77195	12793
77195	13018
77195	14273
77195	15334
77195	15484
77195	17824
77195	18207
77195	19279
77195	19490
77195	19954
77195	20013
77195	20017
77195	20501
77195	20600
77225	17155
77225	18304
77327	19562
77336	20527
77452	19202
77508	9289
77508	15002
77508	16377
77508	17180
77512	18541
77577	15864
77605	14607
77646	9577
77646	10212
77646	14022
77646	15021
77646	15301
77646	16084
77646	16975
77646	17773
77646	19217
77646	19644
77646	20336
77679	8391
77717	13991
77717	18482
77717	18822
77717	20509
77740	7043
77740	7833
77740	8650
77740	8741
77740	8983
77740	9399
77740	9452
77740	9507
77740	9914
77740	10019
77740	10122
77740	10126
77740	10148
77740	10204
77740	10682
77740	10728
77740	11226
77740	11305
77740	11422
77740	11517
77740	11742
77740	11934
77740	12273
77740	12374
77740	13089
77740	13285
77740	13924
77740	14219
77740	14270
77740	14407
77740	14663
77740	15434
77740	15595
77740	15636
77740	15743
77740	16168
77740	16230
77740	17044
77740	17112
77740	17126
77740	17196
77740	17570
77740	17714
77740	17845
77740	18899
77740	19604
77740	19939
77740	20468
77793	8632
77793	8725
77793	9002
77793	9860
77793	11266
77793	11840
77793	12096
77793	14619
77793	14879
77793	15191
77793	15253
77793	15296
77793	15600
77793	16929
77793	17551
77793	17573
77793	19536
77803	12166
77803	15807
77803	17690
77803	18409
77803	20059
77890	8873
77890	8933
77890	15783
77890	16651
77890	16875
77890	18301
77890	19602
77963	9258
77963	9369
77963	9476
77963	10087
77963	10159
77963	10189
77963	10920
77963	11962
77963	12144
77963	12753
77963	13253
77963	14254
77963	14496
77963	15414
77963	15599
77963	15826
77963	16314
77963	16361
77963	16809
77963	16871
77963	17798
77963	18479
77963	19480
77963	20588
78210	14685
78210	14717
78275	11943
78275	13961
78500	8340
78500	13598
78500	17296
78500	17782
78500	17864
78500	19913
78537	11819
78537	11869
78537	13991
78537	16946
78537	16986
78537	17376
78537	19337
78537	19650
78559	8249
78559	13430
78559	15123
78559	16592
78559	16894
78559	16948
78559	17228
78559	18105
78559	18411
78559	18643
78559	19203
78559	19848
78559	20028
78563	8263
78563	10550
78563	11469
78563	12277
78563	14176
78619	8310
78619	8618
78619	9216
78619	10559
78619	11249
78619	12854
78619	12976
78619	13227
78619	16940
78619	18823
78619	19036
78619	19978
78619	20318
78619	20380
78635	10901
78635	17862
78657	15574
78657	18530
78730	8973
78730	9690
78730	10260
78730	14047
78730	15349
78730	15751
78730	18385
78730	19734
78748	7863
78748	8989
78795	7880
78795	9907
78795	14381
78795	15182
78795	15365
78795	15815
78795	18527
78795	19152
78795	19453
78795	19507
78795	20542
78814	9928
78846	19463
78867	8155
78867	8856
78867	9972
78867	11029
78867	11906
78867	12443
78867	13659
78867	14887
78867	16771
78867	17458
78867	18617
78867	20573
78898	9961
78912	8700
78912	17747
78949	12757
79011	15664
79011	19735
79095	7794
79095	8604
79095	8798
79095	9701
79095	9752
79095	10022
79095	10167
79095	11032
79095	11592
79095	11842
79095	12050
79095	12054
79095	12729
79095	13107
79095	14055
79095	15058
79095	15161
79095	15535
79095	15594
79095	16576
79095	16711
79095	16960
79095	17244
79095	18826
79095	19569
79095	20327
79095	20531
79114	7872
79114	8058
79114	9932
79114	17089
79114	20213
79146	13620
79146	18392
79146	19180
79146	19429
79146	19509
79151	10116
79151	17076
79151	20106
79237	15109
79237	15962
79244	9176
79244	9785
79244	11187
79244	15707
79244	16147
79244	16532
79244	19550
79244	19729
79302	8275
79302	9202
79302	10246
79302	10314
79302	10932
79302	12161
79325	19770
79373	12108
79450	15686
79568	14257
79568	16807
79612	9290
79612	13279
79612	13400
79612	14980
79612	14985
79612	15038
79612	15199
79612	15531
79612	15608
79612	15646
79612	16574
79612	16667
79612	17644
79612	18616
79612	19038
79612	19220
79612	19542
79612	19967
79620	16358
79654	7969
79654	11864
79683	14307
79696	14342
79696	14600
79696	15279
79696	16032
79696	16175
79696	17004
79696	19189
79704	15366
79704	17990
79704	18088
79758	16138
79789	11891
79840	15493
79864	15806
79974	17240
79990	9475
79990	9665
79990	14694
79990	16930
80005	8306
80005	11881
80005	11985
80005	18433
80005	19600
80051	14463
80051	16150
80051	19614
80108	9023
80108	18777
80120	14050
80120	14481
80288	16962
80337	13939
80337	15207
80337	17066
80337	20240
80337	20480
80385	18770
80476	8916
80476	8932
80476	11014
80476	11120
80476	12836
80476	13524
80476	19360
80476	19624
80476	20297
80509	9714
80509	16613
80509	19591
80513	14950
80513	17685
80532	9525
80532	12785
80532	17381
80532	18748
80584	9861
80610	10652
80610	11102
80610	11381
80610	12038
80610	14499
80610	14819
80610	15530
80610	16537
80610	18783
80610	19469
80610	19662
80610	19815
80610	20166
80681	14222
80681	14680
80681	15720
80681	17231
80681	18781
80725	17262
80725	18962
80741	8145
80741	10715
80741	20033
80756	11071
80756	15396
80756	15682
80773	9420
80773	10185
80773	11525
80773	12171
80773	13060
80773	14229
80773	16951
80773	17165
80773	18260
80787	9241
80787	9278
80787	9322
80787	11220
80787	14857
80787	14917
80787	16334
80787	17909
80787	17954
80787	19273
80787	19613
80787	19855
80787	20109
80787	20229
80827	8976
80827	12971
80827	13274
80827	13356
80827	14177
80827	15440
80827	15494
80827	15754
80827	16409
80827	17028
80827	17735
80843	13028
80843	14926
80843	16864
80843	20298
80843	20299
81009	17920
81032	14954
81032	16055
81032	16570
81032	17002
81032	17692
81032	19417
81032	19510
81050	18059
81097	11530
81097	16469
81124	10765
81169	14878
81202	8158
81202	9643
81202	10949
81202	11216
81202	12070
81202	16233
81202	16280
81202	18026
81358	13441
81410	11021
81423	8070
81423	15284
81423	15335
81423	16094
81423	18668
81423	18988
81434	11372
81434	13487
81434	16342
81434	16386
81434	19457
81434	19616
81434	20081
81481	11636
81499	8128
81499	8781
81499	9072
81499	9755
81499	15093
81499	15333
81499	15553
81499	16173
81499	16264
81499	16539
81499	16553
81499	16743
81499	17114
81499	17329
81499	18012
81499	18500
81499	18846
81499	19251
81499	19865
81499	20268
81508	9833
81508	11785
81508	12332
81520	12788
81520	14605
81520	18951
81520	19308
81520	20173
81596	12832
81605	9385
81614	9192
81614	19264
81646	14828
81646	19629
81680	13316
81680	14675
81680	14987
81680	15020
81680	16071
81680	16258
81680	16408
81680	16925
81680	17293
81680	18287
81680	19563
81738	9246
81738	15357
81874	14201
81874	15411
81874	16364
81874	19782
81888	8939
81888	9078
81888	20099
81959	19263
82018	9253
82018	10017
82018	13295
82018	15814
82018	18501
82018	19182
82056	8282
82056	13962
82056	20418
82060	15222
82087	11961
82087	13466
82087	14845
82087	15203
82087	15618
82087	16142
82087	17427
82087	18404
82087	19547
82094	14064
82094	14686
82094	19975
82189	16745
82189	19236
82213	12263
82213	14642
82232	14402
82232	16557
82444	14812
82503	18714
82526	16096
82526	18299
82535	10470
82535	13555
82535	14584
82535	14585
82574	13040
82617	13254
82617	13331
82617	17748
82640	7568
82640	11763
82693	11303
82705	8770
82705	17625
82705	18553
82722	11066
82722	13122
82779	20513
82812	12017
82906	16447
82906	18784
82906	19597
82906	19733
82952	10265
82981	15445
83076	18062
83122	11478
83151	9194
83151	10194
83151	10848
83151	11488
83151	18599
83167	8225
83167	8602
83167	8777
83167	9178
83167	10930
83167	11273
83167	11426
83167	11470
83167	15752
83167	16129
83200	15413
83200	16448
83200	18518
83259	8538
83259	12164
83259	14194
83271	12083
83271	18035
83285	18236
83318	19893
83325	8255
83325	14278
83325	17792
83325	19659
83339	8716
83339	8963
83339	11322
83339	11620
83339	11821
83339	12817
83339	14762
83339	14870
83339	15523
83339	16444
83339	16886
83339	17190
83339	18930
83339	20416
83341	16523
83421	12960
83421	18648
83432	9061
83432	17019
83432	19722
83445	20287
83534	8984
83534	12009
83534	13453
83534	19493
83599	19635
83801	15407
83942	17409
83942	17605
83974	7950
83974	8790
83974	10634
83974	11171
83974	11198
83974	12803
83974	13590
83974	14466
83974	14616
83974	14739
83974	15570
83974	15885
83974	16575
83974	19024
83974	20514
83988	13313
83988	13984
83988	14850
83988	16220
83988	18855
83988	19761
83990	8743
83990	11427
83990	15042
83990	18821
83990	20464
84017	10837
84038	15295
84038	15331
84038	20592
84103	15421
84323	8847
84323	16993
84347	7995
84347	8364
84347	8645
84347	8707
84347	9786
84347	11944
84347	14196
84347	14681
84347	15558
84347	15966
84347	18375
84347	18415
84347	18476
84347	18653
84347	19651
84352	9920
84352	13199
84352	16165
84352	17073
84352	17780
84352	19159
84352	19598
84415	19519
84436	9859
84436	18722
84443	8651
84443	9867
84443	11442
84443	14732
84443	14894
84443	15100
84443	15226
84443	15401
84443	15476
84443	15887
84443	16177
84443	16282
84443	16420
84443	18639
84443	18996
84518	9346
84518	15437
84525	9740
84525	10203
84525	11230
84525	11506
84525	11590
84525	14001
84525	17765
84525	19283
84541	17052
84709	12724
84709	15350
84709	15529
84709	15888
84709	16472
84709	16478
84709	17994
84709	18621
84709	19972
84709	20368
84778	10004
84824	16130
84853	15210
84905	8840
84979	8326
84979	9364
84979	9645
84979	10406
84979	10487
84979	10781
84979	11145
84979	11253
84979	11353
84979	13512
84979	14126
84979	14831
84979	17781
84979	19306
84979	19491
84980	11255
84980	11836
84980	14093
84980	14592
84980	16508
84980	16525
84980	18370
84980	18776
84980	20152
85037	8874
85037	11939
85037	15656
85037	17688
85037	20552
85063	18999
85092	8270
85092	15551
85092	17167
85092	18427
85118	10995
85118	14197
85118	18130
85118	19702
85139	18625
85139	19112
85156	13142
85156	19842
85224	9226
85224	15498
85224	16912
85224	17084
85224	18417
85224	18605
85248	9521
85248	10825
85248	11374
85248	12990
85248	16340
85248	17171
85248	17361
85248	18263
85474	13960
85501	12814
85501	14745
85501	16128
85501	18449
85529	11245
85881	19534
85966	12773
86091	9696
86091	10139
86091	11735
86091	11737
86091	12723
86091	12758
86091	12932
86091	14101
86091	14240
86091	14310
86091	14439
86091	14996
86091	15892
86091	16126
86091	16254
86091	16294
86091	16805
86091	17404
86091	17981
86091	18494
86091	18552
86091	19094
86091	20148
86101	15716
86140	19181
86275	14698
86299	8230
86299	13546
86299	14303
86321	8355
86441	9071
86460	15228
86460	18331
86473	8748
86473	14697
86473	16477
86473	18963
86494	18478
86494	18632
86585	14975
86626	13398
86711	13268
86846	10500
86879	13154
86879	13956
86879	14910
86879	15272
86898	13021
86898	13022
86898	18797
86920	11573
86920	11844
86920	15537
86920	15709
86920	16159
86920	19286
86920	19339
86920	19771
86931	18441
86931	19474
86931	20321
86977	16146
86977	17035
86983	12997
87012	16726
87012	18667
87012	19041
87012	19549
87065	13571
87065	16648
87065	16649
87083	12021
87083	13033
87083	14441
87083	19300
87134	11672
87134	19336
87152	14909
87264	19322
87286	11376
87286	18623
87303	9781
87303	11872
87303	16744
87303	16782
87303	19938
87446	14236
87480	15416
87507	19781
87530	9133
87530	11194
87530	13121
87530	14153
87530	17087
87530	17457
87530	19259
87759	14872
87759	18302
87759	19405
87759	19609
87802	14098
87802	14566
87802	16098
87802	17771
87802	19130
87802	19242
87841	15157
87841	17627
87841	18723
87841	19418
87841	20533
87860	16950
87991	7976
88003	14472
88057	15081
88144	17859
88159	7379
88159	8308
88159	8373
88159	8621
88159	8733
88159	8930
88159	9067
88159	9098
88159	9205
88159	9248
88159	9613
88159	9650
88159	9687
88159	9765
88159	9834
88159	9889
88159	9903
88159	9930
88159	10145
88159	10169
88159	10489
88159	10499
88159	11224
88159	11548
88159	11713
88159	11762
88159	11782
88159	11805
88159	11918
88159	11920
88159	11983
88159	12073
88159	12743
88159	12770
88159	12824
88159	12860
88159	12956
88159	12981
88159	12991
88159	13009
88159	13072
88159	13284
88159	13520
88159	13552
88159	13596
88159	13954
88159	13973
88159	14063
88159	14157
88159	14166
88159	14209
88159	14285
88159	14314
88159	14412
88159	14431
88159	14573
88159	14621
88159	14666
88159	14840
88159	15056
88159	15094
88159	15165
88159	15239
88159	15244
88159	15369
88159	15384
88159	15403
88159	15461
88159	15520
88159	15627
88159	15635
88159	15649
88159	15655
88159	15884
88159	15956
88159	16074
88159	16343
88159	16362
88159	16365
88159	16407
88159	16513
88159	16546
88159	16760
88159	16900
88159	16903
88159	16923
88159	16943
88159	16983
88159	16996
88159	17065
88159	17197
88159	17277
88159	17421
88159	17452
88159	17575
88159	18056
88159	18205
88159	18233
88159	18261
88159	18297
88159	18612
88159	18614
88159	18629
88159	18663
88159	18728
88159	18804
88159	18829
88159	18943
88159	18947
88159	19128
88159	19230
88159	19302
88159	19361
88159	19546
88159	19646
88159	19873
88159	19884
88159	19959
88159	20108
88159	20498
88185	19285
88185	20494
88192	15512
88192	15970
88192	17034
88192	18483
88192	18711
88192	19465
88192	20528
88279	17336
88349	14044
88354	14528
88354	15286
88354	17435
88354	19129
88365	11811
88365	13044
88365	13195
88365	13643
88365	15680
88365	16089
88365	17906
88365	18113
88365	19904
88536	12088
88543	16631
88543	19244
88589	14174
88589	14392
88589	15224
88589	15363
88589	15471
88589	16333
88589	16564
88589	16587
88589	17396
88589	18884
88625	19428
88625	19795
88775	9719
88775	12744
88775	14067
88775	15561
88775	15922
88775	16058
88878	15330
88878	16169
88878	16835
88907	20590
88924	18499
88924	19699
88924	19906
88924	20430
88976	11037
88982	9332
88982	9483
88982	11947
88982	12951
88982	14462
88982	14465
88982	14483
88982	14776
88982	16395
88982	19788
88995	10296
89006	11618
89006	13037
89006	18801
89047	15064
89052	9295
89052	15606
89052	18099
89052	18611
89068	14440
89068	19531
89121	16265
89166	9527
89166	14796
89197	16125
89289	11685
89329	8855
89329	9854
89329	15548
89329	18327
89329	19682
89329	20309
89372	17814
89386	14911
89386	14998
89386	15478
89386	16025
89386	18121
89386	19210
89386	20025
89483	11151
89483	13041
89483	13968
89483	14408
89483	15262
89483	16244
89483	17390
89483	18844
89483	18853
89483	19710
89483	19957
89496	17173
89514	15052
89514	17606
89514	18119
89514	20282
89630	8815
89630	9984
89630	11554
89630	12755
89630	13198
89630	14824
89630	16920
89630	17284
89653	16722
89676	15580
89676	17585
89695	16170
89695	18242
89695	18425
89695	18945
89695	19841
89695	19847
89726	9844
89757	15192
89757	15620
89757	16659
89757	17572
89844	15234
89844	17483
89871	13388
89871	14548
89871	15769
89871	18464
89885	17279
89885	17406
89885	18188
89885	18474
89885	19767
89902	13436
90018	8721
90018	12725
90018	12943
90018	13644
90018	13646
90018	14523
90018	14956
90018	15119
90018	16157
90018	17150
90018	17247
90018	18126
90018	18218
90018	18535
90018	18885
90018	19234
90018	19471
90060	12090
90060	12989
90060	13365
90060	13502
90060	15197
90087	9606
90087	10085
90087	10184
90087	11780
90087	11923
90087	12941
90087	13118
90087	13457
90087	14253
90087	14733
90087	14769
90087	15274
90087	15430
90087	15528
90087	15624
90087	15774
90087	15775
90087	16751
90087	18231
90087	18869
90087	18954
90087	18981
90087	19165
90087	19187
90087	19683
90087	20155
90143	13440
90143	16348
90143	18240
90162	12759
90162	18258
90162	19239
90162	19301
90162	19930
90170	11937
90170	14578
90170	19164
90232	12927
90232	12993
90232	15236
90232	15938
90232	16896
90232	18896
90245	8994
90311	14500
90311	15948
90311	17827
90369	12735
90369	14049
90369	17360
90369	17974
90369	19116
90369	19921
90492	8234
90492	8611
90492	9283
90492	9306
90492	9531
90492	9900
90492	10047
90492	10166
90492	10895
90492	13100
90492	13515
90492	14105
90492	14352
90492	14860
90492	15028
90492	15578
90492	16568
90492	16911
90492	17522
90492	17970
90492	18083
90492	18202
90492	19086
90492	19307
90492	19706
90492	20168
90492	20452
90492	20582
90519	18182
90542	15998
90655	9981
90655	12059
90655	14873
90655	16352
90655	17569
90655	19665
90686	11868
90767	13626
90831	15740
90831	16887
90831	17757
90831	19610
90923	9746
90923	9997
90923	16261
90923	18163
90923	18536
90947	18334
90947	18407
90952	18153
90981	9898
90981	11089
90981	15372
90981	18185
90999	15220
90999	15501
90999	19572
91019	11850
91019	16287
91019	17684
91019	19443
91026	20485
91035	11706
91035	11731
91035	14293
91035	15318
91035	15622
91035	16567
91035	19719
91035	20130
91042	12771
91074	15787
91074	18081
91090	8771
91090	8956
91090	9027
91090	9063
91090	9304
91090	9788
91090	9999
91090	11972
91090	12838
91090	13005
91090	14743
91090	15214
91090	15424
91090	16176
91090	16223
91090	16336
91090	17031
91090	17880
91090	17907
91090	18069
91090	18942
91090	18998
91090	19502
91090	20221
91128	9263
91159	11941
91159	14434
91185	11827
91185	12074
91185	12798
91185	14200
91185	15001
91185	15082
91185	15825
91185	17268
91185	17795
91185	18201
91185	18540
91185	19392
91185	19989
91233	19407
91233	19979
91267	11930
91312	9081
91312	9782
91312	13351
91312	18101
91320	14604
91320	15259
91320	15275
91320	15410
91320	15568
91320	16250
91320	16543
91320	16890
91320	17363
91320	17977
91320	18132
91320	18393
91320	18649
91320	18717
91320	18817
91320	18992
91320	19564
91320	19768
91354	10173
91354	14453
91354	15850
91377	9077
91377	14495
91377	16394
91486	8786
91486	10067
91486	14799
91486	15380
91486	16070
91486	16958
91486	17067
91486	17372
91486	17727
91486	17819
91486	18864
91486	19305
91486	19470
91486	19840
91486	20206
91536	7875
91536	8947
91536	9480
91536	9897
91536	10999
91536	12116
91536	12841
91536	13057
91536	13394
91536	14449
91536	14517
91536	14518
91536	15390
91536	15675
91536	15863
91536	16284
91536	16579
91536	17854
91536	17979
91536	18091
91536	18138
91536	18194
91536	19097
91536	19440
91536	20043
91543	16815
91625	18298
91660	14689
91706	18344
91734	20212
91752	9985
91752	14490
91781	18419
91799	14156
91799	14165
91813	19732
91850	19123
91850	19817
91907	11786
91907	15114
91982	14832
91982	19064
91982	19637
91982	20338
92005	13067
92005	14387
92014	8361
92014	9720
92014	14438
92014	15158
92014	16388
92014	16657
92014	17369
92014	17914
92014	18330
92014	19956
92014	20564
92051	16417
92098	12105
92098	12797
92098	14923
92098	15250
92098	15282
92098	15819
92098	16732
92098	19370
92098	19558
92098	20341
92261	15944
92261	20424
92337	16800
92392	15836
92392	20208
92476	8277
92476	9983
92476	16206
92476	19672
92566	16227
92578	19666
92584	8625
92584	12098
92584	13416
92597	17723
92623	19575
92647	10007
92647	11502
92647	12072
92647	14184
92647	14696
92647	15040
92647	16180
92647	16373
92647	16406
92647	16748
92647	17176
92647	18429
92668	8942
92668	9058
92668	11695
92668	11754
92668	12844
92668	13261
92668	14460
92668	14787
92668	15196
92668	15834
92668	16383
92668	16728
92668	16841
92668	16870
92668	20471
92675	8912
92675	11766
92675	13038
92675	13062
92675	13619
92675	15802
92675	18626
92675	18900
92675	19088
92675	20287
92681	15188
92718	8659
92718	9215
92718	9871
92718	11424
92718	11794
92718	11861
92718	11873
92718	12747
92718	12815
92718	13310
92718	14601
92718	14900
92718	14969
92718	15049
92718	15086
92718	15346
92718	15760
92718	16209
92718	17077
92718	18438
92718	19473
92718	19810
92718	20082
92718	20488
92741	17612
92741	19026
92773	20475
92794	19427
92858	14952
93016	15842
93016	18203
93044	11903
93044	12154
93044	13387
93044	13399
93118	8901
93118	15155
93118	15433
93118	15697
93118	16247
93118	16535
93118	16629
93118	16775
93118	17346
93118	17855
93118	20161
93156	9942
93156	19721
93160	15046
93160	18456
93346	16586
93398	11898
93398	13311
93398	14423
93398	14763
93398	15166
93398	15264
93398	15582
93398	16562
93398	17143
93398	17301
93398	17623
93398	18104
93398	18289
93398	18828
93398	19793
93398	19996
93398	20087
93426	8864
93426	20029
93604	11807
93604	13064
93604	13480
93604	15173
93604	15955
93604	17069
93604	18226
93604	18460
93708	19402
93712	18423
93712	19964
93712	20566
93731	12726
93731	14731
93731	16400
93749	12173
93810	9349
93810	9850
93810	12080
93810	12813
93810	12952
93810	13616
93810	13937
93810	16149
93810	18805
93810	19606
93810	20211
93913	16127
93913	16305
93913	18152
93913	18158
93913	20030
93921	16043
93966	12963
93966	16178
94075	9978
94075	11853
94075	13139
94075	16512
94113	9219
94113	18873
94166	8854
94166	9014
94166	10304
94166	11988
94166	11999
94166	13007
94166	14488
94166	15072
94166	16541
94166	17514
94166	18358
94166	18790
94166	19105
94184	19276
94372	9017
94372	9490
94372	11687
94372	13350
94372	18285
94449	13451
94505	18818
94522	15356
94533	14944
94533	18834
94533	20095
94579	11884
94579	14041
94579	15147
94579	20460
94611	9245
94653	8269
94653	15378
94653	15855
94695	8787
94695	9361
94695	13666
94695	16547
94719	15391
94757	15575
94816	11946
94859	13721
94885	12086
94885	14927
94885	14953
94885	15338
94885	20458
94939	9252
94939	18830
94939	19748
94960	11689
95030	15269
95030	20526
95082	9986
95082	19269
95082	19442
95095	12087
95114	13019
95114	13296
95114	14003
95114	14777
95114	17872
95114	17973
95179	17373
95179	19467
95180	13059
95180	14537
95180	14912
95180	16349
95180	18788
95180	19124
95259	8723
95259	14100
95259	14432
95259	15818
95259	16467
95259	16750
95259	17125
95259	18463
95259	19532
95259	20409
95318	8960
95318	9962
95318	14263
95318	15159
95318	20094
95339	15941
95356	19241
95387	13061
95409	8752
95450	14469
95547	14714
95608	19877
95677	15946
95683	16730
95715	9807
95715	9899
95715	11752
95715	12149
95715	13192
95715	14792
95715	14811
95715	14939
95715	15280
95715	15281
95715	16324
95715	16618
95715	16892
95715	17402
95715	17443
95715	17637
95715	17902
95715	18371
95715	18891
95715	19387
95715	19552
95736	14380
95736	17088
95758	16335
95801	18060
95817	17345
95817	18350
95817	18815
95817	18940
95817	19466
95829	17041
95829	17082
95829	17579
95829	18710
95829	19464
95829	19641
95829	19968
95829	20491
96054	17663
96083	8349
96083	9946
96083	10168
96083	11895
96083	13289
96083	13983
96083	14204
96083	14542
96083	16154
96083	17026
96083	17091
96083	18924
96083	19135
96083	19246
96083	20417
96272	13039
96390	15865
96390	17869
96405	10068
96405	14853
96405	14970
96414	14892
96479	16076
96511	14947
96511	15174
96511	15175
96511	15640
96511	15877
96511	17698
96511	19581
96511	19981
96511	20543
96548	11852
96548	17108
96553	18902
96569	15288
96569	15639
96569	17729
96569	17737
96569	18011
96569	18558
96582	15075
96582	17286
96582	19963
96582	20107
96700	20016
96744	17439
96744	19256
96744	19258
96744	19522
96759	8906
96841	15488
96841	17660
96856	10115
96856	15773
96856	16360
96856	16721
96856	17178
96856	20006
96962	16970
96962	17016
96962	18967
96989	20167
97004	9963
97004	14110
97015	12767
97015	16594
97089	10061
97089	10247
97089	11846
97089	11849
97089	12764
97089	14250
97089	16670
97089	17187
97089	17687
97089	17962
97089	18192
97089	18492
97089	19133
97089	19325
97101	12160
97101	13429
97101	15876
97101	16325
97101	17594
97101	17847
97101	17922
97155	9496
97155	13391
97155	15683
97155	16945
97155	17429
97155	17636
97155	17638
97155	17754
97155	18503
97155	18798
97155	18799
97155	19416
97155	19774
97155	20538
97223	8380
97223	13359
97332	15289
97332	15879
97332	16897
97366	15927
97439	17691
97439	18025
97439	18137
97439	18307
97439	18974
97439	19951
97441	17371
97500	13194
97500	16115
97500	16558
97500	19136
97563	15118
97563	17857
97563	18208
97690	17015
97753	16131
97753	16677
97753	17629
97846	9637
97846	15866
97846	16770
97846	16823
97846	18316
97908	14046
97908	16441
98013	16777
98013	17093
98032	7695
98032	11716
98032	12827
98032	16826
98032	16893
98032	17966
98032	18581
98032	19684
98032	20185
98050	19636
98097	14149
98097	18052
98111	12043
98111	19458
98124	9847
98124	11797
98124	13508
98124	14092
98124	15859
98124	16304
98124	16867
98124	18793
98124	19115
98124	19318
98130	14534
98130	19376
98130	20454
98153	18630
98153	18874
98153	20227
98169	16959
98273	10014
98273	15172
98273	15283
98273	15700
98273	16081
98273	17557
98273	18376
98327	15522
98327	19746
98358	13255
98358	14188
98358	17300
98358	19199
98358	19367
98410	13410
98410	14042
98410	14088
98410	14455
98410	15111
98410	15120
98410	15327
98410	15337
98410	17146
98410	17174
98410	17460
98410	17481
98410	17510
98410	17745
98410	18361
98410	18473
98410	19122
98410	19138
98410	19162
98410	19415
98410	19622
98481	13476
98481	15344
98481	17989
98481	19257
98520	13042
98577	12736
98577	14506
98583	11945
98583	14522
98583	14740
98583	15374
98583	18531
98583	20210
98633	19561
98651	13108
98651	14503
98651	20442
98679	14855
98679	15483
98679	17842
98679	18549
98680	15215
98698	20045
98729	9892
98764	9631
98772	13226
98772	19168
98786	19727
98803	15945
98826	12093
98826	19545
98874	8761
98874	11900
98874	11933
98874	12106
98874	12192
98937	13987
98937	14703
98937	14891
98937	15180
98937	16833
98937	16997
98937	18428
98937	19670
98937	19693
98992	8232
98992	8774
98992	11854
98992	11887
98992	12133
98992	12805
98992	12866
98992	13130
98992	13526
98992	14477
98992	14564
98992	14764
98992	15540
98992	16088
98992	16102
98992	16914
98992	17259
98992	17322
98992	19766
98992	20122
99001	8648
99001	12807
99001	14178
99001	14261
99001	14568
99001	14615
99001	15148
99001	15487
99001	15515
99001	15809
99001	16061
99001	16382
99001	17062
99001	18223
99001	19483
99001	20279
99001	20478
99029	16542
99029	19544
99038	8667
99093	19192
99157	16101
99157	17542
99157	18139
99157	18982
99157	19679
99157	19990
99188	20010
99231	17042
99231	18086
99231	18221
99231	18905
99415	13260
99427	15969
99489	18400
99491	20323
99573	15983
99573	20266
99628	18136
99685	18528
99692	14208
99692	19061
99709	8858
99709	12046
99709	14207
99709	15492
99709	15545
99709	15585
99709	15784
99709	15932
99709	16326
99709	17807
99709	18053
99709	18063
99709	18092
99709	18209
99709	18832
99709	18933
99709	19375
99709	19504
99709	19986
99709	20180
99709	20405
99713	13404
99713	15489
99713	17753
99713	17877
99713	18225
99713	18337
99713	19292
99713	19293
99713	19667
99713	19861
99713	20176
99713	20505
99713	20525
99732	9031
99732	9848
99732	9918
99732	12187
99732	13588
99732	17742
99732	17766
99732	18015
99732	18416
99732	19851
99914	16278
99914	17320
99922	18842
99946	16481
99946	17517
99946	17752
99946	19176
99946	20596
100014	8702
100014	11776
100014	17372
100014	17635
100014	18420
100203	17652
100261	16153
100261	18096
100261	19385
100316	13976
100316	16040
100359	18725
100532	9144
100584	15080
100584	16374
100584	18348
100702	18506
100702	19678
100739	14426
100739	16421
100739	16506
100739	17264
100739	18169
100739	18671
100739	19120
100739	19688
100739	20520
100787	16103
100787	17740
100787	17985
100787	18114
100787	18457
100787	18851
100787	19063
100787	19632
100787	20242
100870	8764
100889	14965
100889	15768
100889	16039
100889	16705
100889	16926
100889	16954
100993	19993
100993	20115
101032	13993
101032	15650
101032	16297
101084	17941
101169	9937
101169	10050
101169	12774
101169	13030
101169	13547
101169	14583
101169	15727
101169	16641
101169	16862
101169	17097
101169	17115
101169	19451
101169	20062
101169	20549
101287	17649
101294	20483
101406	19821
101565	16372
101583	14978
101583	16516
101596	19127
101614	15080
101614	15324
101633	14038
101633	14521
101633	14778
101633	15383
101633	15759
101633	15843
101633	16563
101633	17032
101633	18862
101633	19173
101633	19875
101819	15468
101819	15569
101819	19196
101819	20313
101857	14422
101928	16766
101959	18545
101971	11749
101971	14405
101971	18028
101971	19863
102056	20036
102158	8248
102158	15367
102158	16961
102158	17786
102158	18259
102158	18525
102158	19175
102158	20193
102158	20593
102162	11926
102250	17614
102266	15472
102266	18030
102297	18550
102369	18461
102444	9486
102492	14461
102492	19927
102526	15037
102526	17553
102574	20201
102588	17107
102655	14661
102655	15221
102820	17102
102849	11940
102854	18762
102865	18791
102883	13298
102896	18003
102896	18247
102952	13473
102952	20097
102999	8276
102999	9009
102999	12104
102999	13020
102999	17193
103011	15415
103011	15473
103011	16520
103011	20539
103082	9021
103082	12730
103082	13485
103082	19140
103200	18989
103244	18089
103356	15097
103356	15596
103356	15609
103356	15897
103356	16260
103356	16368
103356	16739
103356	17099
103356	17352
103356	17577
103356	17901
103356	17915
103356	17948
103356	18253
103356	18346
103356	18451
103356	18786
103356	19087
103356	19363
103356	19470
103356	19535
103356	20002
103356	20091
103356	20178
103356	20456
103394	19441
103394	19559
103394	19599
103409	19280
103421	18339
103421	18439
103547	10005
103547	12928
103547	13004
103547	13471
103547	14931
103547	17811
103547	18149
103547	19338
103547	19917
103552	18237
103608	16357
103612	14401
103612	17508
103631	11733
103631	15291
103631	17425
103631	19780
103654	13504
103654	14800
103654	17561
103654	18140
103654	18160
103654	19284
103654	20194
103665	13245
103665	17101
103677	13621
103677	15507
103677	17341
103736	13291
103736	14475
103736	14890
103736	15145
103736	17074
103736	19298
103736	19760
103770	18383
103770	20435
103789	15583
103789	15694
103789	18146
103791	12168
103791	14722
103791	16078
103791	16302
103791	16518
103791	17555
103791	19238
103791	19445
103791	19907
103840	16046
103840	19700
104055	18893
104072	14260
104072	17560
104086	18394
104086	18761
104086	19910
104086	20092
104086	20382
104093	16106
104093	17790
104093	18196
104277	14059
104277	14259
104277	15543
104277	15753
104277	15839
104277	15899
104283	15895
104283	16111
104283	16295
104283	16300
104283	16642
104283	16839
104283	18594
104283	18607
104283	18936
104283	20026
104323	17064
104443	12800
104443	15044
104443	15717
104443	16405
104443	19034
104616	17109
104628	20273
104628	20419
104685	16204
104784	16519
104784	16765
104784	17324
104784	18311
104784	19313
104807	15770
104807	16540
104807	17658
104807	17982
104807	18345
104807	19264
104807	19582
104807	19878
104811	10013
104811	11833
104811	11899
104811	13016
104811	13128
104811	13469
104811	15993
104811	16104
104811	19709
104830	15062
104830	15840
104830	15856
104830	16316
104830	16580
104830	17242
104830	17566
104830	17945
104830	18191
104830	19411
104951	13455
104951	17712
105016	11770
105044	12852
105044	13576
105139	13071
105139	13349
105139	17453
105139	17602
105139	17631
105139	17633
105139	18167
105139	20089
105139	20293
105141	16344
105141	16769
105141	18284
105314	15321
105314	15617
105314	17113
105322	17024
105322	17123
105322	17157
105322	17653
105322	17817
105351	13088
105398	14454
105398	18892
105398	19926
105435	15674
105435	16988
105435	17304
105435	17306
105435	18554
105474	16720
105474	20009
105529	16614
105658	11703
105658	14265
105658	17820
105658	19794
105765	14183
105777	17639
105777	20018
105783	17681
105783	19409
105913	14344
105913	16038
105913	19183
105913	19397
105913	19763
105913	19813
105913	20511
105945	17803
105945	18907
105945	20205
105945	20414
105978	17978
105978	18023
106027	16363
106027	20007
106027	20156
106043	17151
106206	14504
106309	15915
106309	18521
106321	10064
106397	14450
106397	14815
106397	15902
106397	16538
106397	16964
106397	19496
106487	11804
106487	13462
106487	14354
106487	14708
106487	15738
106487	15900
106487	17828
106487	20403
106528	14425
106528	17597
106528	18740
106528	18986
106707	17201
106707	17243
106707	17789
106707	18008
106707	18080
106707	18349
106707	18742
106707	19882
106707	19885
106707	20228
106707	20333
106795	15744
106795	18338
106795	18635
106912	12727
106912	12765
106912	15721
106912	16092
106912	16987
106912	17048
106912	17298
106912	17999
106912	19223
106954	20032
106954	20195
106954	20570
106954	20584
106965	16160
107175	9910
107175	12095
107175	14419
107175	17054
107175	17270
107217	14198
107217	16622
107217	18529
107335	8647
107335	11684
107335	12051
107335	12923
107335	13153
107335	13382
107335	13426
107335	14723
107335	16162
107335	16328
107335	17375
107335	17618
107335	17806
107335	18555
107335	18775
107335	19198
107335	19332
107451	13090
107451	16066
107451	17149
107451	19948
107451	20401
107479	15218
107825	11715
108832	11779
108832	13411
108832	14111
108832	14268
108832	14804
108832	15213
108832	16319
108832	16402
108832	16913
108832	18608
108907	16132
108907	16866
108924	19576
108930	14843
108930	15089
108930	15479
108930	15506
108930	16021
108930	16676
108930	17117
108930	18009
108930	18976
108930	19278
109145	15195
109166	14995
109166	17005
109178	17081
109236	16727
109236	18320
109546	9909
109546	11664
109546	11759
109546	11812
109546	12953
109546	13043
109546	14459
109546	14868
109546	15223
109546	15462
109546	15701
109546	16733
109546	17078
109546	17347
109546	18159
109546	18161
109546	18867
109546	18916
109546	19294
109546	19459
109607	18750
109607	20547
109695	20041
109828	20423
112111	9261
112111	13111
112111	13185
112111	13522
112111	14720
112111	15418
112111	15907
112111	18619
112111	18904
112111	19233
113769	9380
113769	16608
113769	16620
113769	18315
113769	18597
113769	18743
113769	19281
113769	19498
113769	20015
113769	20303
113769	20496
115412	18454
116082	19696
116151	16669
116198	13277
116198	14524
116198	15162
116198	18065
116198	20444
116292	15079
116292	17605
116409	20177
117090	14416
117185	8807
117185	9259
117185	9794
117185	12052
117185	12809
117185	12842
117185	15201
117185	15444
117185	15605
117185	16228
117185	16412
117185	17170
117185	17308
117185	18718
117185	20105
117192	17961
117214	11789
117214	15276
117214	15511
117214	15604
117214	19146
117214	19331
117267	16327
117267	17119
117267	18803
117298	19488
117308	16828
117308	18363
117320	17238
117320	18291
117320	19076
117320	19177
117320	19394
117331	16924
117331	20594
119044	15000
120034	16035
121022	14036
121022	17060
121022	18778
121699	18134
122673	16113
122673	16309
122673	18117
123008	17576
123008	19556
123666	17105
124324	19649
124348	15779
124751	20265
126305	16037
126305	18764
126305	19743
126305	20102
127327	16063
127327	19687
128619	17544
128619	20535
129024	18734
129048	13133
129048	14576
129048	18120
129048	19395
129053	14905
129053	15795
129053	18413
129133	17353
129200	18129
129216	14557
129228	17946
129237	16117
129237	16772
129608	19080
130923	12949
130923	16476
130923	18282
130923	19446
131591	16761
132578	20490
132578	20599
133572	15429
134551	11712
134551	14103
134551	16279
134551	16633
134551	19204
134892	16672
134902	18966
134973	19423
135114	16087
135114	17870
135122	16976
135122	17702
135122	18141
135122	18624
135122	19495
135200	15402
135200	18239
135237	18295
135237	19297
135237	19383
137528	17750
137851	17703
138512	20317
139525	16690
140494	20226
140822	12944
140851	13321
140851	13662
140851	14403
140851	16445
140851	16844
140851	16978
140851	17499
140851	18384
140851	20118
141269	17900
141529	15091
143136	12057
143136	15732
143136	17343
143136	17546
143136	18971
143143	19195
143463	12796
143463	14034
143463	15532
143798	14241
143798	14602
143798	15024
143798	15586
143798	16967
144839	17804
144894	15033
144894	15249
144894	15963
144894	19214
144904	14102
144904	14795
144904	16179
144904	16273
144904	16617
144904	17354
144904	17615
144904	19862
144904	20493
144927	17734
144943	17700
144943	19265
145447	15202
145447	18093
145447	18183
145772	18965
145819	17428
145937	15076
145937	16322
145937	16710
145937	17791
145937	18217
145937	18366
145937	18903
145937	20207
146108	19092
146430	18341
146430	19660
146430	19792
146760	15200
147093	18978
147093	20044
147093	20261
147427	14988
147427	15232
147427	15254
147427	18058
147427	18082
147427	18362
147766	16299
147766	16972
147766	18696
147766	19526
147766	19697
147784	20008
147811	16143
147905	16136
148742	17414
148742	17965
148742	18484
148742	20474
148816	19982
148828	12175
148863	18582
148885	20440
150455	18601
150455	20039
150455	20492
150464	15194
150464	16378
150464	18713
150472	17772
150493	14967
150493	14999
150493	15534
150493	16550
150493	16935
150493	17255
150493	17350
150618	16027
150656	14421
150656	19235
150656	20497
150723	18301
151101	19747
151140	20019
151193	16880
151193	17234
151193	17760
151193	19677
151210	16895
151268	19511
151281	16252
151281	17547
151350	16861
151350	17549
151350	18090
151350	20587
151425	14228
151425	16079
151441	17686
152047	12983
152047	13661
152047	18254
153692	14256
154356	17829
154421	19166
155012	20163
156009	15914
156009	18590
156009	20061
157997	16103
157997	17985
157997	18114
157997	18457
157997	18851
157997	19063
158316	17366
160957	17952
160957	18810
160957	18847
162275	16822
162275	17330
162275	18645
162275	18956
162275	19072
162345	14238
162384	17408
162384	18087
162384	18991
162635	16749
162635	16780
162635	17908
162635	18664
162635	19095
162635	19207
169860	16734
170239	19149
170304	18200
170315	19178
170336	18751
170336	19812
170605	14451
170605	14513
170605	14606
170605	15670
170605	15691
170605	15757
170605	16341
170605	16551
170605	16884
170605	17063
170605	17221
170605	17323
170605	17383
170605	18148
170605	18238
170605	18380
170605	18588
170605	18613
170605	18716
170605	18953
170605	19512
170605	20437
171217	16625
171286	16370
171860	17721
171860	19931
171860	20129
171936	18780
173567	17495
173567	18216
173828	15776
174156	17104
176137	17581
176493	13269
176493	14390
176493	19799
176493	20219
176602	20165
176706	15317
176897	19389
176948	18127
176969	15509
176969	16591
176969	19388
176969	19396
177007	16764
177007	17328
177024	18112
177024	19373
177024	19903
177030	13611
177053	16350
177053	16763
177053	17422
177053	19148
177053	19169
177180	18184
177198	19193
177200	13318
177200	14826
177200	17586
179513	19886
179610	15746
181413	19125
182118	17492
184070	19523
184441	17950
185057	20605
186039	14693
186039	18970
188093	15849
188093	16756
188093	17689
189667	19554
192645	18676
193312	17260
193639	19226
194287	20597
194370	17832
194370	18296
194423	13652
194423	20426
194423	20433
194423	20461
194434	17045
194434	18020
194434	18591
195606	16293
197250	15025
197910	18894
197910	20014
197947	18113
199252	18938
199592	19314
199603	16202
199688	17267
199688	17395
199688	19867
202239	14180
202239	15104
202239	17628
202239	17751
202239	19460
202239	19462
202239	20579
203528	15341
203544	16840
203867	15236
203867	17583
203867	20098
205197	16704
205837	15533
205837	15539
205837	15641
205837	15642
205837	16653
205837	17705
205837	18193
205837	18595
206552	18857
206552	20365
206552	20429
206581	19232
206612	14990
206612	16337
206612	19670
206612	20340
206855	18405
206864	18752
207159	19166
209796	20169
211447	19470
211447	19840
211452	16824
211475	14951
211475	18358
211475	18790
211475	19105
211772	15326
211772	16555
211772	16607
211772	17118
211772	17400
211772	17494
211772	18061
211772	18889
211772	20447
211772	20482
211772	20502
213095	16879
213421	17664
216062	16933
216062	17480
216062	18442
216062	18927
216062	19787
216062	20113
217054	18972
217054	20546
217390	17442
217390	19119
217792	16702
217841	20499
220028	20529
220351	18249
220689	17440
220731	18281
220765	20170
221671	15993
221671	19033
221713	17883
221713	19998
221713	20160
224336	16921
224336	19786
224336	19977
226023	12925
227947	15513
227947	15722
227947	16385
227947	16872
227947	18322
228271	18860
230583	18771
232231	17955
232231	20290
232231	20516
232231	20602
234540	17302
236527	20200
238831	18640
240510	15027
240510	15381
240547	18437
240762	19674
242473	18424
242500	16313
249728	14647
249728	16754
249728	19081
249728	19082
249728	20295
249728	20521
258637	18391
262612	16544
262612	17704
262612	19617
263910	18410
273810	17996
276785	19856
276785	20217
276785	20448
278107	18935
280100	17338
280417	16968
280417	18836
280417	19410
280752	20508
283055	16346
283055	16715
283713	20093
285388	16387
285697	15227
290648	18318
291300	17490
292953	18251
300879	19653
300908	15771
300908	16151
300908	17504
300908	17600
300908	20037
302523	17426
304841	19079
310446	18016
310446	19860
310446	20119
312092	18523
312092	18746
314070	18031
314402	16863
314402	19868
323644	17280
329250	20204
332912	15305
332912	15428
332912	17090
335191	18234
335191	19423
343478	19960
347405	17960
347405	20486
349052	20051
354002	17997
356978	18379
360934	17459
362917	18001
362917	18039
363248	20366
363586	18033
373472	16674
378095	19932
378095	20308
387995	17503
387995	18481
394593	18475
394593	19991
399545	17454
403830	19772
406475	16366
406475	19876
406475	20329
409444	15312
419342	20325
420999	15373
420999	16047
420999	17295
420999	19102
420999	20288
422316	17185
425612	18914
425612	19023
425612	20510
429905	17441
429905	17620
430579	17299
431566	20523
435869	16767
435869	19253
440468	18544
448056	18084
452018	17290
452018	17998
452018	18097
452018	18102
452018	19132
452018	20052
456965	19282
456965	20522
456996	18241
456996	18306
456996	18359
456996	18418
456996	20555
457621	16473
458618	19155
470494	17608
470494	18961
470494	19042
471488	17943
471488	18037
471488	20384
471488	20445
473136	20307
477103	18480
477103	20181
477126	15389
477427	18032
479401	19020
479734	16050
479734	16320
479734	17384
479734	17794
479734	17800
479734	18162
501518	18537
501518	19924
506790	16860
506790	20038
522631	19797
524293	16140
524293	17385
524293	17743
524293	17749
524293	18491
524293	19289
524293	20476
528902	20484
529233	20186
530904	19785
531620	19111
531620	19779
531620	20330
531935	17433
532248	17172
532248	17626
532248	19764
532333	17179
532333	18215
532333	19515
532351	20335
532351	20503
532564	18013
532564	19260
532564	19620
532627	19874
532823	17413
532823	18374
532823	18602
532823	19160
532852	17844
533022	17796
534846	17043
534846	17142
534846	17971
534846	18166
534846	18546
536820	20506
540121	18305
540121	19172
540454	17805
540454	20114
545732	16973
545732	19961
548384	17509
548711	18919
549696	17959
564547	19790
564893	20425
568183	18509
569503	20441
578405	17823
578405	20049
578405	20263
583028	15340
583028	20182
584010	20545
592266	20427
592923	16080
592923	17148
597582	20438
599859	19908
615033	19399
615033	19765
617672	17100
617672	17342
617672	19805
617693	16741
622629	18365
622952	18694
625593	18984
627915	17598
627915	20410
627915	20569
629227	19818
629227	20101
629227	20385
632861	18767
633516	18214
647044	16031
647044	16869
647044	19372
647044	20058
647379	17412
657275	17516
657275	20270
663576	18661
665208	16403
668494	17567
672457	18876
679050	17552
684331	18044
687300	17680
688295	17578
688295	17904
688295	18040
698215	19093
698215	19928
705791	17662
707769	17382
710075	18984
713374	19150
714395	16299
714395	16972
714395	17297
714395	17482
714395	18286
714395	19109
714395	19697
716731	17988
720967	18342
724597	17449
724597	19934
734824	19783
742419	20296
747364	17182
747364	17591
747364	17733
747364	18373
747364	20047
747364	20283
752310	20153
752659	20507
753719	16882
753726	17275
753726	17694
753726	20035
755949	17451
757926	17918
769193	20537
769193	20565
769193	20589
772113	20142
772449	18017
772449	20411
775083	18548
775083	19970
775083	20046
775083	20267
775414	18382
778067	19909
778067	20064
784650	20054
798517	19089
806778	17822
806778	20190
811724	19982
814683	19912
837135	17611
838449	18116
849333	20540
859563	18881
882999	19118
896530	20110
902799	17370
905103	19915
911734	17617
930515	20086
957249	18098
957914	17592
965171	19971
965504	20455
988975	19994
999810	17436
1002466	20304
1011696	20146
1029284	18042
1034464	20432
1050630	19995
1054018	19946
1082971	19879
1091229	18024
1099827	20386
1113991	19791
1126547	20412
1127192	20537
1127192	20565
1138799	17876
1162548	19850
1198847	20562
1260511	18116
